cluster,domain_0,value_0,share_0,domain_1,value_1,share_1,domain_2,value_2,share_2,domain_3,value_3,share_3,domain_4,value_4,share_4,domain_5,value_5,share_5,domain_6,value_6,share_6,domain_7,value_7,share_7,domain_8,value_8,share_8,domain_9,value_9,share_9,domain_10,value_10,share_10,domain_11,value_11,share_11,domain_12,value_12,share_12
000b4512-ca0a-4761-be62-cad58ecb29ad,,,,,,,,,,,,,,,,,,,,,,,,,,,,,,,,,,,,,,,
00120e03-feac-4c6a-b441-a55be9dfba60,microsoft,1.0,1.0,,,,,,,,,,,,,,,,,,,,,,,,,,,,,,,,,,,,
001d7e71-dcad-4517-8b11-cc14b30cea75,,,,,,,,,,,,,,,,,,,,,,,,,,,,,,,,,,,,,,,
0020fbc8-a6ec-460f-ab13-9ff34ee1e159,,,,,,,,,,,,,,,,,,,,,,,,,,,,,,,,,,,,,,,
0026f35e-a904-4575-9691-d906d6ced2ff,,,,,,,,,,,,,,,,,,,,,,,,,,,,,,,,,,,,,,,
002cd272-12c0-42a0-94a5-69f75b43c44c,,,,,,,,,,,,,,,,,,,,,,,,,,,,,,,,,,,,,,,
0031d7e9-4b45-48db-8c86-c2a922cb6de9,,,,,,,,,,,,,,,,,,,,,,,,,,,,,,,,,,,,,,,
003d74fc-bac8-42d7-b6ec-c020728796e4,,,,,,,,,,,,,,,,,,,,,,,,,,,,,,,,,,,,,,,
004242ca-efe2-4597-8999-a917fa1f9c5b,,,,,,,,,,,,,,,,,,,,,,,,,,,,,,,,,,,,,,,
0048060d-dc4c-4cab-ac5e-90ef12f64a16,,,,,,,,,,,,,,,,,,,,,,,,,,,,,,,,,,,,,,,
00500810-ffca-49dd-beff-f71dc4348e05,,,,,,,,,,,,,,,,,,,,,,,,,,,,,,,,,,,,,,,
0052385e-4c2c-4923-aaac-3780a0a4573e,,,,,,,,,,,,,,,,,,,,,,,,,,,,,,,,,,,,,,,
00525b70-c878-4429-86f1-5f6cf5a5c09b,,,,,,,,,,,,,,,,,,,,,,,,,,,,,,,,,,,,,,,
0054dd7c-08bc-4187-9b2e-d119ac57c05f,,,,,,,,,,,,,,,,,,,,,,,,,,,,,,,,,,,,,,,
005be4ed-01da-434a-b092-48c8d7b32cb2,,,,,,,,,,,,,,,,,,,,,,,,,,,,,,,,,,,,,,,
005e20a4-1afb-45b6-8ffa-deb62568a0dd,,,,,,,,,,,,,,,,,,,,,,,,,,,,,,,,,,,,,,,
005e8f6e-54c9-4feb-8752-dedcbe3b0da4,,,,,,,,,,,,,,,,,,,,,,,,,,,,,,,,,,,,,,,
0062606b-acf6-4fe9-8852-b06d0996989e,,,,,,,,,,,,,,,,,,,,,,,,,,,,,,,,,,,,,,,
0070d103-56bc-4324-af06-770179748b9b,,,,,,,,,,,,,,,,,,,,,,,,,,,,,,,,,,,,,,,
0073839a-039d-4406-974d-f5a6d71f6617,,,,,,,,,,,,,,,,,,,,,,,,,,,,,,,,,,,,,,,
00773f6d-177a-41cb-b768-f10297991964,,,,,,,,,,,,,,,,,,,,,,,,,,,,,,,,,,,,,,,
0077d42a-8adc-4b52-b610-64ae4d2fe4d0,,,,,,,,,,,,,,,,,,,,,,,,,,,,,,,,,,,,,,,
007b9a57-103f-4dc0-8fcb-e5979942650e,,,,,,,,,,,,,,,,,,,,,,,,,,,,,,,,,,,,,,,
007cf3d1-923a-4863-94e7-53b88fb9d80f,,,,,,,,,,,,,,,,,,,,,,,,,,,,,,,,,,,,,,,
00800633-b805-433b-94cb-70ec46321365,,,,,,,,,,,,,,,,,,,,,,,,,,,,,,,,,,,,,,,
008030cd-8c67-461e-ae9a-5ec57c5b0299,,,,,,,,,,,,,,,,,,,,,,,,,,,,,,,,,,,,,,,
0083e73c-007f-4707-9d33-4b3ee68d0120,,,,,,,,,,,,,,,,,,,,,,,,,,,,,,,,,,,,,,,
0085ca69-9cf3-4b23-bfb6-be4e3293933b,wikimedia_foundation,1.0,1.0,,,,,,,,,,,,,,,,,,,,,,,,,,,,,,,,,,,,
00a0449f-abfe-4ad4-9711-2aabf25d6e5b,,,,,,,,,,,,,,,,,,,,,,,,,,,,,,,,,,,,,,,
00a5f89d-f4bb-46ff-a843-de8eec656614,,,,,,,,,,,,,,,,,,,,,,,,,,,,,,,,,,,,,,,
00b596b6-e0ab-4d81-91f9-6e961d056dee,,,,,,,,,,,,,,,,,,,,,,,,,,,,,,,,,,,,,,,
00b7afe1-070d-4403-8f00-90e5a16bee11,,,,,,,,,,,,,,,,,,,,,,,,,,,,,,,,,,,,,,,
00bdbf00-d8e9-4726-a8d3-a1d783c8ca1b,,,,,,,,,,,,,,,,,,,,,,,,,,,,,,,,,,,,,,,
00c20fdc-9aa5-44d3-b48b-4bf6ba96d6f9,,,,,,,,,,,,,,,,,,,,,,,,,,,,,,,,,,,,,,,
00c5e9d9-85c0-48af-b69a-8fac77af79f2,,,,,,,,,,,,,,,,,,,,,,,,,,,,,,,,,,,,,,,
00d133f3-60ce-4a09-8a80-53518805a3a3,,,,,,,,,,,,,,,,,,,,,,,,,,,,,,,,,,,,,,,
00d451f3-dcaf-4c38-a8cc-5213e2ce0129,,,,,,,,,,,,,,,,,,,,,,,,,,,,,,,,,,,,,,,
00dadaf8-c905-43ca-b99d-f990955963fd,amazon_associates,1.0,1.0,,,,,,,,,,,,,,,,,,,,,,,,,,,,,,,,,,,,
00e549c1-b20b-4f6e-afe1-4f86beae41ac,,,,,,,,,,,,,,,,,,,,,,,,,,,,,,,,,,,,,,,
00e633a8-5e7d-4daf-8a48-261fec1c74de,,,,,,,,,,,,,,,,,,,,,,,,,,,,,,,,,,,,,,,
00e71eab-ecb0-4966-ab84-d2d17104c92e,,,,,,,,,,,,,,,,,,,,,,,,,,,,,,,,,,,,,,,
00e750f6-304f-4c3e-80c4-6b7ab79dcab5,,,,,,,,,,,,,,,,,,,,,,,,,,,,,,,,,,,,,,,
00f6c3b9-350f-407c-97b8-afce1c8e202a,,,,,,,,,,,,,,,,,,,,,,,,,,,,,,,,,,,,,,,
00f86e64-8418-4df4-b6d6-8de2df59e569,,,,,,,,,,,,,,,,,,,,,,,,,,,,,,,,,,,,,,,
01007f68-1983-4cf9-adc2-8fff08a0f55a,netease,1.0,1.0,,,,,,,,,,,,,,,,,,,,,,,,,,,,,,,,,,,,
01054c06-1425-4685-bd03-be9bc34e7555,,,,,,,,,,,,,,,,,,,,,,,,,,,,,,,,,,,,,,,
010e5811-4beb-4ef1-9579-7ef8d958837a,baidu,1.0,1.0,,,,,,,,,,,,,,,,,,,,,,,,,,,,,,,,,,,,
0111a31f-972b-40f6-a74d-25db286e700a,,,,,,,,,,,,,,,,,,,,,,,,,,,,,,,,,,,,,,,
011240e1-ce85-4157-89a3-d758240c8a57,,,,,,,,,,,,,,,,,,,,,,,,,,,,,,,,,,,,,,,
0119a877-850c-49a2-8b83-a081a3c2dab4,,,,,,,,,,,,,,,,,,,,,,,,,,,,,,,,,,,,,,,
01200327-b2e6-456e-87db-250541fa705e,,,,,,,,,,,,,,,,,,,,,,,,,,,,,,,,,,,,,,,
01366ceb-6a49-4745-a1cb-9c1bd51cdd31,,,,,,,,,,,,,,,,,,,,,,,,,,,,,,,,,,,,,,,
013a80dc-110d-4b9d-96c9-bd9a15e87826,,,,,,,,,,,,,,,,,,,,,,,,,,,,,,,,,,,,,,,
01417d90-205f-46a9-809a-dd46bff5e464,microsoft,1.0,1.0,,,,,,,,,,,,,,,,,,,,,,,,,,,,,,,,,,,,
014c8ac0-aa5c-4ce4-8be5-976fd1a0f1e8,,,,,,,,,,,,,,,,,,,,,,,,,,,,,,,,,,,,,,,
014f9b30-71fc-4ff5-8a6d-3ed9cd0cbff5,,,,,,,,,,,,,,,,,,,,,,,,,,,,,,,,,,,,,,,
015af52c-b18c-41d3-bb5b-f48da75bf59a,fullstory,1.0,1.0,,,,,,,,,,,,,,,,,,,,,,,,,,,,,,,,,,,,
016566a4-7336-488b-845e-c011d28f7c8b,,,,,,,,,,,,,,,,,,,,,,,,,,,,,,,,,,,,,,,
0166dca1-b949-44c9-af72-eb33cd14843e,baidu,1.0,1.0,,,,,,,,,,,,,,,,,,,,,,,,,,,,,,,,,,,,
016be8e0-5d60-49a1-ba3f-5a9df368720f,,,,,,,,,,,,,,,,,,,,,,,,,,,,,,,,,,,,,,,
016f2a30-a509-4303-ad98-2436a4b77f8c,,,,,,,,,,,,,,,,,,,,,,,,,,,,,,,,,,,,,,,
01703d32-d19b-4085-be0f-1f37edb05a40,,,,,,,,,,,,,,,,,,,,,,,,,,,,,,,,,,,,,,,
0170b1a2-d40c-4def-96a0-4da054666bb9,,,,,,,,,,,,,,,,,,,,,,,,,,,,,,,,,,,,,,,
0170b3ea-b919-45c4-9aba-144daff76f47,,,,,,,,,,,,,,,,,,,,,,,,,,,,,,,,,,,,,,,
0171c2bb-9412-4ef8-96a3-aaec72fef805,,,,,,,,,,,,,,,,,,,,,,,,,,,,,,,,,,,,,,,
017969ad-d0a3-47ff-a715-cfdb73b8b0b0,,,,,,,,,,,,,,,,,,,,,,,,,,,,,,,,,,,,,,,
017b9e8e-ebc7-4da3-a935-33e3e4dc0f02,,,,,,,,,,,,,,,,,,,,,,,,,,,,,,,,,,,,,,,
017fa728-54a6-4611-9b8c-90a95abe4fe6,,,,,,,,,,,,,,,,,,,,,,,,,,,,,,,,,,,,,,,
01816631-cae0-49f1-b6d2-b70f693c73a4,,,,,,,,,,,,,,,,,,,,,,,,,,,,,,,,,,,,,,,
018768b5-61ac-409e-aa92-0ddbdb2eb99c,,,,,,,,,,,,,,,,,,,,,,,,,,,,,,,,,,,,,,,
018ec18f-3e9a-4952-bc2e-1dbffcbf584b,,,,,,,,,,,,,,,,,,,,,,,,,,,,,,,,,,,,,,,
018ffcbf-1e16-4e3d-b02f-e718fbc444d5,,,,,,,,,,,,,,,,,,,,,,,,,,,,,,,,,,,,,,,
01923a80-667c-4d85-8e68-a0bc5351b8dc,,,,,,,,,,,,,,,,,,,,,,,,,,,,,,,,,,,,,,,
01a09740-e20b-40bd-8f97-8045eb143e40,,,,,,,,,,,,,,,,,,,,,,,,,,,,,,,,,,,,,,,
01a2f3b2-c9a5-4871-974e-260c4c4fe998,,,,,,,,,,,,,,,,,,,,,,,,,,,,,,,,,,,,,,,
01a7421d-586f-4294-9d13-679b7d25b971,,,,,,,,,,,,,,,,,,,,,,,,,,,,,,,,,,,,,,,
01b27a8c-222c-4c91-a7ab-15902c67c8e3,yotpo,1.0,1.0,,,,,,,,,,,,,,,,,,,,,,,,,,,,,,,,,,,,
01b3cedd-1f39-4155-b47e-c0503f6c673e,,,,,,,,,,,,,,,,,,,,,,,,,,,,,,,,,,,,,,,
01b5b59a-3e3e-4952-86e2-cabad6337188,,,,,,,,,,,,,,,,,,,,,,,,,,,,,,,,,,,,,,,
01b81187-7e10-46e8-8854-6906615fce3b,,,,,,,,,,,,,,,,,,,,,,,,,,,,,,,,,,,,,,,
01c0f076-edb0-4bce-ac8b-a13da25eda4a,,,,,,,,,,,,,,,,,,,,,,,,,,,,,,,,,,,,,,,
01c63057-ddb1-41ea-8df0-8431e8120575,,,,,,,,,,,,,,,,,,,,,,,,,,,,,,,,,,,,,,,
01c993f6-b4ba-46aa-8864-01e50d79fd89,,,,,,,,,,,,,,,,,,,,,,,,,,,,,,,,,,,,,,,
01ccbdc2-115e-4f91-83f7-8e39bb095772,,,,,,,,,,,,,,,,,,,,,,,,,,,,,,,,,,,,,,,
01cf5ba8-d83f-486d-b4c4-8a4e485b9f39,,,,,,,,,,,,,,,,,,,,,,,,,,,,,,,,,,,,,,,
01d30ff4-5e25-4dce-9b33-cb0567c12318,,,,,,,,,,,,,,,,,,,,,,,,,,,,,,,,,,,,,,,
01d5a471-7f6d-4678-8b56-c12f8a9b3f16,,,,,,,,,,,,,,,,,,,,,,,,,,,,,,,,,,,,,,,
01df46c2-fb0f-4436-b9ea-e178d58bb483,crisp,1.0,1.0,,,,,,,,,,,,,,,,,,,,,,,,,,,,,,,,,,,,
01df6448-f0d0-4e2a-8298-8b452c969c8d,,,,,,,,,,,,,,,,,,,,,,,,,,,,,,,,,,,,,,,
01fe8689-d2e4-4d6b-9b2e-c31de533e755,wikimedia_foundation,1.0,1.0,,,,,,,,,,,,,,,,,,,,,,,,,,,,,,,,,,,,
02025188-8b3f-43fb-92ab-43cbd84ed3dc,,,,,,,,,,,,,,,,,,,,,,,,,,,,,,,,,,,,,,,
02077ab4-771b-41e2-a529-276cd48f1e94,,,,,,,,,,,,,,,,,,,,,,,,,,,,,,,,,,,,,,,
022c32a9-2b33-478f-ae45-8872f075fbd5,,,,,,,,,,,,,,,,,,,,,,,,,,,,,,,,,,,,,,,
022d2dd0-e3b1-45d5-a87d-fd603391ee10,,,,,,,,,,,,,,,,,,,,,,,,,,,,,,,,,,,,,,,
022e6f46-66b1-4b2d-8897-1b8f48a51f1d,,,,,,,,,,,,,,,,,,,,,,,,,,,,,,,,,,,,,,,
022e9c23-66c2-463a-91e3-1f3b86c05eb8,,,,,,,,,,,,,,,,,,,,,,,,,,,,,,,,,,,,,,,
02358d2f-ae6c-4aad-87ff-15615014d24f,,,,,,,,,,,,,,,,,,,,,,,,,,,,,,,,,,,,,,,
0235ef83-5546-4d9d-bfd0-a44749af2359,,,,,,,,,,,,,,,,,,,,,,,,,,,,,,,,,,,,,,,
0236bc73-c189-40e2-a9d3-b9e65aa00b90,,,,,,,,,,,,,,,,,,,,,,,,,,,,,,,,,,,,,,,
023d7297-9c60-4ae0-b833-7ad3bec8fea1,,,,,,,,,,,,,,,,,,,,,,,,,,,,,,,,,,,,,,,
023f424f-e4a3-460e-8938-b4f2ee30c72f,,,,,,,,,,,,,,,,,,,,,,,,,,,,,,,,,,,,,,,
024a222d-564b-4e25-b3f1-9e30ce59a391,,,,,,,,,,,,,,,,,,,,,,,,,,,,,,,,,,,,,,,
024c2a00-1637-433a-a9a5-28118fe84595,strava,1.0,1.0,,,,,,,,,,,,,,,,,,,,,,,,,,,,,,,,,,,,
0252562e-b136-42fe-b0df-8c25fce0ce83,,,,,,,,,,,,,,,,,,,,,,,,,,,,,,,,,,,,,,,
026a34ca-36e0-4ff2-b8a1-738c2c41b4ab,,,,,,,,,,,,,,,,,,,,,,,,,,,,,,,,,,,,,,,
026be5c2-debc-47e7-9964-fdcd08a5d4e2,,,,,,,,,,,,,,,,,,,,,,,,,,,,,,,,,,,,,,,
026c0f50-6bb2-4326-b81b-fef3b7ff5cd8,rtl_group,1.0,1.0,,,,,,,,,,,,,,,,,,,,,,,,,,,,,,,,,,,,
02711739-bd40-4a64-a48f-786433ff19cd,,,,,,,,,,,,,,,,,,,,,,,,,,,,,,,,,,,,,,,
02712338-12bb-4a37-a12a-c5ba634d810b,,,,,,,,,,,,,,,,,,,,,,,,,,,,,,,,,,,,,,,
027a29e0-0768-44ea-bea3-59f89012cfd2,yahoo_japan,1.0,1.0,,,,,,,,,,,,,,,,,,,,,,,,,,,,,,,,,,,,
027e767b-4d4f-46f9-a5e8-45a471b46b6f,wp,1.0,1.0,,,,,,,,,,,,,,,,,,,,,,,,,,,,,,,,,,,,
029c221e-c7cf-4dd8-b319-50f776be3b07,,,,,,,,,,,,,,,,,,,,,,,,,,,,,,,,,,,,,,,
029c7007-6b88-40e6-808b-52254cbb39fe,,,,,,,,,,,,,,,,,,,,,,,,,,,,,,,,,,,,,,,
02b6a17b-87b6-4a0c-88b5-9a76cb835e59,,,,,,,,,,,,,,,,,,,,,,,,,,,,,,,,,,,,,,,
02bacfbf-a89d-431d-b2d7-4b30f3057745,,,,,,,,,,,,,,,,,,,,,,,,,,,,,,,,,,,,,,,
02c124a2-283b-4418-8c33-50c8bdfdc971,,,,,,,,,,,,,,,,,,,,,,,,,,,,,,,,,,,,,,,
02c2eaa2-f315-456e-9815-a7d9025630fc,qq.com,1.0,1.0,,,,,,,,,,,,,,,,,,,,,,,,,,,,,,,,,,,,
02df4dcf-e288-4864-bdf1-aaab26a28818,,,,,,,,,,,,,,,,,,,,,,,,,,,,,,,,,,,,,,,
02ec6deb-2520-402d-a522-c0a3b1d876aa,,,,,,,,,,,,,,,,,,,,,,,,,,,,,,,,,,,,,,,
02f0998f-4ca4-45c3-81df-f174751ddec6,,,,,,,,,,,,,,,,,,,,,,,,,,,,,,,,,,,,,,,
02f2066c-585c-4ede-8053-f4384995fada,,,,,,,,,,,,,,,,,,,,,,,,,,,,,,,,,,,,,,,
02f4f087-d0d5-4441-acb1-a7ea862a37ab,,,,,,,,,,,,,,,,,,,,,,,,,,,,,,,,,,,,,,,
03053f0e-a2c0-43a2-9305-d0f38541d2cf,,,,,,,,,,,,,,,,,,,,,,,,,,,,,,,,,,,,,,,
031743ee-3458-4cd4-a501-82935615e9d9,,,,,,,,,,,,,,,,,,,,,,,,,,,,,,,,,,,,,,,
03186827-3fbe-4ce9-9043-297de3149729,,,,,,,,,,,,,,,,,,,,,,,,,,,,,,,,,,,,,,,
0319f422-3235-482c-b358-a572099fc669,,,,,,,,,,,,,,,,,,,,,,,,,,,,,,,,,,,,,,,
0329942d-7c5e-4f85-8ecf-9dda4e7043d1,,,,,,,,,,,,,,,,,,,,,,,,,,,,,,,,,,,,,,,
032fc0c6-7378-4e3a-81c7-9f12970f61aa,,,,,,,,,,,,,,,,,,,,,,,,,,,,,,,,,,,,,,,
0330382a-debe-481f-bc9d-c73fb83bf6e4,,,,,,,,,,,,,,,,,,,,,,,,,,,,,,,,,,,,,,,
03397ced-3fb3-4c0f-a1d6-eeed9bf17412,,,,,,,,,,,,,,,,,,,,,,,,,,,,,,,,,,,,,,,
033b9aab-a95e-409e-b8d1-069ff3c97eb6,,,,,,,,,,,,,,,,,,,,,,,,,,,,,,,,,,,,,,,
034ab9d7-ad0b-46fc-99f5-eb16c8ddaa8e,,,,,,,,,,,,,,,,,,,,,,,,,,,,,,,,,,,,,,,
035906c9-5ed3-4c6d-b4e4-26c4d607e60d,,,,,,,,,,,,,,,,,,,,,,,,,,,,,,,,,,,,,,,
035d0935-e627-4b24-bfbe-dc1956f5a936,,,,,,,,,,,,,,,,,,,,,,,,,,,,,,,,,,,,,,,
035d92bc-adf7-4255-ae0b-0bc6ea90af05,,,,,,,,,,,,,,,,,,,,,,,,,,,,,,,,,,,,,,,
03697d56-8d3f-439a-a547-dfb99ec5a901,,,,,,,,,,,,,,,,,,,,,,,,,,,,,,,,,,,,,,,
03714fc9-5b44-4701-9362-0f387c7a2e13,,,,,,,,,,,,,,,,,,,,,,,,,,,,,,,,,,,,,,,
037585b5-1bff-4ec4-9f3f-031e189e0d44,,,,,,,,,,,,,,,,,,,,,,,,,,,,,,,,,,,,,,,
0381cf81-50cd-4f8f-9203-9190a3b2a023,,,,,,,,,,,,,,,,,,,,,,,,,,,,,,,,,,,,,,,
0386a643-4751-44ab-abad-c281ef635ace,ibm,1.0,1.0,,,,,,,,,,,,,,,,,,,,,,,,,,,,,,,,,,,,
038c1f55-f5b7-45cf-af51-82b47a3737a3,,,,,,,,,,,,,,,,,,,,,,,,,,,,,,,,,,,,,,,
039a06ef-5c70-4cc1-961e-502523a4208c,,,,,,,,,,,,,,,,,,,,,,,,,,,,,,,,,,,,,,,
03a75564-637c-4337-ba5b-e773918e9894,,,,,,,,,,,,,,,,,,,,,,,,,,,,,,,,,,,,,,,
03abecb3-7888-4da8-a7d7-ef6a5bcb41a0,,,,,,,,,,,,,,,,,,,,,,,,,,,,,,,,,,,,,,,
03adbeaf-2a00-4220-8824-5f40185ec37b,,,,,,,,,,,,,,,,,,,,,,,,,,,,,,,,,,,,,,,
03ae9766-9447-4366-a0b2-98817829cfa0,,,,,,,,,,,,,,,,,,,,,,,,,,,,,,,,,,,,,,,
03be2d59-7425-4fab-893e-e870451d58fc,,,,,,,,,,,,,,,,,,,,,,,,,,,,,,,,,,,,,,,
03c45d3f-8a7c-43cb-9730-cbb199329a99,,,,,,,,,,,,,,,,,,,,,,,,,,,,,,,,,,,,,,,
03c46216-7f80-42d1-bc8e-26fe8dd7c78d,,,,,,,,,,,,,,,,,,,,,,,,,,,,,,,,,,,,,,,
03c4fb34-e66a-420b-850a-a6cb16ea693a,,,,,,,,,,,,,,,,,,,,,,,,,,,,,,,,,,,,,,,
03c6646f-5e23-4022-914b-25c6d56d9b7d,,,,,,,,,,,,,,,,,,,,,,,,,,,,,,,,,,,,,,,
03cadcba-758d-43bd-91de-b7764bc678c6,,,,,,,,,,,,,,,,,,,,,,,,,,,,,,,,,,,,,,,
03cdf0d1-c2e3-42fe-94d0-44a3391b0bc0,,,,,,,,,,,,,,,,,,,,,,,,,,,,,,,,,,,,,,,
03d594e2-630b-48b9-9f4e-165c2388d44e,,,,,,,,,,,,,,,,,,,,,,,,,,,,,,,,,,,,,,,
03d5e9a7-d9dd-446e-94a9-b3c26d84cf67,,,,,,,,,,,,,,,,,,,,,,,,,,,,,,,,,,,,,,,
03e0b073-edc0-4332-a16c-999719542648,,,,,,,,,,,,,,,,,,,,,,,,,,,,,,,,,,,,,,,
03ea9350-1a9c-4c13-bbfe-0c118e03c2e4,,,,,,,,,,,,,,,,,,,,,,,,,,,,,,,,,,,,,,,
03ec70e4-a487-4070-a373-c501fdf2bd6e,,,,,,,,,,,,,,,,,,,,,,,,,,,,,,,,,,,,,,,
03ed154d-ced6-42ba-934f-c1b9c3049377,,,,,,,,,,,,,,,,,,,,,,,,,,,,,,,,,,,,,,,
03f45cb9-147b-4708-87e9-2a2b90acdf1c,,,,,,,,,,,,,,,,,,,,,,,,,,,,,,,,,,,,,,,
03f88df0-f242-48ba-87d8-8e67ddf899f9,,,,,,,,,,,,,,,,,,,,,,,,,,,,,,,,,,,,,,,
03f97985-b43c-481d-ab0c-3ba7b0c302ef,,,,,,,,,,,,,,,,,,,,,,,,,,,,,,,,,,,,,,,
03fc1550-c6f9-4eee-b724-0265d58c5f9f,,,,,,,,,,,,,,,,,,,,,,,,,,,,,,,,,,,,,,,
04112633-e709-4a59-8665-839a46af44bc,,,,,,,,,,,,,,,,,,,,,,,,,,,,,,,,,,,,,,,
041538f3-afa0-4e15-b4e8-05a6dfe7298c,,,,,,,,,,,,,,,,,,,,,,,,,,,,,,,,,,,,,,,
0415e357-5eea-4609-a59c-150c7665f04d,,,,,,,,,,,,,,,,,,,,,,,,,,,,,,,,,,,,,,,
0417a97c-07e0-4fc0-8b21-65a467311ef5,,,,,,,,,,,,,,,,,,,,,,,,,,,,,,,,,,,,,,,
0421844b-bf0c-48a6-b109-30d073f666f1,,,,,,,,,,,,,,,,,,,,,,,,,,,,,,,,,,,,,,,
04254329-bcd5-40d9-9fed-6a1ffffd2497,,,,,,,,,,,,,,,,,,,,,,,,,,,,,,,,,,,,,,,
042994fa-b97e-4113-963e-e58ebbf7a3da,,,,,,,,,,,,,,,,,,,,,,,,,,,,,,,,,,,,,,,
042a1108-e923-4935-99a8-dcb95f589956,,,,,,,,,,,,,,,,,,,,,,,,,,,,,,,,,,,,,,,
042e4308-8aff-4c2c-a504-33d975f970de,,,,,,,,,,,,,,,,,,,,,,,,,,,,,,,,,,,,,,,
042e79ef-560c-4fb7-b301-61d05b5657cf,,,,,,,,,,,,,,,,,,,,,,,,,,,,,,,,,,,,,,,
04454c32-8ece-4ead-8a02-79b8ae9904fc,,,,,,,,,,,,,,,,,,,,,,,,,,,,,,,,,,,,,,,
044687a5-16ff-420f-ac86-8685177ed9bf,,,,,,,,,,,,,,,,,,,,,,,,,,,,,,,,,,,,,,,
04568982-7697-4093-8a64-86ebadce83fd,,,,,,,,,,,,,,,,,,,,,,,,,,,,,,,,,,,,,,,
045c08f7-f0a8-49df-9fe7-4345fad000a5,,,,,,,,,,,,,,,,,,,,,,,,,,,,,,,,,,,,,,,
046956eb-e93f-4311-9ff9-bcb1b2595fd3,,,,,,,,,,,,,,,,,,,,,,,,,,,,,,,,,,,,,,,
04743c73-d8e0-42cf-857a-05383045bbc0,,,,,,,,,,,,,,,,,,,,,,,,,,,,,,,,,,,,,,,
0475717b-181a-4e4e-a15d-b24a96f29303,,,,,,,,,,,,,,,,,,,,,,,,,,,,,,,,,,,,,,,
047cf6fd-aa00-4bbf-aaf9-1b32c6465c23,,,,,,,,,,,,,,,,,,,,,,,,,,,,,,,,,,,,,,,
048433a6-f26a-4236-8069-a08f2b61a64c,,,,,,,,,,,,,,,,,,,,,,,,,,,,,,,,,,,,,,,
04861418-8272-4c73-b97b-6f6cfd6bb3cc,,,,,,,,,,,,,,,,,,,,,,,,,,,,,,,,,,,,,,,
0491574a-4dcc-4058-b859-58ce6e8304a9,,,,,,,,,,,,,,,,,,,,,,,,,,,,,,,,,,,,,,,
04985116-c7c8-4547-8b4f-24e9372069e4,,,,,,,,,,,,,,,,,,,,,,,,,,,,,,,,,,,,,,,
049f2d25-d37b-46ed-861b-ba06b73d887e,,,,,,,,,,,,,,,,,,,,,,,,,,,,,,,,,,,,,,,
049f70cf-613b-40a2-8b54-a7a02857e408,,,,,,,,,,,,,,,,,,,,,,,,,,,,,,,,,,,,,,,
04a88f5e-931f-4041-958f-e925f7fe4408,,,,,,,,,,,,,,,,,,,,,,,,,,,,,,,,,,,,,,,
04aaee02-df3f-4728-9d44-65156f8295f4,,,,,,,,,,,,,,,,,,,,,,,,,,,,,,,,,,,,,,,
04b270d5-a005-406f-ba67-e3c48167dbc8,,,,,,,,,,,,,,,,,,,,,,,,,,,,,,,,,,,,,,,
04b5209c-3211-4917-ba52-2172512bd410,,,,,,,,,,,,,,,,,,,,,,,,,,,,,,,,,,,,,,,
04b9b6a2-d936-499f-9630-6f4fa04261ac,,,,,,,,,,,,,,,,,,,,,,,,,,,,,,,,,,,,,,,
04ba432a-c765-4b09-aebe-6b44b598a1a4,,,,,,,,,,,,,,,,,,,,,,,,,,,,,,,,,,,,,,,
04bd3012-5454-49fc-b5cd-9f51ee777863,wikimedia_foundation,1.0,1.0,,,,,,,,,,,,,,,,,,,,,,,,,,,,,,,,,,,,
04bd3c0f-e4ab-4183-aa18-79a69b792a53,,,,,,,,,,,,,,,,,,,,,,,,,,,,,,,,,,,,,,,
04bde041-b6bf-4a71-9d07-f9663877647d,,,,,,,,,,,,,,,,,,,,,,,,,,,,,,,,,,,,,,,
04bf8c69-3762-4b40-9aa9-8e9b256ec893,,,,,,,,,,,,,,,,,,,,,,,,,,,,,,,,,,,,,,,
04c19ffa-1d2c-43d4-88c0-6c6da2ae7def,,,,,,,,,,,,,,,,,,,,,,,,,,,,,,,,,,,,,,,
04c5cef3-82d2-4337-90fc-2418bd55b3da,,,,,,,,,,,,,,,,,,,,,,,,,,,,,,,,,,,,,,,
04db268b-08ea-4aac-ab1a-e84239fef974,,,,,,,,,,,,,,,,,,,,,,,,,,,,,,,,,,,,,,,
04f14094-6ce3-4efb-b767-2c0cc45fa908,,,,,,,,,,,,,,,,,,,,,,,,,,,,,,,,,,,,,,,
05004cb9-ce2d-4f85-b710-0baee94018ea,,,,,,,,,,,,,,,,,,,,,,,,,,,,,,,,,,,,,,,
050322ed-41d1-4d0a-9cb8-5cad586f0c0d,,,,,,,,,,,,,,,,,,,,,,,,,,,,,,,,,,,,,,,
050977d2-7b1f-4cf4-ad8b-11837bce4674,wp,1.0,0.5,o2.pl,1.0,0.5,,,,,,,,,,,,,,,,,,,,,,,,,,,,,,,,,
0513a470-3c06-4bc0-9ea2-30d7ad3a9a70,,,,,,,,,,,,,,,,,,,,,,,,,,,,,,,,,,,,,,,
0515a7b7-cc3b-40f4-8919-4f2275ea1a27,,,,,,,,,,,,,,,,,,,,,,,,,,,,,,,,,,,,,,,
051a15ec-77e9-4b5c-95f4-0e8bfcb47fbd,,,,,,,,,,,,,,,,,,,,,,,,,,,,,,,,,,,,,,,
051d0d9c-a95c-4c3c-894d-4ad64ce4e71f,,,,,,,,,,,,,,,,,,,,,,,,,,,,,,,,,,,,,,,
05220083-5eb6-431d-9ad5-5f5be46e5c0c,,,,,,,,,,,,,,,,,,,,,,,,,,,,,,,,,,,,,,,
052beb25-2fd1-4480-a8b6-cd063074e591,,,,,,,,,,,,,,,,,,,,,,,,,,,,,,,,,,,,,,,
05360ca0-43ff-4724-8a98-49587076d16d,,,,,,,,,,,,,,,,,,,,,,,,,,,,,,,,,,,,,,,
053ba31f-bee2-48e0-806c-ea1648ab4146,,,,,,,,,,,,,,,,,,,,,,,,,,,,,,,,,,,,,,,
0540400a-e07a-4d06-a448-100d6377e6bd,,,,,,,,,,,,,,,,,,,,,,,,,,,,,,,,,,,,,,,
054291e6-1f55-4030-9d14-eb8c72f38728,,,,,,,,,,,,,,,,,,,,,,,,,,,,,,,,,,,,,,,
05439901-7bb5-449a-a6f6-a7d7e4216e46,strava,1.0,1.0,,,,,,,,,,,,,,,,,,,,,,,,,,,,,,,,,,,,
054afc32-6cd0-40a8-921a-1859413d68c3,,,,,,,,,,,,,,,,,,,,,,,,,,,,,,,,,,,,,,,
054b07c0-9eb6-4b90-802b-154a1c318d19,,,,,,,,,,,,,,,,,,,,,,,,,,,,,,,,,,,,,,,
054bba10-be16-430f-be88-beb81b205f24,,,,,,,,,,,,,,,,,,,,,,,,,,,,,,,,,,,,,,,
054c987d-a09b-44da-a407-9f576c7534a5,,,,,,,,,,,,,,,,,,,,,,,,,,,,,,,,,,,,,,,
054fe413-82d1-45e9-9832-87b41fa135d1,,,,,,,,,,,,,,,,,,,,,,,,,,,,,,,,,,,,,,,
05626218-8650-4f6f-acef-3da5fa2c9428,,,,,,,,,,,,,,,,,,,,,,,,,,,,,,,,,,,,,,,
056d7eae-cd88-4274-a790-7df7e53d827a,,,,,,,,,,,,,,,,,,,,,,,,,,,,,,,,,,,,,,,
0586d74a-7fe5-4757-9bc4-06d34ec4f7cd,heap,1.0,1.0,,,,,,,,,,,,,,,,,,,,,,,,,,,,,,,,,,,,
058822f1-4958-4deb-a993-a516c910bf37,,,,,,,,,,,,,,,,,,,,,,,,,,,,,,,,,,,,,,,
059d00a3-69f7-42b8-a8a0-857bcd0f52a8,,,,,,,,,,,,,,,,,,,,,,,,,,,,,,,,,,,,,,,
05aa48e8-6b22-497c-9ed2-1d51caef475a,,,,,,,,,,,,,,,,,,,,,,,,,,,,,,,,,,,,,,,
05ab2067-6195-45dc-89e8-f86eb7ca6365,,,,,,,,,,,,,,,,,,,,,,,,,,,,,,,,,,,,,,,
05ac9624-71e4-4c67-b726-a4b7a9748f23,,,,,,,,,,,,,,,,,,,,,,,,,,,,,,,,,,,,,,,
05af584f-d082-4293-b06d-71b80b913e29,,,,,,,,,,,,,,,,,,,,,,,,,,,,,,,,,,,,,,,
05b3ec6c-68ee-4bc9-952c-de927801ad62,,,,,,,,,,,,,,,,,,,,,,,,,,,,,,,,,,,,,,,
05b5fb9d-0e89-46b5-bca9-e5ad72abeee3,,,,,,,,,,,,,,,,,,,,,,,,,,,,,,,,,,,,,,,
05c267c3-a975-4f32-aba6-489d533cde71,,,,,,,,,,,,,,,,,,,,,,,,,,,,,,,,,,,,,,,
05c48949-c199-4ecb-ac62-e1104a7df5b4,baidu,1.0,1.0,,,,,,,,,,,,,,,,,,,,,,,,,,,,,,,,,,,,
05d38c26-014d-4b2f-9cea-f68a6ab0d758,indeed,1.0,1.0,,,,,,,,,,,,,,,,,,,,,,,,,,,,,,,,,,,,
05e348f8-2fec-4a72-ab64-f3362cd555cc,,,,,,,,,,,,,,,,,,,,,,,,,,,,,,,,,,,,,,,
05e83396-301e-4d0f-b1e2-b3db987cf32d,,,,,,,,,,,,,,,,,,,,,,,,,,,,,,,,,,,,,,,
05fbbd6b-5fe0-4ac9-a09a-016cdc88298e,,,,,,,,,,,,,,,,,,,,,,,,,,,,,,,,,,,,,,,
05fc65a7-ef6f-4f13-b7ea-fc7a5cdab79d,,,,,,,,,,,,,,,,,,,,,,,,,,,,,,,,,,,,,,,
06063109-3e72-4bb6-8b59-66ec7f079b95,megafon,1.0,1.0,,,,,,,,,,,,,,,,,,,,,,,,,,,,,,,,,,,,
06077818-44d2-433d-8c58-a9e55916f297,,,,,,,,,,,,,,,,,,,,,,,,,,,,,,,,,,,,,,,
060ef4fc-ffcc-4888-b2da-04e806a7fce1,,,,,,,,,,,,,,,,,,,,,,,,,,,,,,,,,,,,,,,
0611885b-24c4-49ab-9bc4-d67175e826ed,,,,,,,,,,,,,,,,,,,,,,,,,,,,,,,,,,,,,,,
0615f49b-474e-4685-8f2c-5a1095b505fc,,,,,,,,,,,,,,,,,,,,,,,,,,,,,,,,,,,,,,,
061d58a4-3dec-49af-880e-b4204ed2c066,,,,,,,,,,,,,,,,,,,,,,,,,,,,,,,,,,,,,,,
0622b036-5ce2-44f5-88f5-2ddc0b43d337,,,,,,,,,,,,,,,,,,,,,,,,,,,,,,,,,,,,,,,
0634e9ea-9f1e-4d94-a66f-dc65c713ec69,,,,,,,,,,,,,,,,,,,,,,,,,,,,,,,,,,,,,,,
0637e3d5-cdaa-46d7-a557-61c59b764d0d,,,,,,,,,,,,,,,,,,,,,,,,,,,,,,,,,,,,,,,
063afa61-1503-459c-845d-537924eac66b,,,,,,,,,,,,,,,,,,,,,,,,,,,,,,,,,,,,,,,
0640c460-c2c9-4bb7-99b2-306e26c756a1,,,,,,,,,,,,,,,,,,,,,,,,,,,,,,,,,,,,,,,
06473451-9a33-4ee0-8b6b-11b0842a126f,,,,,,,,,,,,,,,,,,,,,,,,,,,,,,,,,,,,,,,
0649f85d-b799-4c04-b5a2-a5edabbf3a5f,,,,,,,,,,,,,,,,,,,,,,,,,,,,,,,,,,,,,,,
064b24af-2824-4710-aa6f-3c8a7df3cacb,,,,,,,,,,,,,,,,,,,,,,,,,,,,,,,,,,,,,,,
065618c9-474d-45a5-b4f2-dadd9b9da555,,,,,,,,,,,,,,,,,,,,,,,,,,,,,,,,,,,,,,,
0658e683-4200-4971-9867-a232d3030040,,,,,,,,,,,,,,,,,,,,,,,,,,,,,,,,,,,,,,,
065ff957-ea85-4694-9e92-2f9c682ccde7,,,,,,,,,,,,,,,,,,,,,,,,,,,,,,,,,,,,,,,
06695a59-0657-4387-9701-a6834e842c35,,,,,,,,,,,,,,,,,,,,,,,,,,,,,,,,,,,,,,,
0669e3e7-9cfd-4934-9db9-5a0204ae53cd,,,,,,,,,,,,,,,,,,,,,,,,,,,,,,,,,,,,,,,
066e47c2-3688-4f2a-9691-7c3363dc1fc0,,,,,,,,,,,,,,,,,,,,,,,,,,,,,,,,,,,,,,,
066e5b6e-1dd4-4e70-9027-b7786377e7f3,,,,,,,,,,,,,,,,,,,,,,,,,,,,,,,,,,,,,,,
066ff1be-16e2-43a4-9e69-aaccfd623fd0,,,,,,,,,,,,,,,,,,,,,,,,,,,,,,,,,,,,,,,
0673d926-39d1-46c3-804e-0104d51138ce,,,,,,,,,,,,,,,,,,,,,,,,,,,,,,,,,,,,,,,
068616b6-bd76-4bf4-a327-ced79bd8346b,,,,,,,,,,,,,,,,,,,,,,,,,,,,,,,,,,,,,,,
0686e733-f75e-41ab-ba4e-8d99b81286e1,,,,,,,,,,,,,,,,,,,,,,,,,,,,,,,,,,,,,,,
0687c6b9-81b2-47e8-8672-86099d729cae,,,,,,,,,,,,,,,,,,,,,,,,,,,,,,,,,,,,,,,
068932ea-be0e-4561-8b3c-398cb6ef0eda,,,,,,,,,,,,,,,,,,,,,,,,,,,,,,,,,,,,,,,
0689a025-ded8-4a8e-8e52-51be427a4a78,,,,,,,,,,,,,,,,,,,,,,,,,,,,,,,,,,,,,,,
06955a9e-6679-4df2-b192-2bc7bb9f97bc,,,,,,,,,,,,,,,,,,,,,,,,,,,,,,,,,,,,,,,
069bff98-d305-4071-aa66-ee5a4770a915,,,,,,,,,,,,,,,,,,,,,,,,,,,,,,,,,,,,,,,
06a37a60-48eb-4e1e-86a0-032da65ac5cb,,,,,,,,,,,,,,,,,,,,,,,,,,,,,,,,,,,,,,,
06a6681d-fd26-4746-ac9e-d958881be362,,,,,,,,,,,,,,,,,,,,,,,,,,,,,,,,,,,,,,,
06a684ec-4269-403c-a0f3-7e90c35365c8,wikimedia_foundation,1.0,1.0,,,,,,,,,,,,,,,,,,,,,,,,,,,,,,,,,,,,
06b50afe-6bcd-425d-a8fc-ccf85b242a17,,,,,,,,,,,,,,,,,,,,,,,,,,,,,,,,,,,,,,,
06bc12db-4960-4afe-b8c7-fc257bf8fb99,,,,,,,,,,,,,,,,,,,,,,,,,,,,,,,,,,,,,,,
06bfdad4-fdc3-4413-8bbf-815d992253e9,,,,,,,,,,,,,,,,,,,,,,,,,,,,,,,,,,,,,,,
06bfe6ba-db0c-415e-8afe-d6dde970604a,,,,,,,,,,,,,,,,,,,,,,,,,,,,,,,,,,,,,,,
06c1cde4-b86d-4500-88c8-12f14f8bf62a,,,,,,,,,,,,,,,,,,,,,,,,,,,,,,,,,,,,,,,
06c34941-4541-4ff9-b854-10fd601703d4,,,,,,,,,,,,,,,,,,,,,,,,,,,,,,,,,,,,,,,
06c5a76f-45ad-4b1f-b1db-4625528914ec,,,,,,,,,,,,,,,,,,,,,,,,,,,,,,,,,,,,,,,
06c5be38-f99d-498b-b8b4-7f995d38be57,,,,,,,,,,,,,,,,,,,,,,,,,,,,,,,,,,,,,,,
06cb1404-c987-4ffd-83e1-25b2f89e2bff,,,,,,,,,,,,,,,,,,,,,,,,,,,,,,,,,,,,,,,
06ceed3c-d03b-4b87-9b0c-9eaf21dcc47c,,,,,,,,,,,,,,,,,,,,,,,,,,,,,,,,,,,,,,,
06d2afd9-a771-44df-8943-b50c37b30a9e,,,,,,,,,,,,,,,,,,,,,,,,,,,,,,,,,,,,,,,
06e000ab-d22b-49db-97fa-8bcb6eeea951,,,,,,,,,,,,,,,,,,,,,,,,,,,,,,,,,,,,,,,
06ea6e9e-2176-4f3b-a22c-05245fb03d31,,,,,,,,,,,,,,,,,,,,,,,,,,,,,,,,,,,,,,,
06f3d230-7b9a-4554-a8bf-b7c2aec35308,,,,,,,,,,,,,,,,,,,,,,,,,,,,,,,,,,,,,,,
06f73139-8817-47ee-9e3c-c2bbe5616efa,,,,,,,,,,,,,,,,,,,,,,,,,,,,,,,,,,,,,,,
06fbd3ba-d429-45bc-9da0-6324f3770d10,,,,,,,,,,,,,,,,,,,,,,,,,,,,,,,,,,,,,,,
070ff334-8901-4044-a59b-76e255e07498,wikimedia_foundation,1.0,1.0,,,,,,,,,,,,,,,,,,,,,,,,,,,,,,,,,,,,
0715eaa5-c170-4529-8bfb-8316f65af48a,,,,,,,,,,,,,,,,,,,,,,,,,,,,,,,,,,,,,,,
0716f9f5-c608-4538-a23c-c7357c6cb80d,,,,,,,,,,,,,,,,,,,,,,,,,,,,,,,,,,,,,,,
07179870-6dac-4751-9be9-61b057fdde2b,,,,,,,,,,,,,,,,,,,,,,,,,,,,,,,,,,,,,,,
07220d5c-a9fa-4c39-bf69-899321d34481,,,,,,,,,,,,,,,,,,,,,,,,,,,,,,,,,,,,,,,
07253b9e-e88d-4685-bce2-12d41d2b33eb,,,,,,,,,,,,,,,,,,,,,,,,,,,,,,,,,,,,,,,
0729dae9-2475-4320-9f4a-694b5ed422c4,baidu,1.0,1.0,,,,,,,,,,,,,,,,,,,,,,,,,,,,,,,,,,,,
072bd167-675d-4730-8799-961d77ec93aa,,,,,,,,,,,,,,,,,,,,,,,,,,,,,,,,,,,,,,,
072dc6d2-7271-415a-9a9a-d37532548b2c,,,,,,,,,,,,,,,,,,,,,,,,,,,,,,,,,,,,,,,
0731b664-1de9-4959-b875-6585e2e87679,,,,,,,,,,,,,,,,,,,,,,,,,,,,,,,,,,,,,,,
073242c1-c770-4c38-a286-b74a819f8fe8,,,,,,,,,,,,,,,,,,,,,,,,,,,,,,,,,,,,,,,
073acc93-86a5-430f-a6f0-23081506cfdf,,,,,,,,,,,,,,,,,,,,,,,,,,,,,,,,,,,,,,,
074994e4-2f74-4d0e-ba35-f8c7f535ddfc,,,,,,,,,,,,,,,,,,,,,,,,,,,,,,,,,,,,,,,
074d01da-d4af-4a6b-83c1-6649460354b0,,,,,,,,,,,,,,,,,,,,,,,,,,,,,,,,,,,,,,,
0750414e-ad62-4bb1-a2e2-821a9d08516b,,,,,,,,,,,,,,,,,,,,,,,,,,,,,,,,,,,,,,,
07540586-fb79-4ae0-b839-03a47878a1c3,,,,,,,,,,,,,,,,,,,,,,,,,,,,,,,,,,,,,,,
075777e5-965e-462a-83ad-d414d01d4c82,,,,,,,,,,,,,,,,,,,,,,,,,,,,,,,,,,,,,,,
075a6dd8-9db9-40bc-b331-8258d5d925d6,,,,,,,,,,,,,,,,,,,,,,,,,,,,,,,,,,,,,,,
07638be3-8885-4fff-ada0-59b625ccea3f,,,,,,,,,,,,,,,,,,,,,,,,,,,,,,,,,,,,,,,
076a45ff-af40-4234-8677-09954ee51111,,,,,,,,,,,,,,,,,,,,,,,,,,,,,,,,,,,,,,,
076b6963-5dcb-4cb8-87e3-0317e5ac7d5d,,,,,,,,,,,,,,,,,,,,,,,,,,,,,,,,,,,,,,,
076d51aa-79e0-40a6-990f-e78719f99a18,,,,,,,,,,,,,,,,,,,,,,,,,,,,,,,,,,,,,,,
076fdf1f-25af-4516-9f1b-b5289ec373cd,,,,,,,,,,,,,,,,,,,,,,,,,,,,,,,,,,,,,,,
0776a10a-c599-4bc1-970d-68fc663ec74a,,,,,,,,,,,,,,,,,,,,,,,,,,,,,,,,,,,,,,,
07774786-fc72-4694-81df-c25eac9b2131,,,,,,,,,,,,,,,,,,,,,,,,,,,,,,,,,,,,,,,
077af08c-696d-472a-bf33-f1a272da103b,,,,,,,,,,,,,,,,,,,,,,,,,,,,,,,,,,,,,,,
077cd2cb-a6e3-429c-8723-b8d9ff85a099,,,,,,,,,,,,,,,,,,,,,,,,,,,,,,,,,,,,,,,
077e4e9b-bf46-44b3-96b4-d9b51df38f23,,,,,,,,,,,,,,,,,,,,,,,,,,,,,,,,,,,,,,,
077f1adc-f527-4ffd-9c87-d18830dd6c7e,,,,,,,,,,,,,,,,,,,,,,,,,,,,,,,,,,,,,,,
0787bffd-bc62-4f07-9e51-eaaad0641edd,,,,,,,,,,,,,,,,,,,,,,,,,,,,,,,,,,,,,,,
0789ecb0-8b55-4bf0-86fd-d23f259c8d2e,,,,,,,,,,,,,,,,,,,,,,,,,,,,,,,,,,,,,,,
078afb9e-1ce2-46c2-a3df-789a826c3fa7,,,,,,,,,,,,,,,,,,,,,,,,,,,,,,,,,,,,,,,
078c36d3-62c7-4281-a31e-c286a89fc048,,,,,,,,,,,,,,,,,,,,,,,,,,,,,,,,,,,,,,,
07939082-4582-461b-8937-d14cb4b3900b,,,,,,,,,,,,,,,,,,,,,,,,,,,,,,,,,,,,,,,
07974ea1-cdb1-47a3-99a0-72415ed13095,,,,,,,,,,,,,,,,,,,,,,,,,,,,,,,,,,,,,,,
079a142d-903c-430d-aacb-f6aaa52370f0,,,,,,,,,,,,,,,,,,,,,,,,,,,,,,,,,,,,,,,
079b6a55-bac6-47e5-8912-8fb42f2cf87c,,,,,,,,,,,,,,,,,,,,,,,,,,,,,,,,,,,,,,,
079f3c0f-0e91-449b-b945-c1f18bc778dc,,,,,,,,,,,,,,,,,,,,,,,,,,,,,,,,,,,,,,,
07a981b9-c16a-4e9f-b9a1-d8fb200cb3f9,,,,,,,,,,,,,,,,,,,,,,,,,,,,,,,,,,,,,,,
07bc68f1-3d63-42d0-b403-fb946e03b34b,,,,,,,,,,,,,,,,,,,,,,,,,,,,,,,,,,,,,,,
07bc8ec1-1372-4712-be07-78100b99df53,,,,,,,,,,,,,,,,,,,,,,,,,,,,,,,,,,,,,,,
07c9f373-2969-4bde-806d-a65142339364,,,,,,,,,,,,,,,,,,,,,,,,,,,,,,,,,,,,,,,
07cacba2-e77c-47e6-8cc0-003f6ad3f3e2,,,,,,,,,,,,,,,,,,,,,,,,,,,,,,,,,,,,,,,
07cdb890-85c1-47ab-8088-53b6b5f26ed6,bambuser,1.0,1.0,,,,,,,,,,,,,,,,,,,,,,,,,,,,,,,,,,,,
07d030fd-f58a-43a7-9eec-bdbe409292cc,,,,,,,,,,,,,,,,,,,,,,,,,,,,,,,,,,,,,,,
07d29328-3bdc-4e3f-88d2-4d28c5e8b8dd,king.com,1.0,1.0,,,,,,,,,,,,,,,,,,,,,,,,,,,,,,,,,,,,
07d95920-213a-45f6-99ef-ee9c77c51546,wikimedia_foundation,1.0,1.0,,,,,,,,,,,,,,,,,,,,,,,,,,,,,,,,,,,,
07dc783a-73e5-4739-866b-82b32f9271ac,,,,,,,,,,,,,,,,,,,,,,,,,,,,,,,,,,,,,,,
0800635b-2d5f-4196-801a-1181b5328364,,,,,,,,,,,,,,,,,,,,,,,,,,,,,,,,,,,,,,,
08006548-c2ba-46da-853e-69504e1601d0,,,,,,,,,,,,,,,,,,,,,,,,,,,,,,,,,,,,,,,
08111363-ea7f-4ee8-92db-2bde03c790ec,,,,,,,,,,,,,,,,,,,,,,,,,,,,,,,,,,,,,,,
082cc4fe-b426-4804-8a8c-d1845ce92259,,,,,,,,,,,,,,,,,,,,,,,,,,,,,,,,,,,,,,,
082fd951-640d-40cb-b920-d151271e9695,,,,,,,,,,,,,,,,,,,,,,,,,,,,,,,,,,,,,,,
0837f83c-3d06-429d-90e8-9faae7244d11,,,,,,,,,,,,,,,,,,,,,,,,,,,,,,,,,,,,,,,
083eccc3-cc37-49d8-af73-c858036aa4f1,,,,,,,,,,,,,,,,,,,,,,,,,,,,,,,,,,,,,,,
084ba5e2-7b0d-426b-90a0-b2825482ae18,,,,,,,,,,,,,,,,,,,,,,,,,,,,,,,,,,,,,,,
084c6671-ef8d-4ee3-9f00-2510a8d8cbea,,,,,,,,,,,,,,,,,,,,,,,,,,,,,,,,,,,,,,,
085564cb-fc90-48c5-86db-8cfab88ce93b,,,,,,,,,,,,,,,,,,,,,,,,,,,,,,,,,,,,,,,
085b7ae7-0e9a-40e8-8ce8-bc30621a71d3,wp_engine,1.0,1.0,,,,,,,,,,,,,,,,,,,,,,,,,,,,,,,,,,,,
085e1f3a-4566-4ea3-ac77-58f602d9a960,,,,,,,,,,,,,,,,,,,,,,,,,,,,,,,,,,,,,,,
085fd493-a5c3-431a-adde-f1caa0b44516,,,,,,,,,,,,,,,,,,,,,,,,,,,,,,,,,,,,,,,
085fddf4-0787-4d62-880d-273d0c77b0f7,,,,,,,,,,,,,,,,,,,,,,,,,,,,,,,,,,,,,,,
086ba8af-e74d-4cb3-b16c-1f9b5371adf2,,,,,,,,,,,,,,,,,,,,,,,,,,,,,,,,,,,,,,,
086c7f28-a25a-4e82-8d41-1bce93f726b3,,,,,,,,,,,,,,,,,,,,,,,,,,,,,,,,,,,,,,,
086e1911-527c-4595-bc0d-b8c7e2470a4b,,,,,,,,,,,,,,,,,,,,,,,,,,,,,,,,,,,,,,,
08704b8e-81f2-41f3-9892-9d17e72a3986,,,,,,,,,,,,,,,,,,,,,,,,,,,,,,,,,,,,,,,
0877a213-b845-4aa0-8c2d-6d2035697947,,,,,,,,,,,,,,,,,,,,,,,,,,,,,,,,,,,,,,,
0877f14e-9023-4c57-93b6-049db50a9074,,,,,,,,,,,,,,,,,,,,,,,,,,,,,,,,,,,,,,,
08799511-ef4a-4da1-b339-7b7583ceb4b6,,,,,,,,,,,,,,,,,,,,,,,,,,,,,,,,,,,,,,,
087d5e12-65b7-4ac0-8c31-9b5526b2835f,,,,,,,,,,,,,,,,,,,,,,,,,,,,,,,,,,,,,,,
08803307-d573-4338-9938-1d1bdc449892,,,,,,,,,,,,,,,,,,,,,,,,,,,,,,,,,,,,,,,
0884579a-8008-49b1-9a1f-afe743320724,,,,,,,,,,,,,,,,,,,,,,,,,,,,,,,,,,,,,,,
08871d3a-fc13-455b-8518-4d4a3cb30f2e,,,,,,,,,,,,,,,,,,,,,,,,,,,,,,,,,,,,,,,
0887e775-eb91-4ed1-bc99-a54a5003247b,,,,,,,,,,,,,,,,,,,,,,,,,,,,,,,,,,,,,,,
088a5547-5ce4-4261-99db-c36e63d226c6,kargo,1.0,0.16666666666666666,hubspot,1.0,0.16666666666666666,feefo,1.0,0.16666666666666666,seedtag,1.0,0.16666666666666666,triton_digital,1.0,0.16666666666666666,buysellads.com,1.0,0.16666666666666666,,,,,,,,,,,,,,,,,,,,,
088ccce6-f433-4629-bb89-c89351654101,,,,,,,,,,,,,,,,,,,,,,,,,,,,,,,,,,,,,,,
088d6df1-ae57-4f4b-99e7-0f01be9b2fa9,,,,,,,,,,,,,,,,,,,,,,,,,,,,,,,,,,,,,,,
0891c2d0-0649-476c-8122-10797520bcd1,,,,,,,,,,,,,,,,,,,,,,,,,,,,,,,,,,,,,,,
089370d9-d34d-4838-82f9-f699c0881d24,,,,,,,,,,,,,,,,,,,,,,,,,,,,,,,,,,,,,,,
0893ef9b-3f09-469a-9152-f85f5b9b3520,,,,,,,,,,,,,,,,,,,,,,,,,,,,,,,,,,,,,,,
089902a5-86df-43ce-9abe-fc4a8208856f,,,,,,,,,,,,,,,,,,,,,,,,,,,,,,,,,,,,,,,
08a4991c-d96d-4949-bc92-4cff3ed4212c,,,,,,,,,,,,,,,,,,,,,,,,,,,,,,,,,,,,,,,
08a5e30b-1d34-42d7-a83a-d85c9343eac6,,,,,,,,,,,,,,,,,,,,,,,,,,,,,,,,,,,,,,,
08aaffa4-7504-4163-aa9d-ddd918a75a92,,,,,,,,,,,,,,,,,,,,,,,,,,,,,,,,,,,,,,,
08ad65a7-885e-4797-b096-e889130ee5ed,,,,,,,,,,,,,,,,,,,,,,,,,,,,,,,,,,,,,,,
08afb385-b34e-4a5f-98d8-1980088f1364,,,,,,,,,,,,,,,,,,,,,,,,,,,,,,,,,,,,,,,
08c1c306-7ae4-48f7-ab36-7000d90ae8e1,,,,,,,,,,,,,,,,,,,,,,,,,,,,,,,,,,,,,,,
08c66495-8a42-4639-a5ad-b5b3a7d48ad8,,,,,,,,,,,,,,,,,,,,,,,,,,,,,,,,,,,,,,,
08c99b4e-3ca6-449c-a35e-68f24cf2acda,,,,,,,,,,,,,,,,,,,,,,,,,,,,,,,,,,,,,,,
08d15a82-ff7c-4e20-ba60-4e55b9a09893,,,,,,,,,,,,,,,,,,,,,,,,,,,,,,,,,,,,,,,
08d7afa7-c262-41eb-b1a4-caac68d55f56,,,,,,,,,,,,,,,,,,,,,,,,,,,,,,,,,,,,,,,
08dc02e0-d782-45a7-a3de-cef3054d23ba,,,,,,,,,,,,,,,,,,,,,,,,,,,,,,,,,,,,,,,
08dde376-d104-48bf-b96a-6de8553848cd,,,,,,,,,,,,,,,,,,,,,,,,,,,,,,,,,,,,,,,
08def2ef-ddb2-4596-b37f-68e59e0323cc,,,,,,,,,,,,,,,,,,,,,,,,,,,,,,,,,,,,,,,
08e370d1-c2e3-40bb-a9be-1d5b24edb8c6,,,,,,,,,,,,,,,,,,,,,,,,,,,,,,,,,,,,,,,
08f96b0e-a9de-4860-807d-6ed662eff5a1,,,,,,,,,,,,,,,,,,,,,,,,,,,,,,,,,,,,,,,
0902df67-5105-46c8-a082-585713cb0f36,,,,,,,,,,,,,,,,,,,,,,,,,,,,,,,,,,,,,,,
0906fefe-f752-4e69-bf8b-4d96f36c3c8e,,,,,,,,,,,,,,,,,,,,,,,,,,,,,,,,,,,,,,,
090a9979-78cc-4961-bb79-ead86b3d0450,,,,,,,,,,,,,,,,,,,,,,,,,,,,,,,,,,,,,,,
090ea832-ceb4-45e7-ab12-237f17534602,,,,,,,,,,,,,,,,,,,,,,,,,,,,,,,,,,,,,,,
09149d85-38d7-4348-893d-ecb9f1a0d653,,,,,,,,,,,,,,,,,,,,,,,,,,,,,,,,,,,,,,,
091d0cc8-0ebf-4961-8c90-01a7775f516b,,,,,,,,,,,,,,,,,,,,,,,,,,,,,,,,,,,,,,,
091edb49-942e-4846-acf2-1fda430107b2,,,,,,,,,,,,,,,,,,,,,,,,,,,,,,,,,,,,,,,
091ff704-292b-4376-870b-c8b987e7f874,,,,,,,,,,,,,,,,,,,,,,,,,,,,,,,,,,,,,,,
092137e4-8203-4d17-912e-a74003735f27,,,,,,,,,,,,,,,,,,,,,,,,,,,,,,,,,,,,,,,
09244e84-f699-4d2a-8d9c-af6caeabafa1,,,,,,,,,,,,,,,,,,,,,,,,,,,,,,,,,,,,,,,
092747e5-350b-4d2b-a08d-58c8e037db4d,wikimedia_foundation,1.0,1.0,,,,,,,,,,,,,,,,,,,,,,,,,,,,,,,,,,,,
09276b63-f4ca-4b55-adea-d775cd9b7c42,algolia,1.0,1.0,,,,,,,,,,,,,,,,,,,,,,,,,,,,,,,,,,,,
092f7f17-b60f-44fe-a82d-3e5f8ce609a3,,,,,,,,,,,,,,,,,,,,,,,,,,,,,,,,,,,,,,,
092fe040-2dcb-4096-b4aa-f81d8a94495c,,,,,,,,,,,,,,,,,,,,,,,,,,,,,,,,,,,,,,,
09336915-4e37-4a5e-8397-3d19fc4f3751,,,,,,,,,,,,,,,,,,,,,,,,,,,,,,,,,,,,,,,
09347ae6-59d9-4779-9568-ba446109797f,,,,,,,,,,,,,,,,,,,,,,,,,,,,,,,,,,,,,,,
09412e56-9e26-45e4-aac0-e2b4a30eb068,,,,,,,,,,,,,,,,,,,,,,,,,,,,,,,,,,,,,,,
09483b96-6282-44fe-9a3f-71e9a82ee065,,,,,,,,,,,,,,,,,,,,,,,,,,,,,,,,,,,,,,,
094d91ed-6c52-4cef-91aa-964080c731b5,,,,,,,,,,,,,,,,,,,,,,,,,,,,,,,,,,,,,,,
09505229-3cc7-4493-a149-092082f7e0c8,,,,,,,,,,,,,,,,,,,,,,,,,,,,,,,,,,,,,,,
0960e770-98e8-4fa9-ab08-c9d96d2e9ea3,,,,,,,,,,,,,,,,,,,,,,,,,,,,,,,,,,,,,,,
096a7f00-a86c-4d41-8f06-87608fc562bd,,,,,,,,,,,,,,,,,,,,,,,,,,,,,,,,,,,,,,,
096b7d15-a16a-405c-bacd-e9a3e8e65751,,,,,,,,,,,,,,,,,,,,,,,,,,,,,,,,,,,,,,,
096dc2af-ca17-4317-84a7-4d5f2ff6e32f,,,,,,,,,,,,,,,,,,,,,,,,,,,,,,,,,,,,,,,
096df5d4-a101-42d9-9f7d-4f84ad27476c,dmg_media,1.0,0.5,baidu,1.0,0.5,,,,,,,,,,,,,,,,,,,,,,,,,,,,,,,,,
097133b4-8040-4b08-b628-1d369db8dd3b,disney,1.0,1.0,,,,,,,,,,,,,,,,,,,,,,,,,,,,,,,,,,,,
0977b35c-acd9-4499-a60d-1104b80fff20,,,,,,,,,,,,,,,,,,,,,,,,,,,,,,,,,,,,,,,
097d7d70-c848-449b-a563-755097d61e20,,,,,,,,,,,,,,,,,,,,,,,,,,,,,,,,,,,,,,,
098d4a40-dcc4-40bc-946c-c5d327754a7e,,,,,,,,,,,,,,,,,,,,,,,,,,,,,,,,,,,,,,,
098df55d-8fd9-4212-ba7e-6268e03c1746,,,,,,,,,,,,,,,,,,,,,,,,,,,,,,,,,,,,,,,
098e393a-6760-4270-8959-094391ba1fa8,,,,,,,,,,,,,,,,,,,,,,,,,,,,,,,,,,,,,,,
098ebdb6-6dc7-4251-9236-87999f33ad49,branch_metrics_inc,1.0,1.0,,,,,,,,,,,,,,,,,,,,,,,,,,,,,,,,,,,,
099af6a0-3818-4c3a-99f1-2d937dd59c36,,,,,,,,,,,,,,,,,,,,,,,,,,,,,,,,,,,,,,,
099c8514-7115-4031-bb00-86841811cc42,,,,,,,,,,,,,,,,,,,,,,,,,,,,,,,,,,,,,,,
09a3a9f2-3082-4e3d-b88e-885acc808fca,,,,,,,,,,,,,,,,,,,,,,,,,,,,,,,,,,,,,,,
09a7c1bd-b0c4-4d0c-9053-4d91dda5c50c,,,,,,,,,,,,,,,,,,,,,,,,,,,,,,,,,,,,,,,
09a9cfa7-ab14-4d11-a765-00472f41072f,,,,,,,,,,,,,,,,,,,,,,,,,,,,,,,,,,,,,,,
09acb975-7a65-4409-843b-d469cb6b7e6f,,,,,,,,,,,,,,,,,,,,,,,,,,,,,,,,,,,,,,,
09b61f87-4008-4158-b7ca-75bb95650246,,,,,,,,,,,,,,,,,,,,,,,,,,,,,,,,,,,,,,,
09ba2a82-de1c-43d2-bfb9-ec9bf9e94979,,,,,,,,,,,,,,,,,,,,,,,,,,,,,,,,,,,,,,,
09bcc39c-96ac-44f4-9736-1dbce05b3218,,,,,,,,,,,,,,,,,,,,,,,,,,,,,,,,,,,,,,,
09c48d3f-ae86-4c94-87c8-3b2a6f7f80d8,,,,,,,,,,,,,,,,,,,,,,,,,,,,,,,,,,,,,,,
09ca5bc4-8a97-479a-af98-0657d476de65,,,,,,,,,,,,,,,,,,,,,,,,,,,,,,,,,,,,,,,
09cdb10b-ff11-43fc-be14-e2c3ccd43c64,,,,,,,,,,,,,,,,,,,,,,,,,,,,,,,,,,,,,,,
09d1515d-c75f-421a-852f-d4ddfd777ced,,,,,,,,,,,,,,,,,,,,,,,,,,,,,,,,,,,,,,,
09d82f31-b50b-4303-8e80-f5badbc80428,,,,,,,,,,,,,,,,,,,,,,,,,,,,,,,,,,,,,,,
09dc8300-74a1-4527-be94-c3328a56827c,vimeo,1.0,1.0,,,,,,,,,,,,,,,,,,,,,,,,,,,,,,,,,,,,
09e9b81a-4bcb-46cb-b663-655adbef3882,shopify,1.0,1.0,,,,,,,,,,,,,,,,,,,,,,,,,,,,,,,,,,,,
09edbde7-e3de-44e7-8479-443e4f4baea1,,,,,,,,,,,,,,,,,,,,,,,,,,,,,,,,,,,,,,,
09f30065-06bb-4b07-b4b5-a6ae64b1583c,,,,,,,,,,,,,,,,,,,,,,,,,,,,,,,,,,,,,,,
09f4268a-e30f-40f1-8ad6-b49d4d140e70,,,,,,,,,,,,,,,,,,,,,,,,,,,,,,,,,,,,,,,
09fcb056-a0a6-4f86-863a-99b392125ea4,,,,,,,,,,,,,,,,,,,,,,,,,,,,,,,,,,,,,,,
0a001b5b-2464-423e-9c65-034a1d9515b6,,,,,,,,,,,,,,,,,,,,,,,,,,,,,,,,,,,,,,,
0a02d369-2e5b-47af-91e2-e45786cfa37d,,,,,,,,,,,,,,,,,,,,,,,,,,,,,,,,,,,,,,,
0a03d4ee-929a-49f2-a8c3-560f48bf4036,,,,,,,,,,,,,,,,,,,,,,,,,,,,,,,,,,,,,,,
0a0cc3f8-1988-480c-808b-c287a9235165,,,,,,,,,,,,,,,,,,,,,,,,,,,,,,,,,,,,,,,
0a1326a2-809c-4e65-abe5-c0a369828987,,,,,,,,,,,,,,,,,,,,,,,,,,,,,,,,,,,,,,,
0a17508a-8155-470c-bd4e-f4fa68d87398,yandex,1.0,1.0,,,,,,,,,,,,,,,,,,,,,,,,,,,,,,,,,,,,
0a194489-0fcf-4d5e-aedf-47258a9f9d2d,,,,,,,,,,,,,,,,,,,,,,,,,,,,,,,,,,,,,,,
0a1e97d1-aa9c-4ba0-9576-0546025dcad9,,,,,,,,,,,,,,,,,,,,,,,,,,,,,,,,,,,,,,,
0a2525d3-b023-4269-abe1-b9e729582472,,,,,,,,,,,,,,,,,,,,,,,,,,,,,,,,,,,,,,,
0a2bacde-cf11-4728-b803-178218b1b224,,,,,,,,,,,,,,,,,,,,,,,,,,,,,,,,,,,,,,,
0a2beba8-75cb-4902-bc00-4c7642d9f2a6,,,,,,,,,,,,,,,,,,,,,,,,,,,,,,,,,,,,,,,
0a360ab1-cd19-4536-b72e-a86af4befb97,,,,,,,,,,,,,,,,,,,,,,,,,,,,,,,,,,,,,,,
0a4064ba-1db6-42e6-bd26-4c2bf4e0b916,,,,,,,,,,,,,,,,,,,,,,,,,,,,,,,,,,,,,,,
0a48c060-4798-427f-afce-99e9e3973768,,,,,,,,,,,,,,,,,,,,,,,,,,,,,,,,,,,,,,,
0a4ae0cd-c076-4d4f-a5a7-6155234b485d,,,,,,,,,,,,,,,,,,,,,,,,,,,,,,,,,,,,,,,
0a4cc57c-1f29-4424-a89e-8b2193438f1d,,,,,,,,,,,,,,,,,,,,,,,,,,,,,,,,,,,,,,,
0a4e4191-81c8-466f-b018-257b58dbb102,,,,,,,,,,,,,,,,,,,,,,,,,,,,,,,,,,,,,,,
0a517120-2c53-4b27-8921-c8f0677c3076,,,,,,,,,,,,,,,,,,,,,,,,,,,,,,,,,,,,,,,
0a540b5a-e5e4-40b1-8606-fd2e66fa4bf0,,,,,,,,,,,,,,,,,,,,,,,,,,,,,,,,,,,,,,,
0a54987c-0b3d-416c-959f-96c74d7f3069,,,,,,,,,,,,,,,,,,,,,,,,,,,,,,,,,,,,,,,
0a55b13b-6eba-4adf-8bfc-d9a7b3d5c37f,,,,,,,,,,,,,,,,,,,,,,,,,,,,,,,,,,,,,,,
0a5783a0-705c-4bf3-b30e-12c1138e56c3,,,,,,,,,,,,,,,,,,,,,,,,,,,,,,,,,,,,,,,
0a63b597-6c1a-46a8-a021-e95c76ab4d10,,,,,,,,,,,,,,,,,,,,,,,,,,,,,,,,,,,,,,,
0a6b4b36-8077-4a38-b7d2-fc088433fa0b,,,,,,,,,,,,,,,,,,,,,,,,,,,,,,,,,,,,,,,
0a6b788b-9eb4-4eeb-86ad-c99376388b75,,,,,,,,,,,,,,,,,,,,,,,,,,,,,,,,,,,,,,,
0a6cdf1b-65a4-4cf8-bace-e8bd23e2dd21,,,,,,,,,,,,,,,,,,,,,,,,,,,,,,,,,,,,,,,
0a74bef2-996a-45da-9456-c4869f015a7f,,,,,,,,,,,,,,,,,,,,,,,,,,,,,,,,,,,,,,,
0a8c8364-d88b-49c2-8570-a281cb223eb5,,,,,,,,,,,,,,,,,,,,,,,,,,,,,,,,,,,,,,,
0a8e9aa0-b560-48db-bb33-96f8bf1f467f,,,,,,,,,,,,,,,,,,,,,,,,,,,,,,,,,,,,,,,
0a90fe08-b0f2-4565-813c-f835c62a8e4f,,,,,,,,,,,,,,,,,,,,,,,,,,,,,,,,,,,,,,,
0a992c69-6d66-4bf5-ab0d-3989995c35f3,,,,,,,,,,,,,,,,,,,,,,,,,,,,,,,,,,,,,,,
0aa9ba09-b9d8-4f71-ad1b-82d801b67306,,,,,,,,,,,,,,,,,,,,,,,,,,,,,,,,,,,,,,,
0aaa39dd-2542-4bbb-8d67-338857eac3d0,,,,,,,,,,,,,,,,,,,,,,,,,,,,,,,,,,,,,,,
0abb9faa-6fad-4851-837d-9b65fcfc3238,,,,,,,,,,,,,,,,,,,,,,,,,,,,,,,,,,,,,,,
0ac1fa75-ec8a-4d44-9d98-21e076cc965b,,,,,,,,,,,,,,,,,,,,,,,,,,,,,,,,,,,,,,,
0ae3cc5c-c999-40bc-8185-8a2cceb382e6,,,,,,,,,,,,,,,,,,,,,,,,,,,,,,,,,,,,,,,
0aeba671-0ed5-4ef3-b41f-740e2d1146ef,,,,,,,,,,,,,,,,,,,,,,,,,,,,,,,,,,,,,,,
0af1fc67-9e9f-4260-864e-c781bb8d42a6,,,,,,,,,,,,,,,,,,,,,,,,,,,,,,,,,,,,,,,
0af8a82a-07d9-4323-b852-81394d8a32da,,,,,,,,,,,,,,,,,,,,,,,,,,,,,,,,,,,,,,,
0b0273a1-8ae4-4c3a-a8b7-a8e398e13815,,,,,,,,,,,,,,,,,,,,,,,,,,,,,,,,,,,,,,,
0b08679e-0737-4f74-a3dc-fea12235dc16,,,,,,,,,,,,,,,,,,,,,,,,,,,,,,,,,,,,,,,
0b10af58-ece1-4c19-a95b-4f1633eaff76,,,,,,,,,,,,,,,,,,,,,,,,,,,,,,,,,,,,,,,
0b12e719-db72-4f45-8176-603a9f977779,,,,,,,,,,,,,,,,,,,,,,,,,,,,,,,,,,,,,,,
0b169e28-3f29-4e1b-b925-311829ec608a,,,,,,,,,,,,,,,,,,,,,,,,,,,,,,,,,,,,,,,
0b1cef1d-b0d5-4559-b60e-8b4dd33a1159,,,,,,,,,,,,,,,,,,,,,,,,,,,,,,,,,,,,,,,
0b21f84e-483e-40a3-ba52-81163f13f07e,,,,,,,,,,,,,,,,,,,,,,,,,,,,,,,,,,,,,,,
0b2c49c6-4605-4280-8af5-e640b4736ab2,,,,,,,,,,,,,,,,,,,,,,,,,,,,,,,,,,,,,,,
0b2e235e-29f1-4aa1-8721-58103adff998,,,,,,,,,,,,,,,,,,,,,,,,,,,,,,,,,,,,,,,
0b2f85d6-cbe3-4130-b007-83ef1c8f50ee,,,,,,,,,,,,,,,,,,,,,,,,,,,,,,,,,,,,,,,
0b30eb5e-2354-4cd3-b9fb-09e1ddc50fc4,,,,,,,,,,,,,,,,,,,,,,,,,,,,,,,,,,,,,,,
0b341d8b-dc6e-45e8-b2f8-0a69fd88a316,,,,,,,,,,,,,,,,,,,,,,,,,,,,,,,,,,,,,,,
0b3636d1-b96f-4ebd-84d0-a43376c6b9ce,,,,,,,,,,,,,,,,,,,,,,,,,,,,,,,,,,,,,,,
0b378e2b-b546-48c5-b0ef-45db41c09218,,,,,,,,,,,,,,,,,,,,,,,,,,,,,,,,,,,,,,,
0b3978d3-31bb-4ecc-a464-ed8d22017325,,,,,,,,,,,,,,,,,,,,,,,,,,,,,,,,,,,,,,,
0b480957-d8fe-4f74-ba58-116f91ba9171,mparticle,1.0,1.0,,,,,,,,,,,,,,,,,,,,,,,,,,,,,,,,,,,,
0b5366dd-4c18-47b4-8b4c-a5d5bb4df15a,,,,,,,,,,,,,,,,,,,,,,,,,,,,,,,,,,,,,,,
0b67174b-1f2f-4bb4-9b3a-71338ff6acbb,,,,,,,,,,,,,,,,,,,,,,,,,,,,,,,,,,,,,,,
0b6a1091-e274-4dae-b02a-256b9b196504,,,,,,,,,,,,,,,,,,,,,,,,,,,,,,,,,,,,,,,
0b6dcf06-84fd-47cd-8fc8-4390d3400e5a,,,,,,,,,,,,,,,,,,,,,,,,,,,,,,,,,,,,,,,
0b733671-532c-45b2-b6d9-ef9be07d4ce7,,,,,,,,,,,,,,,,,,,,,,,,,,,,,,,,,,,,,,,
0b736979-584d-44c0-a6eb-96d049ef1906,,,,,,,,,,,,,,,,,,,,,,,,,,,,,,,,,,,,,,,
0b79cf73-4bfc-45e0-8f4e-1028b27bc618,,,,,,,,,,,,,,,,,,,,,,,,,,,,,,,,,,,,,,,
0b7e27b3-4cdc-4e6f-b8e6-1e393ebce9cd,,,,,,,,,,,,,,,,,,,,,,,,,,,,,,,,,,,,,,,
0b8e18b3-babb-4157-a90a-a7bbbd2bc732,,,,,,,,,,,,,,,,,,,,,,,,,,,,,,,,,,,,,,,
0b90cae8-1ea4-40fd-94ab-94d7f9a4b97f,,,,,,,,,,,,,,,,,,,,,,,,,,,,,,,,,,,,,,,
0b989a39-ce1d-42c6-8025-bb76bf693923,,,,,,,,,,,,,,,,,,,,,,,,,,,,,,,,,,,,,,,
0b9c0570-b521-48cf-825e-bd567b1ceffc,,,,,,,,,,,,,,,,,,,,,,,,,,,,,,,,,,,,,,,
0ba1fd1e-af1d-49de-a5a4-8e00f57123b3,,,,,,,,,,,,,,,,,,,,,,,,,,,,,,,,,,,,,,,
0ba2d304-ef54-4839-bca3-efc2030ec677,,,,,,,,,,,,,,,,,,,,,,,,,,,,,,,,,,,,,,,
0bb7c0ec-bc7f-441c-b9db-319ca751065a,,,,,,,,,,,,,,,,,,,,,,,,,,,,,,,,,,,,,,,
0bbabfa5-205f-4866-9895-6038aa350e0c,,,,,,,,,,,,,,,,,,,,,,,,,,,,,,,,,,,,,,,
0bbcc44e-bff3-4d96-8e3a-e8156da2710f,,,,,,,,,,,,,,,,,,,,,,,,,,,,,,,,,,,,,,,
0bbfde97-d3b2-4f4b-af06-6e9c0fa81b4b,,,,,,,,,,,,,,,,,,,,,,,,,,,,,,,,,,,,,,,
0bc0abb4-ca1a-41a2-afe9-e3a8625e5ff7,,,,,,,,,,,,,,,,,,,,,,,,,,,,,,,,,,,,,,,
0bc2abf1-7a44-4b45-b006-72908a1e3a47,,,,,,,,,,,,,,,,,,,,,,,,,,,,,,,,,,,,,,,
0bcc6bab-0a6b-41e0-be43-c0f08e56181b,,,,,,,,,,,,,,,,,,,,,,,,,,,,,,,,,,,,,,,
0bcf1303-669e-483c-a121-deb436ec7543,,,,,,,,,,,,,,,,,,,,,,,,,,,,,,,,,,,,,,,
0bdd82cd-89bc-4540-a0b7-4a8c78c3f042,,,,,,,,,,,,,,,,,,,,,,,,,,,,,,,,,,,,,,,
0be0740c-4731-4949-a685-0900eea9a70e,,,,,,,,,,,,,,,,,,,,,,,,,,,,,,,,,,,,,,,
0be0762a-e979-4259-a8a9-b898a1c4f7cf,,,,,,,,,,,,,,,,,,,,,,,,,,,,,,,,,,,,,,,
0be7255c-36a7-4064-aed3-52e1b3fb7ee6,,,,,,,,,,,,,,,,,,,,,,,,,,,,,,,,,,,,,,,
0be85a1b-9d02-4cfc-8bfa-2490696fa670,wikimedia_foundation,1.0,1.0,,,,,,,,,,,,,,,,,,,,,,,,,,,,,,,,,,,,
0bfcf30e-bf61-4cba-9539-92dcd7427caf,,,,,,,,,,,,,,,,,,,,,,,,,,,,,,,,,,,,,,,
0c053016-becf-4e6b-97c0-f9b52de07ad8,,,,,,,,,,,,,,,,,,,,,,,,,,,,,,,,,,,,,,,
0c07e15d-b168-4439-b89b-40438cfb1ef2,,,,,,,,,,,,,,,,,,,,,,,,,,,,,,,,,,,,,,,
0c08f295-35a2-415b-a978-087a39717f10,,,,,,,,,,,,,,,,,,,,,,,,,,,,,,,,,,,,,,,
0c0d9896-7a2e-43da-95f7-d963ba460c39,,,,,,,,,,,,,,,,,,,,,,,,,,,,,,,,,,,,,,,
0c129316-a4f6-45df-bd4a-e386e69f0194,intercom,1.0,1.0,,,,,,,,,,,,,,,,,,,,,,,,,,,,,,,,,,,,
0c181314-86b8-4049-a851-67891587d73f,,,,,,,,,,,,,,,,,,,,,,,,,,,,,,,,,,,,,,,
0c1ebf72-5962-4639-9c4e-82dd8280aa22,,,,,,,,,,,,,,,,,,,,,,,,,,,,,,,,,,,,,,,
0c2410b7-2440-44f9-ae22-78c6e64474f6,,,,,,,,,,,,,,,,,,,,,,,,,,,,,,,,,,,,,,,
0c2da364-c8dc-47a0-9796-e802ed45950e,,,,,,,,,,,,,,,,,,,,,,,,,,,,,,,,,,,,,,,
0c34c49d-c887-4735-bd9d-4a74e5b7d413,,,,,,,,,,,,,,,,,,,,,,,,,,,,,,,,,,,,,,,
0c4acaea-4ff8-4c53-a44a-1d39a3e15cc3,,,,,,,,,,,,,,,,,,,,,,,,,,,,,,,,,,,,,,,
0c56a7ce-db36-40c9-bdba-52e51e0d2d49,wikimedia_foundation,3.0,1.0,,,,,,,,,,,,,,,,,,,,,,,,,,,,,,,,,,,,
0c58e483-c246-423b-897f-39b3dd236a34,,,,,,,,,,,,,,,,,,,,,,,,,,,,,,,,,,,,,,,
0c5c5604-cc9c-4e77-81b4-c52ca58df554,,,,,,,,,,,,,,,,,,,,,,,,,,,,,,,,,,,,,,,
0c5e4cc5-fa75-43fe-9d21-69e3d2303d6c,,,,,,,,,,,,,,,,,,,,,,,,,,,,,,,,,,,,,,,
0c65b7fb-8180-4baa-8842-834286957c39,,,,,,,,,,,,,,,,,,,,,,,,,,,,,,,,,,,,,,,
0c6e9a86-80e3-4540-a277-04a57f8d0741,,,,,,,,,,,,,,,,,,,,,,,,,,,,,,,,,,,,,,,
0c7f4569-d0fd-4b06-90c6-1244abfec78c,,,,,,,,,,,,,,,,,,,,,,,,,,,,,,,,,,,,,,,
0c7f791e-e3d4-4883-bac3-03a84dbd75ec,,,,,,,,,,,,,,,,,,,,,,,,,,,,,,,,,,,,,,,
0c857009-39f0-48ba-aba7-747f6282cedb,,,,,,,,,,,,,,,,,,,,,,,,,,,,,,,,,,,,,,,
0c8664cf-88e7-4004-968e-aba0dace61eb,,,,,,,,,,,,,,,,,,,,,,,,,,,,,,,,,,,,,,,
0c871536-2d22-40d4-9060-4da438cfb83a,,,,,,,,,,,,,,,,,,,,,,,,,,,,,,,,,,,,,,,
0c917ec3-6f7c-4295-bce9-7d6f52c3c3e3,,,,,,,,,,,,,,,,,,,,,,,,,,,,,,,,,,,,,,,
0c952cfe-0b14-4248-a59e-01f5d336a78d,,,,,,,,,,,,,,,,,,,,,,,,,,,,,,,,,,,,,,,
0c96ac4e-9ea9-43af-91c6-5d6922203e1e,,,,,,,,,,,,,,,,,,,,,,,,,,,,,,,,,,,,,,,
0c992e3e-c636-4057-a382-74373aa29b83,,,,,,,,,,,,,,,,,,,,,,,,,,,,,,,,,,,,,,,
0ca42e6c-37ad-4be3-8604-0b0a0c223f0d,,,,,,,,,,,,,,,,,,,,,,,,,,,,,,,,,,,,,,,
0ca6ff23-ad04-4621-b4fc-26b1b2ff125d,,,,,,,,,,,,,,,,,,,,,,,,,,,,,,,,,,,,,,,
0ca9dc6f-67c7-46dc-ab24-d879518a1c77,,,,,,,,,,,,,,,,,,,,,,,,,,,,,,,,,,,,,,,
0cadb242-2d8b-4952-89fb-7afa3247ad4d,,,,,,,,,,,,,,,,,,,,,,,,,,,,,,,,,,,,,,,
0cb1d023-6415-4bba-b42b-f151f9154040,wikimedia_foundation,1.0,1.0,,,,,,,,,,,,,,,,,,,,,,,,,,,,,,,,,,,,
0cb331cc-73de-4e5f-a08a-2220b51fa7bc,,,,,,,,,,,,,,,,,,,,,,,,,,,,,,,,,,,,,,,
0cb776e4-fc52-49df-8244-8f52bb5a8024,,,,,,,,,,,,,,,,,,,,,,,,,,,,,,,,,,,,,,,
0cb8d7ad-6700-42e9-9f8b-5696c71a9d4c,,,,,,,,,,,,,,,,,,,,,,,,,,,,,,,,,,,,,,,
0ccc3efe-a3c9-4630-94a3-fd50df7e7a9d,,,,,,,,,,,,,,,,,,,,,,,,,,,,,,,,,,,,,,,
0cd07d32-c71c-4308-a28c-ce6fdbd41167,,,,,,,,,,,,,,,,,,,,,,,,,,,,,,,,,,,,,,,
0cd15ae6-75fb-4c60-b699-0971f22b12bb,,,,,,,,,,,,,,,,,,,,,,,,,,,,,,,,,,,,,,,
0cd2eb7e-acca-44b1-96b3-722db5be1917,,,,,,,,,,,,,,,,,,,,,,,,,,,,,,,,,,,,,,,
0cd842c6-c142-4475-a0b8-c8f362f09da0,,,,,,,,,,,,,,,,,,,,,,,,,,,,,,,,,,,,,,,
0ce44f90-c411-46a9-ab65-d92cab917615,outbrain,1.0,1.0,,,,,,,,,,,,,,,,,,,,,,,,,,,,,,,,,,,,
0ce95572-a67a-4e1f-84fd-3467fe3d8d81,,,,,,,,,,,,,,,,,,,,,,,,,,,,,,,,,,,,,,,
0ced299f-939a-4dcf-8a1a-2237b292d9f9,ad_lightning,1.0,1.0,,,,,,,,,,,,,,,,,,,,,,,,,,,,,,,,,,,,
0cf35e71-5eaa-4e3e-82f5-987cb7650d7b,,,,,,,,,,,,,,,,,,,,,,,,,,,,,,,,,,,,,,,
0d06e24a-5106-4202-aa26-c084421a6a7b,,,,,,,,,,,,,,,,,,,,,,,,,,,,,,,,,,,,,,,
0d08edf5-08ca-4ecb-81ac-97e80153bf06,,,,,,,,,,,,,,,,,,,,,,,,,,,,,,,,,,,,,,,
0d09ebe2-7065-4724-9e2e-16dc7a7b5728,,,,,,,,,,,,,,,,,,,,,,,,,,,,,,,,,,,,,,,
0d120c50-34b1-48ac-8592-ddea9b97bfe8,,,,,,,,,,,,,,,,,,,,,,,,,,,,,,,,,,,,,,,
0d126b03-c8b9-4a5b-94ad-945ba17f4931,,,,,,,,,,,,,,,,,,,,,,,,,,,,,,,,,,,,,,,
0d140a80-49bf-4acb-8d41-85bf9b40b3de,,,,,,,,,,,,,,,,,,,,,,,,,,,,,,,,,,,,,,,
0d19ee8f-a58c-4364-9f4c-a9e918884988,,,,,,,,,,,,,,,,,,,,,,,,,,,,,,,,,,,,,,,
0d1dbb1a-dad7-4a40-8460-18a1c3afa3dd,,,,,,,,,,,,,,,,,,,,,,,,,,,,,,,,,,,,,,,
0d22ac9a-174a-4619-a7ce-b0d59442eadf,,,,,,,,,,,,,,,,,,,,,,,,,,,,,,,,,,,,,,,
0d2ae81b-bed8-4f9b-a057-93ecd60e11ce,,,,,,,,,,,,,,,,,,,,,,,,,,,,,,,,,,,,,,,
0d2fe77b-8bda-4b32-b10c-8675f7ca5ed4,,,,,,,,,,,,,,,,,,,,,,,,,,,,,,,,,,,,,,,
0d307324-5883-4b88-a837-675f1bfb83e1,,,,,,,,,,,,,,,,,,,,,,,,,,,,,,,,,,,,,,,
0d3f9b72-0df2-4aca-a50e-fe8e9394fc23,wp_engine,1.0,1.0,,,,,,,,,,,,,,,,,,,,,,,,,,,,,,,,,,,,
0d45a029-6c82-4094-b06b-9a7cdf1fa7bd,,,,,,,,,,,,,,,,,,,,,,,,,,,,,,,,,,,,,,,
0d482c9f-2739-4ec8-a8c1-663c04903513,,,,,,,,,,,,,,,,,,,,,,,,,,,,,,,,,,,,,,,
0d48dbfb-cc99-4d43-a9d0-cdca90567a47,scout24,1.0,1.0,,,,,,,,,,,,,,,,,,,,,,,,,,,,,,,,,,,,
0d4f6747-ddfe-40e2-bfc4-5b888bb562c5,,,,,,,,,,,,,,,,,,,,,,,,,,,,,,,,,,,,,,,
0d504b3f-2d71-4e3e-b232-fb46bc22ff83,,,,,,,,,,,,,,,,,,,,,,,,,,,,,,,,,,,,,,,
0d5ac0d8-cfd9-4daa-8220-f06695620f65,,,,,,,,,,,,,,,,,,,,,,,,,,,,,,,,,,,,,,,
0d5bf6ff-0c51-44ef-9459-6a2d1eaa4668,,,,,,,,,,,,,,,,,,,,,,,,,,,,,,,,,,,,,,,
0d5ee448-40f9-468b-bd8f-09da5355bfe0,,,,,,,,,,,,,,,,,,,,,,,,,,,,,,,,,,,,,,,
0d627a11-b342-4d7d-b7a4-24c37b7cdcd1,,,,,,,,,,,,,,,,,,,,,,,,,,,,,,,,,,,,,,,
0d68e907-f2c2-4941-8a06-997fbdddcd65,,,,,,,,,,,,,,,,,,,,,,,,,,,,,,,,,,,,,,,
0d6ad367-075a-439f-85b5-00a22d89ccf9,,,,,,,,,,,,,,,,,,,,,,,,,,,,,,,,,,,,,,,
0d71e93e-bc86-4a4b-8881-e2233bd96dfe,,,,,,,,,,,,,,,,,,,,,,,,,,,,,,,,,,,,,,,
0d71f5b0-c2b1-41ac-bfe8-ae867a8ae0be,,,,,,,,,,,,,,,,,,,,,,,,,,,,,,,,,,,,,,,
0d742786-3442-4938-ab5f-9467fdda787a,,,,,,,,,,,,,,,,,,,,,,,,,,,,,,,,,,,,,,,
0d769d27-85ce-4029-a5e8-3d4dbe63fff9,,,,,,,,,,,,,,,,,,,,,,,,,,,,,,,,,,,,,,,
0d78621a-a966-4166-8345-9ec830d34abd,,,,,,,,,,,,,,,,,,,,,,,,,,,,,,,,,,,,,,,
0d7bb9d2-4b7f-42f2-b4ff-2f5d53caca2e,,,,,,,,,,,,,,,,,,,,,,,,,,,,,,,,,,,,,,,
0d7d41fe-c408-4771-87de-cb6800203f39,auth0,1.0,1.0,,,,,,,,,,,,,,,,,,,,,,,,,,,,,,,,,,,,
0d86ba1d-74d8-498d-99ec-7c6e3a1a531e,,,,,,,,,,,,,,,,,,,,,,,,,,,,,,,,,,,,,,,
0d8866fd-8ca6-4263-8341-6b0fe3d66c21,,,,,,,,,,,,,,,,,,,,,,,,,,,,,,,,,,,,,,,
0d897580-e071-4343-877c-2a07ece270a5,,,,,,,,,,,,,,,,,,,,,,,,,,,,,,,,,,,,,,,
0d8ac7b6-9989-47d9-bdf5-e40d696cdd64,,,,,,,,,,,,,,,,,,,,,,,,,,,,,,,,,,,,,,,
0d94eed1-e8ec-4a9d-8291-4f26246a397d,qq.com,1.0,1.0,,,,,,,,,,,,,,,,,,,,,,,,,,,,,,,,,,,,
0d97d09d-6afd-4b4c-8dec-2049cbce47ac,callrail,1.0,1.0,,,,,,,,,,,,,,,,,,,,,,,,,,,,,,,,,,,,
0da3c52e-24ba-4eea-93ba-b1ab2a8a9c96,,,,,,,,,,,,,,,,,,,,,,,,,,,,,,,,,,,,,,,
0da95788-a76b-4995-96a7-a75b065d4b3d,,,,,,,,,,,,,,,,,,,,,,,,,,,,,,,,,,,,,,,
0db4276d-cc8f-41bc-9fbb-f5e5babc46cb,,,,,,,,,,,,,,,,,,,,,,,,,,,,,,,,,,,,,,,
0db78611-e84f-4032-9785-bf52a6167557,,,,,,,,,,,,,,,,,,,,,,,,,,,,,,,,,,,,,,,
0dbfe242-dc16-4e0c-9bc8-6edee1c67f0d,51.la,1.0,1.0,,,,,,,,,,,,,,,,,,,,,,,,,,,,,,,,,,,,
0dc6af86-0884-4bd3-81a0-6b44b9a256b7,,,,,,,,,,,,,,,,,,,,,,,,,,,,,,,,,,,,,,,
0dc7aff5-b00c-4bb8-a45e-2224616a9d4f,,,,,,,,,,,,,,,,,,,,,,,,,,,,,,,,,,,,,,,
0ddb5e49-e461-4128-a88e-8974b1176c32,,,,,,,,,,,,,,,,,,,,,,,,,,,,,,,,,,,,,,,
0ddbe3c0-0ebd-428f-8fce-6631e54ead85,,,,,,,,,,,,,,,,,,,,,,,,,,,,,,,,,,,,,,,
0ddc1c7e-5ae7-4ebe-930c-e8d6b90d7663,,,,,,,,,,,,,,,,,,,,,,,,,,,,,,,,,,,,,,,
0de0122f-33b8-45ff-a7fe-bfabae91bfcd,,,,,,,,,,,,,,,,,,,,,,,,,,,,,,,,,,,,,,,
0de61059-15dd-4b0a-9593-fffb3f03ae0a,,,,,,,,,,,,,,,,,,,,,,,,,,,,,,,,,,,,,,,
0df6aec2-3dc5-4476-9265-71a17b5cec0f,,,,,,,,,,,,,,,,,,,,,,,,,,,,,,,,,,,,,,,
0e027ecd-ad38-49d8-bcf7-8ac207f25d2f,,,,,,,,,,,,,,,,,,,,,,,,,,,,,,,,,,,,,,,
0e034c26-4949-4b17-97d7-d9a9bd3c76f7,,,,,,,,,,,,,,,,,,,,,,,,,,,,,,,,,,,,,,,
0e2bf029-7f67-49c0-a9a3-c3172e3e9f82,,,,,,,,,,,,,,,,,,,,,,,,,,,,,,,,,,,,,,,
0e38d1de-e590-4edf-a413-8edb6b88297b,,,,,,,,,,,,,,,,,,,,,,,,,,,,,,,,,,,,,,,
0e3e3990-ce91-43f7-92f4-7bb629a27558,,,,,,,,,,,,,,,,,,,,,,,,,,,,,,,,,,,,,,,
0e3f75bb-1a8f-4f0b-9c8c-4c3ed908a0e5,,,,,,,,,,,,,,,,,,,,,,,,,,,,,,,,,,,,,,,
0e3fba78-c556-4a44-b84d-4a35e3636f96,,,,,,,,,,,,,,,,,,,,,,,,,,,,,,,,,,,,,,,
0e42a03f-b2d6-464f-b0b0-9e83b0572717,,,,,,,,,,,,,,,,,,,,,,,,,,,,,,,,,,,,,,,
0e4438f6-c0e5-4bca-8a74-0e6682212ced,,,,,,,,,,,,,,,,,,,,,,,,,,,,,,,,,,,,,,,
0e4ad69c-8ec2-408a-b596-82bee2152efa,,,,,,,,,,,,,,,,,,,,,,,,,,,,,,,,,,,,,,,
0e6c70b6-278d-4a11-b526-55b7b9df72e8,,,,,,,,,,,,,,,,,,,,,,,,,,,,,,,,,,,,,,,
0e738b97-8222-4d58-b0fd-0f7cf65a8b68,,,,,,,,,,,,,,,,,,,,,,,,,,,,,,,,,,,,,,,
0e758571-7b12-4ad8-abc2-cfbd5788a6d3,,,,,,,,,,,,,,,,,,,,,,,,,,,,,,,,,,,,,,,
0e77b6fb-6eb1-48ed-85e1-7744292a393b,,,,,,,,,,,,,,,,,,,,,,,,,,,,,,,,,,,,,,,
0e85f4c1-ef61-4d04-8d88-7241000df526,,,,,,,,,,,,,,,,,,,,,,,,,,,,,,,,,,,,,,,
0e8dfc42-a2ca-492f-bc10-02c3864dcc1b,,,,,,,,,,,,,,,,,,,,,,,,,,,,,,,,,,,,,,,
0e9774a0-e053-44b1-81d1-fc1e929c188b,,,,,,,,,,,,,,,,,,,,,,,,,,,,,,,,,,,,,,,
0e9de589-8308-4213-b30d-c3680bfce9fd,,,,,,,,,,,,,,,,,,,,,,,,,,,,,,,,,,,,,,,
0e9ec6e3-9426-416a-8874-637a15784f9f,,,,,,,,,,,,,,,,,,,,,,,,,,,,,,,,,,,,,,,
0ea29e6b-326e-47c6-88fd-d3c5f45b29db,,,,,,,,,,,,,,,,,,,,,,,,,,,,,,,,,,,,,,,
0ea3ce5a-e9df-401b-b6c6-81f56ce490a9,,,,,,,,,,,,,,,,,,,,,,,,,,,,,,,,,,,,,,,
0eae0652-f33a-4650-a2e0-38b68f3831a5,,,,,,,,,,,,,,,,,,,,,,,,,,,,,,,,,,,,,,,
0eaef83c-1f29-49a8-a62d-c6ec558a365a,,,,,,,,,,,,,,,,,,,,,,,,,,,,,,,,,,,,,,,
0eafd393-3976-4f8e-a92a-bd0598d14c43,,,,,,,,,,,,,,,,,,,,,,,,,,,,,,,,,,,,,,,
0ec215af-830b-4ca0-a66e-b84168f167c5,,,,,,,,,,,,,,,,,,,,,,,,,,,,,,,,,,,,,,,
0ec25f42-7224-4627-b4ec-38b0e8f04ae0,,,,,,,,,,,,,,,,,,,,,,,,,,,,,,,,,,,,,,,
0ece2f79-9886-40cb-87d9-7fd1ec486662,,,,,,,,,,,,,,,,,,,,,,,,,,,,,,,,,,,,,,,
0ed0295f-c193-4e3a-9bb7-525bd6cb3925,,,,,,,,,,,,,,,,,,,,,,,,,,,,,,,,,,,,,,,
0ed80c49-9231-460a-a3c0-b323bc264261,,,,,,,,,,,,,,,,,,,,,,,,,,,,,,,,,,,,,,,
0ed9550a-917a-4e65-b01f-4847a0de1ae9,,,,,,,,,,,,,,,,,,,,,,,,,,,,,,,,,,,,,,,
0ef1e7c3-6e2f-4f94-ab9f-2cf37f792299,,,,,,,,,,,,,,,,,,,,,,,,,,,,,,,,,,,,,,,
0ef33768-a1c0-4395-8731-368ceb5c672a,,,,,,,,,,,,,,,,,,,,,,,,,,,,,,,,,,,,,,,
0ef6f5a7-8c7b-456e-90b6-1b3b1ba03ded,,,,,,,,,,,,,,,,,,,,,,,,,,,,,,,,,,,,,,,
0efaf0aa-f6ce-450e-a8f6-fda619afbf83,,,,,,,,,,,,,,,,,,,,,,,,,,,,,,,,,,,,,,,
0f230d07-9fe5-4b8d-9ef7-38a0b03a8529,,,,,,,,,,,,,,,,,,,,,,,,,,,,,,,,,,,,,,,
0f24560e-b419-4515-8572-d5707937a0ad,,,,,,,,,,,,,,,,,,,,,,,,,,,,,,,,,,,,,,,
0f270d25-67c0-4315-bea4-bcc8121f601a,,,,,,,,,,,,,,,,,,,,,,,,,,,,,,,,,,,,,,,
0f3091d0-14ae-4eb3-835a-fbb9a1cc7dab,,,,,,,,,,,,,,,,,,,,,,,,,,,,,,,,,,,,,,,
0f34c7e7-4fa3-4ce5-a592-e6983f8faf12,,,,,,,,,,,,,,,,,,,,,,,,,,,,,,,,,,,,,,,
0f39feec-10ed-4370-8989-a0c26eda4fd2,,,,,,,,,,,,,,,,,,,,,,,,,,,,,,,,,,,,,,,
0f3d2524-3e65-4cd7-b468-e3feb270be76,,,,,,,,,,,,,,,,,,,,,,,,,,,,,,,,,,,,,,,
0f484516-76fa-4c82-ad1f-cd51b798e72e,aniview,1.0,1.0,,,,,,,,,,,,,,,,,,,,,,,,,,,,,,,,,,,,
0f772c55-68a9-4891-9aa6-fa5d9d9ad3d7,wunderkind,1.0,1.0,,,,,,,,,,,,,,,,,,,,,,,,,,,,,,,,,,,,
0f7cc538-a05f-448d-ba03-f476d1c72a5f,,,,,,,,,,,,,,,,,,,,,,,,,,,,,,,,,,,,,,,
0f7f8d9d-834b-40c5-8691-b3407a27b256,,,,,,,,,,,,,,,,,,,,,,,,,,,,,,,,,,,,,,,
0f859248-9830-4a7d-ada9-a32534b59afd,,,,,,,,,,,,,,,,,,,,,,,,,,,,,,,,,,,,,,,
0f8f8636-2348-4929-ac9c-86d0bb37d42d,,,,,,,,,,,,,,,,,,,,,,,,,,,,,,,,,,,,,,,
0f912113-2870-4fcf-bab5-d60a632d810a,,,,,,,,,,,,,,,,,,,,,,,,,,,,,,,,,,,,,,,
0f91897a-7027-4bbd-aff2-05f98da004cd,,,,,,,,,,,,,,,,,,,,,,,,,,,,,,,,,,,,,,,
0f96e4c4-02e4-4208-99b8-094732b6e5d1,,,,,,,,,,,,,,,,,,,,,,,,,,,,,,,,,,,,,,,
0f98986e-54e8-41a6-9ce3-532f1dc26a53,,,,,,,,,,,,,,,,,,,,,,,,,,,,,,,,,,,,,,,
0fa00c41-cbc6-4590-b15d-366e5856de75,,,,,,,,,,,,,,,,,,,,,,,,,,,,,,,,,,,,,,,
0fa6c133-51bb-494c-9e48-b9a96814bceb,,,,,,,,,,,,,,,,,,,,,,,,,,,,,,,,,,,,,,,
0fa72b59-fc33-4a47-8f01-13a2c01d0528,,,,,,,,,,,,,,,,,,,,,,,,,,,,,,,,,,,,,,,
0fa9f96a-07d6-4bb6-8715-50d4ef96c5fe,,,,,,,,,,,,,,,,,,,,,,,,,,,,,,,,,,,,,,,
0faadb71-e487-45da-a8f4-169192a3885f,,,,,,,,,,,,,,,,,,,,,,,,,,,,,,,,,,,,,,,
0facfb1f-13f3-48bf-81a1-98ca59082fe1,,,,,,,,,,,,,,,,,,,,,,,,,,,,,,,,,,,,,,,
0fb224fc-21b1-4164-951f-30c89ecaf2ff,,,,,,,,,,,,,,,,,,,,,,,,,,,,,,,,,,,,,,,
0fb5d2a6-01a3-4cba-bb7a-363e3728aba6,,,,,,,,,,,,,,,,,,,,,,,,,,,,,,,,,,,,,,,
0fb68ad7-7428-40a8-b15e-13773562f298,,,,,,,,,,,,,,,,,,,,,,,,,,,,,,,,,,,,,,,
0fb9d7a3-8833-44d2-a909-0b517d3bdefc,,,,,,,,,,,,,,,,,,,,,,,,,,,,,,,,,,,,,,,
0fca80c4-86f3-4638-bb02-220049777841,,,,,,,,,,,,,,,,,,,,,,,,,,,,,,,,,,,,,,,
0fcefc8e-6cf6-4da8-a57b-98c07d820dd7,,,,,,,,,,,,,,,,,,,,,,,,,,,,,,,,,,,,,,,
0fd24db3-6f3b-42cb-9a88-bb99cab2d92f,,,,,,,,,,,,,,,,,,,,,,,,,,,,,,,,,,,,,,,
0fd7b6f7-cd56-4148-a096-7590b9ff811b,,,,,,,,,,,,,,,,,,,,,,,,,,,,,,,,,,,,,,,
0fda3148-243d-4699-b034-2c12eb394b32,,,,,,,,,,,,,,,,,,,,,,,,,,,,,,,,,,,,,,,
0fda4c12-e579-4aae-a3c0-1d7ce31f19e6,,,,,,,,,,,,,,,,,,,,,,,,,,,,,,,,,,,,,,,
0fe16522-a747-4fe2-a844-699d4e67b29d,,,,,,,,,,,,,,,,,,,,,,,,,,,,,,,,,,,,,,,
0fe525f5-b310-4397-970a-4bfa70f44819,,,,,,,,,,,,,,,,,,,,,,,,,,,,,,,,,,,,,,,
0feb54ac-a677-4405-acba-7428c0ca9299,pushwoosh,1.0,1.0,,,,,,,,,,,,,,,,,,,,,,,,,,,,,,,,,,,,
0ffb2428-84e7-4600-830a-21ac00469bff,,,,,,,,,,,,,,,,,,,,,,,,,,,,,,,,,,,,,,,
100471f2-fb11-4cfa-87ee-fe469c16e840,,,,,,,,,,,,,,,,,,,,,,,,,,,,,,,,,,,,,,,
100a5271-ea33-40cc-b7da-43cd812b7afa,,,,,,,,,,,,,,,,,,,,,,,,,,,,,,,,,,,,,,,
100c0e21-4cbe-4061-86a9-581f19d00207,,,,,,,,,,,,,,,,,,,,,,,,,,,,,,,,,,,,,,,
10151d6c-58a6-40b3-9b54-a9c4a8595923,,,,,,,,,,,,,,,,,,,,,,,,,,,,,,,,,,,,,,,
10205ef1-ec69-4748-8d97-a3f6038f7526,,,,,,,,,,,,,,,,,,,,,,,,,,,,,,,,,,,,,,,
1025c31f-02b5-4829-a5a3-23f2ac918b92,,,,,,,,,,,,,,,,,,,,,,,,,,,,,,,,,,,,,,,
102811a3-f724-408d-b681-77975b9d44d7,wp_engine,1.0,1.0,,,,,,,,,,,,,,,,,,,,,,,,,,,,,,,,,,,,
102ce6ea-9863-46b9-9078-d6a6e9cfdb30,,,,,,,,,,,,,,,,,,,,,,,,,,,,,,,,,,,,,,,
10357bf1-38ca-4366-a11c-d95da5e8b216,,,,,,,,,,,,,,,,,,,,,,,,,,,,,,,,,,,,,,,
10390dcf-8033-47a4-b544-8912ca056c0f,,,,,,,,,,,,,,,,,,,,,,,,,,,,,,,,,,,,,,,
103dc506-3ecd-44e1-9147-8fe19bb1d192,,,,,,,,,,,,,,,,,,,,,,,,,,,,,,,,,,,,,,,
10422b69-be9e-4fb9-a94a-3af0346ccfb2,strava,1.0,1.0,,,,,,,,,,,,,,,,,,,,,,,,,,,,,,,,,,,,
104586f2-5764-4fdb-848d-0f70b21368d6,,,,,,,,,,,,,,,,,,,,,,,,,,,,,,,,,,,,,,,
104a2af0-cc3e-4204-b559-2ecb6886daf3,,,,,,,,,,,,,,,,,,,,,,,,,,,,,,,,,,,,,,,
104cdb51-a595-4d40-8cbc-2c5ca00a2c22,,,,,,,,,,,,,,,,,,,,,,,,,,,,,,,,,,,,,,,
1057b0b6-5aa7-4af6-b5af-cd7ea9d7b7ef,,,,,,,,,,,,,,,,,,,,,,,,,,,,,,,,,,,,,,,
1059e687-b364-419d-8bd5-071f8a17c8d5,,,,,,,,,,,,,,,,,,,,,,,,,,,,,,,,,,,,,,,
105c419a-4698-490a-be26-d809b79b143f,,,,,,,,,,,,,,,,,,,,,,,,,,,,,,,,,,,,,,,
105cc09c-debf-498f-b656-9d5d8b5ba073,,,,,,,,,,,,,,,,,,,,,,,,,,,,,,,,,,,,,,,
10622c4f-4e8e-437c-ba06-9a1b96512c4d,,,,,,,,,,,,,,,,,,,,,,,,,,,,,,,,,,,,,,,
10686464-6118-4730-b053-58fdcb296edc,,,,,,,,,,,,,,,,,,,,,,,,,,,,,,,,,,,,,,,
106cc429-bcb5-4ec7-8d8e-e4de9f439467,,,,,,,,,,,,,,,,,,,,,,,,,,,,,,,,,,,,,,,
106d2568-a59f-4de7-b144-70b88fde9fd8,,,,,,,,,,,,,,,,,,,,,,,,,,,,,,,,,,,,,,,
106f15b1-0f88-4a1d-ba56-973c9202c5a9,,,,,,,,,,,,,,,,,,,,,,,,,,,,,,,,,,,,,,,
10784485-3e11-48c6-99de-ea2483027cd3,,,,,,,,,,,,,,,,,,,,,,,,,,,,,,,,,,,,,,,
107d9290-e859-4028-a012-30d3b2625f3f,,,,,,,,,,,,,,,,,,,,,,,,,,,,,,,,,,,,,,,
10816849-ccaf-4741-b98a-39c8faafdbb0,,,,,,,,,,,,,,,,,,,,,,,,,,,,,,,,,,,,,,,
1088bc8c-655a-438e-8e6a-280f099b5877,,,,,,,,,,,,,,,,,,,,,,,,,,,,,,,,,,,,,,,
108b3201-77e8-449a-bf6e-6eabe1b2b090,,,,,,,,,,,,,,,,,,,,,,,,,,,,,,,,,,,,,,,
108ba913-2247-489b-a185-53cad0a8b122,,,,,,,,,,,,,,,,,,,,,,,,,,,,,,,,,,,,,,,
108ba9aa-59f4-4e4e-be98-6a68f8591ed5,,,,,,,,,,,,,,,,,,,,,,,,,,,,,,,,,,,,,,,
10915fa9-e9e0-453a-957c-59c9cd21841c,shopify,1.0,1.0,,,,,,,,,,,,,,,,,,,,,,,,,,,,,,,,,,,,
109332e3-7c24-412b-b289-1f93e29786ce,,,,,,,,,,,,,,,,,,,,,,,,,,,,,,,,,,,,,,,
10940ed0-60a4-4a43-9913-2a3f5831f814,,,,,,,,,,,,,,,,,,,,,,,,,,,,,,,,,,,,,,,
1095e418-2a86-4f83-b186-71d6e3e5bd30,,,,,,,,,,,,,,,,,,,,,,,,,,,,,,,,,,,,,,,
10963bc5-44be-4ead-910c-d0b0bf5fdccc,,,,,,,,,,,,,,,,,,,,,,,,,,,,,,,,,,,,,,,
109782fa-9a62-4495-915a-05cc3b79964c,,,,,,,,,,,,,,,,,,,,,,,,,,,,,,,,,,,,,,,
109cb3a4-f221-4c23-83da-1c5f262d1701,,,,,,,,,,,,,,,,,,,,,,,,,,,,,,,,,,,,,,,
10a08223-f5bc-4a2f-961e-bc99bd520e56,,,,,,,,,,,,,,,,,,,,,,,,,,,,,,,,,,,,,,,
10a2bdac-1231-4209-ba7d-783f702429c5,,,,,,,,,,,,,,,,,,,,,,,,,,,,,,,,,,,,,,,
10a39cdd-e7ef-49fa-90f0-8bd4a13cfd2f,,,,,,,,,,,,,,,,,,,,,,,,,,,,,,,,,,,,,,,
10a548e3-812e-4c6f-8cb5-48a1936c8f74,,,,,,,,,,,,,,,,,,,,,,,,,,,,,,,,,,,,,,,
10ad9e82-658f-44ab-b29d-532de586cbf9,,,,,,,,,,,,,,,,,,,,,,,,,,,,,,,,,,,,,,,
10b0fc08-56a8-49d6-a62e-6eec106f6deb,,,,,,,,,,,,,,,,,,,,,,,,,,,,,,,,,,,,,,,
10b92ab9-b636-478d-90d3-b5b7acad8d33,,,,,,,,,,,,,,,,,,,,,,,,,,,,,,,,,,,,,,,
10bc89b5-4a56-474b-8cc7-bd348db6fd20,,,,,,,,,,,,,,,,,,,,,,,,,,,,,,,,,,,,,,,
10c95139-762b-4194-b8c5-d13a25debaf4,,,,,,,,,,,,,,,,,,,,,,,,,,,,,,,,,,,,,,,
10cb18e9-1470-4470-8043-9fdb48365e7a,,,,,,,,,,,,,,,,,,,,,,,,,,,,,,,,,,,,,,,
10ced180-d64f-4720-9a80-6d870f2bd2dd,,,,,,,,,,,,,,,,,,,,,,,,,,,,,,,,,,,,,,,
10d2a1bd-757f-4742-943c-b550b451db94,,,,,,,,,,,,,,,,,,,,,,,,,,,,,,,,,,,,,,,
10d36f6d-a803-4151-aad9-ba50b1bacbd1,,,,,,,,,,,,,,,,,,,,,,,,,,,,,,,,,,,,,,,
10d6a8a4-4108-4909-a822-6a4dd76519ca,,,,,,,,,,,,,,,,,,,,,,,,,,,,,,,,,,,,,,,
10d8df34-c809-44bd-be03-b0f9c92dae82,,,,,,,,,,,,,,,,,,,,,,,,,,,,,,,,,,,,,,,
10da4a8f-44ea-4bd0-9849-1be5c0ec1dc6,,,,,,,,,,,,,,,,,,,,,,,,,,,,,,,,,,,,,,,
10f01d95-8225-44e0-9664-a89e14006f47,,,,,,,,,,,,,,,,,,,,,,,,,,,,,,,,,,,,,,,
10f1318d-6810-4664-9358-5cc76b6fc5dd,,,,,,,,,,,,,,,,,,,,,,,,,,,,,,,,,,,,,,,
10fced3d-8dfa-4fb3-95b1-eb3d5d1dd3de,,,,,,,,,,,,,,,,,,,,,,,,,,,,,,,,,,,,,,,
10ff8d20-f0bd-4016-94db-5568f90a3994,,,,,,,,,,,,,,,,,,,,,,,,,,,,,,,,,,,,,,,
1101ac1f-a4c0-4735-a012-4a0ecf550823,,,,,,,,,,,,,,,,,,,,,,,,,,,,,,,,,,,,,,,
110f0f8e-52b9-4ee0-a660-27764c8dad10,,,,,,,,,,,,,,,,,,,,,,,,,,,,,,,,,,,,,,,
11110b22-1e89-4f70-8012-b801940c84df,,,,,,,,,,,,,,,,,,,,,,,,,,,,,,,,,,,,,,,
111964dc-b5de-4ea4-91f1-41c322e67304,algolia,1.0,1.0,,,,,,,,,,,,,,,,,,,,,,,,,,,,,,,,,,,,
112853c6-9843-4059-b9d8-16a6576ace0b,,,,,,,,,,,,,,,,,,,,,,,,,,,,,,,,,,,,,,,
1140b769-6b2a-4c41-8421-3e8400c058f4,,,,,,,,,,,,,,,,,,,,,,,,,,,,,,,,,,,,,,,
1144a144-be43-417b-8f40-6d31b0c40dc6,,,,,,,,,,,,,,,,,,,,,,,,,,,,,,,,,,,,,,,
1144ceff-decf-4e2f-aac6-6ed0786061e0,,,,,,,,,,,,,,,,,,,,,,,,,,,,,,,,,,,,,,,
11523044-5e75-4afa-bbab-fdc78d7631c2,,,,,,,,,,,,,,,,,,,,,,,,,,,,,,,,,,,,,,,
115aa3b4-eaef-4621-94db-7b651de7b9d2,,,,,,,,,,,,,,,,,,,,,,,,,,,,,,,,,,,,,,,
115aedbc-146e-44a1-96a0-585dd5594334,vivendi,1.0,1.0,,,,,,,,,,,,,,,,,,,,,,,,,,,,,,,,,,,,
115b2059-edd9-4b02-96d1-b4c1231e1aee,,,,,,,,,,,,,,,,,,,,,,,,,,,,,,,,,,,,,,,
115f1521-421e-43ca-8fa0-0731e2950251,,,,,,,,,,,,,,,,,,,,,,,,,,,,,,,,,,,,,,,
1163e010-3b59-4e60-8af3-f445b9740e6a,,,,,,,,,,,,,,,,,,,,,,,,,,,,,,,,,,,,,,,
1164fc73-7118-4916-9abd-94b2eb170a35,,,,,,,,,,,,,,,,,,,,,,,,,,,,,,,,,,,,,,,
11665d51-335b-428e-ab1b-f8a76a13eca9,,,,,,,,,,,,,,,,,,,,,,,,,,,,,,,,,,,,,,,
1175cd0d-dfa1-47ed-b022-758172920320,,,,,,,,,,,,,,,,,,,,,,,,,,,,,,,,,,,,,,,
117865d0-ab93-4dd7-852c-c8b9b61dc1f4,,,,,,,,,,,,,,,,,,,,,,,,,,,,,,,,,,,,,,,
117bbebb-c3da-4291-b57b-2206298f0f3c,,,,,,,,,,,,,,,,,,,,,,,,,,,,,,,,,,,,,,,
11816b6f-0a6e-4154-8b66-94bbfa17d3f8,,,,,,,,,,,,,,,,,,,,,,,,,,,,,,,,,,,,,,,
11837c1c-fb23-4c9a-b15d-246b051435d4,,,,,,,,,,,,,,,,,,,,,,,,,,,,,,,,,,,,,,,
11864a05-4adb-4a1e-af81-be3c858ceed7,,,,,,,,,,,,,,,,,,,,,,,,,,,,,,,,,,,,,,,
118a1e83-0d19-420c-bdf8-0e6e30e2c779,,,,,,,,,,,,,,,,,,,,,,,,,,,,,,,,,,,,,,,
11953f39-3698-4a7f-af52-6e7bf20a611a,,,,,,,,,,,,,,,,,,,,,,,,,,,,,,,,,,,,,,,
119d4c6d-b31a-4f6f-8ef8-4d4e9bce95cb,,,,,,,,,,,,,,,,,,,,,,,,,,,,,,,,,,,,,,,
11a22c93-4915-4aa7-80d6-25830cb3ed05,,,,,,,,,,,,,,,,,,,,,,,,,,,,,,,,,,,,,,,
11a25077-91e1-4ea3-98eb-ffc2f3a065e2,,,,,,,,,,,,,,,,,,,,,,,,,,,,,,,,,,,,,,,
11a69dbf-4d5c-4faf-ae31-d5e27bebce43,,,,,,,,,,,,,,,,,,,,,,,,,,,,,,,,,,,,,,,
11a7f0b5-4d5b-4410-81b7-2f5234b3a0ef,,,,,,,,,,,,,,,,,,,,,,,,,,,,,,,,,,,,,,,
11acb1fe-b06c-4225-bf25-9327d81ccc46,,,,,,,,,,,,,,,,,,,,,,,,,,,,,,,,,,,,,,,
11b404cc-7dc8-49b2-b6b3-29173e437633,,,,,,,,,,,,,,,,,,,,,,,,,,,,,,,,,,,,,,,
11b62136-199a-4b3f-82f8-14a298ab2182,,,,,,,,,,,,,,,,,,,,,,,,,,,,,,,,,,,,,,,
11b9d61d-4429-4b8e-9e77-6ff837e9a834,,,,,,,,,,,,,,,,,,,,,,,,,,,,,,,,,,,,,,,
11bf7f48-d52d-4e40-8afe-58e01f7bb2d1,,,,,,,,,,,,,,,,,,,,,,,,,,,,,,,,,,,,,,,
11c1cef3-163d-434b-9369-87b53121c2df,,,,,,,,,,,,,,,,,,,,,,,,,,,,,,,,,,,,,,,
11c292f8-47a6-434c-8b3e-4a9c9041c8bc,,,,,,,,,,,,,,,,,,,,,,,,,,,,,,,,,,,,,,,
11d458a9-d4dc-423b-8e5a-4c862f03e072,,,,,,,,,,,,,,,,,,,,,,,,,,,,,,,,,,,,,,,
11d4d70c-f9e7-4102-9ba5-4c81dd435c7d,,,,,,,,,,,,,,,,,,,,,,,,,,,,,,,,,,,,,,,
11dbae97-b753-4201-8b26-ae1666773d3c,,,,,,,,,,,,,,,,,,,,,,,,,,,,,,,,,,,,,,,
11deeea8-4bc6-439a-a8c3-9f1db335c1c7,,,,,,,,,,,,,,,,,,,,,,,,,,,,,,,,,,,,,,,
11dffeb3-eeca-49f2-b8a8-82aece874cc2,rambler,1.0,1.0,,,,,,,,,,,,,,,,,,,,,,,,,,,,,,,,,,,,
11ebbd7d-237a-441d-915a-fdc1fb5bfffe,,,,,,,,,,,,,,,,,,,,,,,,,,,,,,,,,,,,,,,
11ee2698-ab1a-4d7c-9e54-ffc68971696d,,,,,,,,,,,,,,,,,,,,,,,,,,,,,,,,,,,,,,,
11f68e13-773e-4cb0-ad16-9e8fb1942368,,,,,,,,,,,,,,,,,,,,,,,,,,,,,,,,,,,,,,,
11f97668-f73a-4ff1-8c66-02071e6ddec9,,,,,,,,,,,,,,,,,,,,,,,,,,,,,,,,,,,,,,,
11fd1147-c94e-4e8c-a3f3-47baba636102,,,,,,,,,,,,,,,,,,,,,,,,,,,,,,,,,,,,,,,
11fe8620-d0f0-4333-93ba-d5cbc6a197ff,,,,,,,,,,,,,,,,,,,,,,,,,,,,,,,,,,,,,,,
11fed087-0428-4510-a5b8-a5327e441d13,,,,,,,,,,,,,,,,,,,,,,,,,,,,,,,,,,,,,,,
11ff681f-9666-44a9-b6c6-72d7d8b79379,,,,,,,,,,,,,,,,,,,,,,,,,,,,,,,,,,,,,,,
120efdd8-698b-4535-9832-694f1653a7f6,,,,,,,,,,,,,,,,,,,,,,,,,,,,,,,,,,,,,,,
121a15bf-2dd7-495f-b59b-4ae6c3caa5e4,,,,,,,,,,,,,,,,,,,,,,,,,,,,,,,,,,,,,,,
121f94f3-1044-434d-a234-3f18d550866d,,,,,,,,,,,,,,,,,,,,,,,,,,,,,,,,,,,,,,,
12200318-20f8-4a97-93af-fbfb1f5e3e96,,,,,,,,,,,,,,,,,,,,,,,,,,,,,,,,,,,,,,,
12234f43-1820-4e7e-85cf-1c0b6d35930b,,,,,,,,,,,,,,,,,,,,,,,,,,,,,,,,,,,,,,,
12316b5c-f4a9-49c3-a3d8-36cc0ecc5bcb,,,,,,,,,,,,,,,,,,,,,,,,,,,,,,,,,,,,,,,
123c6aa3-2804-40b1-b831-9bf988a27dd3,,,,,,,,,,,,,,,,,,,,,,,,,,,,,,,,,,,,,,,
12487014-e90f-41b8-8b56-b2633c9b4b1f,,,,,,,,,,,,,,,,,,,,,,,,,,,,,,,,,,,,,,,
124d59ae-3ffc-4d82-b71e-ef6e7756e0e6,,,,,,,,,,,,,,,,,,,,,,,,,,,,,,,,,,,,,,,
125a0a6e-ad3c-4fba-98df-13d493dd028f,,,,,,,,,,,,,,,,,,,,,,,,,,,,,,,,,,,,,,,
125f0e99-73c8-4b09-9b96-b8822ca180e3,,,,,,,,,,,,,,,,,,,,,,,,,,,,,,,,,,,,,,,
125fb88b-3540-4cec-bf4f-78df4444c5a7,,,,,,,,,,,,,,,,,,,,,,,,,,,,,,,,,,,,,,,
12738cc7-9635-48d9-8791-363574c37ed4,,,,,,,,,,,,,,,,,,,,,,,,,,,,,,,,,,,,,,,
1274fd03-e109-4e5b-8690-43f64709b64d,,,,,,,,,,,,,,,,,,,,,,,,,,,,,,,,,,,,,,,
127976a3-2e62-4284-b1e8-a3a6ceef5a7b,,,,,,,,,,,,,,,,,,,,,,,,,,,,,,,,,,,,,,,
127bdbd1-2736-4687-a8c3-e0735b87a416,dynamic_yield,1.0,1.0,,,,,,,,,,,,,,,,,,,,,,,,,,,,,,,,,,,,
1283678f-d4b4-4a91-aa47-798a1adc867f,rakuten,1.0,1.0,,,,,,,,,,,,,,,,,,,,,,,,,,,,,,,,,,,,
12874385-c46e-4cb6-8b95-d60b80058109,,,,,,,,,,,,,,,,,,,,,,,,,,,,,,,,,,,,,,,
12a01a67-98e7-40ad-b154-94eeb11b7686,,,,,,,,,,,,,,,,,,,,,,,,,,,,,,,,,,,,,,,
12a97dca-efeb-4c34-88ef-5c4997144553,,,,,,,,,,,,,,,,,,,,,,,,,,,,,,,,,,,,,,,
12aaed36-05bb-4925-b001-494b08323ed2,,,,,,,,,,,,,,,,,,,,,,,,,,,,,,,,,,,,,,,
12acceb0-b0e8-4338-b05a-4559ee64d6dd,,,,,,,,,,,,,,,,,,,,,,,,,,,,,,,,,,,,,,,
12affdd2-4b86-401c-9bb7-9ecf51b1a88b,,,,,,,,,,,,,,,,,,,,,,,,,,,,,,,,,,,,,,,
12b0827f-8599-40ea-b21a-2ede084c6dda,,,,,,,,,,,,,,,,,,,,,,,,,,,,,,,,,,,,,,,
12bb6070-0ea8-4fd4-b473-fc8bb4369250,,,,,,,,,,,,,,,,,,,,,,,,,,,,,,,,,,,,,,,
12bbc6b6-dd39-435e-8e41-d769c18708ea,,,,,,,,,,,,,,,,,,,,,,,,,,,,,,,,,,,,,,,
12be8d64-c37b-4ff4-bbf5-0d11d54c4bde,,,,,,,,,,,,,,,,,,,,,,,,,,,,,,,,,,,,,,,
12c82804-3e99-48b2-908a-446aea340720,,,,,,,,,,,,,,,,,,,,,,,,,,,,,,,,,,,,,,,
12db95c4-13c8-44fc-95cc-cd0ae1c4eb29,,,,,,,,,,,,,,,,,,,,,,,,,,,,,,,,,,,,,,,
12decac7-e067-414f-b52c-b57868cca774,,,,,,,,,,,,,,,,,,,,,,,,,,,,,,,,,,,,,,,
12f14948-9c2f-4225-9e02-acaaa5d6c4eb,,,,,,,,,,,,,,,,,,,,,,,,,,,,,,,,,,,,,,,
12f47b1f-bdb5-46db-960b-bdeb0cd515a7,,,,,,,,,,,,,,,,,,,,,,,,,,,,,,,,,,,,,,,
12fc41e4-268f-40a6-8a75-4bbd7acfca8f,,,,,,,,,,,,,,,,,,,,,,,,,,,,,,,,,,,,,,,
1301b91b-f3a4-492a-b430-c09c83742232,,,,,,,,,,,,,,,,,,,,,,,,,,,,,,,,,,,,,,,
1303d98e-b870-4e52-842c-45370995ba6c,,,,,,,,,,,,,,,,,,,,,,,,,,,,,,,,,,,,,,,
13081c0a-4201-432a-bedd-ed26f101ce1b,,,,,,,,,,,,,,,,,,,,,,,,,,,,,,,,,,,,,,,
130f04d5-7fe3-4593-bb82-b474de3ccdda,,,,,,,,,,,,,,,,,,,,,,,,,,,,,,,,,,,,,,,
131dd428-fb35-49b2-878b-2440fcb18fdd,,,,,,,,,,,,,,,,,,,,,,,,,,,,,,,,,,,,,,,
1321115e-5bc0-49e6-b917-35114718f93e,,,,,,,,,,,,,,,,,,,,,,,,,,,,,,,,,,,,,,,
132330a4-f15e-42a1-bedb-86362d8c08c9,,,,,,,,,,,,,,,,,,,,,,,,,,,,,,,,,,,,,,,
13247e96-ce0b-4645-8d8c-ed35ae912b60,,,,,,,,,,,,,,,,,,,,,,,,,,,,,,,,,,,,,,,
1329c5a5-93a7-426a-b451-1aab6519ebda,,,,,,,,,,,,,,,,,,,,,,,,,,,,,,,,,,,,,,,
132baa31-729f-4fcc-9eab-449881cb017c,,,,,,,,,,,,,,,,,,,,,,,,,,,,,,,,,,,,,,,
1330d75b-4ae7-405d-8a02-c17396b5f6c5,,,,,,,,,,,,,,,,,,,,,,,,,,,,,,,,,,,,,,,
13435631-56cc-4de9-97ef-baa26feea509,,,,,,,,,,,,,,,,,,,,,,,,,,,,,,,,,,,,,,,
1344707f-8dc8-4e5e-8b60-89a275740191,,,,,,,,,,,,,,,,,,,,,,,,,,,,,,,,,,,,,,,
13474df2-e444-438d-aca3-caf3832c1899,trip_com,4.0,1.0,,,,,,,,,,,,,,,,,,,,,,,,,,,,,,,,,,,,
13502226-c325-40da-aa4d-3a8085db6a28,,,,,,,,,,,,,,,,,,,,,,,,,,,,,,,,,,,,,,,
13503d73-7c29-41b7-bb21-f179276cda98,retail_rocket,1.0,1.0,,,,,,,,,,,,,,,,,,,,,,,,,,,,,,,,,,,,
1350ea22-4599-43d8-9020-334a30ed3ab9,,,,,,,,,,,,,,,,,,,,,,,,,,,,,,,,,,,,,,,
13540f5a-3e97-411d-af7d-50e31bd00bba,,,,,,,,,,,,,,,,,,,,,,,,,,,,,,,,,,,,,,,
1354c583-75b1-4597-8e59-25d932395fd0,,,,,,,,,,,,,,,,,,,,,,,,,,,,,,,,,,,,,,,
1358d8dd-bd30-4ab7-a3b3-8b38f1b89581,,,,,,,,,,,,,,,,,,,,,,,,,,,,,,,,,,,,,,,
13595eb1-8bdd-466a-8125-bcebf2dbf0f1,,,,,,,,,,,,,,,,,,,,,,,,,,,,,,,,,,,,,,,
135e2d94-2014-496d-b576-eace9eb618bc,,,,,,,,,,,,,,,,,,,,,,,,,,,,,,,,,,,,,,,
1374b16c-6b15-4bf9-ba8c-f8af311fa831,,,,,,,,,,,,,,,,,,,,,,,,,,,,,,,,,,,,,,,
1375b7e1-2b84-49ae-a1c3-90b3c4d64b1f,naver,1.0,0.5,atlassian,1.0,0.5,,,,,,,,,,,,,,,,,,,,,,,,,,,,,,,,,
137bb0cc-bb25-431e-a955-588c047fd9dd,,,,,,,,,,,,,,,,,,,,,,,,,,,,,,,,,,,,,,,
137f55d1-671e-4984-8461-ea99e71d4e27,,,,,,,,,,,,,,,,,,,,,,,,,,,,,,,,,,,,,,,
138165f7-4883-492a-abc4-d127158baf22,,,,,,,,,,,,,,,,,,,,,,,,,,,,,,,,,,,,,,,
138def3c-5a5d-4c89-bdd0-adfca306595b,,,,,,,,,,,,,,,,,,,,,,,,,,,,,,,,,,,,,,,
13953e57-5f5f-44f1-9bf7-2160c9fb4d7e,,,,,,,,,,,,,,,,,,,,,,,,,,,,,,,,,,,,,,,
1396497e-cf51-466c-ae0a-c4f694395fa8,,,,,,,,,,,,,,,,,,,,,,,,,,,,,,,,,,,,,,,
13998040-0ffd-419c-82dc-d585242fd0ad,,,,,,,,,,,,,,,,,,,,,,,,,,,,,,,,,,,,,,,
139ba564-0913-431e-a3f5-37d28ca96bcb,wikimedia_foundation,1.0,1.0,,,,,,,,,,,,,,,,,,,,,,,,,,,,,,,,,,,,
13a01647-de99-40e2-a4de-3cacec8f5d40,,,,,,,,,,,,,,,,,,,,,,,,,,,,,,,,,,,,,,,
13a59d96-69e1-41d0-863b-bf2040f59086,,,,,,,,,,,,,,,,,,,,,,,,,,,,,,,,,,,,,,,
13a8794f-25c4-4000-94a8-4e87254bfc0d,cloudflare,1.0,1.0,,,,,,,,,,,,,,,,,,,,,,,,,,,,,,,,,,,,
13ad8b40-e03d-4d4d-8866-5eb8c223726a,,,,,,,,,,,,,,,,,,,,,,,,,,,,,,,,,,,,,,,
13b03458-d460-4717-86ac-6096a7c4952a,,,,,,,,,,,,,,,,,,,,,,,,,,,,,,,,,,,,,,,
13b05f8b-2262-4804-ad8a-bfae6b27cb45,,,,,,,,,,,,,,,,,,,,,,,,,,,,,,,,,,,,,,,
13b2eff7-a13b-48ed-b7e1-334e25bb2a3b,,,,,,,,,,,,,,,,,,,,,,,,,,,,,,,,,,,,,,,
13b312c8-8ba8-47c7-845e-5ae36f742008,,,,,,,,,,,,,,,,,,,,,,,,,,,,,,,,,,,,,,,
13b7384c-91c6-463b-bdea-76b42b51aefa,,,,,,,,,,,,,,,,,,,,,,,,,,,,,,,,,,,,,,,
13bc73a0-1798-46a2-886f-602212d01d57,,,,,,,,,,,,,,,,,,,,,,,,,,,,,,,,,,,,,,,
13ca4db5-48ad-40a5-9d67-777695af5178,,,,,,,,,,,,,,,,,,,,,,,,,,,,,,,,,,,,,,,
13d35e40-518f-44aa-b4e5-fcf5197cf972,,,,,,,,,,,,,,,,,,,,,,,,,,,,,,,,,,,,,,,
13d6b5a6-e4f0-432c-a460-05de3731fa3e,,,,,,,,,,,,,,,,,,,,,,,,,,,,,,,,,,,,,,,
13dda774-65fa-435d-a6b1-98ac360a8143,,,,,,,,,,,,,,,,,,,,,,,,,,,,,,,,,,,,,,,
13e855c7-48ca-4cb5-9467-f75e2b198a57,,,,,,,,,,,,,,,,,,,,,,,,,,,,,,,,,,,,,,,
13e86082-10fa-4204-a134-6f3b688eeb0b,,,,,,,,,,,,,,,,,,,,,,,,,,,,,,,,,,,,,,,
13e948f2-420d-40c6-9fb1-838dfa2c180d,,,,,,,,,,,,,,,,,,,,,,,,,,,,,,,,,,,,,,,
13f55692-31b5-4eab-88b7-007e17ba61fe,,,,,,,,,,,,,,,,,,,,,,,,,,,,,,,,,,,,,,,
14017802-9b0a-4819-b71c-20f896904b3b,,,,,,,,,,,,,,,,,,,,,,,,,,,,,,,,,,,,,,,
1401e2d4-57f3-4aa8-ac06-015dbeec4b72,,,,,,,,,,,,,,,,,,,,,,,,,,,,,,,,,,,,,,,
140e83b3-87d7-4a9c-a735-a3145d55fe65,,,,,,,,,,,,,,,,,,,,,,,,,,,,,,,,,,,,,,,
14204742-6879-491f-a6a8-ff815f017b1c,,,,,,,,,,,,,,,,,,,,,,,,,,,,,,,,,,,,,,,
14238b6c-5597-4a9c-920c-817cca741235,,,,,,,,,,,,,,,,,,,,,,,,,,,,,,,,,,,,,,,
1429c114-52b6-447a-912f-470d43fcb815,,,,,,,,,,,,,,,,,,,,,,,,,,,,,,,,,,,,,,,
142a7f1c-8977-419d-bf9f-13f96a0e3653,,,,,,,,,,,,,,,,,,,,,,,,,,,,,,,,,,,,,,,
14309625-be31-44eb-b484-700f449a4d4d,,,,,,,,,,,,,,,,,,,,,,,,,,,,,,,,,,,,,,,
14440f38-7bdc-4a26-be5a-dcd62986854f,,,,,,,,,,,,,,,,,,,,,,,,,,,,,,,,,,,,,,,
1445fa0e-1ccd-45b4-b5b3-8ddfdf0188f9,,,,,,,,,,,,,,,,,,,,,,,,,,,,,,,,,,,,,,,
145492b4-6a25-4cbb-8482-6d1cf1d0b6d8,,,,,,,,,,,,,,,,,,,,,,,,,,,,,,,,,,,,,,,
1456e446-20dd-4752-a5d6-6f0d8be2d082,,,,,,,,,,,,,,,,,,,,,,,,,,,,,,,,,,,,,,,
1461f2ef-4416-4ef6-b44f-ffdb8ca51a97,,,,,,,,,,,,,,,,,,,,,,,,,,,,,,,,,,,,,,,
1464846d-ab9f-4c18-b7cf-036bd388e62c,,,,,,,,,,,,,,,,,,,,,,,,,,,,,,,,,,,,,,,
1466abf4-3adb-427c-b4f2-8290d77eaa92,,,,,,,,,,,,,,,,,,,,,,,,,,,,,,,,,,,,,,,
146b70d3-5a8c-45b3-989d-093e5d375ea4,,,,,,,,,,,,,,,,,,,,,,,,,,,,,,,,,,,,,,,
147ace19-1566-4901-90f0-2f5f6ce9aa25,wikimedia_foundation,1.0,1.0,,,,,,,,,,,,,,,,,,,,,,,,,,,,,,,,,,,,
148052dc-5a18-476e-b289-5a9519468a0e,,,,,,,,,,,,,,,,,,,,,,,,,,,,,,,,,,,,,,,
14830a2b-3de4-4c99-948a-18e8560e0fc3,,,,,,,,,,,,,,,,,,,,,,,,,,,,,,,,,,,,,,,
148dd3d6-e4bb-4e88-bb25-c2a0eb640ac1,,,,,,,,,,,,,,,,,,,,,,,,,,,,,,,,,,,,,,,
148fa080-1f33-4eec-b8c6-39602444a0cf,pushwoosh,1.0,1.0,,,,,,,,,,,,,,,,,,,,,,,,,,,,,,,,,,,,
14933339-ea33-45cb-8898-80dbfa93d09d,algolia,1.0,1.0,,,,,,,,,,,,,,,,,,,,,,,,,,,,,,,,,,,,
149808dd-2c78-43ca-b916-a203d44eb6d8,,,,,,,,,,,,,,,,,,,,,,,,,,,,,,,,,,,,,,,
149c8d7f-f41d-4c88-9af1-cea6bbfa2032,squarespace,1.0,1.0,,,,,,,,,,,,,,,,,,,,,,,,,,,,,,,,,,,,
14a45313-4de1-4e08-9c0a-f8d48889867d,,,,,,,,,,,,,,,,,,,,,,,,,,,,,,,,,,,,,,,
14a5e5b7-5ac0-4916-a95b-18fc31a3f0ec,,,,,,,,,,,,,,,,,,,,,,,,,,,,,,,,,,,,,,,
14a6bf50-992f-43b1-a4da-c90b701d8817,microsoft,1.0,1.0,,,,,,,,,,,,,,,,,,,,,,,,,,,,,,,,,,,,
14abf128-0de1-47f8-9f62-d7a069e497cf,,,,,,,,,,,,,,,,,,,,,,,,,,,,,,,,,,,,,,,
14ae1ec4-6348-46f5-8293-ac27e033c736,,,,,,,,,,,,,,,,,,,,,,,,,,,,,,,,,,,,,,,
14b283a7-dd7b-4ba1-b9a9-27ccaeb064d6,,,,,,,,,,,,,,,,,,,,,,,,,,,,,,,,,,,,,,,
14b355f3-a839-48d4-851f-1a78810e9ed8,,,,,,,,,,,,,,,,,,,,,,,,,,,,,,,,,,,,,,,
14bbbadd-702b-4304-9f96-eb05ceb95be5,,,,,,,,,,,,,,,,,,,,,,,,,,,,,,,,,,,,,,,
14bf2fdc-c8ad-479c-bc10-f29c16faeada,,,,,,,,,,,,,,,,,,,,,,,,,,,,,,,,,,,,,,,
14c194cb-1954-4d5d-a14f-129c6e424ab0,,,,,,,,,,,,,,,,,,,,,,,,,,,,,,,,,,,,,,,
14c3b48f-8f0b-4cec-830d-fcdeefecebbf,,,,,,,,,,,,,,,,,,,,,,,,,,,,,,,,,,,,,,,
14d0a38c-2abc-47f3-b0c0-a73515b4c4c8,,,,,,,,,,,,,,,,,,,,,,,,,,,,,,,,,,,,,,,
14d0dfc8-fe30-4494-ad47-3fb0aa62e78b,,,,,,,,,,,,,,,,,,,,,,,,,,,,,,,,,,,,,,,
14d362dc-ef63-4e6b-ac5a-ece0c49c9df8,,,,,,,,,,,,,,,,,,,,,,,,,,,,,,,,,,,,,,,
14d97919-181e-4b6c-8a77-149e3b75ca19,,,,,,,,,,,,,,,,,,,,,,,,,,,,,,,,,,,,,,,
14d9ce6e-1659-47ed-98c7-a907830fbdf9,,,,,,,,,,,,,,,,,,,,,,,,,,,,,,,,,,,,,,,
14e037bf-ac1b-4b00-8cae-2c567cd764b1,,,,,,,,,,,,,,,,,,,,,,,,,,,,,,,,,,,,,,,
14e0c707-69b8-4938-bb56-d9e90d8af81f,,,,,,,,,,,,,,,,,,,,,,,,,,,,,,,,,,,,,,,
14f09b02-ad50-41bc-b9ed-2283ae872335,,,,,,,,,,,,,,,,,,,,,,,,,,,,,,,,,,,,,,,
14f11c32-4ff8-4f69-9b0d-3bc9931e2a03,,,,,,,,,,,,,,,,,,,,,,,,,,,,,,,,,,,,,,,
14f3cee8-ec4b-4a95-b7b1-00b6d455d750,,,,,,,,,,,,,,,,,,,,,,,,,,,,,,,,,,,,,,,
14f487c2-fe4c-4674-a39b-45638555dee0,,,,,,,,,,,,,,,,,,,,,,,,,,,,,,,,,,,,,,,
14f50d3d-dbd2-4c34-9baa-5d20e644d0c1,,,,,,,,,,,,,,,,,,,,,,,,,,,,,,,,,,,,,,,
14f91fc6-b0a4-42ab-bbb9-23cc9b5a7ec9,wikimedia_foundation,1.0,1.0,,,,,,,,,,,,,,,,,,,,,,,,,,,,,,,,,,,,
14f978fa-8aa1-416b-9cac-3c4bbd87c20a,,,,,,,,,,,,,,,,,,,,,,,,,,,,,,,,,,,,,,,
14f97fb4-fdb2-47eb-bd95-8355ddcdac76,,,,,,,,,,,,,,,,,,,,,,,,,,,,,,,,,,,,,,,
14fe0abd-4bad-4da7-99bd-52ab6d461117,,,,,,,,,,,,,,,,,,,,,,,,,,,,,,,,,,,,,,,
14ff7fe6-3c93-4a92-a708-b0fc3d3f2b00,,,,,,,,,,,,,,,,,,,,,,,,,,,,,,,,,,,,,,,
150fff99-2215-4340-8ebc-fb2800435c79,,,,,,,,,,,,,,,,,,,,,,,,,,,,,,,,,,,,,,,
1528943d-972a-4d39-b1ee-1c185b1f871e,,,,,,,,,,,,,,,,,,,,,,,,,,,,,,,,,,,,,,,
152f4503-f4f1-4ac0-a922-3b66304b2a11,,,,,,,,,,,,,,,,,,,,,,,,,,,,,,,,,,,,,,,
153aa77a-0a54-4ac7-831f-04324dc0a76e,,,,,,,,,,,,,,,,,,,,,,,,,,,,,,,,,,,,,,,
153e2ee5-199d-45eb-860a-a81535993e3a,,,,,,,,,,,,,,,,,,,,,,,,,,,,,,,,,,,,,,,
154770ba-c5c0-4f24-b9e9-2c4366e19592,,,,,,,,,,,,,,,,,,,,,,,,,,,,,,,,,,,,,,,
154b1191-d7f4-4207-a5f0-3fdde8ee5cdc,,,,,,,,,,,,,,,,,,,,,,,,,,,,,,,,,,,,,,,
15527ca6-d255-4374-a123-1a3a8acbb930,,,,,,,,,,,,,,,,,,,,,,,,,,,,,,,,,,,,,,,
155731e5-44af-47b9-be25-2532281ab369,,,,,,,,,,,,,,,,,,,,,,,,,,,,,,,,,,,,,,,
1559976a-b670-4173-a86a-edb69f26d294,,,,,,,,,,,,,,,,,,,,,,,,,,,,,,,,,,,,,,,
1562e159-d672-4eb4-a269-b063cbadbc61,,,,,,,,,,,,,,,,,,,,,,,,,,,,,,,,,,,,,,,
156559bd-b2a8-42cf-9013-43975a78109f,,,,,,,,,,,,,,,,,,,,,,,,,,,,,,,,,,,,,,,
156ece94-1d0b-4d41-9315-7580e897c189,,,,,,,,,,,,,,,,,,,,,,,,,,,,,,,,,,,,,,,
156f50ed-5f7d-4ea0-a894-0c43d6dfd423,,,,,,,,,,,,,,,,,,,,,,,,,,,,,,,,,,,,,,,
1572d859-7d40-4342-96ea-b53e32097ace,,,,,,,,,,,,,,,,,,,,,,,,,,,,,,,,,,,,,,,
157532b3-83de-4bb8-b653-856ae71005d9,,,,,,,,,,,,,,,,,,,,,,,,,,,,,,,,,,,,,,,
1577c9f0-a760-4970-84b3-9bc4d4ec15f3,,,,,,,,,,,,,,,,,,,,,,,,,,,,,,,,,,,,,,,
157de06b-e951-4bbd-9750-2693e82d5fcd,,,,,,,,,,,,,,,,,,,,,,,,,,,,,,,,,,,,,,,
1585447d-2056-4b48-a2a4-b4e55e00ecb0,,,,,,,,,,,,,,,,,,,,,,,,,,,,,,,,,,,,,,,
1586423f-125a-4369-a071-01ad0022137c,,,,,,,,,,,,,,,,,,,,,,,,,,,,,,,,,,,,,,,
15881855-3695-40a5-9213-5fc045577634,,,,,,,,,,,,,,,,,,,,,,,,,,,,,,,,,,,,,,,
158966b7-c8e5-43af-887f-4c7fbbd5358b,,,,,,,,,,,,,,,,,,,,,,,,,,,,,,,,,,,,,,,
15968dd0-d72c-4e98-9db9-338850ab12f4,,,,,,,,,,,,,,,,,,,,,,,,,,,,,,,,,,,,,,,
159b8ff0-007f-41cc-965a-cc68d231919a,,,,,,,,,,,,,,,,,,,,,,,,,,,,,,,,,,,,,,,
15a68973-f4bd-42fe-ad1d-d508fd0c6af0,,,,,,,,,,,,,,,,,,,,,,,,,,,,,,,,,,,,,,,
15ae5d25-b167-427e-9001-168d309e5235,,,,,,,,,,,,,,,,,,,,,,,,,,,,,,,,,,,,,,,
15b401b5-b21c-459c-b3ed-4f98f03167a4,,,,,,,,,,,,,,,,,,,,,,,,,,,,,,,,,,,,,,,
15c0b75b-00ab-4ca6-be18-053d2d53e226,,,,,,,,,,,,,,,,,,,,,,,,,,,,,,,,,,,,,,,
15c5059d-55cb-4eb9-a90d-5ea4adc35006,,,,,,,,,,,,,,,,,,,,,,,,,,,,,,,,,,,,,,,
15c8b116-f213-430d-a7ae-ed9cd145207c,,,,,,,,,,,,,,,,,,,,,,,,,,,,,,,,,,,,,,,
15ccc2b7-a08c-40fe-a49d-a8b9664b0398,,,,,,,,,,,,,,,,,,,,,,,,,,,,,,,,,,,,,,,
15cd30be-f3fe-4d77-bf84-74824653682b,,,,,,,,,,,,,,,,,,,,,,,,,,,,,,,,,,,,,,,
15e8ca73-3794-4734-8a8d-e567dbff970a,,,,,,,,,,,,,,,,,,,,,,,,,,,,,,,,,,,,,,,
15ecfc6a-a350-445e-bb95-e68c34e628f7,,,,,,,,,,,,,,,,,,,,,,,,,,,,,,,,,,,,,,,
15f8f8f0-1592-4cb3-8e51-8a177dfd8357,,,,,,,,,,,,,,,,,,,,,,,,,,,,,,,,,,,,,,,
1601f217-6ead-49bc-bde9-7b7630e8fd64,,,,,,,,,,,,,,,,,,,,,,,,,,,,,,,,,,,,,,,
16088a64-9501-4585-96a1-d7ebff23d912,,,,,,,,,,,,,,,,,,,,,,,,,,,,,,,,,,,,,,,
1617d571-a9ad-4346-bac4-1e21cbe6c14e,,,,,,,,,,,,,,,,,,,,,,,,,,,,,,,,,,,,,,,
1619c271-6256-4138-8d15-b014df9b3df5,verizon,1.0,1.0,,,,,,,,,,,,,,,,,,,,,,,,,,,,,,,,,,,,
163005a9-970a-4522-aa60-a8fd5d1b3a0e,,,,,,,,,,,,,,,,,,,,,,,,,,,,,,,,,,,,,,,
1639dd67-6edc-4ac3-93f7-c0cada65e146,,,,,,,,,,,,,,,,,,,,,,,,,,,,,,,,,,,,,,,
163b53b2-0e23-4880-ba3a-f59b9d62570a,,,,,,,,,,,,,,,,,,,,,,,,,,,,,,,,,,,,,,,
1643a8f7-5dbf-4b43-bbae-57a98c00ab04,,,,,,,,,,,,,,,,,,,,,,,,,,,,,,,,,,,,,,,
1655a82d-6dbe-4560-8123-4781c3be47ff,,,,,,,,,,,,,,,,,,,,,,,,,,,,,,,,,,,,,,,
1666eee3-df5c-4e59-bf0d-e5e1aa054cc9,,,,,,,,,,,,,,,,,,,,,,,,,,,,,,,,,,,,,,,
166855e0-ea37-47e0-9f6f-be17c0b633e9,,,,,,,,,,,,,,,,,,,,,,,,,,,,,,,,,,,,,,,
166f3219-3f9c-45be-b48d-18ff5e5deee9,alibaba,1.0,1.0,,,,,,,,,,,,,,,,,,,,,,,,,,,,,,,,,,,,
16779608-0417-4ac3-b80f-7ae85d328a03,,,,,,,,,,,,,,,,,,,,,,,,,,,,,,,,,,,,,,,
167d1687-c784-4af0-afe8-459369b5bc3f,,,,,,,,,,,,,,,,,,,,,,,,,,,,,,,,,,,,,,,
167fa6b1-35c6-4dbf-8154-fbdf7ad63c13,,,,,,,,,,,,,,,,,,,,,,,,,,,,,,,,,,,,,,,
168733e7-4371-4e75-b336-27022eefe2d9,,,,,,,,,,,,,,,,,,,,,,,,,,,,,,,,,,,,,,,
16894378-7858-4880-9807-156ec9205098,,,,,,,,,,,,,,,,,,,,,,,,,,,,,,,,,,,,,,,
168f9e40-46ab-40ad-8d58-204c66767f4f,,,,,,,,,,,,,,,,,,,,,,,,,,,,,,,,,,,,,,,
16989f51-9279-4b49-a088-91b27f4f6726,,,,,,,,,,,,,,,,,,,,,,,,,,,,,,,,,,,,,,,
169ae09c-dc8a-4b77-8678-a151413b1d92,,,,,,,,,,,,,,,,,,,,,,,,,,,,,,,,,,,,,,,
16af0f9d-5865-49d6-b3ad-69e3665efdab,,,,,,,,,,,,,,,,,,,,,,,,,,,,,,,,,,,,,,,
16b227f9-21d7-43a0-ab13-ae479a6af65d,,,,,,,,,,,,,,,,,,,,,,,,,,,,,,,,,,,,,,,
16b286ac-467d-413e-88a1-c8cca8396b92,,,,,,,,,,,,,,,,,,,,,,,,,,,,,,,,,,,,,,,
16b2aa72-5087-47f1-8039-aa5a5888392c,,,,,,,,,,,,,,,,,,,,,,,,,,,,,,,,,,,,,,,
16bb8956-a8c1-4e67-8d5d-9e1421abaee6,,,,,,,,,,,,,,,,,,,,,,,,,,,,,,,,,,,,,,,
16bd4a7f-057e-4fcd-90e6-08822152793c,,,,,,,,,,,,,,,,,,,,,,,,,,,,,,,,,,,,,,,
16c4dde3-ad12-4183-b474-62f91c4833ae,,,,,,,,,,,,,,,,,,,,,,,,,,,,,,,,,,,,,,,
16c85f46-1ccc-42bc-8219-f9b614ed167b,,,,,,,,,,,,,,,,,,,,,,,,,,,,,,,,,,,,,,,
16c8b6ed-29e4-44f6-97eb-faa0db7a0e33,,,,,,,,,,,,,,,,,,,,,,,,,,,,,,,,,,,,,,,
16cd06d7-5347-48d6-8877-7c5b9ee5c3bf,,,,,,,,,,,,,,,,,,,,,,,,,,,,,,,,,,,,,,,
16cd3399-6f97-4e23-9c2c-f5e74851dcc4,,,,,,,,,,,,,,,,,,,,,,,,,,,,,,,,,,,,,,,
16cf5529-744b-42e3-a667-090a0abbcbf4,,,,,,,,,,,,,,,,,,,,,,,,,,,,,,,,,,,,,,,
16cff0dd-3b2f-4741-9ef2-c3a10b64009d,,,,,,,,,,,,,,,,,,,,,,,,,,,,,,,,,,,,,,,
16d1f5ec-47af-41ed-b608-87facb7f2b51,,,,,,,,,,,,,,,,,,,,,,,,,,,,,,,,,,,,,,,
170a72bf-d955-4741-af80-21e7968fe12d,,,,,,,,,,,,,,,,,,,,,,,,,,,,,,,,,,,,,,,
170f9d12-80fb-481a-9102-53d163e8e1e8,,,,,,,,,,,,,,,,,,,,,,,,,,,,,,,,,,,,,,,
17283bef-35cd-46c1-9978-36c84ace8100,wikimedia_foundation,1.0,1.0,,,,,,,,,,,,,,,,,,,,,,,,,,,,,,,,,,,,
1729c743-4d11-42a1-bd72-7c274a14628b,,,,,,,,,,,,,,,,,,,,,,,,,,,,,,,,,,,,,,,
172ead51-5ffd-4115-ad15-f42dffe6078f,,,,,,,,,,,,,,,,,,,,,,,,,,,,,,,,,,,,,,,
17318ff2-7641-4a27-9437-415e74bcb447,,,,,,,,,,,,,,,,,,,,,,,,,,,,,,,,,,,,,,,
1731fd81-286f-48c3-b604-676893444f30,,,,,,,,,,,,,,,,,,,,,,,,,,,,,,,,,,,,,,,
173c9ffb-8aef-419c-bf20-43f2d7d0d577,,,,,,,,,,,,,,,,,,,,,,,,,,,,,,,,,,,,,,,
17455dba-4ca3-445e-bd98-0823eecf4a1d,,,,,,,,,,,,,,,,,,,,,,,,,,,,,,,,,,,,,,,
1746df6e-af3b-4e0b-bd22-b8a074634a2e,,,,,,,,,,,,,,,,,,,,,,,,,,,,,,,,,,,,,,,
1747f66c-dae3-42f4-b527-e4ffdd1391a8,,,,,,,,,,,,,,,,,,,,,,,,,,,,,,,,,,,,,,,
1748d372-d437-42cc-a7d2-bb887dd23b7e,,,,,,,,,,,,,,,,,,,,,,,,,,,,,,,,,,,,,,,
174bfd47-efa3-4728-966f-5a0765b214ea,,,,,,,,,,,,,,,,,,,,,,,,,,,,,,,,,,,,,,,
174f458e-e6ea-424f-b8eb-b6a0c35839f4,,,,,,,,,,,,,,,,,,,,,,,,,,,,,,,,,,,,,,,
17531a88-5896-43d2-b5e5-f80d0318154f,,,,,,,,,,,,,,,,,,,,,,,,,,,,,,,,,,,,,,,
1759e729-44e0-4bf8-861b-2ffe0f359505,,,,,,,,,,,,,,,,,,,,,,,,,,,,,,,,,,,,,,,
175e6ce4-80d9-4370-a239-c8ed915807cb,gainsight,1.0,1.0,,,,,,,,,,,,,,,,,,,,,,,,,,,,,,,,,,,,
175f4bc8-f735-4fe0-a83b-2b7446951845,,,,,,,,,,,,,,,,,,,,,,,,,,,,,,,,,,,,,,,
1762c822-6646-45f2-aeb7-6e58c1501559,,,,,,,,,,,,,,,,,,,,,,,,,,,,,,,,,,,,,,,
17633d07-d761-4d88-beaf-825596561f30,,,,,,,,,,,,,,,,,,,,,,,,,,,,,,,,,,,,,,,
17672a83-65be-49a5-9b46-bf1f0d105aed,,,,,,,,,,,,,,,,,,,,,,,,,,,,,,,,,,,,,,,
1767d0f8-09d4-46dd-8d88-14218d1f5175,,,,,,,,,,,,,,,,,,,,,,,,,,,,,,,,,,,,,,,
176b0017-cfe6-4075-b9ae-6ba8c4645c3f,,,,,,,,,,,,,,,,,,,,,,,,,,,,,,,,,,,,,,,
176e2a68-7f82-4cba-b792-a36a1f8a71e2,shopify,1.0,1.0,,,,,,,,,,,,,,,,,,,,,,,,,,,,,,,,,,,,
176e539d-e4c1-4354-95bf-2dd06cb32b84,,,,,,,,,,,,,,,,,,,,,,,,,,,,,,,,,,,,,,,
1775d22e-18ae-412a-b19a-41ab1ab82bd3,,,,,,,,,,,,,,,,,,,,,,,,,,,,,,,,,,,,,,,
1778982f-91bd-4481-a184-7ec63c085486,,,,,,,,,,,,,,,,,,,,,,,,,,,,,,,,,,,,,,,
1780e56d-0cd9-4004-938d-f9de5c7b9ea0,,,,,,,,,,,,,,,,,,,,,,,,,,,,,,,,,,,,,,,
178263e0-1cb3-4e3a-9eb7-d93e02128430,sape,1.0,1.0,,,,,,,,,,,,,,,,,,,,,,,,,,,,,,,,,,,,
17854d91-3757-4cef-822b-3d705dce078b,,,,,,,,,,,,,,,,,,,,,,,,,,,,,,,,,,,,,,,
178688bb-fc22-4987-812a-72a63194f38a,,,,,,,,,,,,,,,,,,,,,,,,,,,,,,,,,,,,,,,
179247cc-423c-4876-9512-4548156709df,,,,,,,,,,,,,,,,,,,,,,,,,,,,,,,,,,,,,,,
17aed5c1-4aaf-4d0a-a1fc-c25ddc14f596,,,,,,,,,,,,,,,,,,,,,,,,,,,,,,,,,,,,,,,
17b03b33-2851-4bcf-b965-fb6a33a89481,,,,,,,,,,,,,,,,,,,,,,,,,,,,,,,,,,,,,,,
17b60c37-955d-42f6-a082-c9cdf3715166,,,,,,,,,,,,,,,,,,,,,,,,,,,,,,,,,,,,,,,
17bc17ec-de0d-44ed-957a-c5ab0795738f,,,,,,,,,,,,,,,,,,,,,,,,,,,,,,,,,,,,,,,
17c0a21d-177e-4ec3-a928-6fbc1226afc4,,,,,,,,,,,,,,,,,,,,,,,,,,,,,,,,,,,,,,,
17cab175-927a-44ac-8e86-47264b256fb9,,,,,,,,,,,,,,,,,,,,,,,,,,,,,,,,,,,,,,,
17d0a056-3738-41a4-be73-6868afe71c99,,,,,,,,,,,,,,,,,,,,,,,,,,,,,,,,,,,,,,,
17d325b0-eded-4e10-ae08-8181ae94e672,,,,,,,,,,,,,,,,,,,,,,,,,,,,,,,,,,,,,,,
17d52c07-c203-47ed-bb57-ca0d408777c3,naver,1.0,1.0,,,,,,,,,,,,,,,,,,,,,,,,,,,,,,,,,,,,
17d5c6d1-21e5-4e4f-91d9-d17ab945007d,,,,,,,,,,,,,,,,,,,,,,,,,,,,,,,,,,,,,,,
17dd6173-5646-492c-b3c9-537ac0fcee28,microsoft,1.0,1.0,,,,,,,,,,,,,,,,,,,,,,,,,,,,,,,,,,,,
17de85dc-5f93-4661-a256-6d64bdedbc66,,,,,,,,,,,,,,,,,,,,,,,,,,,,,,,,,,,,,,,
17e0b2b0-c6aa-4841-a469-38869e21f0aa,,,,,,,,,,,,,,,,,,,,,,,,,,,,,,,,,,,,,,,
17e302b5-6b84-4d0d-bd9a-6f5ed30d654d,,,,,,,,,,,,,,,,,,,,,,,,,,,,,,,,,,,,,,,
17ec1988-ab32-4edf-ba41-50d107b54921,,,,,,,,,,,,,,,,,,,,,,,,,,,,,,,,,,,,,,,
17f3a5db-98a4-492b-bcdf-bed054ace074,,,,,,,,,,,,,,,,,,,,,,,,,,,,,,,,,,,,,,,
17f3e218-3559-4641-9659-e8becbdb760b,,,,,,,,,,,,,,,,,,,,,,,,,,,,,,,,,,,,,,,
17ffaf10-7808-40e5-97ad-f69194def530,,,,,,,,,,,,,,,,,,,,,,,,,,,,,,,,,,,,,,,
17ffeb8a-ea82-4668-a8d5-9c97282557c5,,,,,,,,,,,,,,,,,,,,,,,,,,,,,,,,,,,,,,,
1802c8d2-ff65-4606-93c4-aae3d2ea5c5d,,,,,,,,,,,,,,,,,,,,,,,,,,,,,,,,,,,,,,,
1807f5d4-a697-441a-9e73-4d3a3b4bbcc0,,,,,,,,,,,,,,,,,,,,,,,,,,,,,,,,,,,,,,,
18083989-5f71-49d2-a5da-0a4dec00ee7e,,,,,,,,,,,,,,,,,,,,,,,,,,,,,,,,,,,,,,,
180c5920-9f03-4e89-a550-57f7536e33de,,,,,,,,,,,,,,,,,,,,,,,,,,,,,,,,,,,,,,,
180ceae8-8f52-4428-9f8c-abbb061cc2db,disney,1.0,1.0,,,,,,,,,,,,,,,,,,,,,,,,,,,,,,,,,,,,
180d3ea2-ef7d-45b5-a82c-a59e272d2fe8,,,,,,,,,,,,,,,,,,,,,,,,,,,,,,,,,,,,,,,
1812ffa6-0d30-404b-82aa-766a40cc5c23,,,,,,,,,,,,,,,,,,,,,,,,,,,,,,,,,,,,,,,
18213650-65b2-4899-8ca8-9d3c1e19cecb,microsoft,1.0,1.0,,,,,,,,,,,,,,,,,,,,,,,,,,,,,,,,,,,,
182526b7-9a66-457d-93fd-e237797ae289,,,,,,,,,,,,,,,,,,,,,,,,,,,,,,,,,,,,,,,
18299416-4bd1-4b8e-860f-471d19c0e9d6,,,,,,,,,,,,,,,,,,,,,,,,,,,,,,,,,,,,,,,
182ea686-ed8f-42f9-ae94-b46c406beed3,apple,1.0,1.0,,,,,,,,,,,,,,,,,,,,,,,,,,,,,,,,,,,,
1835b5c5-dec5-4378-87c4-68b4665ce932,,,,,,,,,,,,,,,,,,,,,,,,,,,,,,,,,,,,,,,
183f1c37-db9c-4ef2-b7c4-14a21a13dc24,,,,,,,,,,,,,,,,,,,,,,,,,,,,,,,,,,,,,,,
184311fe-7f98-476c-b8ca-877cb694372e,,,,,,,,,,,,,,,,,,,,,,,,,,,,,,,,,,,,,,,
1857b530-4079-4113-8c93-e24fbc5d2612,,,,,,,,,,,,,,,,,,,,,,,,,,,,,,,,,,,,,,,
1858ee1d-f95a-4a18-855e-ba14970e170b,microsoft,1.0,1.0,,,,,,,,,,,,,,,,,,,,,,,,,,,,,,,,,,,,
18648186-3c4b-4ffa-a8a9-3e19a7648093,,,,,,,,,,,,,,,,,,,,,,,,,,,,,,,,,,,,,,,
188173d2-6111-4c6e-989c-b16dadb779a8,,,,,,,,,,,,,,,,,,,,,,,,,,,,,,,,,,,,,,,
1882e5a4-f258-460a-90cf-a542fc005e52,,,,,,,,,,,,,,,,,,,,,,,,,,,,,,,,,,,,,,,
188abbf7-cc7d-4a5d-a33a-ca8a374437c0,,,,,,,,,,,,,,,,,,,,,,,,,,,,,,,,,,,,,,,
189b83f2-cc51-4f4d-b869-8883a071a25a,,,,,,,,,,,,,,,,,,,,,,,,,,,,,,,,,,,,,,,
189ce474-998f-4cf8-869b-894ee7b0d0c6,,,,,,,,,,,,,,,,,,,,,,,,,,,,,,,,,,,,,,,
189f7224-0f88-43c1-94bd-ed164309bbfe,,,,,,,,,,,,,,,,,,,,,,,,,,,,,,,,,,,,,,,
18a0cae8-e664-48bf-b975-ef2b9d1e430a,,,,,,,,,,,,,,,,,,,,,,,,,,,,,,,,,,,,,,,
18a51c1a-af74-4f64-a814-7af88285f338,,,,,,,,,,,,,,,,,,,,,,,,,,,,,,,,,,,,,,,
18a9a15f-8263-480a-9f3a-51c16a8d8d02,,,,,,,,,,,,,,,,,,,,,,,,,,,,,,,,,,,,,,,
18b4ed26-47cd-48b4-9a47-c7b0bc82496c,,,,,,,,,,,,,,,,,,,,,,,,,,,,,,,,,,,,,,,
18b4faa9-30ec-49d3-920a-0a33b601cd04,,,,,,,,,,,,,,,,,,,,,,,,,,,,,,,,,,,,,,,
18b95cb2-0082-4b65-92f9-a7fe6f62f415,,,,,,,,,,,,,,,,,,,,,,,,,,,,,,,,,,,,,,,
18bb1369-998c-48f4-b7da-a027ebfa881b,,,,,,,,,,,,,,,,,,,,,,,,,,,,,,,,,,,,,,,
18bf5d05-237c-4ea0-acab-e0a647668706,,,,,,,,,,,,,,,,,,,,,,,,,,,,,,,,,,,,,,,
18c03e83-e6e1-46c4-9363-80fc1fa9ddcb,,,,,,,,,,,,,,,,,,,,,,,,,,,,,,,,,,,,,,,
18c341a0-bde7-4c1c-9450-3ec632eda2a1,,,,,,,,,,,,,,,,,,,,,,,,,,,,,,,,,,,,,,,
18d20a61-f174-45a1-ad22-fcd386b01783,,,,,,,,,,,,,,,,,,,,,,,,,,,,,,,,,,,,,,,
18d92a2a-fb8c-4b5a-be06-eadede1a7295,,,,,,,,,,,,,,,,,,,,,,,,,,,,,,,,,,,,,,,
18df504e-7d06-434a-8ed0-a4cdd425c5a6,experian_inc,1.0,1.0,,,,,,,,,,,,,,,,,,,,,,,,,,,,,,,,,,,,
18e11731-5b78-4d96-949c-0f4551aa0b05,dtscout,1.0,1.0,,,,,,,,,,,,,,,,,,,,,,,,,,,,,,,,,,,,
18e49053-0ae8-4b8a-9906-4d1a870ccea9,microsoft,1.0,1.0,,,,,,,,,,,,,,,,,,,,,,,,,,,,,,,,,,,,
18e6f359-f309-4a60-a0bb-6d11049e7031,baidu,1.0,1.0,,,,,,,,,,,,,,,,,,,,,,,,,,,,,,,,,,,,
18ea8e82-6f97-4448-8686-ceb1d359ae29,,,,,,,,,,,,,,,,,,,,,,,,,,,,,,,,,,,,,,,
18f0c6fd-d61c-4f5d-896e-5a709b44fac6,,,,,,,,,,,,,,,,,,,,,,,,,,,,,,,,,,,,,,,
18f90023-e62f-41a3-83ba-e5a91a5d797a,,,,,,,,,,,,,,,,,,,,,,,,,,,,,,,,,,,,,,,
18f9ce9b-d491-4913-b2bd-7565c419403e,,,,,,,,,,,,,,,,,,,,,,,,,,,,,,,,,,,,,,,
18fbc4e8-adc3-4ace-8cb6-f13b9bf552b5,,,,,,,,,,,,,,,,,,,,,,,,,,,,,,,,,,,,,,,
18fc5081-e761-40ca-975f-62038a57bec2,,,,,,,,,,,,,,,,,,,,,,,,,,,,,,,,,,,,,,,
1906f622-e9df-4498-b64b-d2b7cf13163e,,,,,,,,,,,,,,,,,,,,,,,,,,,,,,,,,,,,,,,
1906f88a-7742-4e76-ad58-4e21cdcfbe51,,,,,,,,,,,,,,,,,,,,,,,,,,,,,,,,,,,,,,,
1909f15e-9a8f-4f82-beb5-b44e0ac66144,,,,,,,,,,,,,,,,,,,,,,,,,,,,,,,,,,,,,,,
190fd04f-fe32-4924-a7ae-5cf3ee65a2af,,,,,,,,,,,,,,,,,,,,,,,,,,,,,,,,,,,,,,,
1912747e-da78-4b46-aa8c-ee9993c1472c,digicert,1.0,1.0,,,,,,,,,,,,,,,,,,,,,,,,,,,,,,,,,,,,
191d1c9b-8c37-4c2c-bc56-5caee0f576a5,,,,,,,,,,,,,,,,,,,,,,,,,,,,,,,,,,,,,,,
192213b6-0094-4314-b1bc-b3445743f154,,,,,,,,,,,,,,,,,,,,,,,,,,,,,,,,,,,,,,,
1927f23f-b25b-4423-a578-f37752a1a277,,,,,,,,,,,,,,,,,,,,,,,,,,,,,,,,,,,,,,,
19288d6e-2558-4bc2-a570-d822f0b169ae,,,,,,,,,,,,,,,,,,,,,,,,,,,,,,,,,,,,,,,
192a8f8c-2038-4cf0-9d5f-fcab720b9106,,,,,,,,,,,,,,,,,,,,,,,,,,,,,,,,,,,,,,,
192cbdd7-af1e-40dd-8afa-502f81745798,,,,,,,,,,,,,,,,,,,,,,,,,,,,,,,,,,,,,,,
192fccaa-f5ae-46f1-8413-ab81d5af8fb6,,,,,,,,,,,,,,,,,,,,,,,,,,,,,,,,,,,,,,,
193d0389-62be-4d25-983c-187583c40808,,,,,,,,,,,,,,,,,,,,,,,,,,,,,,,,,,,,,,,
19411274-df1e-426f-873b-fc9f260992a3,,,,,,,,,,,,,,,,,,,,,,,,,,,,,,,,,,,,,,,
19479cd6-4842-4e16-98a1-bd1ecae43d9e,,,,,,,,,,,,,,,,,,,,,,,,,,,,,,,,,,,,,,,
1947fdf3-db4b-45e7-b052-085d56a982ba,,,,,,,,,,,,,,,,,,,,,,,,,,,,,,,,,,,,,,,
194cee2e-1ed7-40c2-af6e-e5da573c8b96,,,,,,,,,,,,,,,,,,,,,,,,,,,,,,,,,,,,,,,
194d84a8-7cf1-4830-a6b1-88958884a053,,,,,,,,,,,,,,,,,,,,,,,,,,,,,,,,,,,,,,,
19504779-ea70-45b2-a7c0-f74ee65be55a,,,,,,,,,,,,,,,,,,,,,,,,,,,,,,,,,,,,,,,
19510250-21b7-43b8-9d69-854859f9c1f0,,,,,,,,,,,,,,,,,,,,,,,,,,,,,,,,,,,,,,,
1952ec1d-45f6-4de7-b35e-fde0dc100460,,,,,,,,,,,,,,,,,,,,,,,,,,,,,,,,,,,,,,,
196c81ee-51ff-43af-acb8-bdddf2fd236b,,,,,,,,,,,,,,,,,,,,,,,,,,,,,,,,,,,,,,,
196d11b6-f5f5-4771-9855-ec1b1ac6760d,,,,,,,,,,,,,,,,,,,,,,,,,,,,,,,,,,,,,,,
196f2e2c-3cfc-48d6-80db-44b01f94b3e3,,,,,,,,,,,,,,,,,,,,,,,,,,,,,,,,,,,,,,,
19763b6e-de42-41a3-b2d8-f77c5addef69,,,,,,,,,,,,,,,,,,,,,,,,,,,,,,,,,,,,,,,
1982a795-1521-425d-8e09-240222eea0ad,,,,,,,,,,,,,,,,,,,,,,,,,,,,,,,,,,,,,,,
198a8bec-7200-47c2-b205-b16b5309e97c,bigcommerce,1.0,1.0,,,,,,,,,,,,,,,,,,,,,,,,,,,,,,,,,,,,
19927992-b045-444f-8c13-09c697838ebd,,,,,,,,,,,,,,,,,,,,,,,,,,,,,,,,,,,,,,,
19964d51-5da0-497a-80df-72fd2c73b8e0,,,,,,,,,,,,,,,,,,,,,,,,,,,,,,,,,,,,,,,
1998d5c5-bed2-4bdc-bfa5-d3c553a7a79f,,,,,,,,,,,,,,,,,,,,,,,,,,,,,,,,,,,,,,,
199b62b9-6cb1-49a1-b71d-d3241df7da45,,,,,,,,,,,,,,,,,,,,,,,,,,,,,,,,,,,,,,,
199c48b7-c11c-44bb-ae27-18b992059088,rakuten,1.0,1.0,,,,,,,,,,,,,,,,,,,,,,,,,,,,,,,,,,,,
199d779a-fd80-410b-9237-c71124ccbd5f,mailerlite,1.0,1.0,,,,,,,,,,,,,,,,,,,,,,,,,,,,,,,,,,,,
19ac1b58-e7cf-48d8-9fec-cf68b9740255,,,,,,,,,,,,,,,,,,,,,,,,,,,,,,,,,,,,,,,
19ac8ddb-7abb-40cb-bd54-6b8ed16c196f,,,,,,,,,,,,,,,,,,,,,,,,,,,,,,,,,,,,,,,
19c31a1c-9869-4c97-934c-35caea0d6f4a,,,,,,,,,,,,,,,,,,,,,,,,,,,,,,,,,,,,,,,
19c7fe9f-e24d-4041-949e-ee595e4149e1,,,,,,,,,,,,,,,,,,,,,,,,,,,,,,,,,,,,,,,
19c881fd-92e2-4f5c-98cc-6deab46ef37f,algolia,1.0,1.0,,,,,,,,,,,,,,,,,,,,,,,,,,,,,,,,,,,,
19c8b404-d1ef-426f-b2f0-3aa3f6868301,,,,,,,,,,,,,,,,,,,,,,,,,,,,,,,,,,,,,,,
19c8d85a-82a6-4ba9-87ff-d7ded11915f9,,,,,,,,,,,,,,,,,,,,,,,,,,,,,,,,,,,,,,,
19cf35fb-c8b5-4897-997f-9775e55bde3d,apple,1.0,1.0,,,,,,,,,,,,,,,,,,,,,,,,,,,,,,,,,,,,
19d203c0-86aa-4705-8022-9e7e9c39fad3,,,,,,,,,,,,,,,,,,,,,,,,,,,,,,,,,,,,,,,
19d9bc90-2023-44cf-938a-b8340bd101b0,,,,,,,,,,,,,,,,,,,,,,,,,,,,,,,,,,,,,,,
19e84b61-7823-4bc2-8660-fe57130ff6f2,ibm,1.0,1.0,,,,,,,,,,,,,,,,,,,,,,,,,,,,,,,,,,,,
19ec22dd-5124-43e0-82c5-630ba95011c1,,,,,,,,,,,,,,,,,,,,,,,,,,,,,,,,,,,,,,,
19eced39-d009-4af7-8790-f4888ceaae7c,,,,,,,,,,,,,,,,,,,,,,,,,,,,,,,,,,,,,,,
19f69c44-21df-420b-a645-0b895d6b1222,,,,,,,,,,,,,,,,,,,,,,,,,,,,,,,,,,,,,,,
19f71805-7295-4aad-b003-6a72ed7fb9ae,,,,,,,,,,,,,,,,,,,,,,,,,,,,,,,,,,,,,,,
19f7c344-6ba2-4fb6-a64e-0d1867b631b7,,,,,,,,,,,,,,,,,,,,,,,,,,,,,,,,,,,,,,,
19fbd4e5-ecb7-459b-add6-d47efd371c99,,,,,,,,,,,,,,,,,,,,,,,,,,,,,,,,,,,,,,,
19fcd49f-fccb-4dfd-b731-c9e41e0b9ea9,,,,,,,,,,,,,,,,,,,,,,,,,,,,,,,,,,,,,,,
19ff506e-302b-4248-b6de-af3499f66f11,,,,,,,,,,,,,,,,,,,,,,,,,,,,,,,,,,,,,,,
1a02feed-341e-4de2-8ec3-7b187a21d474,,,,,,,,,,,,,,,,,,,,,,,,,,,,,,,,,,,,,,,
1a055e7a-9f24-491d-9608-d60ff29c92fb,,,,,,,,,,,,,,,,,,,,,,,,,,,,,,,,,,,,,,,
1a0a0734-f1e5-43d5-84d0-8807b71ce865,,,,,,,,,,,,,,,,,,,,,,,,,,,,,,,,,,,,,,,
1a181d16-db5a-48fb-9a1b-db93023addf9,,,,,,,,,,,,,,,,,,,,,,,,,,,,,,,,,,,,,,,
1a2178d3-c2fa-4efa-ac64-7e59f85ba748,,,,,,,,,,,,,,,,,,,,,,,,,,,,,,,,,,,,,,,
1a2a6f28-754d-4e48-a41f-7976578a739d,,,,,,,,,,,,,,,,,,,,,,,,,,,,,,,,,,,,,,,
1a2da584-322c-48bf-9b41-174586de38fd,,,,,,,,,,,,,,,,,,,,,,,,,,,,,,,,,,,,,,,
1a31a059-2fca-4aa0-89c0-8f3c45a138eb,wikimedia_foundation,1.0,1.0,,,,,,,,,,,,,,,,,,,,,,,,,,,,,,,,,,,,
1a3c5e28-e44b-418d-91b0-ed5d49d5b81b,,,,,,,,,,,,,,,,,,,,,,,,,,,,,,,,,,,,,,,
1a404ce9-68f5-49b6-9175-47b4062ceefe,mntn,1.0,1.0,,,,,,,,,,,,,,,,,,,,,,,,,,,,,,,,,,,,
1a464aca-e1b5-489f-bf1c-09134f2ade96,,,,,,,,,,,,,,,,,,,,,,,,,,,,,,,,,,,,,,,
1a4fa965-683e-4a28-b9fb-3dc3a59a4408,dynatrace,1.0,1.0,,,,,,,,,,,,,,,,,,,,,,,,,,,,,,,,,,,,
1a5520ed-5fa1-4285-a194-88a5b2562c0f,,,,,,,,,,,,,,,,,,,,,,,,,,,,,,,,,,,,,,,
1a590640-7e8d-47ec-bd65-010d88867aeb,taboola,1.0,1.0,,,,,,,,,,,,,,,,,,,,,,,,,,,,,,,,,,,,
1a6332d3-b839-4bb0-af46-79ef0538a070,,,,,,,,,,,,,,,,,,,,,,,,,,,,,,,,,,,,,,,
1a6c5548-c0f4-4cfc-9eac-af1692748b18,,,,,,,,,,,,,,,,,,,,,,,,,,,,,,,,,,,,,,,
1a6d6887-0e28-417d-9da4-f1692a349ab4,,,,,,,,,,,,,,,,,,,,,,,,,,,,,,,,,,,,,,,
1a6e0ebc-28cd-49d3-9f97-b3802aadfd60,,,,,,,,,,,,,,,,,,,,,,,,,,,,,,,,,,,,,,,
1a72d155-277c-46d4-91bd-68520e7a78e8,,,,,,,,,,,,,,,,,,,,,,,,,,,,,,,,,,,,,,,
1a7bb20c-07e4-445d-8354-88795c87e3f6,,,,,,,,,,,,,,,,,,,,,,,,,,,,,,,,,,,,,,,
1a822c90-be28-42c5-a47b-ba2ea99e0431,,,,,,,,,,,,,,,,,,,,,,,,,,,,,,,,,,,,,,,
1a857c43-895e-4bb2-93ac-1342f90cf1d0,,,,,,,,,,,,,,,,,,,,,,,,,,,,,,,,,,,,,,,
1a87ad80-b924-40b4-b32f-17588d1f012d,,,,,,,,,,,,,,,,,,,,,,,,,,,,,,,,,,,,,,,
1a92cf24-333d-4871-850e-92b9698d35f1,,,,,,,,,,,,,,,,,,,,,,,,,,,,,,,,,,,,,,,
1a96d2fb-fb30-4845-abab-05df0f465eea,,,,,,,,,,,,,,,,,,,,,,,,,,,,,,,,,,,,,,,
1a98f9ea-7315-4afc-88d0-83b065f6be80,,,,,,,,,,,,,,,,,,,,,,,,,,,,,,,,,,,,,,,
1aacdb9e-8306-4ec3-8ed0-fde8bcca58e5,,,,,,,,,,,,,,,,,,,,,,,,,,,,,,,,,,,,,,,
1ab339d4-5b13-43db-8aa3-79c36f0d84a4,,,,,,,,,,,,,,,,,,,,,,,,,,,,,,,,,,,,,,,
1ab44327-2b83-47a4-b2ee-abc4184d280f,,,,,,,,,,,,,,,,,,,,,,,,,,,,,,,,,,,,,,,
1abd65e3-896a-488a-b6d9-aee845d14415,,,,,,,,,,,,,,,,,,,,,,,,,,,,,,,,,,,,,,,
1ac13ea5-cdc7-4d11-bcaf-d0211dbb732f,,,,,,,,,,,,,,,,,,,,,,,,,,,,,,,,,,,,,,,
1ac2398a-7df2-48a3-9aae-76385843206c,,,,,,,,,,,,,,,,,,,,,,,,,,,,,,,,,,,,,,,
1ac49e4a-8226-46ef-8da7-dbcfbf0bfa6c,,,,,,,,,,,,,,,,,,,,,,,,,,,,,,,,,,,,,,,
1acb973e-b2e3-4baa-a3cc-31721c29abad,,,,,,,,,,,,,,,,,,,,,,,,,,,,,,,,,,,,,,,
1accab95-5804-4ad3-b38a-2cdf3b0e258d,,,,,,,,,,,,,,,,,,,,,,,,,,,,,,,,,,,,,,,
1acd6637-12cb-47dd-b9b4-364fda12b991,,,,,,,,,,,,,,,,,,,,,,,,,,,,,,,,,,,,,,,
1ad19a0b-5009-45ce-9f8b-157c17e4aeb0,,,,,,,,,,,,,,,,,,,,,,,,,,,,,,,,,,,,,,,
1adc50d1-4cf3-4813-81a6-7f1b0d6985ac,,,,,,,,,,,,,,,,,,,,,,,,,,,,,,,,,,,,,,,
1add8808-7dc5-43d9-9ae2-ae9a0ad5dfea,,,,,,,,,,,,,,,,,,,,,,,,,,,,,,,,,,,,,,,
1adf9704-7f15-419b-9ac0-458f58d977a7,,,,,,,,,,,,,,,,,,,,,,,,,,,,,,,,,,,,,,,
1ae3a8cc-f3ba-41ba-b979-2d19b2b56bee,,,,,,,,,,,,,,,,,,,,,,,,,,,,,,,,,,,,,,,
1ae3e411-a9af-4665-8c4e-c63f137bd849,,,,,,,,,,,,,,,,,,,,,,,,,,,,,,,,,,,,,,,
1ae47845-8c00-40a2-ac7e-f097863e8be7,,,,,,,,,,,,,,,,,,,,,,,,,,,,,,,,,,,,,,,
1ae63978-8016-4d41-9019-f953e4dbbd9d,,,,,,,,,,,,,,,,,,,,,,,,,,,,,,,,,,,,,,,
1ae8290a-f00c-4da2-8270-d7de472dbebb,,,,,,,,,,,,,,,,,,,,,,,,,,,,,,,,,,,,,,,
1aed0689-bef3-48e1-aa17-22061a5d6ebd,,,,,,,,,,,,,,,,,,,,,,,,,,,,,,,,,,,,,,,
1af0b49f-b243-4050-8060-a0a6c4da850c,,,,,,,,,,,,,,,,,,,,,,,,,,,,,,,,,,,,,,,
1af80911-3a68-49ae-afab-af47c010bfc3,,,,,,,,,,,,,,,,,,,,,,,,,,,,,,,,,,,,,,,
1af9fd99-5d1f-4b54-a8e6-daaf04b51fc3,,,,,,,,,,,,,,,,,,,,,,,,,,,,,,,,,,,,,,,
1b098ef8-d0b7-452c-a62f-c45b39d4d85d,,,,,,,,,,,,,,,,,,,,,,,,,,,,,,,,,,,,,,,
1b16f679-a4b8-43f1-b7af-70809882a91f,,,,,,,,,,,,,,,,,,,,,,,,,,,,,,,,,,,,,,,
1b18f064-aaf5-455e-b70f-20a4abb11a63,,,,,,,,,,,,,,,,,,,,,,,,,,,,,,,,,,,,,,,
1b19e741-405e-4796-87b7-0879388276ae,,,,,,,,,,,,,,,,,,,,,,,,,,,,,,,,,,,,,,,
1b1c8fc9-8990-4231-9142-eac7e6bf78e0,,,,,,,,,,,,,,,,,,,,,,,,,,,,,,,,,,,,,,,
1b1cf90a-ccb2-43e8-8c06-08e2dc813b33,,,,,,,,,,,,,,,,,,,,,,,,,,,,,,,,,,,,,,,
1b1f92ae-a25f-4a52-b0c5-8ca0328cda16,,,,,,,,,,,,,,,,,,,,,,,,,,,,,,,,,,,,,,,
1b24a2b6-5390-4351-a972-75d4ae50e185,,,,,,,,,,,,,,,,,,,,,,,,,,,,,,,,,,,,,,,
1b268d8e-4337-4c9e-b1dd-bbc91acf5a9a,,,,,,,,,,,,,,,,,,,,,,,,,,,,,,,,,,,,,,,
1b2e9ae2-27af-4658-b2c9-976a434eaa84,,,,,,,,,,,,,,,,,,,,,,,,,,,,,,,,,,,,,,,
1b2f16bf-4dbd-4b38-9bc4-e55d6f4a05b6,,,,,,,,,,,,,,,,,,,,,,,,,,,,,,,,,,,,,,,
1b45b3af-b8a7-4a99-a69e-2c82f030037a,,,,,,,,,,,,,,,,,,,,,,,,,,,,,,,,,,,,,,,
1b49bfdd-dea3-4f2e-9bda-8baf2129e58f,,,,,,,,,,,,,,,,,,,,,,,,,,,,,,,,,,,,,,,
1b4b0690-1524-4482-a574-93b6abf72c8c,,,,,,,,,,,,,,,,,,,,,,,,,,,,,,,,,,,,,,,
1b5cb47e-2abe-4d23-8ada-92a0e86f5e63,wp,1.0,1.0,,,,,,,,,,,,,,,,,,,,,,,,,,,,,,,,,,,,
1b5fe9ea-8d5c-4b99-a81c-eca2fd8fe213,,,,,,,,,,,,,,,,,,,,,,,,,,,,,,,,,,,,,,,
1b63552a-e3b9-423e-818e-befd646d2fde,yahoo_japan,1.0,1.0,,,,,,,,,,,,,,,,,,,,,,,,,,,,,,,,,,,,
1b637213-a4f2-48bd-9f7f-6f0e98033743,,,,,,,,,,,,,,,,,,,,,,,,,,,,,,,,,,,,,,,
1b6460fb-d625-4614-965b-8537fa7e2dd2,,,,,,,,,,,,,,,,,,,,,,,,,,,,,,,,,,,,,,,
1b64921c-7c5d-4f42-afb0-814f7594c125,,,,,,,,,,,,,,,,,,,,,,,,,,,,,,,,,,,,,,,
1b66c190-eb4e-4633-9e7a-19f58db3bfd7,,,,,,,,,,,,,,,,,,,,,,,,,,,,,,,,,,,,,,,
1b67bb8a-bfa2-4863-b919-f87b110a5409,,,,,,,,,,,,,,,,,,,,,,,,,,,,,,,,,,,,,,,
1b6a8d09-bae3-4b32-89c9-b9e2f77b40a1,,,,,,,,,,,,,,,,,,,,,,,,,,,,,,,,,,,,,,,
1b70c6c9-4245-482c-b60e-8c7c6eff8349,,,,,,,,,,,,,,,,,,,,,,,,,,,,,,,,,,,,,,,
1b76bf4e-afb4-4280-a308-280eb57b8349,monster_worldwide,1.0,1.0,,,,,,,,,,,,,,,,,,,,,,,,,,,,,,,,,,,,
1b771a55-e9b3-458e-b260-45ab140e6288,,,,,,,,,,,,,,,,,,,,,,,,,,,,,,,,,,,,,,,
1b787b6e-05a1-4356-aa02-02dbf8b4cbc6,,,,,,,,,,,,,,,,,,,,,,,,,,,,,,,,,,,,,,,
1b812fd6-995b-430c-900e-7f6c8b8541f9,digicert,1.0,1.0,,,,,,,,,,,,,,,,,,,,,,,,,,,,,,,,,,,,
1b8203ba-fa31-4d77-a291-a20fd0ff9a65,,,,,,,,,,,,,,,,,,,,,,,,,,,,,,,,,,,,,,,
1b89f2ba-917b-421c-b475-3b96848ba35f,,,,,,,,,,,,,,,,,,,,,,,,,,,,,,,,,,,,,,,
1b91efe6-cc79-4f54-9d10-c33e6ea6ffd2,,,,,,,,,,,,,,,,,,,,,,,,,,,,,,,,,,,,,,,
1b9725b4-278c-4612-989f-9494500fbc7e,,,,,,,,,,,,,,,,,,,,,,,,,,,,,,,,,,,,,,,
1ba43133-0928-4f36-800c-3e4538afbb33,,,,,,,,,,,,,,,,,,,,,,,,,,,,,,,,,,,,,,,
1ba57dbd-e61e-4bcd-91d7-e4e6b29d04e8,,,,,,,,,,,,,,,,,,,,,,,,,,,,,,,,,,,,,,,
1babf9c0-e8ff-47b5-bc19-4d4948a5a35c,,,,,,,,,,,,,,,,,,,,,,,,,,,,,,,,,,,,,,,
1bb246e8-5bb8-4a2b-9bac-f61942af8495,,,,,,,,,,,,,,,,,,,,,,,,,,,,,,,,,,,,,,,
1bb76e26-474b-4918-946f-1b825753b741,,,,,,,,,,,,,,,,,,,,,,,,,,,,,,,,,,,,,,,
1bdb5a96-451b-42c7-9150-3fdc417bf141,,,,,,,,,,,,,,,,,,,,,,,,,,,,,,,,,,,,,,,
1be12deb-06d2-4806-8a98-9d7b2b691c5c,,,,,,,,,,,,,,,,,,,,,,,,,,,,,,,,,,,,,,,
1be3ea16-3a79-4da3-93e1-754dc1c8e932,,,,,,,,,,,,,,,,,,,,,,,,,,,,,,,,,,,,,,,
1be7eb4b-399c-4327-a62a-c9de3045ed6c,,,,,,,,,,,,,,,,,,,,,,,,,,,,,,,,,,,,,,,
1bf31cd4-c63b-472c-b7c5-019f6e3bf93b,,,,,,,,,,,,,,,,,,,,,,,,,,,,,,,,,,,,,,,
1bfccf27-bb13-4513-85af-e53e5c23cb17,,,,,,,,,,,,,,,,,,,,,,,,,,,,,,,,,,,,,,,
1c07072d-17ef-41a6-8b0c-8a57ff67211c,,,,,,,,,,,,,,,,,,,,,,,,,,,,,,,,,,,,,,,
1c1c5b09-3953-4721-bb51-5fcd05ddfcbe,,,,,,,,,,,,,,,,,,,,,,,,,,,,,,,,,,,,,,,
1c26542c-6b1a-4423-b434-1a7f45dcbb47,,,,,,,,,,,,,,,,,,,,,,,,,,,,,,,,,,,,,,,
1c273af5-b191-45a9-bfc5-dbb173b3a390,,,,,,,,,,,,,,,,,,,,,,,,,,,,,,,,,,,,,,,
1c2b7f04-ae9b-4c6d-861c-0abe28a66ad1,,,,,,,,,,,,,,,,,,,,,,,,,,,,,,,,,,,,,,,
1c338d26-21f1-4edb-941e-13d875476546,,,,,,,,,,,,,,,,,,,,,,,,,,,,,,,,,,,,,,,
1c340072-e98b-40dd-b0c2-bc159ef4a21a,,,,,,,,,,,,,,,,,,,,,,,,,,,,,,,,,,,,,,,
1c387576-1641-4d97-b1af-1f171c76c05b,,,,,,,,,,,,,,,,,,,,,,,,,,,,,,,,,,,,,,,
1c3932c1-586f-494c-a578-1f265dd6a0ec,,,,,,,,,,,,,,,,,,,,,,,,,,,,,,,,,,,,,,,
1c3c2cba-29ab-4a01-8b45-d2394a06716c,launch_darkly,1.0,1.0,,,,,,,,,,,,,,,,,,,,,,,,,,,,,,,,,,,,
1c4cb161-7a67-4974-bc70-0b83bf1ff86f,,,,,,,,,,,,,,,,,,,,,,,,,,,,,,,,,,,,,,,
1c597d62-fbf3-4597-92d5-7363d0a70881,,,,,,,,,,,,,,,,,,,,,,,,,,,,,,,,,,,,,,,
1c67ce0f-587b-4858-8bbe-ed25ddcb1466,,,,,,,,,,,,,,,,,,,,,,,,,,,,,,,,,,,,,,,
1c67cf90-0091-4891-a0e3-3b332191e569,,,,,,,,,,,,,,,,,,,,,,,,,,,,,,,,,,,,,,,
1c6ad9ca-b8e9-4ced-a2d9-1667f69f641b,,,,,,,,,,,,,,,,,,,,,,,,,,,,,,,,,,,,,,,
1c8a6f66-51bd-447a-bd8b-da3e2107ff93,,,,,,,,,,,,,,,,,,,,,,,,,,,,,,,,,,,,,,,
1c8e9a1e-7c3c-4043-afcd-6726b6d2e428,,,,,,,,,,,,,,,,,,,,,,,,,,,,,,,,,,,,,,,
1c984b8e-eb6c-473d-9ab3-0a10d3f15387,,,,,,,,,,,,,,,,,,,,,,,,,,,,,,,,,,,,,,,
1c998b00-0a37-4c03-98e6-8de59909bd01,,,,,,,,,,,,,,,,,,,,,,,,,,,,,,,,,,,,,,,
1c99aabd-53e5-4012-bba4-afd358d1c7c2,,,,,,,,,,,,,,,,,,,,,,,,,,,,,,,,,,,,,,,
1ca670c2-109e-44de-94ea-13d761d16ba5,,,,,,,,,,,,,,,,,,,,,,,,,,,,,,,,,,,,,,,
1cb5fd37-6ee9-4c3a-82df-53ab028f0735,,,,,,,,,,,,,,,,,,,,,,,,,,,,,,,,,,,,,,,
1cb62d1c-9572-4501-9480-1088a01b7910,showit,1.0,0.5,squarespace,1.0,0.5,,,,,,,,,,,,,,,,,,,,,,,,,,,,,,,,,
1cbb2448-578a-4190-8fac-76915d117cf2,,,,,,,,,,,,,,,,,,,,,,,,,,,,,,,,,,,,,,,
1ccb32a4-e805-4997-a748-cf37081f0f4a,,,,,,,,,,,,,,,,,,,,,,,,,,,,,,,,,,,,,,,
1cda8091-4a74-4bd7-a9bd-5f9f1bef43e7,,,,,,,,,,,,,,,,,,,,,,,,,,,,,,,,,,,,,,,
1ce01347-ca5e-45a6-8001-2831403c7692,,,,,,,,,,,,,,,,,,,,,,,,,,,,,,,,,,,,,,,
1cf8911e-d92b-4dfa-9143-8a68141f4702,,,,,,,,,,,,,,,,,,,,,,,,,,,,,,,,,,,,,,,
1cfe4dcf-cade-470d-a5bf-e44c4f67900b,,,,,,,,,,,,,,,,,,,,,,,,,,,,,,,,,,,,,,,
1d07f1f4-88fe-46c3-9d18-16ea278ba6aa,,,,,,,,,,,,,,,,,,,,,,,,,,,,,,,,,,,,,,,
1d20e20b-d911-4314-bb64-1e749b0846c8,,,,,,,,,,,,,,,,,,,,,,,,,,,,,,,,,,,,,,,
1d23632e-b6bd-4dd2-aefa-cf9ef16e4310,,,,,,,,,,,,,,,,,,,,,,,,,,,,,,,,,,,,,,,
1d269163-0ef1-494f-86c3-a4d572f92644,,,,,,,,,,,,,,,,,,,,,,,,,,,,,,,,,,,,,,,
1d2a6a93-ecfe-4d5f-b0ae-3242769ffce8,,,,,,,,,,,,,,,,,,,,,,,,,,,,,,,,,,,,,,,
1d2ed740-699a-4e4c-b2fc-0db06884d924,,,,,,,,,,,,,,,,,,,,,,,,,,,,,,,,,,,,,,,
1d2f9c84-3dd7-494a-b60b-7135f3b16e9d,,,,,,,,,,,,,,,,,,,,,,,,,,,,,,,,,,,,,,,
1d2fcd4a-7dcc-4210-8104-0b1849f5dac9,,,,,,,,,,,,,,,,,,,,,,,,,,,,,,,,,,,,,,,
1d30ee70-58ce-4d72-a588-60504c4677fb,,,,,,,,,,,,,,,,,,,,,,,,,,,,,,,,,,,,,,,
1d3312fd-e478-4f80-b81e-05f6890f4fef,,,,,,,,,,,,,,,,,,,,,,,,,,,,,,,,,,,,,,,
1d38912b-3da3-4243-91ae-5ef8dc487f87,,,,,,,,,,,,,,,,,,,,,,,,,,,,,,,,,,,,,,,
1d3c612a-4754-4d54-a1b3-d423b990a000,,,,,,,,,,,,,,,,,,,,,,,,,,,,,,,,,,,,,,,
1d48b539-1390-48c4-9c74-7b37556bca2f,,,,,,,,,,,,,,,,,,,,,,,,,,,,,,,,,,,,,,,
1d653d2b-7c58-4f2c-aa6f-e327380b6ae4,,,,,,,,,,,,,,,,,,,,,,,,,,,,,,,,,,,,,,,
1d73a078-db43-4b23-9b41-520c68ea6b76,,,,,,,,,,,,,,,,,,,,,,,,,,,,,,,,,,,,,,,
1d745ab1-cb38-41d6-b85b-3aa68806fc1b,,,,,,,,,,,,,,,,,,,,,,,,,,,,,,,,,,,,,,,
1d794889-2765-4920-9850-d3d8b4888adb,,,,,,,,,,,,,,,,,,,,,,,,,,,,,,,,,,,,,,,
1d7a899a-3271-4f18-a02e-35baa6cbd600,,,,,,,,,,,,,,,,,,,,,,,,,,,,,,,,,,,,,,,
1d7d2bf1-9a99-4d49-8378-14eb99700a92,,,,,,,,,,,,,,,,,,,,,,,,,,,,,,,,,,,,,,,
1d883928-59b4-487f-9b69-2d60270ecd56,,,,,,,,,,,,,,,,,,,,,,,,,,,,,,,,,,,,,,,
1d888892-35e3-482a-a42f-fecd97ef2b1b,,,,,,,,,,,,,,,,,,,,,,,,,,,,,,,,,,,,,,,
1d8ff9ee-1e78-4f75-9282-9326f756c996,,,,,,,,,,,,,,,,,,,,,,,,,,,,,,,,,,,,,,,
1d91e6a9-01a2-40d4-b893-ea8afb522b82,,,,,,,,,,,,,,,,,,,,,,,,,,,,,,,,,,,,,,,
1da08a4b-a6ba-441e-bf7d-d75fa4f2f247,,,,,,,,,,,,,,,,,,,,,,,,,,,,,,,,,,,,,,,
1da5c1e4-79e9-401b-8bf8-9b2c1144bec0,,,,,,,,,,,,,,,,,,,,,,,,,,,,,,,,,,,,,,,
1da81aae-c927-4856-b4e6-807402dbfc2f,canva,1.0,1.0,,,,,,,,,,,,,,,,,,,,,,,,,,,,,,,,,,,,
1dafb890-f0fb-4bf5-8961-00a038192218,,,,,,,,,,,,,,,,,,,,,,,,,,,,,,,,,,,,,,,
1dafbacd-6e08-4e96-9527-51e7b84729a8,,,,,,,,,,,,,,,,,,,,,,,,,,,,,,,,,,,,,,,
1db5f17b-1da2-4712-ac4c-103d600ca541,,,,,,,,,,,,,,,,,,,,,,,,,,,,,,,,,,,,,,,
1db922b1-436c-4a7d-9bc8-82df30282d22,dynatrace,1.0,1.0,,,,,,,,,,,,,,,,,,,,,,,,,,,,,,,,,,,,
1dc0c7b2-b4d1-4418-a9f2-fd24f167d23e,,,,,,,,,,,,,,,,,,,,,,,,,,,,,,,,,,,,,,,
1dc5c95f-ef61-468c-9ef7-d1b104093ea8,,,,,,,,,,,,,,,,,,,,,,,,,,,,,,,,,,,,,,,
1dce13d7-faa5-4549-85b3-b052eb932c2d,,,,,,,,,,,,,,,,,,,,,,,,,,,,,,,,,,,,,,,
1dd130cc-ebcd-43f9-b0a7-ff60f623648c,,,,,,,,,,,,,,,,,,,,,,,,,,,,,,,,,,,,,,,
1dd158a4-af42-49ff-b799-0c225598e0f7,,,,,,,,,,,,,,,,,,,,,,,,,,,,,,,,,,,,,,,
1dd246a3-10f0-4a95-976f-39fc1fe0921d,,,,,,,,,,,,,,,,,,,,,,,,,,,,,,,,,,,,,,,
1dd27061-1e4a-49fd-b5ff-dcbbcaf96b0c,,,,,,,,,,,,,,,,,,,,,,,,,,,,,,,,,,,,,,,
1ddb2599-fed2-40cd-969f-540e81a2ad8c,,,,,,,,,,,,,,,,,,,,,,,,,,,,,,,,,,,,,,,
1de6be48-4def-4421-811d-1a828ac1d3f5,naver,1.0,1.0,,,,,,,,,,,,,,,,,,,,,,,,,,,,,,,,,,,,
1de818e1-26a5-4990-a557-200c585e9461,,,,,,,,,,,,,,,,,,,,,,,,,,,,,,,,,,,,,,,
1df152f0-a131-4209-ac9d-e26738fd9728,,,,,,,,,,,,,,,,,,,,,,,,,,,,,,,,,,,,,,,
1df380bc-11a8-4cc7-8441-03f763b20039,,,,,,,,,,,,,,,,,,,,,,,,,,,,,,,,,,,,,,,
1df6829e-bd96-4de2-9591-0677cb037adf,,,,,,,,,,,,,,,,,,,,,,,,,,,,,,,,,,,,,,,
1dfae550-8fb4-4a5e-a704-68aa55b56342,,,,,,,,,,,,,,,,,,,,,,,,,,,,,,,,,,,,,,,
1dfc5b02-a794-44f5-930e-46b6027cdf68,,,,,,,,,,,,,,,,,,,,,,,,,,,,,,,,,,,,,,,
1dfe8beb-f785-4238-ae10-3e1803982272,,,,,,,,,,,,,,,,,,,,,,,,,,,,,,,,,,,,,,,
1e00700a-9fb2-4e42-a3b8-b4fe668a4ce1,,,,,,,,,,,,,,,,,,,,,,,,,,,,,,,,,,,,,,,
1e096f9b-6edb-4f91-9ecf-14724d494e1f,,,,,,,,,,,,,,,,,,,,,,,,,,,,,,,,,,,,,,,
1e0b0eab-25b0-4984-a5e0-0c6effec3aa1,,,,,,,,,,,,,,,,,,,,,,,,,,,,,,,,,,,,,,,
1e119266-0114-4566-b4c3-fa78ea2fa39e,,,,,,,,,,,,,,,,,,,,,,,,,,,,,,,,,,,,,,,
1e19d706-716b-4152-a469-fc3d6463fd25,,,,,,,,,,,,,,,,,,,,,,,,,,,,,,,,,,,,,,,
1e2c4b26-cc5f-416c-8ece-e9b6e61f8baa,,,,,,,,,,,,,,,,,,,,,,,,,,,,,,,,,,,,,,,
1e2d0c09-2b5d-4bd8-bde7-533656b549e0,,,,,,,,,,,,,,,,,,,,,,,,,,,,,,,,,,,,,,,
1e2d984a-822a-451e-b032-a46174e25356,,,,,,,,,,,,,,,,,,,,,,,,,,,,,,,,,,,,,,,
1e33d2b2-5d3c-483a-b882-b8add3938eba,,,,,,,,,,,,,,,,,,,,,,,,,,,,,,,,,,,,,,,
1e36c802-69bc-4051-bd5a-4e08aba9a007,,,,,,,,,,,,,,,,,,,,,,,,,,,,,,,,,,,,,,,
1e393a0c-8de7-468c-948f-234f7b74ec8e,,,,,,,,,,,,,,,,,,,,,,,,,,,,,,,,,,,,,,,
1e3d6355-2184-4b06-b6f3-a0efe096c9d2,,,,,,,,,,,,,,,,,,,,,,,,,,,,,,,,,,,,,,,
1e46072d-bf9d-4014-a4df-ca2f158097b1,,,,,,,,,,,,,,,,,,,,,,,,,,,,,,,,,,,,,,,
1e46effd-8d95-431c-b04d-cc9ae642935a,,,,,,,,,,,,,,,,,,,,,,,,,,,,,,,,,,,,,,,
1e4f3776-89ca-48d7-99c2-8ab4cbf9bed1,squarespace,1.0,1.0,,,,,,,,,,,,,,,,,,,,,,,,,,,,,,,,,,,,
1e54325b-f616-4e37-bf76-7a7e483af8b0,,,,,,,,,,,,,,,,,,,,,,,,,,,,,,,,,,,,,,,
1e5a3354-6b83-4a9f-bcb1-42ffdc562410,,,,,,,,,,,,,,,,,,,,,,,,,,,,,,,,,,,,,,,
1e5a7e42-5751-4154-a965-3dfb657459d3,,,,,,,,,,,,,,,,,,,,,,,,,,,,,,,,,,,,,,,
1e5bda8d-6e28-4a90-b8ba-5aa77030d455,,,,,,,,,,,,,,,,,,,,,,,,,,,,,,,,,,,,,,,
1e621215-83f1-4c1f-a058-2e31c5b4cb7c,,,,,,,,,,,,,,,,,,,,,,,,,,,,,,,,,,,,,,,
1e643d28-79a8-4ef2-8aa9-fe524af59cb2,,,,,,,,,,,,,,,,,,,,,,,,,,,,,,,,,,,,,,,
1e64502d-9abe-4c61-84cf-4c2eb7b6dad8,,,,,,,,,,,,,,,,,,,,,,,,,,,,,,,,,,,,,,,
1e660f14-a9d9-4089-884b-ed7c0f5a51ae,mntn,1.0,1.0,,,,,,,,,,,,,,,,,,,,,,,,,,,,,,,,,,,,
1e6b0b91-9cd5-430d-a57b-15efc881dcf5,,,,,,,,,,,,,,,,,,,,,,,,,,,,,,,,,,,,,,,
1e6c02e6-bd90-491e-b475-31480efb7a0e,,,,,,,,,,,,,,,,,,,,,,,,,,,,,,,,,,,,,,,
1e765d9c-a0a9-4bcb-8b37-1c60f1d679fc,,,,,,,,,,,,,,,,,,,,,,,,,,,,,,,,,,,,,,,
1e7bd114-6b43-4f41-a00c-c46b83a42d47,,,,,,,,,,,,,,,,,,,,,,,,,,,,,,,,,,,,,,,
1e7d18d2-e422-4ff7-8d66-e66846ace5ba,,,,,,,,,,,,,,,,,,,,,,,,,,,,,,,,,,,,,,,
1e80dc92-dacc-4004-9ea4-72f88d63cf82,,,,,,,,,,,,,,,,,,,,,,,,,,,,,,,,,,,,,,,
1e86ed18-3e16-434c-80a6-cdacf0f4ad2b,,,,,,,,,,,,,,,,,,,,,,,,,,,,,,,,,,,,,,,
1e88d503-adc2-4a1d-9779-ebf70552838f,latimes,1.0,1.0,,,,,,,,,,,,,,,,,,,,,,,,,,,,,,,,,,,,
1e895bb0-2607-4d0f-b6f5-2dbe5e541f00,,,,,,,,,,,,,,,,,,,,,,,,,,,,,,,,,,,,,,,
1e89fbe2-f033-4964-878b-2e56e0924971,,,,,,,,,,,,,,,,,,,,,,,,,,,,,,,,,,,,,,,
1e8e266c-7ed2-4798-81bb-121312d0031b,,,,,,,,,,,,,,,,,,,,,,,,,,,,,,,,,,,,,,,
1e9a2351-4ecd-4ae5-b2e7-115a62aa42a3,,,,,,,,,,,,,,,,,,,,,,,,,,,,,,,,,,,,,,,
1ea0ffab-7750-4600-a298-72b8dc0ce283,,,,,,,,,,,,,,,,,,,,,,,,,,,,,,,,,,,,,,,
1ea42f66-29a3-4a05-bb01-e9af0d4fa866,,,,,,,,,,,,,,,,,,,,,,,,,,,,,,,,,,,,,,,
1ea5c3f8-0e91-4b92-a073-38d15fcc8968,,,,,,,,,,,,,,,,,,,,,,,,,,,,,,,,,,,,,,,
1ea6dc01-6f74-40d9-aceb-f5d541e02200,,,,,,,,,,,,,,,,,,,,,,,,,,,,,,,,,,,,,,,
1eb449ac-2550-4563-9321-9ae0ba3eb089,,,,,,,,,,,,,,,,,,,,,,,,,,,,,,,,,,,,,,,
1ebaa2aa-9a62-4b98-a0e4-f6e666e968e5,cloudflare,1.0,1.0,,,,,,,,,,,,,,,,,,,,,,,,,,,,,,,,,,,,
1ebb2b56-18ae-4353-a56a-a46d71445c59,,,,,,,,,,,,,,,,,,,,,,,,,,,,,,,,,,,,,,,
1ebce635-6d04-48bd-9524-9292038d1e51,trustarc,1.0,1.0,,,,,,,,,,,,,,,,,,,,,,,,,,,,,,,,,,,,
1ec1a06e-5125-4b15-9829-a456a3966255,,,,,,,,,,,,,,,,,,,,,,,,,,,,,,,,,,,,,,,
1ec31883-1006-4e7f-971e-94dd0e67cf8d,,,,,,,,,,,,,,,,,,,,,,,,,,,,,,,,,,,,,,,
1ed4baf6-a32b-41e4-afc4-bbfd9ec06cec,,,,,,,,,,,,,,,,,,,,,,,,,,,,,,,,,,,,,,,
1ed5857a-07e5-4f82-8e2f-5d01eb2b4197,,,,,,,,,,,,,,,,,,,,,,,,,,,,,,,,,,,,,,,
1edbd13c-80b4-4ba6-9923-c1f91b6c8913,symantec,1.0,1.0,,,,,,,,,,,,,,,,,,,,,,,,,,,,,,,,,,,,
1ee99761-94b5-49b2-921a-9e5c06a65fa6,,,,,,,,,,,,,,,,,,,,,,,,,,,,,,,,,,,,,,,
1eeb3084-b2c0-4218-a177-0265d51e711f,,,,,,,,,,,,,,,,,,,,,,,,,,,,,,,,,,,,,,,
1ef9aa80-35ee-476f-b583-e30d79fd14d2,,,,,,,,,,,,,,,,,,,,,,,,,,,,,,,,,,,,,,,
1efcf545-fff3-4d5b-a121-3922e4bca0aa,hubspot,1.0,1.0,,,,,,,,,,,,,,,,,,,,,,,,,,,,,,,,,,,,
1efd9714-dc8c-42e2-b4a6-0b7baf0bdc23,,,,,,,,,,,,,,,,,,,,,,,,,,,,,,,,,,,,,,,
1f0ac9a3-9274-4caa-9b67-a08e80ce622a,,,,,,,,,,,,,,,,,,,,,,,,,,,,,,,,,,,,,,,
1f0fbd13-8c6a-4af5-bf15-f6a4fd843c2a,salesforce,1.0,1.0,,,,,,,,,,,,,,,,,,,,,,,,,,,,,,,,,,,,
1f159ac1-bee8-4d62-9c3a-334dfeaedfcc,vimeo,1.0,1.0,,,,,,,,,,,,,,,,,,,,,,,,,,,,,,,,,,,,
1f249641-1d4e-491a-b618-ec85ef41fc6f,,,,,,,,,,,,,,,,,,,,,,,,,,,,,,,,,,,,,,,
1f2544c3-e717-4b53-8c95-942deea561db,,,,,,,,,,,,,,,,,,,,,,,,,,,,,,,,,,,,,,,
1f2bc91f-ba76-473f-84b2-e6c16bf854d1,,,,,,,,,,,,,,,,,,,,,,,,,,,,,,,,,,,,,,,
1f31a55b-86e9-4613-a6d2-b11ca6a68a2a,,,,,,,,,,,,,,,,,,,,,,,,,,,,,,,,,,,,,,,
1f351f33-44ab-469b-87dc-b7f06c011d91,,,,,,,,,,,,,,,,,,,,,,,,,,,,,,,,,,,,,,,
1f3c571e-95a0-46c2-8e77-4d83a9d7a94b,,,,,,,,,,,,,,,,,,,,,,,,,,,,,,,,,,,,,,,
1f3c72e8-7b83-4158-a33f-242ef89ac84c,,,,,,,,,,,,,,,,,,,,,,,,,,,,,,,,,,,,,,,
1f3ed186-60ab-4619-9c28-5db2e86426e6,,,,,,,,,,,,,,,,,,,,,,,,,,,,,,,,,,,,,,,
1f455ad7-945e-49d9-88c3-7563234ddacb,,,,,,,,,,,,,,,,,,,,,,,,,,,,,,,,,,,,,,,
1f49be47-05d4-4b34-8859-fc705bb5dbbd,,,,,,,,,,,,,,,,,,,,,,,,,,,,,,,,,,,,,,,
1f5012a7-323e-421f-8440-c880122ec84d,,,,,,,,,,,,,,,,,,,,,,,,,,,,,,,,,,,,,,,
1f61c148-4382-4d49-8103-7f3a3a21e702,,,,,,,,,,,,,,,,,,,,,,,,,,,,,,,,,,,,,,,
1f643e85-365b-4d07-9514-efe1b3239405,,,,,,,,,,,,,,,,,,,,,,,,,,,,,,,,,,,,,,,
1f646e30-a27a-4f28-88c1-aea1af3e37df,,,,,,,,,,,,,,,,,,,,,,,,,,,,,,,,,,,,,,,
1f6c49aa-5068-4afc-aa0c-083d3e18bc58,,,,,,,,,,,,,,,,,,,,,,,,,,,,,,,,,,,,,,,
1f6c731f-494b-4ef2-8151-b946f45116b7,,,,,,,,,,,,,,,,,,,,,,,,,,,,,,,,,,,,,,,
1f716cc4-6720-4543-990f-ff6ad1aeb8ce,,,,,,,,,,,,,,,,,,,,,,,,,,,,,,,,,,,,,,,
1f718f8d-425d-4190-bddc-aa5fb0f885d9,,,,,,,,,,,,,,,,,,,,,,,,,,,,,,,,,,,,,,,
1f7cd1c5-1c44-433e-823f-6423ebd0cb5d,,,,,,,,,,,,,,,,,,,,,,,,,,,,,,,,,,,,,,,
1f87a14e-ffd7-42a7-8650-16fad68b5adc,,,,,,,,,,,,,,,,,,,,,,,,,,,,,,,,,,,,,,,
1f8884b6-cc17-4a1e-874c-470ec99aa7ab,,,,,,,,,,,,,,,,,,,,,,,,,,,,,,,,,,,,,,,
1f8ff328-d980-437c-b2dc-09469baf7cd8,,,,,,,,,,,,,,,,,,,,,,,,,,,,,,,,,,,,,,,
1f9eb3c1-7807-4312-8dc0-930063b46ab6,,,,,,,,,,,,,,,,,,,,,,,,,,,,,,,,,,,,,,,
1fa1cf8d-1db0-4603-8a6c-c81401c6ae33,,,,,,,,,,,,,,,,,,,,,,,,,,,,,,,,,,,,,,,
1fa28333-2a70-486b-b06e-84fbdb55ebd9,wistia,1.0,1.0,,,,,,,,,,,,,,,,,,,,,,,,,,,,,,,,,,,,
1fb975e3-fcd9-4f9e-82cc-d2a92175084c,,,,,,,,,,,,,,,,,,,,,,,,,,,,,,,,,,,,,,,
1fc24843-a4a7-4efb-9fef-3996afc78a7c,,,,,,,,,,,,,,,,,,,,,,,,,,,,,,,,,,,,,,,
1fc7892e-55c4-4793-b0d6-5a83e5ddb63f,,,,,,,,,,,,,,,,,,,,,,,,,,,,,,,,,,,,,,,
1fcf4a25-3f0b-4afd-af4c-46f6ecad3b7f,,,,,,,,,,,,,,,,,,,,,,,,,,,,,,,,,,,,,,,
1fd21c34-df3d-41f1-9880-58788e1853de,,,,,,,,,,,,,,,,,,,,,,,,,,,,,,,,,,,,,,,
1fd78ec5-b582-4f3e-82c7-3424198c8cea,,,,,,,,,,,,,,,,,,,,,,,,,,,,,,,,,,,,,,,
1fd89aeb-a999-4d5e-aa25-82790e8ce70b,,,,,,,,,,,,,,,,,,,,,,,,,,,,,,,,,,,,,,,
1fda5dec-b651-4b2c-b54a-9c30c26f4667,,,,,,,,,,,,,,,,,,,,,,,,,,,,,,,,,,,,,,,
1fe07bc2-e346-495b-b6d5-7a32b7eb16c8,,,,,,,,,,,,,,,,,,,,,,,,,,,,,,,,,,,,,,,
1fe115a7-313a-43af-a254-e773a809f4f9,,,,,,,,,,,,,,,,,,,,,,,,,,,,,,,,,,,,,,,
1fe30bc9-bbc0-432a-9d18-eba753564a5f,,,,,,,,,,,,,,,,,,,,,,,,,,,,,,,,,,,,,,,
1ff4f694-ae9d-4a61-b270-bdc6402615c5,,,,,,,,,,,,,,,,,,,,,,,,,,,,,,,,,,,,,,,
1ff6d17c-8148-4ecf-8722-24b279e90d69,,,,,,,,,,,,,,,,,,,,,,,,,,,,,,,,,,,,,,,
1ff868ae-21e3-444d-973e-88a28754b68d,,,,,,,,,,,,,,,,,,,,,,,,,,,,,,,,,,,,,,,
1fff96b1-4b65-44be-96a5-0fc4553d6481,,,,,,,,,,,,,,,,,,,,,,,,,,,,,,,,,,,,,,,
20008564-4efb-485f-961b-9399e893677e,,,,,,,,,,,,,,,,,,,,,,,,,,,,,,,,,,,,,,,
2000d93d-7ab3-40de-9149-686f03b98a37,,,,,,,,,,,,,,,,,,,,,,,,,,,,,,,,,,,,,,,
200313d1-5a14-40eb-b25a-aa0da187bff1,,,,,,,,,,,,,,,,,,,,,,,,,,,,,,,,,,,,,,,
2003ba11-11cd-4f51-b2c8-b03f00cb7e6d,,,,,,,,,,,,,,,,,,,,,,,,,,,,,,,,,,,,,,,
20066aea-59d0-4d39-8d6b-29aafdd74388,,,,,,,,,,,,,,,,,,,,,,,,,,,,,,,,,,,,,,,
200ea996-cbfa-4b03-afc1-25a90c6083cf,disney,1.0,1.0,,,,,,,,,,,,,,,,,,,,,,,,,,,,,,,,,,,,
20105cb5-ed95-4d43-9fda-9d8711fc11ea,,,,,,,,,,,,,,,,,,,,,,,,,,,,,,,,,,,,,,,
20180594-1374-4a77-a523-93192fb0c447,,,,,,,,,,,,,,,,,,,,,,,,,,,,,,,,,,,,,,,
2020dcee-eb7b-4606-a198-c9fe8b04d929,,,,,,,,,,,,,,,,,,,,,,,,,,,,,,,,,,,,,,,
20245f33-9b96-4cad-a11c-967cf2372782,,,,,,,,,,,,,,,,,,,,,,,,,,,,,,,,,,,,,,,
202c45a4-84ca-4179-8dce-bb5c52f7648d,,,,,,,,,,,,,,,,,,,,,,,,,,,,,,,,,,,,,,,
2032fab2-2347-488e-b634-b9e0809edcf5,,,,,,,,,,,,,,,,,,,,,,,,,,,,,,,,,,,,,,,
20386a68-5f42-493d-8b27-22ee77e95cca,,,,,,,,,,,,,,,,,,,,,,,,,,,,,,,,,,,,,,,
203e55ae-19b4-4c32-a7e7-2653e5392f0a,,,,,,,,,,,,,,,,,,,,,,,,,,,,,,,,,,,,,,,
20460414-967b-460c-a32c-cc1a28ac15d9,,,,,,,,,,,,,,,,,,,,,,,,,,,,,,,,,,,,,,,
204b59f3-d81b-4048-8ec9-bdb35d85c066,,,,,,,,,,,,,,,,,,,,,,,,,,,,,,,,,,,,,,,
2055c981-5836-41dd-8769-09048b12b134,,,,,,,,,,,,,,,,,,,,,,,,,,,,,,,,,,,,,,,
20580041-e5f4-498f-b28c-89b9f4e2306d,wikimedia_foundation,1.0,1.0,,,,,,,,,,,,,,,,,,,,,,,,,,,,,,,,,,,,
20592488-1027-49d5-9771-aaba2bf12da4,,,,,,,,,,,,,,,,,,,,,,,,,,,,,,,,,,,,,,,
2061fac9-e968-43bf-ac57-33095efd75d5,,,,,,,,,,,,,,,,,,,,,,,,,,,,,,,,,,,,,,,
2070319f-bc4d-4317-a422-9eb32ef8c55d,shopify,1.0,1.0,,,,,,,,,,,,,,,,,,,,,,,,,,,,,,,,,,,,
20707b8f-d7c5-47e4-8a84-83fb201fb333,,,,,,,,,,,,,,,,,,,,,,,,,,,,,,,,,,,,,,,
2070e114-e5cf-4310-b9dc-f5632055ddd4,,,,,,,,,,,,,,,,,,,,,,,,,,,,,,,,,,,,,,,
2076d038-c55d-4b6d-9064-381f3cb6860c,,,,,,,,,,,,,,,,,,,,,,,,,,,,,,,,,,,,,,,
207b6e71-bce8-4828-99c3-633a801cbc71,,,,,,,,,,,,,,,,,,,,,,,,,,,,,,,,,,,,,,,
207be37a-12d9-4950-95d0-c56735f3677e,,,,,,,,,,,,,,,,,,,,,,,,,,,,,,,,,,,,,,,
208132f4-f1b4-459a-8a3e-f6c9dc2f38e0,,,,,,,,,,,,,,,,,,,,,,,,,,,,,,,,,,,,,,,
208329ff-a958-4218-9b8b-d24b1ba64164,,,,,,,,,,,,,,,,,,,,,,,,,,,,,,,,,,,,,,,
20853ee1-be65-4929-a859-f7642edb0850,,,,,,,,,,,,,,,,,,,,,,,,,,,,,,,,,,,,,,,
20914b86-be08-40b8-b256-ba1ea8783109,,,,,,,,,,,,,,,,,,,,,,,,,,,,,,,,,,,,,,,
20928081-7ed0-4de4-bb55-b95c4e28e737,,,,,,,,,,,,,,,,,,,,,,,,,,,,,,,,,,,,,,,
209f2bcf-3b6a-498b-9994-ed19ff3d3375,,,,,,,,,,,,,,,,,,,,,,,,,,,,,,,,,,,,,,,
20a07c2e-7057-4907-9e9e-fd2dd0ae33ae,,,,,,,,,,,,,,,,,,,,,,,,,,,,,,,,,,,,,,,
20a3769b-e4f4-4953-a9e2-3289df9da763,,,,,,,,,,,,,,,,,,,,,,,,,,,,,,,,,,,,,,,
20a8a10e-f99b-40b5-8d78-820572403dcd,,,,,,,,,,,,,,,,,,,,,,,,,,,,,,,,,,,,,,,
20aad45c-c80e-4bbf-adde-23f92c6fdaf8,mparticle,1.0,1.0,,,,,,,,,,,,,,,,,,,,,,,,,,,,,,,,,,,,
20acaa32-844f-420a-aa27-fc2960723287,,,,,,,,,,,,,,,,,,,,,,,,,,,,,,,,,,,,,,,
20ad0dd0-aca6-4ae8-8289-d8ee5fbb9006,,,,,,,,,,,,,,,,,,,,,,,,,,,,,,,,,,,,,,,
20adb398-9323-4f98-8626-c18d6e7e7a48,,,,,,,,,,,,,,,,,,,,,,,,,,,,,,,,,,,,,,,
20b2d41a-db05-4299-a396-94090dc1a5bf,,,,,,,,,,,,,,,,,,,,,,,,,,,,,,,,,,,,,,,
20b719f0-20e2-4c45-84e8-2ee68614e657,,,,,,,,,,,,,,,,,,,,,,,,,,,,,,,,,,,,,,,
20b91c13-ba75-407e-af7c-ff6a870f0a21,,,,,,,,,,,,,,,,,,,,,,,,,,,,,,,,,,,,,,,
20bb3319-258a-4e02-8a28-81ddddf84671,,,,,,,,,,,,,,,,,,,,,,,,,,,,,,,,,,,,,,,
20bb7e0c-bf0e-43b5-a81e-fdb642e9c585,squarespace,1.0,1.0,,,,,,,,,,,,,,,,,,,,,,,,,,,,,,,,,,,,
20c0331f-f2ef-4c09-9e3c-5a3cf02c7a17,,,,,,,,,,,,,,,,,,,,,,,,,,,,,,,,,,,,,,,
20c09633-cc84-4f93-a7a3-49b45fcc2b2f,,,,,,,,,,,,,,,,,,,,,,,,,,,,,,,,,,,,,,,
20cd03ff-b7e0-4b27-8de8-9d139a183986,,,,,,,,,,,,,,,,,,,,,,,,,,,,,,,,,,,,,,,
20ced8b4-2819-49d4-b7bd-8bbd75f5f3c7,,,,,,,,,,,,,,,,,,,,,,,,,,,,,,,,,,,,,,,
20cef6ba-9b89-4ad1-acf9-f9252e7cddee,,,,,,,,,,,,,,,,,,,,,,,,,,,,,,,,,,,,,,,
20cef8f2-3334-41a7-a5a6-457c9cb03798,,,,,,,,,,,,,,,,,,,,,,,,,,,,,,,,,,,,,,,
20d1154f-fcbb-4627-a328-c03c8381a66b,,,,,,,,,,,,,,,,,,,,,,,,,,,,,,,,,,,,,,,
20d1e145-b776-4e7f-9bdb-324395b99a6c,,,,,,,,,,,,,,,,,,,,,,,,,,,,,,,,,,,,,,,
20d73b47-bb71-4e56-9b85-197d95f2e84d,,,,,,,,,,,,,,,,,,,,,,,,,,,,,,,,,,,,,,,
20deaf94-782b-4d70-99f3-f6bd49c5b839,,,,,,,,,,,,,,,,,,,,,,,,,,,,,,,,,,,,,,,
20df3d96-2f40-4020-9279-e68ab1f48b57,,,,,,,,,,,,,,,,,,,,,,,,,,,,,,,,,,,,,,,
20e9fc6c-a19a-4f41-bd67-3cb1ddf4290b,,,,,,,,,,,,,,,,,,,,,,,,,,,,,,,,,,,,,,,
20f0c6f7-e893-4aa1-8225-a72d0c6c3d0c,,,,,,,,,,,,,,,,,,,,,,,,,,,,,,,,,,,,,,,
20fcdd2a-058c-490f-b179-cbb60c5b8e8b,,,,,,,,,,,,,,,,,,,,,,,,,,,,,,,,,,,,,,,
20fecbca-c380-4b1e-9b1d-4d9691ee32f4,,,,,,,,,,,,,,,,,,,,,,,,,,,,,,,,,,,,,,,
210594d3-97d9-4787-a13e-db3f757bbf43,,,,,,,,,,,,,,,,,,,,,,,,,,,,,,,,,,,,,,,
2117b3a9-4dca-4d27-b7cc-194dd48d5bc2,,,,,,,,,,,,,,,,,,,,,,,,,,,,,,,,,,,,,,,
211bc5d1-41b3-4944-ae17-7cac84c86782,,,,,,,,,,,,,,,,,,,,,,,,,,,,,,,,,,,,,,,
2122248b-e04c-44f4-8082-969c0b597a94,,,,,,,,,,,,,,,,,,,,,,,,,,,,,,,,,,,,,,,
2124b301-7aa4-4e3c-88ef-3451124b232c,,,,,,,,,,,,,,,,,,,,,,,,,,,,,,,,,,,,,,,
2125fb75-0289-47f2-a23c-c76d3cbea1fc,,,,,,,,,,,,,,,,,,,,,,,,,,,,,,,,,,,,,,,
21312c97-0660-488a-9826-a12cdab6e166,,,,,,,,,,,,,,,,,,,,,,,,,,,,,,,,,,,,,,,
2137ce75-95bd-43af-bdb6-e82a308d3347,,,,,,,,,,,,,,,,,,,,,,,,,,,,,,,,,,,,,,,
213ce2a5-a776-4bf4-8881-306cc59d01a4,,,,,,,,,,,,,,,,,,,,,,,,,,,,,,,,,,,,,,,
214466e9-3389-4e89-b317-0eaaf516bcf1,,,,,,,,,,,,,,,,,,,,,,,,,,,,,,,,,,,,,,,
21476bf2-9876-47e2-b06b-878ec45458b2,,,,,,,,,,,,,,,,,,,,,,,,,,,,,,,,,,,,,,,
214825de-f89a-41b5-903e-847e1feef93a,,,,,,,,,,,,,,,,,,,,,,,,,,,,,,,,,,,,,,,
214bc792-0fe6-458d-b9ad-636b7bf63408,,,,,,,,,,,,,,,,,,,,,,,,,,,,,,,,,,,,,,,
215c9687-8b96-42ac-9690-25fff3cbd550,,,,,,,,,,,,,,,,,,,,,,,,,,,,,,,,,,,,,,,
215d8ef1-710d-4513-9e68-47110a247ef7,,,,,,,,,,,,,,,,,,,,,,,,,,,,,,,,,,,,,,,
215fd970-bb18-4393-af91-ebc7b2399bf6,,,,,,,,,,,,,,,,,,,,,,,,,,,,,,,,,,,,,,,
21601cec-2546-46fc-9d51-c6032b6f327c,,,,,,,,,,,,,,,,,,,,,,,,,,,,,,,,,,,,,,,
2164d50a-14f7-4603-aa3b-6346a49579f3,,,,,,,,,,,,,,,,,,,,,,,,,,,,,,,,,,,,,,,
216a37a7-64cc-419d-b5ad-fd52582337ee,,,,,,,,,,,,,,,,,,,,,,,,,,,,,,,,,,,,,,,
216c30ab-5c79-41b8-88f1-4ff1aac53bd9,,,,,,,,,,,,,,,,,,,,,,,,,,,,,,,,,,,,,,,
216d4057-1888-432a-afa3-d168ed2dce46,,,,,,,,,,,,,,,,,,,,,,,,,,,,,,,,,,,,,,,
216f0692-ac1e-42c2-98e9-1a0599d8b1e0,,,,,,,,,,,,,,,,,,,,,,,,,,,,,,,,,,,,,,,
21729a68-0666-449a-a208-cd2e1adb95f5,,,,,,,,,,,,,,,,,,,,,,,,,,,,,,,,,,,,,,,
2173d7ba-8de6-4039-b470-27786d519915,,,,,,,,,,,,,,,,,,,,,,,,,,,,,,,,,,,,,,,
217c7373-5f46-4a5b-8243-5d63e51cd8cb,,,,,,,,,,,,,,,,,,,,,,,,,,,,,,,,,,,,,,,
2182d8a1-cf29-47ae-b40c-0cb451bc28e6,,,,,,,,,,,,,,,,,,,,,,,,,,,,,,,,,,,,,,,
218453c9-5bd5-452a-b51a-089436fceff1,,,,,,,,,,,,,,,,,,,,,,,,,,,,,,,,,,,,,,,
218546a0-2e61-4cf5-a2c9-43f8ba3632d9,,,,,,,,,,,,,,,,,,,,,,,,,,,,,,,,,,,,,,,
2187e65b-bbab-4dc9-b280-6994a6fbcebf,,,,,,,,,,,,,,,,,,,,,,,,,,,,,,,,,,,,,,,
218db31a-28a3-4872-9d64-fa4f2907ddd3,,,,,,,,,,,,,,,,,,,,,,,,,,,,,,,,,,,,,,,
21904b09-c76e-46b3-8bf1-d639c0f7a76f,,,,,,,,,,,,,,,,,,,,,,,,,,,,,,,,,,,,,,,
21995116-26c5-4609-973c-de90f76537d9,,,,,,,,,,,,,,,,,,,,,,,,,,,,,,,,,,,,,,,
219b657f-d727-404f-b04a-85da0ea3ad1a,,,,,,,,,,,,,,,,,,,,,,,,,,,,,,,,,,,,,,,
219e5b05-b55d-464c-8dbc-8f762c79124e,,,,,,,,,,,,,,,,,,,,,,,,,,,,,,,,,,,,,,,
219f4d19-08d3-4239-9d15-919dbee5dac5,wikimedia_foundation,1.0,1.0,,,,,,,,,,,,,,,,,,,,,,,,,,,,,,,,,,,,
21a43083-435a-4e25-8e79-5a7500a9a44f,,,,,,,,,,,,,,,,,,,,,,,,,,,,,,,,,,,,,,,
21a8f854-1646-4512-974a-61b8c7d6a561,,,,,,,,,,,,,,,,,,,,,,,,,,,,,,,,,,,,,,,
21a8fadb-c80f-425c-a750-b0554ed25e81,,,,,,,,,,,,,,,,,,,,,,,,,,,,,,,,,,,,,,,
21a9618a-6d1e-4c09-b502-79ba339ea187,,,,,,,,,,,,,,,,,,,,,,,,,,,,,,,,,,,,,,,
21b2419b-4b69-4984-8e02-708c5ced1c64,,,,,,,,,,,,,,,,,,,,,,,,,,,,,,,,,,,,,,,
21bc84ff-97b6-44bd-9c25-868c835ac4d9,,,,,,,,,,,,,,,,,,,,,,,,,,,,,,,,,,,,,,,
21bda6c7-7e25-40c8-8f33-c29ae6069472,,,,,,,,,,,,,,,,,,,,,,,,,,,,,,,,,,,,,,,
21c5da92-bca3-4b1d-8ed0-53a7735a2fdc,,,,,,,,,,,,,,,,,,,,,,,,,,,,,,,,,,,,,,,
21cb884b-1993-4f72-9f37-10425baefc61,,,,,,,,,,,,,,,,,,,,,,,,,,,,,,,,,,,,,,,
21cc68f6-c00c-4241-8578-ca156c65e6ba,,,,,,,,,,,,,,,,,,,,,,,,,,,,,,,,,,,,,,,
21df1c11-a30a-4629-81bc-8ae3444ad7f7,,,,,,,,,,,,,,,,,,,,,,,,,,,,,,,,,,,,,,,
21fce01f-e3b9-4342-90e5-dc41da2023c8,,,,,,,,,,,,,,,,,,,,,,,,,,,,,,,,,,,,,,,
2204160c-fe4d-405f-8cda-093aaef35cc0,,,,,,,,,,,,,,,,,,,,,,,,,,,,,,,,,,,,,,,
22079e95-6cba-40e8-910d-e49726f2a622,,,,,,,,,,,,,,,,,,,,,,,,,,,,,,,,,,,,,,,
2208b8c7-1b0c-4bc0-9760-2baea137fe16,,,,,,,,,,,,,,,,,,,,,,,,,,,,,,,,,,,,,,,
22103319-57e5-49d8-b827-bd1d76b496cc,mailchimp,1.0,1.0,,,,,,,,,,,,,,,,,,,,,,,,,,,,,,,,,,,,
2212d3e6-ea3e-45f2-b1ba-33580ee7623b,,,,,,,,,,,,,,,,,,,,,,,,,,,,,,,,,,,,,,,
2213ed7d-e68a-48eb-9c03-d39a1d8c5f77,,,,,,,,,,,,,,,,,,,,,,,,,,,,,,,,,,,,,,,
221a86b8-cccb-4d4f-a27d-b7d2a755a2ad,,,,,,,,,,,,,,,,,,,,,,,,,,,,,,,,,,,,,,,
221c3325-3527-45ee-a189-2b2a0617746e,wikimedia_foundation,1.0,1.0,,,,,,,,,,,,,,,,,,,,,,,,,,,,,,,,,,,,
221dd0da-8efe-4cdb-ab97-de781a7f4595,,,,,,,,,,,,,,,,,,,,,,,,,,,,,,,,,,,,,,,
2225295c-874e-4c10-9ba1-62e3d7fe003d,,,,,,,,,,,,,,,,,,,,,,,,,,,,,,,,,,,,,,,
222dbbe6-8b62-4e8b-b625-348b3df09750,,,,,,,,,,,,,,,,,,,,,,,,,,,,,,,,,,,,,,,
2246b0e7-2924-40d5-a115-832c57a6fac3,,,,,,,,,,,,,,,,,,,,,,,,,,,,,,,,,,,,,,,
224ad595-1ed8-430b-b71c-83eb07576cf9,,,,,,,,,,,,,,,,,,,,,,,,,,,,,,,,,,,,,,,
224d9b87-38bb-4bfd-add9-af0b1e6d1c54,,,,,,,,,,,,,,,,,,,,,,,,,,,,,,,,,,,,,,,
224ea40b-aab6-48a2-b2fe-4c2ce26e74e6,,,,,,,,,,,,,,,,,,,,,,,,,,,,,,,,,,,,,,,
224fdd91-0358-4ca6-9f16-7d37db465209,,,,,,,,,,,,,,,,,,,,,,,,,,,,,,,,,,,,,,,
2253bf06-429c-4322-80fb-e50f3e4311a8,,,,,,,,,,,,,,,,,,,,,,,,,,,,,,,,,,,,,,,
2254930d-34d4-4063-a0c5-fd3c7db4482f,,,,,,,,,,,,,,,,,,,,,,,,,,,,,,,,,,,,,,,
2254b1e1-5505-4166-a6c2-08cb65fd3f2d,,,,,,,,,,,,,,,,,,,,,,,,,,,,,,,,,,,,,,,
225d5fba-364e-4538-bdc8-8b9a45f4b192,,,,,,,,,,,,,,,,,,,,,,,,,,,,,,,,,,,,,,,
225f781a-241c-42c2-9a94-2c72400c8854,ibm,1.0,1.0,,,,,,,,,,,,,,,,,,,,,,,,,,,,,,,,,,,,
226c5a08-32e1-4226-8602-ca5d3598e47b,,,,,,,,,,,,,,,,,,,,,,,,,,,,,,,,,,,,,,,
2271f4b4-9c5a-43e0-aceb-cb894b04c9b4,,,,,,,,,,,,,,,,,,,,,,,,,,,,,,,,,,,,,,,
22782ea6-8a92-4e3a-a9f5-25208c77a853,,,,,,,,,,,,,,,,,,,,,,,,,,,,,,,,,,,,,,,
227916d8-decd-4873-8533-846579321e40,,,,,,,,,,,,,,,,,,,,,,,,,,,,,,,,,,,,,,,
228221a5-cbb5-4221-a5a2-3cace50ed47b,,,,,,,,,,,,,,,,,,,,,,,,,,,,,,,,,,,,,,,
2289294d-3185-49e1-b43f-04ad3d2841b2,,,,,,,,,,,,,,,,,,,,,,,,,,,,,,,,,,,,,,,
228fd5f7-ed3b-4a2a-9b7e-c9ccca90a03d,,,,,,,,,,,,,,,,,,,,,,,,,,,,,,,,,,,,,,,
22958bf8-b980-4374-9c45-213aa94204d7,,,,,,,,,,,,,,,,,,,,,,,,,,,,,,,,,,,,,,,
229f2491-7b79-4bb9-b545-97e6bc6b89d9,,,,,,,,,,,,,,,,,,,,,,,,,,,,,,,,,,,,,,,
229f6b78-3542-4e7f-bfc0-0e3693367160,,,,,,,,,,,,,,,,,,,,,,,,,,,,,,,,,,,,,,,
22a01401-8b2c-4469-971f-1339c3f848b3,,,,,,,,,,,,,,,,,,,,,,,,,,,,,,,,,,,,,,,
22b9e879-452f-4f01-8466-d979c83c2c01,,,,,,,,,,,,,,,,,,,,,,,,,,,,,,,,,,,,,,,
22bb5a3d-e478-4060-b5af-bcec04741644,,,,,,,,,,,,,,,,,,,,,,,,,,,,,,,,,,,,,,,
22c094b2-fdd5-420a-9039-96157286c32d,,,,,,,,,,,,,,,,,,,,,,,,,,,,,,,,,,,,,,,
22c2c250-09b9-4b4f-bd1e-a436ea5b76da,,,,,,,,,,,,,,,,,,,,,,,,,,,,,,,,,,,,,,,
22c35480-a5f6-4938-8503-e33879fc9e82,,,,,,,,,,,,,,,,,,,,,,,,,,,,,,,,,,,,,,,
22c4d120-b108-432b-ab09-feaff7710d23,,,,,,,,,,,,,,,,,,,,,,,,,,,,,,,,,,,,,,,
22c7aa0c-9d7f-4856-8f36-522f53966c79,,,,,,,,,,,,,,,,,,,,,,,,,,,,,,,,,,,,,,,
22c7df4b-e3e2-4910-a1b5-8a7088bbb893,,,,,,,,,,,,,,,,,,,,,,,,,,,,,,,,,,,,,,,
22dd033f-7839-4fb0-9895-d15551ff9da3,,,,,,,,,,,,,,,,,,,,,,,,,,,,,,,,,,,,,,,
22e3af72-7d3f-4c9f-a9a8-90d29800e743,,,,,,,,,,,,,,,,,,,,,,,,,,,,,,,,,,,,,,,
22e5d9a9-c768-4016-88a3-d55cd96d18e6,,,,,,,,,,,,,,,,,,,,,,,,,,,,,,,,,,,,,,,
22e78f51-bc51-442d-8c7d-29fe6a1c515d,,,,,,,,,,,,,,,,,,,,,,,,,,,,,,,,,,,,,,,
22ed12e8-2c14-460e-9fd7-b88181f2821c,,,,,,,,,,,,,,,,,,,,,,,,,,,,,,,,,,,,,,,
22f29642-efbf-4e8d-bcbe-480a10438afc,,,,,,,,,,,,,,,,,,,,,,,,,,,,,,,,,,,,,,,
22f81aa3-9417-4264-92fd-fa630880d267,,,,,,,,,,,,,,,,,,,,,,,,,,,,,,,,,,,,,,,
22fd2b6e-709f-4787-a158-32e0b842534a,,,,,,,,,,,,,,,,,,,,,,,,,,,,,,,,,,,,,,,
2302be98-518c-46d3-97e1-632de078f1ee,,,,,,,,,,,,,,,,,,,,,,,,,,,,,,,,,,,,,,,
230764b4-69fe-49ce-957e-d01e52547e50,,,,,,,,,,,,,,,,,,,,,,,,,,,,,,,,,,,,,,,
230987a1-0bd4-4df0-a6d9-bd0e438c2ef8,,,,,,,,,,,,,,,,,,,,,,,,,,,,,,,,,,,,,,,
23122b2c-1c7c-48b8-80f6-f0c8ff3964b6,,,,,,,,,,,,,,,,,,,,,,,,,,,,,,,,,,,,,,,
23172247-1e8c-46ad-886d-4ca2a5912d21,,,,,,,,,,,,,,,,,,,,,,,,,,,,,,,,,,,,,,,
232d7a7d-1106-4687-9424-54794a340f04,,,,,,,,,,,,,,,,,,,,,,,,,,,,,,,,,,,,,,,
232e68b7-4601-403c-89c9-23969d3d9310,,,,,,,,,,,,,,,,,,,,,,,,,,,,,,,,,,,,,,,
2337b4a9-c503-4264-826a-efe5c50ae6bd,,,,,,,,,,,,,,,,,,,,,,,,,,,,,,,,,,,,,,,
233e5050-22e4-4948-87df-b0216416ff88,,,,,,,,,,,,,,,,,,,,,,,,,,,,,,,,,,,,,,,
233ed786-80d2-492f-8eb1-0ba00a110471,,,,,,,,,,,,,,,,,,,,,,,,,,,,,,,,,,,,,,,
23417957-aa18-4167-8727-0afe475946c1,,,,,,,,,,,,,,,,,,,,,,,,,,,,,,,,,,,,,,,
2348eadf-77bd-48c9-af2c-edbf64b10c2b,,,,,,,,,,,,,,,,,,,,,,,,,,,,,,,,,,,,,,,
23494bc8-75f5-4739-9cbf-7e0c092ba02d,,,,,,,,,,,,,,,,,,,,,,,,,,,,,,,,,,,,,,,
23498374-4ca4-402d-8412-6ef390f34726,,,,,,,,,,,,,,,,,,,,,,,,,,,,,,,,,,,,,,,
234bcc18-4ee8-45ba-83db-0be9ab85eeac,,,,,,,,,,,,,,,,,,,,,,,,,,,,,,,,,,,,,,,
234cd8e3-6f36-4be6-8220-cdcf89e64882,,,,,,,,,,,,,,,,,,,,,,,,,,,,,,,,,,,,,,,
234cf1c2-84b5-4a37-9633-c194a6b254f1,,,,,,,,,,,,,,,,,,,,,,,,,,,,,,,,,,,,,,,
235427de-f781-477d-956e-cd79b51f3e16,,,,,,,,,,,,,,,,,,,,,,,,,,,,,,,,,,,,,,,
235dc348-cccd-41c9-9937-36e8f15f5c6b,,,,,,,,,,,,,,,,,,,,,,,,,,,,,,,,,,,,,,,
2363194c-df87-4f93-96dc-ebcd54d1ed5c,,,,,,,,,,,,,,,,,,,,,,,,,,,,,,,,,,,,,,,
23665cca-2348-4794-b620-07922c49c9c1,,,,,,,,,,,,,,,,,,,,,,,,,,,,,,,,,,,,,,,
236b6302-5b4a-4c57-929a-a747aff70a02,,,,,,,,,,,,,,,,,,,,,,,,,,,,,,,,,,,,,,,
236b9c36-9be9-48b8-87d7-2e44d7ae6dd4,,,,,,,,,,,,,,,,,,,,,,,,,,,,,,,,,,,,,,,
236cbff4-a3cd-4330-82f0-244c6c7d8e83,,,,,,,,,,,,,,,,,,,,,,,,,,,,,,,,,,,,,,,
236d87fa-f166-47a8-80c3-ce8181ea167c,,,,,,,,,,,,,,,,,,,,,,,,,,,,,,,,,,,,,,,
236f2f5c-f0a1-43a7-8711-9e9db3110406,,,,,,,,,,,,,,,,,,,,,,,,,,,,,,,,,,,,,,,
237424aa-4d37-4316-a7fc-0a24019340c7,,,,,,,,,,,,,,,,,,,,,,,,,,,,,,,,,,,,,,,
237ce396-5482-4312-8069-05216cae2559,,,,,,,,,,,,,,,,,,,,,,,,,,,,,,,,,,,,,,,
2385b931-989e-4052-9271-18142a1ee97a,,,,,,,,,,,,,,,,,,,,,,,,,,,,,,,,,,,,,,,
23886ad6-80ed-408c-9e00-38440a6343fa,,,,,,,,,,,,,,,,,,,,,,,,,,,,,,,,,,,,,,,
2388d9ad-5522-4472-916a-9699d06aea76,,,,,,,,,,,,,,,,,,,,,,,,,,,,,,,,,,,,,,,
23909833-ffa2-4f38-ac85-28d8eeedb37d,,,,,,,,,,,,,,,,,,,,,,,,,,,,,,,,,,,,,,,
23920c31-0664-4f99-96df-81f932489f96,,,,,,,,,,,,,,,,,,,,,,,,,,,,,,,,,,,,,,,
23947a54-e749-4676-9e69-0d0b60e2d70c,,,,,,,,,,,,,,,,,,,,,,,,,,,,,,,,,,,,,,,
239a066e-752c-4c14-a27b-a0fa35410bbb,,,,,,,,,,,,,,,,,,,,,,,,,,,,,,,,,,,,,,,
239b77d0-e783-4ef4-91c3-dcaf54bbeba2,,,,,,,,,,,,,,,,,,,,,,,,,,,,,,,,,,,,,,,
23a36cfb-9696-4f41-93b1-7088a93040b2,,,,,,,,,,,,,,,,,,,,,,,,,,,,,,,,,,,,,,,
23a6b91f-4770-4df4-abf0-d851b48c0051,,,,,,,,,,,,,,,,,,,,,,,,,,,,,,,,,,,,,,,
23adbb7f-4527-41bc-b727-059aea31d785,,,,,,,,,,,,,,,,,,,,,,,,,,,,,,,,,,,,,,,
23bce86e-45e6-4295-8074-8d88932e1bed,,,,,,,,,,,,,,,,,,,,,,,,,,,,,,,,,,,,,,,
23be5125-cea2-4aab-8c14-e5868ba145c0,,,,,,,,,,,,,,,,,,,,,,,,,,,,,,,,,,,,,,,
23bff2fb-89fb-4214-bb52-69d798e5ea7c,,,,,,,,,,,,,,,,,,,,,,,,,,,,,,,,,,,,,,,
23c25bf4-fdaf-4945-89e7-151209ffd79f,,,,,,,,,,,,,,,,,,,,,,,,,,,,,,,,,,,,,,,
23ccd36e-2fe0-4a8b-8504-17040b0e009d,,,,,,,,,,,,,,,,,,,,,,,,,,,,,,,,,,,,,,,
23d51efc-ed29-4757-a6d1-285a6914c4b8,,,,,,,,,,,,,,,,,,,,,,,,,,,,,,,,,,,,,,,
23ebbead-1c38-4103-952d-31cce6801c0c,,,,,,,,,,,,,,,,,,,,,,,,,,,,,,,,,,,,,,,
23ee3717-702b-4154-a75a-eae0b104263f,,,,,,,,,,,,,,,,,,,,,,,,,,,,,,,,,,,,,,,
23efaf16-d965-49f5-9a6e-d669136692be,,,,,,,,,,,,,,,,,,,,,,,,,,,,,,,,,,,,,,,
240c0aef-39fc-4cb5-9b19-73767e5062fd,,,,,,,,,,,,,,,,,,,,,,,,,,,,,,,,,,,,,,,
240dae8c-8d64-42b5-8f8d-58106125c265,,,,,,,,,,,,,,,,,,,,,,,,,,,,,,,,,,,,,,,
2412c1fe-6148-4c4c-913b-2aa3f19d3161,,,,,,,,,,,,,,,,,,,,,,,,,,,,,,,,,,,,,,,
241fbadc-5b73-4b2a-8c88-0147427a2adf,,,,,,,,,,,,,,,,,,,,,,,,,,,,,,,,,,,,,,,
242c08e3-65f3-415a-bff7-44c5bd9fcf93,,,,,,,,,,,,,,,,,,,,,,,,,,,,,,,,,,,,,,,
242d69a2-ba2c-476c-8319-bc176ac6c819,,,,,,,,,,,,,,,,,,,,,,,,,,,,,,,,,,,,,,,
243d78f9-476f-4fd9-94cf-cedc87c12c62,,,,,,,,,,,,,,,,,,,,,,,,,,,,,,,,,,,,,,,
24465d7d-e7eb-40af-b838-a1e370887cfe,,,,,,,,,,,,,,,,,,,,,,,,,,,,,,,,,,,,,,,
245844b5-10e1-408c-b691-1ac11145a286,,,,,,,,,,,,,,,,,,,,,,,,,,,,,,,,,,,,,,,
245916ba-0346-45a7-abff-4cd9e13fbb7c,,,,,,,,,,,,,,,,,,,,,,,,,,,,,,,,,,,,,,,
24619efb-9263-43a9-a0d8-aad7dbbb465c,,,,,,,,,,,,,,,,,,,,,,,,,,,,,,,,,,,,,,,
2468ff66-fcf3-483a-90e4-1fd994d8b1e3,,,,,,,,,,,,,,,,,,,,,,,,,,,,,,,,,,,,,,,
246fac16-786e-4bb6-a60c-4c5f6d53e805,,,,,,,,,,,,,,,,,,,,,,,,,,,,,,,,,,,,,,,
247033cd-9a59-4011-bb90-92d10d4a7dbf,,,,,,,,,,,,,,,,,,,,,,,,,,,,,,,,,,,,,,,
247a3f54-ea5f-45df-9caa-8b265ea32577,,,,,,,,,,,,,,,,,,,,,,,,,,,,,,,,,,,,,,,
247ad8f4-d1ed-4a7f-a2d5-9de50e675762,,,,,,,,,,,,,,,,,,,,,,,,,,,,,,,,,,,,,,,
247b651d-3ef0-4844-a31f-478f74351c93,,,,,,,,,,,,,,,,,,,,,,,,,,,,,,,,,,,,,,,
2488fca6-ec50-4867-b0ce-d1318402df1a,,,,,,,,,,,,,,,,,,,,,,,,,,,,,,,,,,,,,,,
249676ab-6c92-4c0b-9416-e003a5104bb3,,,,,,,,,,,,,,,,,,,,,,,,,,,,,,,,,,,,,,,
249a38fd-fad8-45d0-8b83-95ed0cc1e6b9,,,,,,,,,,,,,,,,,,,,,,,,,,,,,,,,,,,,,,,
24a102b0-7330-4ad9-ac8d-9b0db3564f3e,,,,,,,,,,,,,,,,,,,,,,,,,,,,,,,,,,,,,,,
24a80565-d36c-47d9-ab9e-093282dff1e4,google,1.0,1.0,,,,,,,,,,,,,,,,,,,,,,,,,,,,,,,,,,,,
24aacc20-aa93-44ae-bb77-433d806bf0f6,,,,,,,,,,,,,,,,,,,,,,,,,,,,,,,,,,,,,,,
24bb73f7-d1aa-4cb1-9f67-343b3ff51292,,,,,,,,,,,,,,,,,,,,,,,,,,,,,,,,,,,,,,,
24cacbc6-244e-4020-b310-3fbc7ab581eb,,,,,,,,,,,,,,,,,,,,,,,,,,,,,,,,,,,,,,,
24d3a2ad-1ccc-463a-9455-52ef4642e922,,,,,,,,,,,,,,,,,,,,,,,,,,,,,,,,,,,,,,,
24d962e5-6445-4af5-bb00-74e7d30d3b27,,,,,,,,,,,,,,,,,,,,,,,,,,,,,,,,,,,,,,,
24da5879-3677-4f8c-b4aa-02dbcfa37784,,,,,,,,,,,,,,,,,,,,,,,,,,,,,,,,,,,,,,,
24e6fb04-4e22-4b4b-b62f-1ea8f6056218,,,,,,,,,,,,,,,,,,,,,,,,,,,,,,,,,,,,,,,
24e767ad-9a68-4884-a6cf-535d48714a2b,,,,,,,,,,,,,,,,,,,,,,,,,,,,,,,,,,,,,,,
24f44836-85da-4745-b698-b85447e43a89,,,,,,,,,,,,,,,,,,,,,,,,,,,,,,,,,,,,,,,
24f5f726-6611-4ae1-8d31-d992cfc1e7be,,,,,,,,,,,,,,,,,,,,,,,,,,,,,,,,,,,,,,,
24fcfc1b-2009-48d1-a230-30ee52f94b11,,,,,,,,,,,,,,,,,,,,,,,,,,,,,,,,,,,,,,,
2509c06b-5bfa-4d43-b728-a44718742494,,,,,,,,,,,,,,,,,,,,,,,,,,,,,,,,,,,,,,,
250ade65-419e-435d-b4ec-67ef1272a55a,,,,,,,,,,,,,,,,,,,,,,,,,,,,,,,,,,,,,,,
250c145e-fc90-423b-a901-2c50d9b4b82f,disney,1.0,1.0,,,,,,,,,,,,,,,,,,,,,,,,,,,,,,,,,,,,
250e5358-c363-41c4-8661-7e931383e6d5,digicert,1.0,1.0,,,,,,,,,,,,,,,,,,,,,,,,,,,,,,,,,,,,
2511c809-9f09-4f8f-b317-839e362a5e90,,,,,,,,,,,,,,,,,,,,,,,,,,,,,,,,,,,,,,,
2516a1ed-bfea-4682-8b60-813428c7fb55,,,,,,,,,,,,,,,,,,,,,,,,,,,,,,,,,,,,,,,
2516d81f-161d-40a3-a996-b4102eaa5413,,,,,,,,,,,,,,,,,,,,,,,,,,,,,,,,,,,,,,,
251d517a-242e-4d13-805a-162a9e201178,,,,,,,,,,,,,,,,,,,,,,,,,,,,,,,,,,,,,,,
25225526-3ca2-4812-9120-9bb0bace94a3,,,,,,,,,,,,,,,,,,,,,,,,,,,,,,,,,,,,,,,
252ef15c-4c1a-4437-a622-0e82bf3bb3fc,,,,,,,,,,,,,,,,,,,,,,,,,,,,,,,,,,,,,,,
2533bf97-bef3-4940-a0ed-f75307da0741,dynatrace,1.0,1.0,,,,,,,,,,,,,,,,,,,,,,,,,,,,,,,,,,,,
25345657-8e06-460a-add8-a32f0ae7abd7,,,,,,,,,,,,,,,,,,,,,,,,,,,,,,,,,,,,,,,
253fb893-0667-49fd-aa6e-7619f02eced7,,,,,,,,,,,,,,,,,,,,,,,,,,,,,,,,,,,,,,,
2541ce60-4754-41b1-960c-3959172cc68e,,,,,,,,,,,,,,,,,,,,,,,,,,,,,,,,,,,,,,,
2555606a-deb3-402d-b8ee-7a53a5be433b,,,,,,,,,,,,,,,,,,,,,,,,,,,,,,,,,,,,,,,
2555de33-0fc7-4ede-9617-48bb670dc586,,,,,,,,,,,,,,,,,,,,,,,,,,,,,,,,,,,,,,,
2560f3c0-49ec-43ec-ba1c-6d1c0ca432d1,,,,,,,,,,,,,,,,,,,,,,,,,,,,,,,,,,,,,,,
25641bb6-2bdd-47d4-a77e-0ade8b7eb728,,,,,,,,,,,,,,,,,,,,,,,,,,,,,,,,,,,,,,,
256db7da-1e38-45ee-8374-a37f552abe6c,,,,,,,,,,,,,,,,,,,,,,,,,,,,,,,,,,,,,,,
257299fd-da6d-4ceb-bb64-fb7a33bcc36a,,,,,,,,,,,,,,,,,,,,,,,,,,,,,,,,,,,,,,,
25834022-bff7-4cb2-be7d-749706ad8734,,,,,,,,,,,,,,,,,,,,,,,,,,,,,,,,,,,,,,,
25881816-faba-4c93-a7ee-32b67b5bb673,,,,,,,,,,,,,,,,,,,,,,,,,,,,,,,,,,,,,,,
25895a41-0bcf-4217-a41b-bd49e0bbfc0d,,,,,,,,,,,,,,,,,,,,,,,,,,,,,,,,,,,,,,,
25958dd7-e5bb-48eb-bf1c-26583534f819,,,,,,,,,,,,,,,,,,,,,,,,,,,,,,,,,,,,,,,
2597d341-507f-4080-acaa-2ef48a40e620,,,,,,,,,,,,,,,,,,,,,,,,,,,,,,,,,,,,,,,
25a6b4f6-053b-4fba-b9f5-8ea13844f327,,,,,,,,,,,,,,,,,,,,,,,,,,,,,,,,,,,,,,,
25a6f803-85c3-4f03-aae6-8b9e14612b22,,,,,,,,,,,,,,,,,,,,,,,,,,,,,,,,,,,,,,,
25ab92d8-3dcf-4b32-9ee2-d9d416d6cb47,,,,,,,,,,,,,,,,,,,,,,,,,,,,,,,,,,,,,,,
25adb93a-91ee-4fec-96a8-a0935bf834cf,,,,,,,,,,,,,,,,,,,,,,,,,,,,,,,,,,,,,,,
25b058d0-ae35-4e0f-8cb4-cff2aff8af65,,,,,,,,,,,,,,,,,,,,,,,,,,,,,,,,,,,,,,,
25b46367-b349-43e2-b55a-cc5cb57c9349,,,,,,,,,,,,,,,,,,,,,,,,,,,,,,,,,,,,,,,
25b49e67-b91d-4ada-a371-4a0c43a45d9e,,,,,,,,,,,,,,,,,,,,,,,,,,,,,,,,,,,,,,,
25bbf07c-28a1-4045-af36-d2d38fc8d16d,wikimedia_foundation,1.0,1.0,,,,,,,,,,,,,,,,,,,,,,,,,,,,,,,,,,,,
25bf9418-8e25-44de-947a-2c13962e8e31,,,,,,,,,,,,,,,,,,,,,,,,,,,,,,,,,,,,,,,
25c072f1-6cb3-49b3-8bac-6e07150344e0,,,,,,,,,,,,,,,,,,,,,,,,,,,,,,,,,,,,,,,
25c35c5e-8137-4c5c-ba85-a2f10485bb74,,,,,,,,,,,,,,,,,,,,,,,,,,,,,,,,,,,,,,,
25c40a88-312a-40af-a819-0b134824a4f8,,,,,,,,,,,,,,,,,,,,,,,,,,,,,,,,,,,,,,,
25c57f82-86b6-4036-bcff-0640eba411d4,,,,,,,,,,,,,,,,,,,,,,,,,,,,,,,,,,,,,,,
25cd8d41-a9ef-4cfc-b9e1-17bdf4a30bdc,,,,,,,,,,,,,,,,,,,,,,,,,,,,,,,,,,,,,,,
25cdfd66-968e-473c-9bfa-2d5f9e21f7c2,,,,,,,,,,,,,,,,,,,,,,,,,,,,,,,,,,,,,,,
25d0e8be-486b-4696-aa25-9bd46376268d,,,,,,,,,,,,,,,,,,,,,,,,,,,,,,,,,,,,,,,
25ded548-8be9-4906-8f0e-58539452ba79,,,,,,,,,,,,,,,,,,,,,,,,,,,,,,,,,,,,,,,
25ec6600-6217-4f11-bd6f-c42e96a02005,,,,,,,,,,,,,,,,,,,,,,,,,,,,,,,,,,,,,,,
25f22889-84e9-4cae-827d-4c528d204ba7,salesloft,1.0,1.0,,,,,,,,,,,,,,,,,,,,,,,,,,,,,,,,,,,,
25f45207-d1fe-4d79-9f0b-43f36180bb0a,,,,,,,,,,,,,,,,,,,,,,,,,,,,,,,,,,,,,,,
25f80fdb-b636-441d-a5c3-dec614d2f1c2,,,,,,,,,,,,,,,,,,,,,,,,,,,,,,,,,,,,,,,
25f926f0-d73e-4e04-a36f-87417e5433fc,,,,,,,,,,,,,,,,,,,,,,,,,,,,,,,,,,,,,,,
25fc1532-ca1d-41a3-b109-5b54e5dc50d1,,,,,,,,,,,,,,,,,,,,,,,,,,,,,,,,,,,,,,,
25fec901-d12f-46ac-a2f7-2c1588af8782,,,,,,,,,,,,,,,,,,,,,,,,,,,,,,,,,,,,,,,
260056b6-b74c-4299-9096-1454e878afea,,,,,,,,,,,,,,,,,,,,,,,,,,,,,,,,,,,,,,,
26027049-1054-4b47-990a-7f4713a4a198,,,,,,,,,,,,,,,,,,,,,,,,,,,,,,,,,,,,,,,
260ab87f-7565-40ce-beb3-96bbf5fdc9a0,,,,,,,,,,,,,,,,,,,,,,,,,,,,,,,,,,,,,,,
261a6ef6-6e3f-42a3-bd63-703264f57384,,,,,,,,,,,,,,,,,,,,,,,,,,,,,,,,,,,,,,,
26281166-74cf-410d-abe9-4db6a1200843,,,,,,,,,,,,,,,,,,,,,,,,,,,,,,,,,,,,,,,
262c3cdb-b1fd-4220-89de-6eca1d3cfe71,,,,,,,,,,,,,,,,,,,,,,,,,,,,,,,,,,,,,,,
262f4652-4b74-4a5f-ba22-a7f6d5ec7881,,,,,,,,,,,,,,,,,,,,,,,,,,,,,,,,,,,,,,,
2639b0d4-6498-41b2-ab96-69048a0900cc,,,,,,,,,,,,,,,,,,,,,,,,,,,,,,,,,,,,,,,
2648f418-c355-4458-9be6-83bba9984db8,,,,,,,,,,,,,,,,,,,,,,,,,,,,,,,,,,,,,,,
26494ee3-4e05-4e29-83eb-34fbc592a119,,,,,,,,,,,,,,,,,,,,,,,,,,,,,,,,,,,,,,,
264d671a-d1f6-43d5-9d24-5c14b5c96224,,,,,,,,,,,,,,,,,,,,,,,,,,,,,,,,,,,,,,,
26519e0e-79a0-4462-b792-d8e817342ebd,,,,,,,,,,,,,,,,,,,,,,,,,,,,,,,,,,,,,,,
2655b64c-0110-49d8-bf12-b2461ee771a8,,,,,,,,,,,,,,,,,,,,,,,,,,,,,,,,,,,,,,,
265750ae-b16a-492b-9a3d-913b6ef16c87,,,,,,,,,,,,,,,,,,,,,,,,,,,,,,,,,,,,,,,
2663c0bd-3c1b-4ddb-8564-a4e38089f04c,,,,,,,,,,,,,,,,,,,,,,,,,,,,,,,,,,,,,,,
266a8e7b-da8d-47e1-a527-7112d1a0b0cd,,,,,,,,,,,,,,,,,,,,,,,,,,,,,,,,,,,,,,,
26759b6b-42a0-4e96-a140-af6402236eb5,,,,,,,,,,,,,,,,,,,,,,,,,,,,,,,,,,,,,,,
2675a070-5aad-48e5-a833-c22d6f80dd7c,,,,,,,,,,,,,,,,,,,,,,,,,,,,,,,,,,,,,,,
2675ffef-35b1-4454-80db-af34ed4c3a33,,,,,,,,,,,,,,,,,,,,,,,,,,,,,,,,,,,,,,,
2678a8b5-4e02-4eeb-abea-85ab0601cbaf,statcounter,1.0,1.0,,,,,,,,,,,,,,,,,,,,,,,,,,,,,,,,,,,,
267b1a0b-d035-41c9-8e62-b8e85476d390,,,,,,,,,,,,,,,,,,,,,,,,,,,,,,,,,,,,,,,
268684de-8928-4835-a35d-2091fb98703d,,,,,,,,,,,,,,,,,,,,,,,,,,,,,,,,,,,,,,,
2686f83a-84fe-4691-8ada-6393af857b90,twilio,1.0,1.0,,,,,,,,,,,,,,,,,,,,,,,,,,,,,,,,,,,,
2686f9b2-f150-4501-94f8-172d28e3b838,,,,,,,,,,,,,,,,,,,,,,,,,,,,,,,,,,,,,,,
2688fa19-8598-460d-b0a0-bec0ed7d2768,,,,,,,,,,,,,,,,,,,,,,,,,,,,,,,,,,,,,,,
26892f76-a33a-4d30-892b-fabfc5806d7c,,,,,,,,,,,,,,,,,,,,,,,,,,,,,,,,,,,,,,,
26975bbd-8a04-411f-a0f6-edaedfe3b0cd,,,,,,,,,,,,,,,,,,,,,,,,,,,,,,,,,,,,,,,
269ff93d-1658-44c6-9e07-60150e979fbe,,,,,,,,,,,,,,,,,,,,,,,,,,,,,,,,,,,,,,,
26a25b9f-1bf9-4a28-853c-22aa6df71c26,,,,,,,,,,,,,,,,,,,,,,,,,,,,,,,,,,,,,,,
26a2d6ce-8e81-47b1-b74f-59bd79ab56fb,,,,,,,,,,,,,,,,,,,,,,,,,,,,,,,,,,,,,,,
26ab86f7-0005-42ff-83b0-f908e17b9a23,,,,,,,,,,,,,,,,,,,,,,,,,,,,,,,,,,,,,,,
26b3c4f9-8237-43dc-808d-41b1f326bad4,,,,,,,,,,,,,,,,,,,,,,,,,,,,,,,,,,,,,,,
26b6d1cd-4ac3-4fbe-832c-6374477e6c9a,,,,,,,,,,,,,,,,,,,,,,,,,,,,,,,,,,,,,,,
26bcb612-6b9b-4245-9465-0e4b799748c8,,,,,,,,,,,,,,,,,,,,,,,,,,,,,,,,,,,,,,,
26bf054e-5ea6-4ea7-9b89-4e9e62dabb37,,,,,,,,,,,,,,,,,,,,,,,,,,,,,,,,,,,,,,,
26c189ab-f400-470f-aa67-e793404153e3,,,,,,,,,,,,,,,,,,,,,,,,,,,,,,,,,,,,,,,
26c23707-8306-4bea-8560-f85eca259221,,,,,,,,,,,,,,,,,,,,,,,,,,,,,,,,,,,,,,,
26c2b152-ae09-4c2f-8e3d-0c6d675e1275,,,,,,,,,,,,,,,,,,,,,,,,,,,,,,,,,,,,,,,
26c79083-c6e3-402c-b3e1-debc0efdbb98,,,,,,,,,,,,,,,,,,,,,,,,,,,,,,,,,,,,,,,
26c8e0d5-748f-47b3-b97e-5f6a2767fe19,,,,,,,,,,,,,,,,,,,,,,,,,,,,,,,,,,,,,,,
26ccfcf5-fe65-4bf8-94a8-1cddf15c606a,,,,,,,,,,,,,,,,,,,,,,,,,,,,,,,,,,,,,,,
26d5e2c6-33e4-4fcc-947f-39408a792565,,,,,,,,,,,,,,,,,,,,,,,,,,,,,,,,,,,,,,,
26d6e42c-fd82-4151-ab94-42433142d41d,,,,,,,,,,,,,,,,,,,,,,,,,,,,,,,,,,,,,,,
26d9bcef-7366-4c76-b794-8f094d18c067,,,,,,,,,,,,,,,,,,,,,,,,,,,,,,,,,,,,,,,
26de50ab-f439-43aa-b0af-aec0e127ac2d,,,,,,,,,,,,,,,,,,,,,,,,,,,,,,,,,,,,,,,
26df17d4-be8e-43de-8460-2cb12295a1d9,dmm.r18,1.0,1.0,,,,,,,,,,,,,,,,,,,,,,,,,,,,,,,,,,,,
26e3c453-67c3-462d-9bd1-4b3a1fe2473c,,,,,,,,,,,,,,,,,,,,,,,,,,,,,,,,,,,,,,,
26e5b682-8cab-4ba1-9da8-239b190d2110,,,,,,,,,,,,,,,,,,,,,,,,,,,,,,,,,,,,,,,
26ec312a-cf6b-49e0-bed5-4236f96e6bc1,,,,,,,,,,,,,,,,,,,,,,,,,,,,,,,,,,,,,,,
26eccbc4-02fd-4136-81c8-bf73f82e327e,wikimedia_foundation,1.0,1.0,,,,,,,,,,,,,,,,,,,,,,,,,,,,,,,,,,,,
26f31112-5995-4b0a-893a-a83289e5a765,,,,,,,,,,,,,,,,,,,,,,,,,,,,,,,,,,,,,,,
26f3eb08-050c-46ed-be7a-ccbd9ae29985,,,,,,,,,,,,,,,,,,,,,,,,,,,,,,,,,,,,,,,
26f5eb82-6bdf-4bdf-93f0-f7ee2b3f7f13,,,,,,,,,,,,,,,,,,,,,,,,,,,,,,,,,,,,,,,
26fed8fc-ab98-4d79-9736-60b2af3bb20d,,,,,,,,,,,,,,,,,,,,,,,,,,,,,,,,,,,,,,,
27000476-f316-42bf-b5f4-786bc43c956c,,,,,,,,,,,,,,,,,,,,,,,,,,,,,,,,,,,,,,,
271ff116-f296-40c8-a62e-0f6d65bfad75,,,,,,,,,,,,,,,,,,,,,,,,,,,,,,,,,,,,,,,
27279849-1f13-4c0a-ac14-5121925ae81a,,,,,,,,,,,,,,,,,,,,,,,,,,,,,,,,,,,,,,,
272aaf56-ff64-49f6-933e-29862f2f7cfa,,,,,,,,,,,,,,,,,,,,,,,,,,,,,,,,,,,,,,,
27348455-df31-4e25-b4ce-318c61dd93a5,naver,1.0,1.0,,,,,,,,,,,,,,,,,,,,,,,,,,,,,,,,,,,,
273a2f3f-5183-426d-9e14-4b2f6ec6eaab,,,,,,,,,,,,,,,,,,,,,,,,,,,,,,,,,,,,,,,
273c1eb3-d398-4f14-9fd3-b32b4ea16cca,,,,,,,,,,,,,,,,,,,,,,,,,,,,,,,,,,,,,,,
2740a7e3-1f59-48cc-924d-7abf4fda1dcb,ipinfo.io,1.0,1.0,,,,,,,,,,,,,,,,,,,,,,,,,,,,,,,,,,,,
275015f4-b996-4f68-8687-cc4c76f86ef2,,,,,,,,,,,,,,,,,,,,,,,,,,,,,,,,,,,,,,,
275da795-2581-4a92-b1e4-59c2875e8fb8,,,,,,,,,,,,,,,,,,,,,,,,,,,,,,,,,,,,,,,
275f85d1-1844-401b-bb70-cb0717ac32e4,,,,,,,,,,,,,,,,,,,,,,,,,,,,,,,,,,,,,,,
276533af-086f-484f-bc0f-55b6e79f3367,,,,,,,,,,,,,,,,,,,,,,,,,,,,,,,,,,,,,,,
27695574-d2ff-4b75-b210-9c29b90b32da,,,,,,,,,,,,,,,,,,,,,,,,,,,,,,,,,,,,,,,
2770a230-5b44-4b78-b933-b5dc4c192da1,,,,,,,,,,,,,,,,,,,,,,,,,,,,,,,,,,,,,,,
27758895-6a91-4521-b5b5-35dbe05f3a66,,,,,,,,,,,,,,,,,,,,,,,,,,,,,,,,,,,,,,,
2776af70-4434-4ced-9b31-510bf374f676,,,,,,,,,,,,,,,,,,,,,,,,,,,,,,,,,,,,,,,
277a1a5e-1e25-4ce8-8ab1-4e10a270dadf,,,,,,,,,,,,,,,,,,,,,,,,,,,,,,,,,,,,,,,
277c2660-254e-45c3-bff0-fd206c26cbfc,,,,,,,,,,,,,,,,,,,,,,,,,,,,,,,,,,,,,,,
277e7ba9-4390-4a3c-b531-417c62e11766,,,,,,,,,,,,,,,,,,,,,,,,,,,,,,,,,,,,,,,
27816678-f957-47d9-bf83-83960e502169,,,,,,,,,,,,,,,,,,,,,,,,,,,,,,,,,,,,,,,
27848cc4-ce15-4b46-bfdf-0b7dabe6368e,,,,,,,,,,,,,,,,,,,,,,,,,,,,,,,,,,,,,,,
278b3ec1-557c-4529-b454-24ad4ba01e4c,sendsay,1.0,1.0,,,,,,,,,,,,,,,,,,,,,,,,,,,,,,,,,,,,
278b4c1d-41c5-41d4-8550-a63e1976b640,,,,,,,,,,,,,,,,,,,,,,,,,,,,,,,,,,,,,,,
278cda26-6341-432a-a388-a142c0d8525e,,,,,,,,,,,,,,,,,,,,,,,,,,,,,,,,,,,,,,,
279238ff-65d2-47d5-9795-87caf22dca39,,,,,,,,,,,,,,,,,,,,,,,,,,,,,,,,,,,,,,,
2797100a-2b15-4d59-8f79-c3615e5b0c37,,,,,,,,,,,,,,,,,,,,,,,,,,,,,,,,,,,,,,,
279782c2-7fab-45cb-9c08-dde979a41a3a,,,,,,,,,,,,,,,,,,,,,,,,,,,,,,,,,,,,,,,
279abb1f-902a-4d57-a2d8-71180f9c6aff,,,,,,,,,,,,,,,,,,,,,,,,,,,,,,,,,,,,,,,
27a33d99-5954-44b3-a392-d3c4940740b9,,,,,,,,,,,,,,,,,,,,,,,,,,,,,,,,,,,,,,,
27a98801-6703-46cd-8a8b-eb079560ccb8,,,,,,,,,,,,,,,,,,,,,,,,,,,,,,,,,,,,,,,
27acaee9-de77-477a-a390-7e28e8c992ea,,,,,,,,,,,,,,,,,,,,,,,,,,,,,,,,,,,,,,,
27b59efe-c2ec-468e-a4f0-f9dc7b797f62,,,,,,,,,,,,,,,,,,,,,,,,,,,,,,,,,,,,,,,
27b8fd73-97cb-4f67-8d94-2b3079e5fffb,,,,,,,,,,,,,,,,,,,,,,,,,,,,,,,,,,,,,,,
27cc8065-84b5-4d0f-aa90-ab310be42905,,,,,,,,,,,,,,,,,,,,,,,,,,,,,,,,,,,,,,,
27ccf469-728c-453f-93a3-fa6cc3423f75,,,,,,,,,,,,,,,,,,,,,,,,,,,,,,,,,,,,,,,
27cd09e0-10c0-4cb8-b333-eeb82060d59e,,,,,,,,,,,,,,,,,,,,,,,,,,,,,,,,,,,,,,,
27cfe2df-3104-433b-9248-8b9a80f78b8b,,,,,,,,,,,,,,,,,,,,,,,,,,,,,,,,,,,,,,,
27da9549-ef4d-4948-ae4d-28fb861b4f6d,,,,,,,,,,,,,,,,,,,,,,,,,,,,,,,,,,,,,,,
27e22758-22de-4dbe-82c6-50a2b08339ed,,,,,,,,,,,,,,,,,,,,,,,,,,,,,,,,,,,,,,,
27e52975-fb7b-4650-9412-2da44e32ab77,microsoft,1.0,1.0,,,,,,,,,,,,,,,,,,,,,,,,,,,,,,,,,,,,
27e6386c-4dd0-4e8a-9e3d-0d649f9af429,,,,,,,,,,,,,,,,,,,,,,,,,,,,,,,,,,,,,,,
27ea916c-9195-40e4-9418-a5e5e8879504,,,,,,,,,,,,,,,,,,,,,,,,,,,,,,,,,,,,,,,
27f4c84a-7885-4686-9cd2-056ab90c43c4,,,,,,,,,,,,,,,,,,,,,,,,,,,,,,,,,,,,,,,
27f5b006-0db8-4967-bf04-2e58bfe3b6c0,,,,,,,,,,,,,,,,,,,,,,,,,,,,,,,,,,,,,,,
27fce84c-22a4-40ed-b032-4d9a81dde962,,,,,,,,,,,,,,,,,,,,,,,,,,,,,,,,,,,,,,,
2804d8b2-6281-4132-aba0-043572db6888,,,,,,,,,,,,,,,,,,,,,,,,,,,,,,,,,,,,,,,
2809354f-d48f-44b4-aaf5-fc28d64bb399,,,,,,,,,,,,,,,,,,,,,,,,,,,,,,,,,,,,,,,
281e6a88-47e7-47f9-a71b-72dd47eca7ca,,,,,,,,,,,,,,,,,,,,,,,,,,,,,,,,,,,,,,,
2821a259-1c45-43ce-9adc-206c511c923e,,,,,,,,,,,,,,,,,,,,,,,,,,,,,,,,,,,,,,,
2821d63a-61f5-44a2-9c8a-b7c07e700129,,,,,,,,,,,,,,,,,,,,,,,,,,,,,,,,,,,,,,,
28238d5d-4318-4648-9396-b8a25b5409c1,,,,,,,,,,,,,,,,,,,,,,,,,,,,,,,,,,,,,,,
282c7786-8bad-46d0-b1c9-e21499e4ff53,,,,,,,,,,,,,,,,,,,,,,,,,,,,,,,,,,,,,,,
282d4350-bb4e-45e8-9f75-f5cead8a88f0,,,,,,,,,,,,,,,,,,,,,,,,,,,,,,,,,,,,,,,
28313edf-1d16-4d1f-806d-41fe3ca55aa5,,,,,,,,,,,,,,,,,,,,,,,,,,,,,,,,,,,,,,,
284836e5-80c4-46e8-b7b4-99b642d80b8e,digicert,1.0,1.0,,,,,,,,,,,,,,,,,,,,,,,,,,,,,,,,,,,,
2849ce74-4b47-4bfb-ba70-4a0de17df66f,,,,,,,,,,,,,,,,,,,,,,,,,,,,,,,,,,,,,,,
284c55c5-3187-4709-8faf-a530b6d618ed,,,,,,,,,,,,,,,,,,,,,,,,,,,,,,,,,,,,,,,
2850b168-9d29-4a13-8864-29dc908a60ba,,,,,,,,,,,,,,,,,,,,,,,,,,,,,,,,,,,,,,,
2850c215-c2cd-49fa-9014-a8d33ad943ae,,,,,,,,,,,,,,,,,,,,,,,,,,,,,,,,,,,,,,,
2856b93e-ab81-4700-b4b2-cb96019d295e,,,,,,,,,,,,,,,,,,,,,,,,,,,,,,,,,,,,,,,
2864daaf-2a27-4594-8be9-9597bb570343,,,,,,,,,,,,,,,,,,,,,,,,,,,,,,,,,,,,,,,
286ba765-2e1c-4ea0-8c1d-dab5cea62098,,,,,,,,,,,,,,,,,,,,,,,,,,,,,,,,,,,,,,,
2870da1a-86e0-4602-ae6d-e27177e0e08a,,,,,,,,,,,,,,,,,,,,,,,,,,,,,,,,,,,,,,,
287a0c23-d00f-4319-9316-217fa4a90ebd,,,,,,,,,,,,,,,,,,,,,,,,,,,,,,,,,,,,,,,
287c5ab0-fdc1-4282-a9c9-477da115cd1d,,,,,,,,,,,,,,,,,,,,,,,,,,,,,,,,,,,,,,,
287e2d2a-5c1c-4adc-8d84-692ba346734d,,,,,,,,,,,,,,,,,,,,,,,,,,,,,,,,,,,,,,,
287e8e87-71a0-43cd-ab11-667b99710699,,,,,,,,,,,,,,,,,,,,,,,,,,,,,,,,,,,,,,,
288af3ce-08e3-44e9-9c0a-ef6fe34accd1,,,,,,,,,,,,,,,,,,,,,,,,,,,,,,,,,,,,,,,
288cfb57-c443-4313-b06f-c7b9dade598d,,,,,,,,,,,,,,,,,,,,,,,,,,,,,,,,,,,,,,,
288ea5b7-4082-4c89-922a-07bdca0442ae,,,,,,,,,,,,,,,,,,,,,,,,,,,,,,,,,,,,,,,
289fcb0a-a366-490b-8060-f6ce482317f6,,,,,,,,,,,,,,,,,,,,,,,,,,,,,,,,,,,,,,,
28a5c3ac-dd73-43e2-b476-5b968500d6ad,,,,,,,,,,,,,,,,,,,,,,,,,,,,,,,,,,,,,,,
28b958b1-5cc1-4d52-9a2e-67c9e0878ca6,,,,,,,,,,,,,,,,,,,,,,,,,,,,,,,,,,,,,,,
28bfc5ee-0bad-4ba0-ad3a-098f55afa245,,,,,,,,,,,,,,,,,,,,,,,,,,,,,,,,,,,,,,,
28c429c4-6e96-4b66-8fda-d16e14440bfd,,,,,,,,,,,,,,,,,,,,,,,,,,,,,,,,,,,,,,,
28c5e655-d03a-462d-ac71-1b636d32cc97,,,,,,,,,,,,,,,,,,,,,,,,,,,,,,,,,,,,,,,
28c73ef5-0c53-4028-9dfb-09e04527c4d8,,,,,,,,,,,,,,,,,,,,,,,,,,,,,,,,,,,,,,,
28cb6aac-629f-4962-90ec-3a0113aecef5,,,,,,,,,,,,,,,,,,,,,,,,,,,,,,,,,,,,,,,
28d4e83a-e003-4f6d-8273-2d273a8efa60,,,,,,,,,,,,,,,,,,,,,,,,,,,,,,,,,,,,,,,
28d9dd69-8743-4c45-b404-b133efd2b3dd,,,,,,,,,,,,,,,,,,,,,,,,,,,,,,,,,,,,,,,
28e65b49-34ba-49a2-8f52-a618b35d0d9b,,,,,,,,,,,,,,,,,,,,,,,,,,,,,,,,,,,,,,,
28e6b2ad-6a32-4f6a-8e6a-47103dd56fc7,,,,,,,,,,,,,,,,,,,,,,,,,,,,,,,,,,,,,,,
28e7431a-56f0-4ea9-8384-f0db69f78c66,,,,,,,,,,,,,,,,,,,,,,,,,,,,,,,,,,,,,,,
28e7e2b0-1a12-49bb-8ec9-5b48eab04540,,,,,,,,,,,,,,,,,,,,,,,,,,,,,,,,,,,,,,,
28ec42a0-6e25-40ff-9aeb-632fcd6144d4,baidu,1.0,1.0,,,,,,,,,,,,,,,,,,,,,,,,,,,,,,,,,,,,
28f4847c-5ab1-4b3e-8547-5a588a8f6351,,,,,,,,,,,,,,,,,,,,,,,,,,,,,,,,,,,,,,,
28f86055-a630-4385-bc60-a00a1983039b,,,,,,,,,,,,,,,,,,,,,,,,,,,,,,,,,,,,,,,
28f9aa02-49f4-44d2-b6fd-13739c00566f,,,,,,,,,,,,,,,,,,,,,,,,,,,,,,,,,,,,,,,
28fb9b09-f30f-4c5a-86c9-f2ba2c0f8e50,salesforce,1.0,1.0,,,,,,,,,,,,,,,,,,,,,,,,,,,,,,,,,,,,
28fd677f-cb7b-472c-a15f-0b0ca13aa7ad,,,,,,,,,,,,,,,,,,,,,,,,,,,,,,,,,,,,,,,
2904a4db-5210-49f9-8e15-6e8e34dffc76,,,,,,,,,,,,,,,,,,,,,,,,,,,,,,,,,,,,,,,
290a8dd4-6573-4666-bfec-f4594c032483,,,,,,,,,,,,,,,,,,,,,,,,,,,,,,,,,,,,,,,
290f9cd1-00b9-4a10-84a7-3bd1b4dc921c,,,,,,,,,,,,,,,,,,,,,,,,,,,,,,,,,,,,,,,
29112afb-ffd5-42af-a51d-2adc3a72ce31,hubspot,1.0,1.0,,,,,,,,,,,,,,,,,,,,,,,,,,,,,,,,,,,,
291c28cf-0af8-467f-89fb-effff4459356,,,,,,,,,,,,,,,,,,,,,,,,,,,,,,,,,,,,,,,
292ef0cd-0ade-45a3-b4bc-9c4a1f259eb0,,,,,,,,,,,,,,,,,,,,,,,,,,,,,,,,,,,,,,,
292ff0a6-21fe-4926-be50-fddd16dfdf02,,,,,,,,,,,,,,,,,,,,,,,,,,,,,,,,,,,,,,,
293de9ac-6ea1-40a7-a2df-35e772ad76b7,,,,,,,,,,,,,,,,,,,,,,,,,,,,,,,,,,,,,,,
29497062-338f-499f-b004-b72e917f196f,,,,,,,,,,,,,,,,,,,,,,,,,,,,,,,,,,,,,,,
2950e643-70e5-45e4-959b-68e8550da87b,,,,,,,,,,,,,,,,,,,,,,,,,,,,,,,,,,,,,,,
29544f37-84f5-44a7-b36b-514dcc5337f1,,,,,,,,,,,,,,,,,,,,,,,,,,,,,,,,,,,,,,,
2956e93b-beb4-4ff6-a3e9-85355de72785,,,,,,,,,,,,,,,,,,,,,,,,,,,,,,,,,,,,,,,
295bd62a-b897-47ae-87de-97c4bf29bb9c,microsoft,1.0,1.0,,,,,,,,,,,,,,,,,,,,,,,,,,,,,,,,,,,,
295f4ff0-5b22-45d5-a361-e050febd2c30,,,,,,,,,,,,,,,,,,,,,,,,,,,,,,,,,,,,,,,
29647edd-6a0a-46c2-8a5a-b5b8a1a8dd4b,,,,,,,,,,,,,,,,,,,,,,,,,,,,,,,,,,,,,,,
2969091c-391c-4412-93ab-098024e7d0d2,,,,,,,,,,,,,,,,,,,,,,,,,,,,,,,,,,,,,,,
296b4eb1-fae1-480c-a59a-97f4d70f5721,,,,,,,,,,,,,,,,,,,,,,,,,,,,,,,,,,,,,,,
297d05b2-93ad-43dd-ad7c-dff822e770de,,,,,,,,,,,,,,,,,,,,,,,,,,,,,,,,,,,,,,,
29873728-892e-49f9-a5bf-21b933140397,,,,,,,,,,,,,,,,,,,,,,,,,,,,,,,,,,,,,,,
2989aeb0-1040-42f9-95c0-5eac478073f9,,,,,,,,,,,,,,,,,,,,,,,,,,,,,,,,,,,,,,,
298d8863-27ac-4c59-9e10-871f6d09ed7e,,,,,,,,,,,,,,,,,,,,,,,,,,,,,,,,,,,,,,,
2993e0c4-3f74-4482-91e4-e4f811ead515,,,,,,,,,,,,,,,,,,,,,,,,,,,,,,,,,,,,,,,
29a05dcb-3cfd-45cd-8ae3-951321bd261b,,,,,,,,,,,,,,,,,,,,,,,,,,,,,,,,,,,,,,,
29ab4f12-300a-4053-a723-7028d269a887,,,,,,,,,,,,,,,,,,,,,,,,,,,,,,,,,,,,,,,
29b0051c-49eb-449f-91f6-c577809c0da5,,,,,,,,,,,,,,,,,,,,,,,,,,,,,,,,,,,,,,,
29b146db-6597-4f92-9a3c-5af3e558965b,,,,,,,,,,,,,,,,,,,,,,,,,,,,,,,,,,,,,,,
29b28a5d-3059-4732-9e62-346cd8c2c862,,,,,,,,,,,,,,,,,,,,,,,,,,,,,,,,,,,,,,,
29b74d01-5dcf-4946-a89a-e90ca03cdc8b,,,,,,,,,,,,,,,,,,,,,,,,,,,,,,,,,,,,,,,
29bc0707-cefc-44ca-8c18-c4e311d7f867,,,,,,,,,,,,,,,,,,,,,,,,,,,,,,,,,,,,,,,
29c96ec2-c112-4525-afeb-63f1eae01a62,,,,,,,,,,,,,,,,,,,,,,,,,,,,,,,,,,,,,,,
29c9707a-f7e4-4fa8-ac17-22b4d8d9c0c5,,,,,,,,,,,,,,,,,,,,,,,,,,,,,,,,,,,,,,,
29cb10ba-09d9-45aa-bb37-6aed3b84329c,,,,,,,,,,,,,,,,,,,,,,,,,,,,,,,,,,,,,,,
29d2d8d6-9635-4780-b2c9-aa5917416539,,,,,,,,,,,,,,,,,,,,,,,,,,,,,,,,,,,,,,,
29d599bb-9f04-443f-ab98-77a502a506d7,,,,,,,,,,,,,,,,,,,,,,,,,,,,,,,,,,,,,,,
29dad413-bf57-47b8-bfd0-d186bbfe974b,,,,,,,,,,,,,,,,,,,,,,,,,,,,,,,,,,,,,,,
29ea01fe-4450-4be2-8ea5-9e663c33a574,,,,,,,,,,,,,,,,,,,,,,,,,,,,,,,,,,,,,,,
29eb1d34-7828-4f55-be39-a7daf6237f3d,,,,,,,,,,,,,,,,,,,,,,,,,,,,,,,,,,,,,,,
29eea100-7269-42d2-8655-990b3efbe4e7,,,,,,,,,,,,,,,,,,,,,,,,,,,,,,,,,,,,,,,
29f390a6-1873-4d72-a260-2eade0855d52,atlassian,1.0,1.0,,,,,,,,,,,,,,,,,,,,,,,,,,,,,,,,,,,,
29fa15a5-45c9-4183-bac3-a4b0e356011d,,,,,,,,,,,,,,,,,,,,,,,,,,,,,,,,,,,,,,,
29fa9625-fa39-45f5-82f8-d87e2dbdc08b,,,,,,,,,,,,,,,,,,,,,,,,,,,,,,,,,,,,,,,
2a0c7cb3-dc22-4c17-99c2-08b228a83c11,,,,,,,,,,,,,,,,,,,,,,,,,,,,,,,,,,,,,,,
2a0df5bf-4bb2-43f0-a299-225fe20b7ec0,,,,,,,,,,,,,,,,,,,,,,,,,,,,,,,,,,,,,,,
2a15b069-7527-4365-9de3-cbec89d2b505,automattic,1.0,1.0,,,,,,,,,,,,,,,,,,,,,,,,,,,,,,,,,,,,
2a1f07ca-9b3d-4abd-9102-089849cafd0c,,,,,,,,,,,,,,,,,,,,,,,,,,,,,,,,,,,,,,,
2a24aa03-9366-444e-8265-4f12dc3aab34,,,,,,,,,,,,,,,,,,,,,,,,,,,,,,,,,,,,,,,
2a27dbcc-13d5-4698-b3f6-84cd30919bb7,,,,,,,,,,,,,,,,,,,,,,,,,,,,,,,,,,,,,,,
2a3098af-94f6-4193-a545-6013679f8326,,,,,,,,,,,,,,,,,,,,,,,,,,,,,,,,,,,,,,,
2a30fb8c-2f9a-480d-a3a7-ae6da2da3c01,,,,,,,,,,,,,,,,,,,,,,,,,,,,,,,,,,,,,,,
2a3c6737-cf69-4476-8c07-b97ed794cef8,,,,,,,,,,,,,,,,,,,,,,,,,,,,,,,,,,,,,,,
2a3fe8c0-513e-4337-8427-0c2a6574e935,,,,,,,,,,,,,,,,,,,,,,,,,,,,,,,,,,,,,,,
2a417d70-e28a-4cc0-b39c-ff6d835a6a29,,,,,,,,,,,,,,,,,,,,,,,,,,,,,,,,,,,,,,,
2a4c577b-0309-47f8-972e-833ebf2dcb57,,,,,,,,,,,,,,,,,,,,,,,,,,,,,,,,,,,,,,,
2a4f6ccc-6e21-444d-ad23-347a0d6b04de,,,,,,,,,,,,,,,,,,,,,,,,,,,,,,,,,,,,,,,
2a57f944-167b-4071-8295-0fc7e54cb2ad,,,,,,,,,,,,,,,,,,,,,,,,,,,,,,,,,,,,,,,
2a591282-21af-4298-82ab-19ef2abb3d07,,,,,,,,,,,,,,,,,,,,,,,,,,,,,,,,,,,,,,,
2a5b3add-19ab-4045-98a4-2bc5f0054df0,zalando,1.0,1.0,,,,,,,,,,,,,,,,,,,,,,,,,,,,,,,,,,,,
2a5d6325-4cd9-4357-9026-d6a2a10fe8fa,,,,,,,,,,,,,,,,,,,,,,,,,,,,,,,,,,,,,,,
2a5f7ebb-32fe-4382-9a50-25c35ace1814,mntn,1.0,1.0,,,,,,,,,,,,,,,,,,,,,,,,,,,,,,,,,,,,
2a60c966-ddfd-4379-986a-07869931b4a6,,,,,,,,,,,,,,,,,,,,,,,,,,,,,,,,,,,,,,,
2a69f2b9-9f9c-4429-aa54-04c05462cc1a,,,,,,,,,,,,,,,,,,,,,,,,,,,,,,,,,,,,,,,
2a6dd9e0-0062-484e-9ec7-8e32ac509a15,typeform,1.0,1.0,,,,,,,,,,,,,,,,,,,,,,,,,,,,,,,,,,,,
2a75837b-7b29-4584-bf31-6f6c02154b85,,,,,,,,,,,,,,,,,,,,,,,,,,,,,,,,,,,,,,,
2a78d398-ddf2-4f4f-bd74-747ccbea961b,,,,,,,,,,,,,,,,,,,,,,,,,,,,,,,,,,,,,,,
2a7eef33-943e-4c22-9ad4-9d3a0596e1e7,,,,,,,,,,,,,,,,,,,,,,,,,,,,,,,,,,,,,,,
2a7f2cb9-98cf-4f58-a818-7f7b903d77f5,,,,,,,,,,,,,,,,,,,,,,,,,,,,,,,,,,,,,,,
2a8014a0-3983-4aa9-a1e4-1ab5eefffaa4,,,,,,,,,,,,,,,,,,,,,,,,,,,,,,,,,,,,,,,
2a8e64b8-494c-4851-a05c-280447290436,disney,1.0,1.0,,,,,,,,,,,,,,,,,,,,,,,,,,,,,,,,,,,,
2a8ffc3d-5b42-46c4-b691-e62919b7a8c1,,,,,,,,,,,,,,,,,,,,,,,,,,,,,,,,,,,,,,,
2a9689c0-f15e-4d13-a502-71c76cb64545,,,,,,,,,,,,,,,,,,,,,,,,,,,,,,,,,,,,,,,
2aa12284-f76f-4330-9b6b-06d619972a68,,,,,,,,,,,,,,,,,,,,,,,,,,,,,,,,,,,,,,,
2aa4818d-8067-4d95-b3cc-4c10695991b7,,,,,,,,,,,,,,,,,,,,,,,,,,,,,,,,,,,,,,,
2aa5c40d-5828-487c-b91b-7a1aa57dab29,,,,,,,,,,,,,,,,,,,,,,,,,,,,,,,,,,,,,,,
2aa70c9d-48e3-4da6-93e3-752c0d3718c4,,,,,,,,,,,,,,,,,,,,,,,,,,,,,,,,,,,,,,,
2aaa5a63-7428-4ad6-9dd7-eca9c9331d6a,the_new_york_times,1.0,1.0,,,,,,,,,,,,,,,,,,,,,,,,,,,,,,,,,,,,
2aae6b7a-0bbe-4638-a38a-63203001c8d7,,,,,,,,,,,,,,,,,,,,,,,,,,,,,,,,,,,,,,,
2ab29d4f-1f4a-4b1e-85a4-391bcc002c1f,,,,,,,,,,,,,,,,,,,,,,,,,,,,,,,,,,,,,,,
2ab97b65-a80a-4045-a1ce-ca8a90c19dee,,,,,,,,,,,,,,,,,,,,,,,,,,,,,,,,,,,,,,,
2abe3251-083e-4918-8e94-ec4f58841a4b,,,,,,,,,,,,,,,,,,,,,,,,,,,,,,,,,,,,,,,
2ae43edb-8f58-452f-8f17-cb7cc6f9b3b9,,,,,,,,,,,,,,,,,,,,,,,,,,,,,,,,,,,,,,,
2ae60bf6-75fe-4761-984f-de58402cb0c3,,,,,,,,,,,,,,,,,,,,,,,,,,,,,,,,,,,,,,,
2ae76ef6-1fd8-4113-bc63-e8ff523d4ca2,,,,,,,,,,,,,,,,,,,,,,,,,,,,,,,,,,,,,,,
2aebc79f-c22f-4175-8ff7-a0cb480740af,spotify,1.0,1.0,,,,,,,,,,,,,,,,,,,,,,,,,,,,,,,,,,,,
2aebd6e5-b778-46df-af48-48e70499f87d,,,,,,,,,,,,,,,,,,,,,,,,,,,,,,,,,,,,,,,
2aec7e50-c1ae-4efb-8804-2d164a4c89e6,,,,,,,,,,,,,,,,,,,,,,,,,,,,,,,,,,,,,,,
2af29f67-5691-4726-9e6c-2332427bb8ed,,,,,,,,,,,,,,,,,,,,,,,,,,,,,,,,,,,,,,,
2af439a8-12f9-4df9-834c-637a2d20de7c,,,,,,,,,,,,,,,,,,,,,,,,,,,,,,,,,,,,,,,
2af65829-7c61-4ef4-ada9-b16036d2f6c1,,,,,,,,,,,,,,,,,,,,,,,,,,,,,,,,,,,,,,,
2af89e12-a2d0-428e-aacd-bf108506c5a8,,,,,,,,,,,,,,,,,,,,,,,,,,,,,,,,,,,,,,,
2b14dda8-b6a3-4cb2-8f0b-a2c49f9235ae,,,,,,,,,,,,,,,,,,,,,,,,,,,,,,,,,,,,,,,
2b1942b3-fd12-4108-b0a0-f9756cb57c60,,,,,,,,,,,,,,,,,,,,,,,,,,,,,,,,,,,,,,,
2b249d7a-9b49-4db8-89ea-d3e3e39d2616,,,,,,,,,,,,,,,,,,,,,,,,,,,,,,,,,,,,,,,
2b2e7e9e-7f5a-4aac-94dd-1a7d5afb3bf0,,,,,,,,,,,,,,,,,,,,,,,,,,,,,,,,,,,,,,,
2b30236a-7fe0-4279-bce8-39680c392284,,,,,,,,,,,,,,,,,,,,,,,,,,,,,,,,,,,,,,,
2b30cb7d-380c-4411-b322-95923f5ae047,,,,,,,,,,,,,,,,,,,,,,,,,,,,,,,,,,,,,,,
2b34cdf8-e26e-4f4e-bb59-08034aa7e5b0,userway,1.0,1.0,,,,,,,,,,,,,,,,,,,,,,,,,,,,,,,,,,,,
2b394a77-c020-41a8-9b3f-d570074cdc2f,,,,,,,,,,,,,,,,,,,,,,,,,,,,,,,,,,,,,,,
2b3a77f7-b085-4b26-a9cd-3f66b9e2e3b1,,,,,,,,,,,,,,,,,,,,,,,,,,,,,,,,,,,,,,,
2b3c1265-0bfe-4301-9fee-84e9c685608d,,,,,,,,,,,,,,,,,,,,,,,,,,,,,,,,,,,,,,,
2b44b021-42b2-403f-8acd-bd731e5403b1,,,,,,,,,,,,,,,,,,,,,,,,,,,,,,,,,,,,,,,
2b527a75-c9ae-495e-9f5f-45d50f187217,,,,,,,,,,,,,,,,,,,,,,,,,,,,,,,,,,,,,,,
2b57e1fd-651c-485b-a402-9363e7133eb4,,,,,,,,,,,,,,,,,,,,,,,,,,,,,,,,,,,,,,,
2b58dfec-471d-4263-ac77-0836cc5fbc9b,,,,,,,,,,,,,,,,,,,,,,,,,,,,,,,,,,,,,,,
2b6ad0b7-786d-49be-bddb-d2c707196789,vimeo,1.0,1.0,,,,,,,,,,,,,,,,,,,,,,,,,,,,,,,,,,,,
2b7c0fdf-a1e9-4aaf-8ccd-247b7c99a910,,,,,,,,,,,,,,,,,,,,,,,,,,,,,,,,,,,,,,,
2b7d6cdc-c591-4401-b703-32b0cb3710a8,,,,,,,,,,,,,,,,,,,,,,,,,,,,,,,,,,,,,,,
2b81ac96-c1ee-4ced-aa84-1cf21bc3c18e,,,,,,,,,,,,,,,,,,,,,,,,,,,,,,,,,,,,,,,
2b8a426f-7512-4391-94d8-aa6a19532b9a,,,,,,,,,,,,,,,,,,,,,,,,,,,,,,,,,,,,,,,
2b8ae0af-5a00-4bec-9400-c5bea0a634ef,,,,,,,,,,,,,,,,,,,,,,,,,,,,,,,,,,,,,,,
2b907d0a-948a-43ad-9b3a-b724db0221d3,,,,,,,,,,,,,,,,,,,,,,,,,,,,,,,,,,,,,,,
2b911c87-e8d5-4358-92c3-b1e2f61ae0c0,,,,,,,,,,,,,,,,,,,,,,,,,,,,,,,,,,,,,,,
2b94c276-c1e2-4af2-bc6d-b6a01fcf3f03,,,,,,,,,,,,,,,,,,,,,,,,,,,,,,,,,,,,,,,
2b9950da-5c66-4919-8738-7b366968f5de,,,,,,,,,,,,,,,,,,,,,,,,,,,,,,,,,,,,,,,
2ba9534b-d935-4d34-a060-3c016b0e0c6e,,,,,,,,,,,,,,,,,,,,,,,,,,,,,,,,,,,,,,,
2ba9f7c9-e2ad-4717-ae4b-5c821da1aa0c,,,,,,,,,,,,,,,,,,,,,,,,,,,,,,,,,,,,,,,
2bb4e4d1-9b94-4325-917d-7652b6674c6f,,,,,,,,,,,,,,,,,,,,,,,,,,,,,,,,,,,,,,,
2bb6f137-5d2c-420b-aa82-726412f6c63a,,,,,,,,,,,,,,,,,,,,,,,,,,,,,,,,,,,,,,,
2bb956b2-1f7f-4135-aadc-4a0af1582286,,,,,,,,,,,,,,,,,,,,,,,,,,,,,,,,,,,,,,,
2bc25d63-d033-4c91-be1d-f94e60ba386c,,,,,,,,,,,,,,,,,,,,,,,,,,,,,,,,,,,,,,,
2bc4fa1f-39bf-4ea8-a971-6e2a5c24e5b3,,,,,,,,,,,,,,,,,,,,,,,,,,,,,,,,,,,,,,,
2bca8ccf-e785-4dd2-a691-70579eb1b45e,,,,,,,,,,,,,,,,,,,,,,,,,,,,,,,,,,,,,,,
2bd28bd4-8260-4e5e-93ca-9eadda513c81,,,,,,,,,,,,,,,,,,,,,,,,,,,,,,,,,,,,,,,
2be0401e-1fd5-4cf6-bbb7-5c4a6f79bc25,,,,,,,,,,,,,,,,,,,,,,,,,,,,,,,,,,,,,,,
2be46a92-03b3-409d-ae46-195fd59a4baa,,,,,,,,,,,,,,,,,,,,,,,,,,,,,,,,,,,,,,,
2bec89e9-903f-467b-947e-bfd54ec20412,strava,1.0,1.0,,,,,,,,,,,,,,,,,,,,,,,,,,,,,,,,,,,,
2becdeb3-c231-4752-b29b-5f2abed22a1c,,,,,,,,,,,,,,,,,,,,,,,,,,,,,,,,,,,,,,,
2bf08614-e0ee-4ce2-91bc-b9a0d746ded8,,,,,,,,,,,,,,,,,,,,,,,,,,,,,,,,,,,,,,,
2bf1080b-0b14-453a-8fed-79ca2286d745,,,,,,,,,,,,,,,,,,,,,,,,,,,,,,,,,,,,,,,
2bf823da-7657-4cad-86fc-55e2eb93a641,,,,,,,,,,,,,,,,,,,,,,,,,,,,,,,,,,,,,,,
2c07fae3-d479-4731-bc73-1022a0a67899,,,,,,,,,,,,,,,,,,,,,,,,,,,,,,,,,,,,,,,
2c1054bf-e4ab-493e-b83a-87b0f6c773eb,,,,,,,,,,,,,,,,,,,,,,,,,,,,,,,,,,,,,,,
2c160139-7cf3-42a3-8855-ca84c0fd01eb,,,,,,,,,,,,,,,,,,,,,,,,,,,,,,,,,,,,,,,
2c1646eb-ddb7-4f27-9c60-cec47cf620a5,,,,,,,,,,,,,,,,,,,,,,,,,,,,,,,,,,,,,,,
2c25d789-3915-4cde-aea6-87a5c635ff72,,,,,,,,,,,,,,,,,,,,,,,,,,,,,,,,,,,,,,,
2c27a287-beb5-4378-a75c-c29c5f918c3a,,,,,,,,,,,,,,,,,,,,,,,,,,,,,,,,,,,,,,,
2c2a0ec1-746b-4a5c-a8cf-1b26a4004c73,,,,,,,,,,,,,,,,,,,,,,,,,,,,,,,,,,,,,,,
2c30b234-925d-4c9c-93d7-a41fa3ac7cd3,,,,,,,,,,,,,,,,,,,,,,,,,,,,,,,,,,,,,,,
2c32b823-7ca7-4bd4-a17c-cc0b58f1cacc,,,,,,,,,,,,,,,,,,,,,,,,,,,,,,,,,,,,,,,
2c369c64-00d9-4e92-9f5a-51fe5e76755a,,,,,,,,,,,,,,,,,,,,,,,,,,,,,,,,,,,,,,,
2c3aa73f-1e93-4a33-8d1f-9f171f7a91a2,shutterstock_inc,1.0,1.0,,,,,,,,,,,,,,,,,,,,,,,,,,,,,,,,,,,,
2c3c5265-f455-41ec-8e11-019fdfbf416e,,,,,,,,,,,,,,,,,,,,,,,,,,,,,,,,,,,,,,,
2c411b40-9b33-4ea4-bf52-daa0abb61e94,,,,,,,,,,,,,,,,,,,,,,,,,,,,,,,,,,,,,,,
2c4b997b-cbcf-4933-a946-a553ca7430ea,,,,,,,,,,,,,,,,,,,,,,,,,,,,,,,,,,,,,,,
2c4cad5a-dd2c-4a31-aa3f-95673e6d7c86,,,,,,,,,,,,,,,,,,,,,,,,,,,,,,,,,,,,,,,
2c4cecf1-b098-4fe9-a646-2d54534c8521,,,,,,,,,,,,,,,,,,,,,,,,,,,,,,,,,,,,,,,
2c5039cb-b778-4e21-b826-9e017a4764ac,,,,,,,,,,,,,,,,,,,,,,,,,,,,,,,,,,,,,,,
2c5781c7-e2cf-43cd-b47f-77e58463ee0a,,,,,,,,,,,,,,,,,,,,,,,,,,,,,,,,,,,,,,,
2c64a3eb-1f84-4f22-9a7c-faedd826e74f,,,,,,,,,,,,,,,,,,,,,,,,,,,,,,,,,,,,,,,
2c65be2a-d59b-4ec8-84e4-7b02c7fe4c81,microsoft,1.0,1.0,,,,,,,,,,,,,,,,,,,,,,,,,,,,,,,,,,,,
2c6c1837-b823-4c27-93c2-4f484225c0e7,,,,,,,,,,,,,,,,,,,,,,,,,,,,,,,,,,,,,,,
2c6c1c55-7b99-4e3b-85a6-b67b09970b01,,,,,,,,,,,,,,,,,,,,,,,,,,,,,,,,,,,,,,,
2c6d85b3-c7ac-4be8-874d-e4c8f03e5461,,,,,,,,,,,,,,,,,,,,,,,,,,,,,,,,,,,,,,,
2c70c76a-3721-4948-8341-d5f96dbbdb2f,,,,,,,,,,,,,,,,,,,,,,,,,,,,,,,,,,,,,,,
2c74eaac-b5e8-4edd-8026-e8dace9190bc,,,,,,,,,,,,,,,,,,,,,,,,,,,,,,,,,,,,,,,
2c7c1902-1aeb-4503-8c0c-697dd6e6ffb1,,,,,,,,,,,,,,,,,,,,,,,,,,,,,,,,,,,,,,,
2c7e09c9-c6db-454a-83b7-24d058b12507,,,,,,,,,,,,,,,,,,,,,,,,,,,,,,,,,,,,,,,
2c81bcef-3792-4b0b-85a9-d883978d804d,,,,,,,,,,,,,,,,,,,,,,,,,,,,,,,,,,,,,,,
2c8ab30f-1ce7-4577-ad52-a10efac81e74,,,,,,,,,,,,,,,,,,,,,,,,,,,,,,,,,,,,,,,
2c8b98c8-3d48-4b4a-b5c8-eaa2cc5637e7,,,,,,,,,,,,,,,,,,,,,,,,,,,,,,,,,,,,,,,
2c90046a-835d-431c-8353-73fab1b0b4a4,,,,,,,,,,,,,,,,,,,,,,,,,,,,,,,,,,,,,,,
2c963222-759b-48f1-b73f-7a4165a77253,,,,,,,,,,,,,,,,,,,,,,,,,,,,,,,,,,,,,,,
2ca18480-0a9e-44a5-b4d9-c2caa5f08c37,,,,,,,,,,,,,,,,,,,,,,,,,,,,,,,,,,,,,,,
2ca2dac5-cbea-4793-8cef-2551e5fed028,,,,,,,,,,,,,,,,,,,,,,,,,,,,,,,,,,,,,,,
2ca488ad-b3bd-4e6a-a87a-24260641747b,,,,,,,,,,,,,,,,,,,,,,,,,,,,,,,,,,,,,,,
2cab5533-aff0-4aba-9291-4984094e655a,,,,,,,,,,,,,,,,,,,,,,,,,,,,,,,,,,,,,,,
2caf3132-2990-4538-b1aa-38d1e10460a9,,,,,,,,,,,,,,,,,,,,,,,,,,,,,,,,,,,,,,,
2cb00a30-0967-47b0-acbf-a4a7086b460f,,,,,,,,,,,,,,,,,,,,,,,,,,,,,,,,,,,,,,,
2cb1f510-093f-4b13-8a0a-138a485aab13,naver,1.0,1.0,,,,,,,,,,,,,,,,,,,,,,,,,,,,,,,,,,,,
2cb32497-b9fe-4190-a279-9f4986d4bd65,,,,,,,,,,,,,,,,,,,,,,,,,,,,,,,,,,,,,,,
2cb538a4-b38e-4112-a82f-a1f914a4918d,mailchimp,1.0,1.0,,,,,,,,,,,,,,,,,,,,,,,,,,,,,,,,,,,,
2cc91514-cc2f-4778-a066-daa425246b93,,,,,,,,,,,,,,,,,,,,,,,,,,,,,,,,,,,,,,,
2ccd5c3a-bcd8-4322-a028-324657bf4a1d,,,,,,,,,,,,,,,,,,,,,,,,,,,,,,,,,,,,,,,
2ccfa3a4-5490-43b9-a4d7-948cc5df107c,,,,,,,,,,,,,,,,,,,,,,,,,,,,,,,,,,,,,,,
2cd07b58-5c73-46bf-aa41-f0b85849873d,,,,,,,,,,,,,,,,,,,,,,,,,,,,,,,,,,,,,,,
2cd4335d-5fce-4772-a743-8a6fb32fbdaf,,,,,,,,,,,,,,,,,,,,,,,,,,,,,,,,,,,,,,,
2cd5e022-3ca4-4727-8f52-ff5411f72b0e,,,,,,,,,,,,,,,,,,,,,,,,,,,,,,,,,,,,,,,
2cdaeeb2-013b-4815-aaf2-3a88e91a7f9e,,,,,,,,,,,,,,,,,,,,,,,,,,,,,,,,,,,,,,,
2cdfed44-238b-4d1a-aa8c-b6e208aa1563,microsoft,1.0,1.0,,,,,,,,,,,,,,,,,,,,,,,,,,,,,,,,,,,,
2ce22137-54dc-4e8b-b7e0-7bf153cf29fc,,,,,,,,,,,,,,,,,,,,,,,,,,,,,,,,,,,,,,,
2ce2e552-0811-43cc-8955-f84361c73864,,,,,,,,,,,,,,,,,,,,,,,,,,,,,,,,,,,,,,,
2ce9cd8e-768f-42d2-9d04-c980c58ec7c0,,,,,,,,,,,,,,,,,,,,,,,,,,,,,,,,,,,,,,,
2ceac12b-cc7c-4255-86a1-aa7a6b2eed50,,,,,,,,,,,,,,,,,,,,,,,,,,,,,,,,,,,,,,,
2cf0e22f-f33f-4b2e-a9fe-662df5c876a9,,,,,,,,,,,,,,,,,,,,,,,,,,,,,,,,,,,,,,,
2cf135bc-5eb1-4741-a1f2-3374f4d02f98,wp,1.0,1.0,,,,,,,,,,,,,,,,,,,,,,,,,,,,,,,,,,,,
2cfe5032-767c-4d18-a3db-f4df0cbe7ddf,,,,,,,,,,,,,,,,,,,,,,,,,,,,,,,,,,,,,,,
2d112eb0-e3b5-493e-bef0-a5084556ad7d,vimeo,1.0,1.0,,,,,,,,,,,,,,,,,,,,,,,,,,,,,,,,,,,,
2d11489d-3982-476b-b0bc-4a0c11b68ba9,,,,,,,,,,,,,,,,,,,,,,,,,,,,,,,,,,,,,,,
2d13b0f7-b82a-48e9-89b2-d0285a8e9f5f,,,,,,,,,,,,,,,,,,,,,,,,,,,,,,,,,,,,,,,
2d18102d-8982-4b72-b461-2b2c147dee27,,,,,,,,,,,,,,,,,,,,,,,,,,,,,,,,,,,,,,,
2d1cdd00-be95-48bc-aa1e-ae75c0e77bfa,,,,,,,,,,,,,,,,,,,,,,,,,,,,,,,,,,,,,,,
2d235b36-25a3-4f91-867d-bdb7640be722,,,,,,,,,,,,,,,,,,,,,,,,,,,,,,,,,,,,,,,
2d26603c-6607-415e-8d3e-bb54c5bc9939,,,,,,,,,,,,,,,,,,,,,,,,,,,,,,,,,,,,,,,
2d2b919e-5f10-43b2-aa4d-f5ecba682c4b,,,,,,,,,,,,,,,,,,,,,,,,,,,,,,,,,,,,,,,
2d2e3782-7e20-4b6a-b0c8-a0d7e22138b7,,,,,,,,,,,,,,,,,,,,,,,,,,,,,,,,,,,,,,,
2d34ee49-7cbb-419c-9e3e-736b513810f0,,,,,,,,,,,,,,,,,,,,,,,,,,,,,,,,,,,,,,,
2d37e637-3ce8-4dc1-b09d-059018f36f5e,,,,,,,,,,,,,,,,,,,,,,,,,,,,,,,,,,,,,,,
2d3aa281-8756-43d8-86cd-3c4d2393d52a,,,,,,,,,,,,,,,,,,,,,,,,,,,,,,,,,,,,,,,
2d415f04-a02a-450a-b6e4-8b3fd67ba47b,,,,,,,,,,,,,,,,,,,,,,,,,,,,,,,,,,,,,,,
2d4a13a9-64ac-487e-8660-c72b9fc0d9a4,,,,,,,,,,,,,,,,,,,,,,,,,,,,,,,,,,,,,,,
2d512e75-b717-45dc-8b66-a147079f5a58,,,,,,,,,,,,,,,,,,,,,,,,,,,,,,,,,,,,,,,
2d555467-b9f7-4348-8864-85af24429896,,,,,,,,,,,,,,,,,,,,,,,,,,,,,,,,,,,,,,,
2d566823-33ac-4384-b762-bc780d460f1d,line,1.0,1.0,,,,,,,,,,,,,,,,,,,,,,,,,,,,,,,,,,,,
2d578437-8311-4e4a-be4c-0512982a8c6b,,,,,,,,,,,,,,,,,,,,,,,,,,,,,,,,,,,,,,,
2d5ca6af-4b7c-430e-8361-3635a0ef90a1,,,,,,,,,,,,,,,,,,,,,,,,,,,,,,,,,,,,,,,
2d5ea0ca-fe16-46f0-8660-a44cefc3e914,,,,,,,,,,,,,,,,,,,,,,,,,,,,,,,,,,,,,,,
2d60e4c6-ecc6-4283-8082-463b57f58773,,,,,,,,,,,,,,,,,,,,,,,,,,,,,,,,,,,,,,,
2d6189d3-d71c-4588-92f7-1ad0b315beb1,,,,,,,,,,,,,,,,,,,,,,,,,,,,,,,,,,,,,,,
2d619d8d-0b12-4bce-94a2-b5c8274c70bb,,,,,,,,,,,,,,,,,,,,,,,,,,,,,,,,,,,,,,,
2d6e14b8-be0c-463c-8b7a-14f50a6bb1e1,,,,,,,,,,,,,,,,,,,,,,,,,,,,,,,,,,,,,,,
2d6fa36d-7f6d-4574-a2b6-b8833cdb64f1,,,,,,,,,,,,,,,,,,,,,,,,,,,,,,,,,,,,,,,
2d70fa05-736b-4e67-a5f7-f54be418175e,,,,,,,,,,,,,,,,,,,,,,,,,,,,,,,,,,,,,,,
2d766dce-c11a-4812-ba01-ec3a1ffd17f9,,,,,,,,,,,,,,,,,,,,,,,,,,,,,,,,,,,,,,,
2d76d331-7479-4557-8f42-3c8366c65198,,,,,,,,,,,,,,,,,,,,,,,,,,,,,,,,,,,,,,,
2d7a17aa-4664-4478-b06f-681652093227,,,,,,,,,,,,,,,,,,,,,,,,,,,,,,,,,,,,,,,
2d7e23ce-f6a0-48b9-8bed-4873a692d2f0,,,,,,,,,,,,,,,,,,,,,,,,,,,,,,,,,,,,,,,
2d89cc81-b327-4819-be07-22594131a74b,,,,,,,,,,,,,,,,,,,,,,,,,,,,,,,,,,,,,,,
2d904d1c-5d5d-4239-bd16-6f350d03fa6a,,,,,,,,,,,,,,,,,,,,,,,,,,,,,,,,,,,,,,,
2d92309b-d6df-469f-ae37-d5ed224b93f4,,,,,,,,,,,,,,,,,,,,,,,,,,,,,,,,,,,,,,,
2d976bf6-cb21-4fa6-872f-c05adb1a5c81,,,,,,,,,,,,,,,,,,,,,,,,,,,,,,,,,,,,,,,
2d9d070e-5eb6-4427-8852-6d4acc2c2871,,,,,,,,,,,,,,,,,,,,,,,,,,,,,,,,,,,,,,,
2d9dfc28-5916-40c3-9ad3-59b920ace8fd,,,,,,,,,,,,,,,,,,,,,,,,,,,,,,,,,,,,,,,
2da26c98-8991-45ac-a338-7bb0afae05b0,,,,,,,,,,,,,,,,,,,,,,,,,,,,,,,,,,,,,,,
2dacbb93-9d28-4bf9-a235-8f361123efab,,,,,,,,,,,,,,,,,,,,,,,,,,,,,,,,,,,,,,,
2db4c034-aad4-4271-a99c-4df84b7a18ca,,,,,,,,,,,,,,,,,,,,,,,,,,,,,,,,,,,,,,,
2dbc526d-fa54-4cea-99be-6778d351e075,,,,,,,,,,,,,,,,,,,,,,,,,,,,,,,,,,,,,,,
2dbe8073-b393-4976-a71c-f151638bcc75,microsoft,1.0,1.0,,,,,,,,,,,,,,,,,,,,,,,,,,,,,,,,,,,,
2dc4b534-4625-47ba-950a-8b1204c2a919,,,,,,,,,,,,,,,,,,,,,,,,,,,,,,,,,,,,,,,
2dcc5ba6-fc58-4808-85b2-ebabd3d94bb4,,,,,,,,,,,,,,,,,,,,,,,,,,,,,,,,,,,,,,,
2dcc8054-5b24-4a27-a069-26e523934159,,,,,,,,,,,,,,,,,,,,,,,,,,,,,,,,,,,,,,,
2dd8a47c-350a-46c1-b6ac-a7ddfdcd8b8d,,,,,,,,,,,,,,,,,,,,,,,,,,,,,,,,,,,,,,,
2dd8d340-13e4-4b11-a65e-2070b8bbac59,,,,,,,,,,,,,,,,,,,,,,,,,,,,,,,,,,,,,,,
2ddc35ca-c056-4266-a754-20942bcd5416,,,,,,,,,,,,,,,,,,,,,,,,,,,,,,,,,,,,,,,
2ded7d7a-e5f1-428f-b3e3-531f1c72630d,,,,,,,,,,,,,,,,,,,,,,,,,,,,,,,,,,,,,,,
2ded901e-c1d0-42db-8e99-915614d5996d,,,,,,,,,,,,,,,,,,,,,,,,,,,,,,,,,,,,,,,
2df1045a-3bb3-4ea8-996c-1ec4b12d01a4,,,,,,,,,,,,,,,,,,,,,,,,,,,,,,,,,,,,,,,
2dff1bec-7f33-42a4-b81f-5262f43d9820,,,,,,,,,,,,,,,,,,,,,,,,,,,,,,,,,,,,,,,
2e002e31-5e26-4c51-9dcd-740101fac853,,,,,,,,,,,,,,,,,,,,,,,,,,,,,,,,,,,,,,,
2e01b892-5cba-47ea-8a72-6b49e085bca2,,,,,,,,,,,,,,,,,,,,,,,,,,,,,,,,,,,,,,,
2e01b946-f25c-4023-afab-a1d8a1feabdf,,,,,,,,,,,,,,,,,,,,,,,,,,,,,,,,,,,,,,,
2e11f457-2e0c-4d33-80ca-625e93460524,,,,,,,,,,,,,,,,,,,,,,,,,,,,,,,,,,,,,,,
2e2022d2-d830-46b2-bb83-8159f7615f54,,,,,,,,,,,,,,,,,,,,,,,,,,,,,,,,,,,,,,,
2e223c3c-2415-4db7-a9a3-62957a1a5e65,,,,,,,,,,,,,,,,,,,,,,,,,,,,,,,,,,,,,,,
2e253457-4686-4617-be41-d6dbad7ae401,,,,,,,,,,,,,,,,,,,,,,,,,,,,,,,,,,,,,,,
2e3141aa-bbc2-4ca6-b82f-8b5c2d132527,,,,,,,,,,,,,,,,,,,,,,,,,,,,,,,,,,,,,,,
2e342c4e-3f57-4f62-b18f-ce5e83d1d5a5,,,,,,,,,,,,,,,,,,,,,,,,,,,,,,,,,,,,,,,
2e43c3c5-9d52-47bd-bf05-6a5833f41ea7,,,,,,,,,,,,,,,,,,,,,,,,,,,,,,,,,,,,,,,
2e4852a1-6f0f-4626-8304-fa7205448f48,,,,,,,,,,,,,,,,,,,,,,,,,,,,,,,,,,,,,,,
2e4a51f4-93e3-407d-96ba-efd7670e4794,,,,,,,,,,,,,,,,,,,,,,,,,,,,,,,,,,,,,,,
2e511a19-c715-4550-993f-100f266503d1,,,,,,,,,,,,,,,,,,,,,,,,,,,,,,,,,,,,,,,
2e59528b-947e-4500-975a-d7d823e76a4f,,,,,,,,,,,,,,,,,,,,,,,,,,,,,,,,,,,,,,,
2e5e2b07-f1c9-4c0a-a2be-a63226cd5db3,,,,,,,,,,,,,,,,,,,,,,,,,,,,,,,,,,,,,,,
2e63d5d7-ebd2-4b6f-acf2-cf7400543a38,,,,,,,,,,,,,,,,,,,,,,,,,,,,,,,,,,,,,,,
2e641730-8aed-4efb-918c-ded380762d69,,,,,,,,,,,,,,,,,,,,,,,,,,,,,,,,,,,,,,,
2e654fee-2420-41db-bcfe-0a029c2e9efa,,,,,,,,,,,,,,,,,,,,,,,,,,,,,,,,,,,,,,,
2e67ca13-bba0-4f83-b280-99392b816dbd,,,,,,,,,,,,,,,,,,,,,,,,,,,,,,,,,,,,,,,
2e6a59e0-c039-4864-8bd1-177f08616e1a,,,,,,,,,,,,,,,,,,,,,,,,,,,,,,,,,,,,,,,
2e6cdc4f-d11f-4188-8c24-fe9a4ec78a63,,,,,,,,,,,,,,,,,,,,,,,,,,,,,,,,,,,,,,,
2e84a1c8-2ab9-4b4e-baaa-4b568e0ed1a1,,,,,,,,,,,,,,,,,,,,,,,,,,,,,,,,,,,,,,,
2e9ab426-d1cc-42ff-8be7-4dc6d75f291d,,,,,,,,,,,,,,,,,,,,,,,,,,,,,,,,,,,,,,,
2ea3a2f1-ce86-4244-864d-ec322f3a3a8a,,,,,,,,,,,,,,,,,,,,,,,,,,,,,,,,,,,,,,,
2ead4d58-acd7-4dc8-b2ae-ad5da2308767,,,,,,,,,,,,,,,,,,,,,,,,,,,,,,,,,,,,,,,
2eade1a9-78c9-4f92-b01f-2b6aa1086b0a,,,,,,,,,,,,,,,,,,,,,,,,,,,,,,,,,,,,,,,
2ebcfe32-af84-4505-b9e0-f3c7dbee1b3f,,,,,,,,,,,,,,,,,,,,,,,,,,,,,,,,,,,,,,,
2ec1f88e-101f-48f0-8ab1-fd895fdb8ad2,,,,,,,,,,,,,,,,,,,,,,,,,,,,,,,,,,,,,,,
2ecf6c7e-4aec-43d2-9967-16ae88c90315,digicert,1.0,1.0,,,,,,,,,,,,,,,,,,,,,,,,,,,,,,,,,,,,
2ecfafac-5b39-4a32-9631-181b6d28bade,,,,,,,,,,,,,,,,,,,,,,,,,,,,,,,,,,,,,,,
2ed41314-3815-4f74-b820-7810e99c3581,,,,,,,,,,,,,,,,,,,,,,,,,,,,,,,,,,,,,,,
2ed434e1-0cb5-4134-a41d-21d50d6d8a71,symantec,1.0,0.5,digicert,1.0,0.5,,,,,,,,,,,,,,,,,,,,,,,,,,,,,,,,,
2ed44a9c-8daf-4761-8fee-dd0cdde88c31,squarespace,1.0,1.0,,,,,,,,,,,,,,,,,,,,,,,,,,,,,,,,,,,,
2ee4db6a-2a8d-43a8-a47b-62a29d2ea30f,,,,,,,,,,,,,,,,,,,,,,,,,,,,,,,,,,,,,,,
2ee7564d-72a5-4ff4-ae30-3eef9c0c3f07,,,,,,,,,,,,,,,,,,,,,,,,,,,,,,,,,,,,,,,
2eed101f-313d-436f-ae16-fbc95ff86eb3,,,,,,,,,,,,,,,,,,,,,,,,,,,,,,,,,,,,,,,
2eefd109-3268-4828-961a-f6e489d1be6e,wikimedia_foundation,1.0,1.0,,,,,,,,,,,,,,,,,,,,,,,,,,,,,,,,,,,,
2ef3673a-9209-42d6-8a33-a22b2989aa4b,,,,,,,,,,,,,,,,,,,,,,,,,,,,,,,,,,,,,,,
2ef62c7c-e681-4010-88ff-0b7629f3c47b,,,,,,,,,,,,,,,,,,,,,,,,,,,,,,,,,,,,,,,
2efd3978-717d-4719-b478-c328ce3ad280,,,,,,,,,,,,,,,,,,,,,,,,,,,,,,,,,,,,,,,
2eff4976-a515-4bf0-9457-e96a1ce6b67f,,,,,,,,,,,,,,,,,,,,,,,,,,,,,,,,,,,,,,,
2f0ed2ed-2b22-4422-82e1-71ca559fe98e,,,,,,,,,,,,,,,,,,,,,,,,,,,,,,,,,,,,,,,
2f11f8be-a915-4c41-ab94-3126fdcc0e9c,,,,,,,,,,,,,,,,,,,,,,,,,,,,,,,,,,,,,,,
2f121662-9298-455f-a28f-dd2208f73b81,,,,,,,,,,,,,,,,,,,,,,,,,,,,,,,,,,,,,,,
2f26335e-eb06-4ad1-99c8-9443b479348c,,,,,,,,,,,,,,,,,,,,,,,,,,,,,,,,,,,,,,,
2f28861a-2fde-4f28-9f7d-0b3da6b67463,,,,,,,,,,,,,,,,,,,,,,,,,,,,,,,,,,,,,,,
2f355502-9f1e-4574-84a7-ca6c8246ad45,,,,,,,,,,,,,,,,,,,,,,,,,,,,,,,,,,,,,,,
2f37c2d6-0278-41ce-b421-b874e9ffc958,,,,,,,,,,,,,,,,,,,,,,,,,,,,,,,,,,,,,,,
2f38dc99-c4f6-4b45-8012-2c96c2e2efbc,,,,,,,,,,,,,,,,,,,,,,,,,,,,,,,,,,,,,,,
2f3acbd8-efcc-4059-8251-4ca39c6be60b,,,,,,,,,,,,,,,,,,,,,,,,,,,,,,,,,,,,,,,
2f3eec3f-ff2e-4b85-acff-47aa6a14b698,,,,,,,,,,,,,,,,,,,,,,,,,,,,,,,,,,,,,,,
2f45327f-2e55-45dc-957f-f80368f3840d,,,,,,,,,,,,,,,,,,,,,,,,,,,,,,,,,,,,,,,
2f4c0fa4-3a68-41af-94c9-868be7b8cb97,,,,,,,,,,,,,,,,,,,,,,,,,,,,,,,,,,,,,,,
2f4c4e00-7268-4253-968d-5bead52338bd,,,,,,,,,,,,,,,,,,,,,,,,,,,,,,,,,,,,,,,
2f54d1a1-5ed0-46f5-a331-e12baf86c333,,,,,,,,,,,,,,,,,,,,,,,,,,,,,,,,,,,,,,,
2f5e9c5b-3e9b-44b2-9eea-365fba10c360,,,,,,,,,,,,,,,,,,,,,,,,,,,,,,,,,,,,,,,
2f6ba608-3c76-4c55-94c2-a1a70c50d506,,,,,,,,,,,,,,,,,,,,,,,,,,,,,,,,,,,,,,,
2f7218e2-a4f7-4f2c-83bc-5c0ff5a39d4c,,,,,,,,,,,,,,,,,,,,,,,,,,,,,,,,,,,,,,,
2f755c36-1ba6-4544-97aa-0f7ac9d76569,,,,,,,,,,,,,,,,,,,,,,,,,,,,,,,,,,,,,,,
2f77d0ab-c08d-433f-a9a9-43bc6f733da8,,,,,,,,,,,,,,,,,,,,,,,,,,,,,,,,,,,,,,,
2f81ed42-1379-4b6b-9e4d-94dde43c92ad,,,,,,,,,,,,,,,,,,,,,,,,,,,,,,,,,,,,,,,
2f852c86-439a-48c2-9f37-3c20358597ca,,,,,,,,,,,,,,,,,,,,,,,,,,,,,,,,,,,,,,,
2f893fcd-c235-420a-89b4-e78634827967,,,,,,,,,,,,,,,,,,,,,,,,,,,,,,,,,,,,,,,
2f916e09-8166-4635-b2d1-7055e386f6ff,,,,,,,,,,,,,,,,,,,,,,,,,,,,,,,,,,,,,,,
2f978e96-de77-44a0-a6f1-17a761d24e15,,,,,,,,,,,,,,,,,,,,,,,,,,,,,,,,,,,,,,,
2f99e651-bb1e-4837-97aa-ff14e85442e3,wp,1.0,1.0,,,,,,,,,,,,,,,,,,,,,,,,,,,,,,,,,,,,
2f9ba9a8-5519-4e6b-9519-ba42eee5c534,,,,,,,,,,,,,,,,,,,,,,,,,,,,,,,,,,,,,,,
2fa0afe2-6d0a-4ad0-a037-89394697e269,,,,,,,,,,,,,,,,,,,,,,,,,,,,,,,,,,,,,,,
2fa8087c-9133-4951-b82d-d9d27dc4439c,,,,,,,,,,,,,,,,,,,,,,,,,,,,,,,,,,,,,,,
2fae3cd0-8d7b-4b3d-a735-84209adae8c0,,,,,,,,,,,,,,,,,,,,,,,,,,,,,,,,,,,,,,,
2fb6367d-bb0b-4fe5-b51a-5f4bc7e2e5ac,,,,,,,,,,,,,,,,,,,,,,,,,,,,,,,,,,,,,,,
2fb8356c-5a48-4fca-8768-108e8edb622a,,,,,,,,,,,,,,,,,,,,,,,,,,,,,,,,,,,,,,,
2fba332b-685e-49db-90af-c9133640ccd4,,,,,,,,,,,,,,,,,,,,,,,,,,,,,,,,,,,,,,,
2fcd3e07-de5b-43b2-8263-66cd182fe48a,,,,,,,,,,,,,,,,,,,,,,,,,,,,,,,,,,,,,,,
2fce7ecb-5c7d-43ed-a167-317f126ff8ea,,,,,,,,,,,,,,,,,,,,,,,,,,,,,,,,,,,,,,,
2fd82092-c181-4a46-a55d-92eb7f2fb106,,,,,,,,,,,,,,,,,,,,,,,,,,,,,,,,,,,,,,,
2fde87cc-f50b-4312-a304-a119850f3429,,,,,,,,,,,,,,,,,,,,,,,,,,,,,,,,,,,,,,,
2fe2eeb5-a546-4209-913c-dce74334ab3a,,,,,,,,,,,,,,,,,,,,,,,,,,,,,,,,,,,,,,,
2fe65761-3dd6-466a-a1f5-b7ab936169ef,atlassian,1.0,1.0,,,,,,,,,,,,,,,,,,,,,,,,,,,,,,,,,,,,
2fe7313b-0486-4b27-9384-6772a72d61fb,,,,,,,,,,,,,,,,,,,,,,,,,,,,,,,,,,,,,,,
2fe9f752-4a97-4b6a-a0b3-6f51c0d5b102,,,,,,,,,,,,,,,,,,,,,,,,,,,,,,,,,,,,,,,
2ff21d61-8489-453a-992e-d7f503c3a9d3,,,,,,,,,,,,,,,,,,,,,,,,,,,,,,,,,,,,,,,
2ff3f7de-2bff-41bb-acd0-efceb0c6a4a8,,,,,,,,,,,,,,,,,,,,,,,,,,,,,,,,,,,,,,,
2ffdc5f5-4290-46e6-9c38-e8d6f240ded4,,,,,,,,,,,,,,,,,,,,,,,,,,,,,,,,,,,,,,,
3002a1ae-8167-4682-a0b5-dd3fb9a5d51e,,,,,,,,,,,,,,,,,,,,,,,,,,,,,,,,,,,,,,,
300b6232-ef90-4187-ae5a-a46438d34f37,,,,,,,,,,,,,,,,,,,,,,,,,,,,,,,,,,,,,,,
3011fc71-0e70-44f8-86ed-bc5f98c01db3,,,,,,,,,,,,,,,,,,,,,,,,,,,,,,,,,,,,,,,
301cba87-c8da-4391-b5a6-4da62998b93f,,,,,,,,,,,,,,,,,,,,,,,,,,,,,,,,,,,,,,,
301eef82-cee2-4963-9907-9511aa6776e3,,,,,,,,,,,,,,,,,,,,,,,,,,,,,,,,,,,,,,,
3028a734-5668-4f8a-93c9-54e406873ff3,,,,,,,,,,,,,,,,,,,,,,,,,,,,,,,,,,,,,,,
30295b4d-46d5-4185-a9f9-fa1e3a8f04f0,wikimedia_foundation,1.0,1.0,,,,,,,,,,,,,,,,,,,,,,,,,,,,,,,,,,,,
302e1516-a7b6-41a1-a143-bad732a3149a,,,,,,,,,,,,,,,,,,,,,,,,,,,,,,,,,,,,,,,
302fbf3c-1550-46df-bd51-ebea3f1d5828,,,,,,,,,,,,,,,,,,,,,,,,,,,,,,,,,,,,,,,
30368b6b-c19b-44ff-9d1e-b9ebb893e59b,,,,,,,,,,,,,,,,,,,,,,,,,,,,,,,,,,,,,,,
30388b34-05d2-40d0-a43e-c1b65204985e,,,,,,,,,,,,,,,,,,,,,,,,,,,,,,,,,,,,,,,
303daeb0-aa3a-41c3-a56d-bcd784c04938,,,,,,,,,,,,,,,,,,,,,,,,,,,,,,,,,,,,,,,
3041f1ae-e5d6-4c72-828d-c8fe4c1d2b10,,,,,,,,,,,,,,,,,,,,,,,,,,,,,,,,,,,,,,,
3043ca40-c69e-40bc-a019-c28bd1525df3,,,,,,,,,,,,,,,,,,,,,,,,,,,,,,,,,,,,,,,
304637cb-ccfa-41d1-a7f3-5bde14d490d3,,,,,,,,,,,,,,,,,,,,,,,,,,,,,,,,,,,,,,,
304e44f9-dc3b-47d0-9135-12efd862d878,,,,,,,,,,,,,,,,,,,,,,,,,,,,,,,,,,,,,,,
305fdacf-9704-4ee6-b9c3-908286d3a8bc,,,,,,,,,,,,,,,,,,,,,,,,,,,,,,,,,,,,,,,
3064bc9b-2ceb-4069-ac10-3acee953aff6,,,,,,,,,,,,,,,,,,,,,,,,,,,,,,,,,,,,,,,
307f7dc8-d6f9-4a08-99ad-badcacbbf785,,,,,,,,,,,,,,,,,,,,,,,,,,,,,,,,,,,,,,,
30808710-8992-4d12-aa6d-d50709babe13,trackjs,1.0,1.0,,,,,,,,,,,,,,,,,,,,,,,,,,,,,,,,,,,,
308110b8-7d16-4ed6-9cbf-6ef66f486042,,,,,,,,,,,,,,,,,,,,,,,,,,,,,,,,,,,,,,,
308d5d95-8623-4394-819b-a471652f0385,,,,,,,,,,,,,,,,,,,,,,,,,,,,,,,,,,,,,,,
309a0934-2738-4cce-b237-15ca7ebf364a,,,,,,,,,,,,,,,,,,,,,,,,,,,,,,,,,,,,,,,
30a59af9-dab4-47a0-97c8-6e11cd1d1418,,,,,,,,,,,,,,,,,,,,,,,,,,,,,,,,,,,,,,,
30a9f455-1434-45b7-b8f0-655f81602f61,,,,,,,,,,,,,,,,,,,,,,,,,,,,,,,,,,,,,,,
30ae4cb8-ff2a-4d1d-9ed8-3bd62796f246,,,,,,,,,,,,,,,,,,,,,,,,,,,,,,,,,,,,,,,
30af3f2b-6d1e-4b26-b012-b20b770cace2,,,,,,,,,,,,,,,,,,,,,,,,,,,,,,,,,,,,,,,
30b0b6b8-43e9-44e9-91c3-e1460004a823,,,,,,,,,,,,,,,,,,,,,,,,,,,,,,,,,,,,,,,
30b33920-1232-43db-a883-4e5a2f089aed,,,,,,,,,,,,,,,,,,,,,,,,,,,,,,,,,,,,,,,
30b9ad97-371a-4ac9-afa3-32235bc6c5e7,singular_labs,1.0,1.0,,,,,,,,,,,,,,,,,,,,,,,,,,,,,,,,,,,,
30bd0737-27aa-4e72-86fd-29c731b307e3,friendfinder_networks,1.0,1.0,,,,,,,,,,,,,,,,,,,,,,,,,,,,,,,,,,,,
30cafbfc-7787-4dea-bf90-8936d39debd5,,,,,,,,,,,,,,,,,,,,,,,,,,,,,,,,,,,,,,,
30ce315d-6a04-41c6-9299-d12fd25d98c2,clickup,1.0,1.0,,,,,,,,,,,,,,,,,,,,,,,,,,,,,,,,,,,,
30d0f249-ac72-4a91-b0ae-cc5f1a2eefce,,,,,,,,,,,,,,,,,,,,,,,,,,,,,,,,,,,,,,,
30d26841-c9f6-4227-91b4-64b20b19cd1f,,,,,,,,,,,,,,,,,,,,,,,,,,,,,,,,,,,,,,,
30d56156-1c31-4d93-95bc-2e3864f688f5,,,,,,,,,,,,,,,,,,,,,,,,,,,,,,,,,,,,,,,
30d5f01d-5873-435d-82c9-cb40573f0846,,,,,,,,,,,,,,,,,,,,,,,,,,,,,,,,,,,,,,,
30d87efa-3d66-4773-811a-95cc52b898fa,,,,,,,,,,,,,,,,,,,,,,,,,,,,,,,,,,,,,,,
30dd80e3-8199-4f18-beb6-fed561d9a73a,,,,,,,,,,,,,,,,,,,,,,,,,,,,,,,,,,,,,,,
30df8222-132a-49f5-90d3-73a69abd37ab,,,,,,,,,,,,,,,,,,,,,,,,,,,,,,,,,,,,,,,
30ed0f6f-45c1-438a-ade4-964c4dd8653e,,,,,,,,,,,,,,,,,,,,,,,,,,,,,,,,,,,,,,,
30ee48e2-54b0-4669-a7ab-18bbb71165b9,,,,,,,,,,,,,,,,,,,,,,,,,,,,,,,,,,,,,,,
30f3fca4-e70a-4400-a64f-b58d8805ace4,,,,,,,,,,,,,,,,,,,,,,,,,,,,,,,,,,,,,,,
3107c946-99b3-4c9e-bcc7-f225b6ca6866,,,,,,,,,,,,,,,,,,,,,,,,,,,,,,,,,,,,,,,
310cc245-e677-453c-9101-8f6bda854f27,,,,,,,,,,,,,,,,,,,,,,,,,,,,,,,,,,,,,,,
31106d55-d5b2-463b-824e-d331b91df551,,,,,,,,,,,,,,,,,,,,,,,,,,,,,,,,,,,,,,,
31137785-3b96-4796-a1ef-399c84b5c2f8,,,,,,,,,,,,,,,,,,,,,,,,,,,,,,,,,,,,,,,
3119c3ab-848d-4de3-b4b3-4229ca95f772,,,,,,,,,,,,,,,,,,,,,,,,,,,,,,,,,,,,,,,
311ff836-2a5c-445d-9851-4bd177e874b1,,,,,,,,,,,,,,,,,,,,,,,,,,,,,,,,,,,,,,,
312af564-cdb0-4223-9d20-73683e85df57,,,,,,,,,,,,,,,,,,,,,,,,,,,,,,,,,,,,,,,
312bb9ff-b6c1-4736-b295-ee1323f4a5ef,,,,,,,,,,,,,,,,,,,,,,,,,,,,,,,,,,,,,,,
312cf090-83e5-47c7-91cf-08ca3bba6d19,,,,,,,,,,,,,,,,,,,,,,,,,,,,,,,,,,,,,,,
312e83db-cb20-4d60-95e4-0912e1af14f6,,,,,,,,,,,,,,,,,,,,,,,,,,,,,,,,,,,,,,,
313ba3c4-4b1d-4c96-90a2-d45302fa2480,,,,,,,,,,,,,,,,,,,,,,,,,,,,,,,,,,,,,,,
313d826b-f991-45eb-858a-50ab9612f64f,,,,,,,,,,,,,,,,,,,,,,,,,,,,,,,,,,,,,,,
3148a991-818a-469a-bb0c-fd06e5eb23c4,,,,,,,,,,,,,,,,,,,,,,,,,,,,,,,,,,,,,,,
3149e5ff-3e1c-4bb1-b1cc-68af1b834c15,,,,,,,,,,,,,,,,,,,,,,,,,,,,,,,,,,,,,,,
314a6cbe-c769-45a9-9ce5-ce5d7d67fdc3,,,,,,,,,,,,,,,,,,,,,,,,,,,,,,,,,,,,,,,
314e8ca4-665b-433e-9efe-aac8b00107ef,,,,,,,,,,,,,,,,,,,,,,,,,,,,,,,,,,,,,,,
315cab81-8fdb-4be5-8eb8-be09e247925c,userway,1.0,0.5,qualtrics,1.0,0.5,,,,,,,,,,,,,,,,,,,,,,,,,,,,,,,,,
3160dbce-8cff-4081-b732-3e57e5d834c9,,,,,,,,,,,,,,,,,,,,,,,,,,,,,,,,,,,,,,,
3163345d-8184-45b2-bf4f-584dba8eac18,,,,,,,,,,,,,,,,,,,,,,,,,,,,,,,,,,,,,,,
31696198-581d-46e2-b9de-715c05700e99,,,,,,,,,,,,,,,,,,,,,,,,,,,,,,,,,,,,,,,
317165ce-b10f-4b11-8b2e-c50492f60f60,,,,,,,,,,,,,,,,,,,,,,,,,,,,,,,,,,,,,,,
3173a4af-7e56-4a45-a08d-41c05b69f720,,,,,,,,,,,,,,,,,,,,,,,,,,,,,,,,,,,,,,,
31746bfb-d89d-4979-a2ae-326fe5c24c5e,appsflyer,1.0,0.07692307692307693,launch_darkly,1.0,0.07692307692307693,mntn,1.0,0.07692307692307693,salesloft,1.0,0.07692307692307693,permutive,1.0,0.07692307692307693,clickup,1.0,0.07692307692307693,branch_metrics_inc,1.0,0.07692307692307693,arm,1.0,0.07692307692307693,algolia,1.0,0.07692307692307693,medallia,1.0,0.07692307692307693,conviva,1.0,0.07692307692307693,bazaarvoice,1.0,0.07692307692307693,adroll,1.0,0.07692307692307693
317de034-4120-4947-9702-d9ca8b1602e2,,,,,,,,,,,,,,,,,,,,,,,,,,,,,,,,,,,,,,,
318c38c3-18bc-4441-a7a4-97d42c707455,,,,,,,,,,,,,,,,,,,,,,,,,,,,,,,,,,,,,,,
318d2286-4036-414f-b9d9-57a545193f9f,,,,,,,,,,,,,,,,,,,,,,,,,,,,,,,,,,,,,,,
31914d09-0571-41f3-8257-50841b244f45,,,,,,,,,,,,,,,,,,,,,,,,,,,,,,,,,,,,,,,
31952400-1118-44ee-a4c6-b30abe215e5d,,,,,,,,,,,,,,,,,,,,,,,,,,,,,,,,,,,,,,,
31953748-e1c2-4fdb-9d8e-6f910374d248,,,,,,,,,,,,,,,,,,,,,,,,,,,,,,,,,,,,,,,
319a0eea-f868-4be3-a1ae-c28ee4a6796e,branch_metrics_inc,1.0,1.0,,,,,,,,,,,,,,,,,,,,,,,,,,,,,,,,,,,,
319f3509-ef91-4117-8c5e-8d21321f3717,,,,,,,,,,,,,,,,,,,,,,,,,,,,,,,,,,,,,,,
31a00f9e-20a2-4b95-9c20-e0658f9164fa,,,,,,,,,,,,,,,,,,,,,,,,,,,,,,,,,,,,,,,
31a4b100-59cb-4c27-a8b8-1c8c2aa674db,,,,,,,,,,,,,,,,,,,,,,,,,,,,,,,,,,,,,,,
31ae38a7-3241-47cd-9e4a-15f0f8b9ae2c,,,,,,,,,,,,,,,,,,,,,,,,,,,,,,,,,,,,,,,
31af06c7-180a-4f8c-87d2-6c6b05c8261b,,,,,,,,,,,,,,,,,,,,,,,,,,,,,,,,,,,,,,,
31c9a13b-e56f-484b-be09-3032e4f7226c,,,,,,,,,,,,,,,,,,,,,,,,,,,,,,,,,,,,,,,
31ccbfb4-c29a-4043-ab6e-b701be54a2f9,,,,,,,,,,,,,,,,,,,,,,,,,,,,,,,,,,,,,,,
31cf904a-f244-418f-b5bb-f93ae7c6d1d6,,,,,,,,,,,,,,,,,,,,,,,,,,,,,,,,,,,,,,,
31e400b6-e6ce-46e5-8e91-69df44fbb6bf,,,,,,,,,,,,,,,,,,,,,,,,,,,,,,,,,,,,,,,
31e5c31f-de01-4d17-89dd-45587df39f0b,,,,,,,,,,,,,,,,,,,,,,,,,,,,,,,,,,,,,,,
31e684f3-cea5-4c2c-bef7-46c6d10c4593,,,,,,,,,,,,,,,,,,,,,,,,,,,,,,,,,,,,,,,
31ebe0cd-c0a4-473f-adcf-c2f37434b955,,,,,,,,,,,,,,,,,,,,,,,,,,,,,,,,,,,,,,,
31efe7a8-e0b9-431d-866d-67640700434d,,,,,,,,,,,,,,,,,,,,,,,,,,,,,,,,,,,,,,,
31fa0d81-2920-476a-9efb-fab8c4da4f9c,,,,,,,,,,,,,,,,,,,,,,,,,,,,,,,,,,,,,,,
31fdbf70-71ee-4a22-baf8-d291c537d731,,,,,,,,,,,,,,,,,,,,,,,,,,,,,,,,,,,,,,,
320bde23-67f0-4f96-9eb0-477493b283d8,,,,,,,,,,,,,,,,,,,,,,,,,,,,,,,,,,,,,,,
321b62fc-9dc0-4eab-9c44-5e2da0dabb4e,,,,,,,,,,,,,,,,,,,,,,,,,,,,,,,,,,,,,,,
32214b65-3e0d-4e8f-94d8-5b083b15d117,,,,,,,,,,,,,,,,,,,,,,,,,,,,,,,,,,,,,,,
3226e261-31dd-4663-88d5-fda0298a2e84,,,,,,,,,,,,,,,,,,,,,,,,,,,,,,,,,,,,,,,
32278d6f-f988-4924-a2e8-17294a05ea0d,,,,,,,,,,,,,,,,,,,,,,,,,,,,,,,,,,,,,,,
32279eb7-89c7-474b-bf85-d0db3e120ef6,,,,,,,,,,,,,,,,,,,,,,,,,,,,,,,,,,,,,,,
322983b1-2526-4e62-8914-69cb94c96156,dmg_media,1.0,1.0,,,,,,,,,,,,,,,,,,,,,,,,,,,,,,,,,,,,
3232365c-1969-44e6-b6e9-a64417b7ea81,,,,,,,,,,,,,,,,,,,,,,,,,,,,,,,,,,,,,,,
3250c973-5df5-408b-a693-a34f0f9d6cc5,,,,,,,,,,,,,,,,,,,,,,,,,,,,,,,,,,,,,,,
325ced7b-4a7a-4f0b-8b63-8f8085b3457d,,,,,,,,,,,,,,,,,,,,,,,,,,,,,,,,,,,,,,,
325f00e5-0252-4151-836d-1e9fe81f0b4b,,,,,,,,,,,,,,,,,,,,,,,,,,,,,,,,,,,,,,,
326ad61a-a53a-4099-a24c-bceee0328468,,,,,,,,,,,,,,,,,,,,,,,,,,,,,,,,,,,,,,,
329220df-e976-4304-843c-3017205623ba,,,,,,,,,,,,,,,,,,,,,,,,,,,,,,,,,,,,,,,
329ac72a-e56c-405c-a0a4-26ea53e69837,,,,,,,,,,,,,,,,,,,,,,,,,,,,,,,,,,,,,,,
329e1bae-c8a6-40c3-9c0b-f090a0085f4f,,,,,,,,,,,,,,,,,,,,,,,,,,,,,,,,,,,,,,,
329f0968-2388-4daa-85a1-7b00f775cbc7,,,,,,,,,,,,,,,,,,,,,,,,,,,,,,,,,,,,,,,
32a01ca3-6cbf-4ad5-9047-9e2f597721ed,,,,,,,,,,,,,,,,,,,,,,,,,,,,,,,,,,,,,,,
32a3f542-ab57-4739-b36b-93e53236a4fb,,,,,,,,,,,,,,,,,,,,,,,,,,,,,,,,,,,,,,,
32b0fc14-f053-4a2d-b652-294074d3c96c,,,,,,,,,,,,,,,,,,,,,,,,,,,,,,,,,,,,,,,
32c9b15f-3230-46cd-b5e1-9131761b8eb5,,,,,,,,,,,,,,,,,,,,,,,,,,,,,,,,,,,,,,,
32c9b381-6206-428e-be19-94ef0bd73b73,,,,,,,,,,,,,,,,,,,,,,,,,,,,,,,,,,,,,,,
32cc1e10-2e68-48e1-afcf-2f91a524dc21,,,,,,,,,,,,,,,,,,,,,,,,,,,,,,,,,,,,,,,
32de16bf-99c2-4f68-86a8-60b0288e4697,,,,,,,,,,,,,,,,,,,,,,,,,,,,,,,,,,,,,,,
32e01287-0299-4590-9ba0-7cedd97c4b59,,,,,,,,,,,,,,,,,,,,,,,,,,,,,,,,,,,,,,,
32e46883-7745-4d99-9f38-f5dc7dd04f34,,,,,,,,,,,,,,,,,,,,,,,,,,,,,,,,,,,,,,,
32ea3204-3c4b-4498-96c1-ccdd8c977fbf,,,,,,,,,,,,,,,,,,,,,,,,,,,,,,,,,,,,,,,
32eb48c3-bd61-4a02-9df7-865f0690cea8,,,,,,,,,,,,,,,,,,,,,,,,,,,,,,,,,,,,,,,
32eb855e-1163-474c-ae12-c6ab622b9af6,,,,,,,,,,,,,,,,,,,,,,,,,,,,,,,,,,,,,,,
32f654cd-790b-4991-a1b4-2055958285a7,,,,,,,,,,,,,,,,,,,,,,,,,,,,,,,,,,,,,,,
3309df2c-bc07-4379-9c1e-1dbc9dc37629,,,,,,,,,,,,,,,,,,,,,,,,,,,,,,,,,,,,,,,
330de920-96a3-4180-996e-db27645397ce,,,,,,,,,,,,,,,,,,,,,,,,,,,,,,,,,,,,,,,
3329255c-ad88-467b-91cb-2e080c4a4ca2,,,,,,,,,,,,,,,,,,,,,,,,,,,,,,,,,,,,,,,
3330cf72-6a97-45b1-b44a-a672d15ce9a9,,,,,,,,,,,,,,,,,,,,,,,,,,,,,,,,,,,,,,,
333121ae-0073-44fb-9f96-435ab43083cb,,,,,,,,,,,,,,,,,,,,,,,,,,,,,,,,,,,,,,,
33336f0c-4d80-4fe2-b5ae-bfb439e55eb1,,,,,,,,,,,,,,,,,,,,,,,,,,,,,,,,,,,,,,,
3339d779-90c0-4ad3-a46f-f4d4a1b54145,,,,,,,,,,,,,,,,,,,,,,,,,,,,,,,,,,,,,,,
333b2888-eb9e-477a-9fdd-f962cadba4a2,,,,,,,,,,,,,,,,,,,,,,,,,,,,,,,,,,,,,,,
333e0891-7605-407a-9925-e286a888f506,,,,,,,,,,,,,,,,,,,,,,,,,,,,,,,,,,,,,,,
3342be23-7812-406d-a0d2-e04563e06434,,,,,,,,,,,,,,,,,,,,,,,,,,,,,,,,,,,,,,,
3344b8bc-4c8a-4989-b3c6-f7b5609cae20,,,,,,,,,,,,,,,,,,,,,,,,,,,,,,,,,,,,,,,
3344c60b-6b90-4cd2-8f6b-4fd6ad3acf80,conviva,1.0,1.0,,,,,,,,,,,,,,,,,,,,,,,,,,,,,,,,,,,,
33471964-db40-4df4-8f3b-ab3ba0e96a4b,,,,,,,,,,,,,,,,,,,,,,,,,,,,,,,,,,,,,,,
334e6da3-73d8-4a53-9b34-e0ab5f359fd1,,,,,,,,,,,,,,,,,,,,,,,,,,,,,,,,,,,,,,,
335ebcca-7ab3-4bc4-aac9-b196d6afa57e,,,,,,,,,,,,,,,,,,,,,,,,,,,,,,,,,,,,,,,
33647319-65c2-466a-bd4a-fe2e7c31b9a9,wikia,1.0,1.0,,,,,,,,,,,,,,,,,,,,,,,,,,,,,,,,,,,,
3367039e-fa2e-4f1b-be3e-f34359f67676,,,,,,,,,,,,,,,,,,,,,,,,,,,,,,,,,,,,,,,
33679f0b-e0b6-420e-b94e-ac67faa4af4b,,,,,,,,,,,,,,,,,,,,,,,,,,,,,,,,,,,,,,,
336cee86-ab7b-4e1e-9bdc-ea18b54db6d2,,,,,,,,,,,,,,,,,,,,,,,,,,,,,,,,,,,,,,,
337113bb-0d79-444b-bb7c-20ef4c9fd50a,,,,,,,,,,,,,,,,,,,,,,,,,,,,,,,,,,,,,,,
337624e6-cffc-45ef-b613-67621b79a0f4,,,,,,,,,,,,,,,,,,,,,,,,,,,,,,,,,,,,,,,
3377c788-a539-42d1-ac5f-b2033b58a0be,,,,,,,,,,,,,,,,,,,,,,,,,,,,,,,,,,,,,,,
3383a697-cd9b-4d7c-812e-d8d0de8c11a4,,,,,,,,,,,,,,,,,,,,,,,,,,,,,,,,,,,,,,,
3387ee72-f6da-4b1e-a877-74583927be51,,,,,,,,,,,,,,,,,,,,,,,,,,,,,,,,,,,,,,,
3397cf11-6997-4249-b548-569e8deee5aa,,,,,,,,,,,,,,,,,,,,,,,,,,,,,,,,,,,,,,,
33a0841d-eb0a-4335-9c89-c383c7d9f44f,,,,,,,,,,,,,,,,,,,,,,,,,,,,,,,,,,,,,,,
33a0d4e5-c102-45a6-9a49-9e1d266086d4,,,,,,,,,,,,,,,,,,,,,,,,,,,,,,,,,,,,,,,
33aa0d05-35d3-4894-a7a4-390f20801fe6,,,,,,,,,,,,,,,,,,,,,,,,,,,,,,,,,,,,,,,
33b2eb5c-2f5c-4ac4-92f1-f208b856fd05,,,,,,,,,,,,,,,,,,,,,,,,,,,,,,,,,,,,,,,
33b5d5c5-24c1-4583-82fe-6a80b1a4155f,,,,,,,,,,,,,,,,,,,,,,,,,,,,,,,,,,,,,,,
33b5de7a-abbf-4c68-b661-d2b08979c439,,,,,,,,,,,,,,,,,,,,,,,,,,,,,,,,,,,,,,,
33b69ab8-b5ce-4acb-8fc1-ed29bab66c3b,,,,,,,,,,,,,,,,,,,,,,,,,,,,,,,,,,,,,,,
33ba1804-e5c2-4da7-b348-fcb55d75c9de,,,,,,,,,,,,,,,,,,,,,,,,,,,,,,,,,,,,,,,
33bbe1e6-ab1d-49ba-b1c2-2b4d01a61012,,,,,,,,,,,,,,,,,,,,,,,,,,,,,,,,,,,,,,,
33bd79c5-c44c-4c14-b7a6-b6165061c271,,,,,,,,,,,,,,,,,,,,,,,,,,,,,,,,,,,,,,,
33c1646d-d455-425b-90e5-ffd3a7760b29,,,,,,,,,,,,,,,,,,,,,,,,,,,,,,,,,,,,,,,
33c2908c-f1c2-44bf-a3af-38ded01e3781,,,,,,,,,,,,,,,,,,,,,,,,,,,,,,,,,,,,,,,
33c94b30-b0e2-4759-8731-1302c7726ee0,,,,,,,,,,,,,,,,,,,,,,,,,,,,,,,,,,,,,,,
33e1466f-ac1f-4299-82b1-95c2c9246807,userreport,1.0,1.0,,,,,,,,,,,,,,,,,,,,,,,,,,,,,,,,,,,,
33e8a128-3540-40e0-a8fd-c407714818d0,,,,,,,,,,,,,,,,,,,,,,,,,,,,,,,,,,,,,,,
33ebaaf6-93de-46a2-88b6-60f377ea964a,,,,,,,,,,,,,,,,,,,,,,,,,,,,,,,,,,,,,,,
33ee580f-ef3f-4f76-98f4-339b715895dd,,,,,,,,,,,,,,,,,,,,,,,,,,,,,,,,,,,,,,,
33f9fca5-da1c-45f8-b0ee-243adcfe7268,,,,,,,,,,,,,,,,,,,,,,,,,,,,,,,,,,,,,,,
3400204f-953a-4ce7-a934-e8ddc464004d,,,,,,,,,,,,,,,,,,,,,,,,,,,,,,,,,,,,,,,
34013673-9462-4a7a-8df0-ad718ad26676,,,,,,,,,,,,,,,,,,,,,,,,,,,,,,,,,,,,,,,
340a3d81-a1b5-49e0-a3f2-cdb2725a681a,,,,,,,,,,,,,,,,,,,,,,,,,,,,,,,,,,,,,,,
3410cd56-785c-45a0-8b90-786fe32c3d5a,,,,,,,,,,,,,,,,,,,,,,,,,,,,,,,,,,,,,,,
34113c65-ed62-42e9-ac8c-4cdebbf530e9,,,,,,,,,,,,,,,,,,,,,,,,,,,,,,,,,,,,,,,
34138fbd-b4a7-4d52-9f53-8c90cd12f883,,,,,,,,,,,,,,,,,,,,,,,,,,,,,,,,,,,,,,,
342302dc-dcc8-4997-994e-89112817ea00,,,,,,,,,,,,,,,,,,,,,,,,,,,,,,,,,,,,,,,
3423071c-5408-42c4-a73b-0f5e76a801c9,,,,,,,,,,,,,,,,,,,,,,,,,,,,,,,,,,,,,,,
3428c8a4-8bde-448d-af4d-5866a61b8c6c,,,,,,,,,,,,,,,,,,,,,,,,,,,,,,,,,,,,,,,
342b00bf-e322-4ba0-8aa5-1aa712ed1466,,,,,,,,,,,,,,,,,,,,,,,,,,,,,,,,,,,,,,,
3436eac9-61c5-4715-8d02-4edd0f100732,,,,,,,,,,,,,,,,,,,,,,,,,,,,,,,,,,,,,,,
343a29f5-952b-4054-988e-61f4ff196f40,verizon,1.0,1.0,,,,,,,,,,,,,,,,,,,,,,,,,,,,,,,,,,,,
343ad576-b7db-4ab9-8145-fde62fb86305,,,,,,,,,,,,,,,,,,,,,,,,,,,,,,,,,,,,,,,
343e8d31-debd-445b-8c5a-e490b66dbaa5,rambler,1.0,1.0,,,,,,,,,,,,,,,,,,,,,,,,,,,,,,,,,,,,
34418ea9-9b2b-4654-855c-95566b29c38c,,,,,,,,,,,,,,,,,,,,,,,,,,,,,,,,,,,,,,,
34427508-83ff-46f1-9941-832859f4ed83,,,,,,,,,,,,,,,,,,,,,,,,,,,,,,,,,,,,,,,
34430240-b66a-4ae3-a470-76e91f4aa063,,,,,,,,,,,,,,,,,,,,,,,,,,,,,,,,,,,,,,,
3445504e-507e-41c9-bdc5-dd05290010f6,,,,,,,,,,,,,,,,,,,,,,,,,,,,,,,,,,,,,,,
34499943-bcbc-4861-8300-6e1968957594,,,,,,,,,,,,,,,,,,,,,,,,,,,,,,,,,,,,,,,
344bd32a-e99e-4023-a542-904fa23a0574,,,,,,,,,,,,,,,,,,,,,,,,,,,,,,,,,,,,,,,
344cc591-f832-4a7e-b941-798f9cf8446a,,,,,,,,,,,,,,,,,,,,,,,,,,,,,,,,,,,,,,,
344f0781-bcb3-4b29-ba3c-c29e2dbed648,,,,,,,,,,,,,,,,,,,,,,,,,,,,,,,,,,,,,,,
344fea3e-5fd4-4cf1-a170-c7fb2d91e785,,,,,,,,,,,,,,,,,,,,,,,,,,,,,,,,,,,,,,,
34532dd8-7030-4b8a-a249-9f1e6468187e,,,,,,,,,,,,,,,,,,,,,,,,,,,,,,,,,,,,,,,
345429c2-3287-44df-a5cb-168d93eddb6b,,,,,,,,,,,,,,,,,,,,,,,,,,,,,,,,,,,,,,,
34565f11-06dd-4138-99e4-2a9d6fb02dfb,,,,,,,,,,,,,,,,,,,,,,,,,,,,,,,,,,,,,,,
3459d817-fbbf-4808-a1a1-ead4ca905d53,,,,,,,,,,,,,,,,,,,,,,,,,,,,,,,,,,,,,,,
3462d428-f7ec-4edb-93b1-1e768a89ceae,,,,,,,,,,,,,,,,,,,,,,,,,,,,,,,,,,,,,,,
3463b187-3522-47c9-870d-2808a31b8495,,,,,,,,,,,,,,,,,,,,,,,,,,,,,,,,,,,,,,,
346f6303-5707-4985-bb21-0fc5ac1ed1cc,,,,,,,,,,,,,,,,,,,,,,,,,,,,,,,,,,,,,,,
34733773-9005-4a59-a284-f7aa9935c37c,,,,,,,,,,,,,,,,,,,,,,,,,,,,,,,,,,,,,,,
347c0863-07e6-4ec4-b6f4-9c5abdf04c46,,,,,,,,,,,,,,,,,,,,,,,,,,,,,,,,,,,,,,,
3482ae7b-d12c-43f5-b72c-bdb6947c06df,,,,,,,,,,,,,,,,,,,,,,,,,,,,,,,,,,,,,,,
34854a7e-c8b5-47d0-828b-3dbd9c74990f,,,,,,,,,,,,,,,,,,,,,,,,,,,,,,,,,,,,,,,
348a6502-4871-4f65-a62f-d09f35e016ed,,,,,,,,,,,,,,,,,,,,,,,,,,,,,,,,,,,,,,,
34930919-1801-44c5-a11b-8768e2f1e95e,,,,,,,,,,,,,,,,,,,,,,,,,,,,,,,,,,,,,,,
34a7c40d-5931-442f-980e-d0572aa5343d,,,,,,,,,,,,,,,,,,,,,,,,,,,,,,,,,,,,,,,
34a958f8-b883-4d7d-80e5-d9c9b44a7aa8,,,,,,,,,,,,,,,,,,,,,,,,,,,,,,,,,,,,,,,
34abaccc-d01c-4085-ab87-2332d06cc8aa,,,,,,,,,,,,,,,,,,,,,,,,,,,,,,,,,,,,,,,
34ac9e34-5fa1-404d-b6f9-5e7f7cb0c411,salesforce,1.0,1.0,,,,,,,,,,,,,,,,,,,,,,,,,,,,,,,,,,,,
34ad84a7-afc1-47dc-bd6b-7d995fb77bd9,,,,,,,,,,,,,,,,,,,,,,,,,,,,,,,,,,,,,,,
34c08490-243f-4a70-8691-604746eb3659,,,,,,,,,,,,,,,,,,,,,,,,,,,,,,,,,,,,,,,
34c501da-3b39-4d1c-97b8-f8d862f81d4a,,,,,,,,,,,,,,,,,,,,,,,,,,,,,,,,,,,,,,,
34ce7b52-37ae-4854-85ce-259aa6ce36f8,,,,,,,,,,,,,,,,,,,,,,,,,,,,,,,,,,,,,,,
34d3b195-846d-472e-8b05-085260e4fb34,,,,,,,,,,,,,,,,,,,,,,,,,,,,,,,,,,,,,,,
34db1deb-858d-4135-b188-0d7d84767225,,,,,,,,,,,,,,,,,,,,,,,,,,,,,,,,,,,,,,,
34ec1ae3-a363-4cc4-a7d2-c2fabc97258b,,,,,,,,,,,,,,,,,,,,,,,,,,,,,,,,,,,,,,,
34ed0527-ba47-4020-8ccf-31a91da61406,,,,,,,,,,,,,,,,,,,,,,,,,,,,,,,,,,,,,,,
34f23cd2-be90-43a1-9fa0-08e8411261aa,,,,,,,,,,,,,,,,,,,,,,,,,,,,,,,,,,,,,,,
34f3bd03-5d22-45a5-8aae-f9f40e8cd331,,,,,,,,,,,,,,,,,,,,,,,,,,,,,,,,,,,,,,,
34fe5724-fa7e-4820-8f91-083c24f1ba92,,,,,,,,,,,,,,,,,,,,,,,,,,,,,,,,,,,,,,,
35054662-1504-46bc-b840-ab6a8530e7aa,,,,,,,,,,,,,,,,,,,,,,,,,,,,,,,,,,,,,,,
35077ead-85d1-480a-b854-6355661e80d9,,,,,,,,,,,,,,,,,,,,,,,,,,,,,,,,,,,,,,,
3507cbcb-55ba-4797-80a7-2cd8c7e77b75,naver,1.0,1.0,,,,,,,,,,,,,,,,,,,,,,,,,,,,,,,,,,,,
350d0804-a673-486a-899e-867ff5940ca1,,,,,,,,,,,,,,,,,,,,,,,,,,,,,,,,,,,,,,,
3513c33b-487c-4798-b337-ab64aa95e0cd,,,,,,,,,,,,,,,,,,,,,,,,,,,,,,,,,,,,,,,
3517a010-1c58-494d-b2d0-c77541d325be,,,,,,,,,,,,,,,,,,,,,,,,,,,,,,,,,,,,,,,
35180398-90b4-43c2-9fae-ec05db0e666e,,,,,,,,,,,,,,,,,,,,,,,,,,,,,,,,,,,,,,,
3519569d-c469-4452-9aea-fe1f8715fa5d,,,,,,,,,,,,,,,,,,,,,,,,,,,,,,,,,,,,,,,
3524b604-12d9-4daf-935f-20b02342e522,,,,,,,,,,,,,,,,,,,,,,,,,,,,,,,,,,,,,,,
352d9115-992b-4a20-bdb5-a4d51a746794,,,,,,,,,,,,,,,,,,,,,,,,,,,,,,,,,,,,,,,
3542af58-36b5-4060-bdac-7aa7d4fe129c,,,,,,,,,,,,,,,,,,,,,,,,,,,,,,,,,,,,,,,
3555065e-5769-40e2-a552-a78c9933b8f3,,,,,,,,,,,,,,,,,,,,,,,,,,,,,,,,,,,,,,,
3563853a-ac4a-4235-b4c6-a4acb5fc0ddc,,,,,,,,,,,,,,,,,,,,,,,,,,,,,,,,,,,,,,,
35656197-1dcc-4ee1-b43a-89285b589230,,,,,,,,,,,,,,,,,,,,,,,,,,,,,,,,,,,,,,,
3569e873-222e-4788-8693-c5e56585829d,,,,,,,,,,,,,,,,,,,,,,,,,,,,,,,,,,,,,,,
356a7bba-4054-45bf-b4ce-86f6ea9b5882,,,,,,,,,,,,,,,,,,,,,,,,,,,,,,,,,,,,,,,
3574f213-b639-4d96-bbd3-6f6b042edf3e,,,,,,,,,,,,,,,,,,,,,,,,,,,,,,,,,,,,,,,
3581fd08-bb8b-4b16-b5dc-315c93e8a966,,,,,,,,,,,,,,,,,,,,,,,,,,,,,,,,,,,,,,,
3582828d-29c3-475e-8e06-aa4235a1e4ab,,,,,,,,,,,,,,,,,,,,,,,,,,,,,,,,,,,,,,,
3584772a-94ef-4fda-987d-bd8106060171,,,,,,,,,,,,,,,,,,,,,,,,,,,,,,,,,,,,,,,
358511a2-614d-4882-8508-3a910501a908,usercentrics,1.0,1.0,,,,,,,,,,,,,,,,,,,,,,,,,,,,,,,,,,,,
358bbfc3-7efb-48e8-8c0a-2da067dcbb21,,,,,,,,,,,,,,,,,,,,,,,,,,,,,,,,,,,,,,,
358daf2d-c14a-4275-81eb-9a387ae24ead,,,,,,,,,,,,,,,,,,,,,,,,,,,,,,,,,,,,,,,
358f87ff-defe-4242-bfe1-a90be9271b67,dynamic_yield,1.0,1.0,,,,,,,,,,,,,,,,,,,,,,,,,,,,,,,,,,,,
3592f975-5910-47c6-9b5a-1020fd77f9bb,,,,,,,,,,,,,,,,,,,,,,,,,,,,,,,,,,,,,,,
359516e9-ba7c-4555-9223-4442d309d97c,,,,,,,,,,,,,,,,,,,,,,,,,,,,,,,,,,,,,,,
359885cf-c5ca-455b-81c0-eb34f3329e9d,,,,,,,,,,,,,,,,,,,,,,,,,,,,,,,,,,,,,,,
359b5e48-486e-44ef-b4bc-200456108fe7,,,,,,,,,,,,,,,,,,,,,,,,,,,,,,,,,,,,,,,
359d5fd4-2e77-4526-b819-473b13e21bc4,,,,,,,,,,,,,,,,,,,,,,,,,,,,,,,,,,,,,,,
359e2af5-bbe1-40eb-b157-000f087a0aa7,,,,,,,,,,,,,,,,,,,,,,,,,,,,,,,,,,,,,,,
35a1798b-0ad5-4dc1-86f4-9172b2b0bcf0,,,,,,,,,,,,,,,,,,,,,,,,,,,,,,,,,,,,,,,
35a1fd34-ddce-4579-80de-990e0ce1258f,,,,,,,,,,,,,,,,,,,,,,,,,,,,,,,,,,,,,,,
35a9e164-f1ee-4d8f-ac83-57d5f25c1579,,,,,,,,,,,,,,,,,,,,,,,,,,,,,,,,,,,,,,,
35b07331-c35b-4fe9-8b88-1fdb604ac53f,,,,,,,,,,,,,,,,,,,,,,,,,,,,,,,,,,,,,,,
35b4edf1-fb2b-402a-9eb9-11f757d667e1,,,,,,,,,,,,,,,,,,,,,,,,,,,,,,,,,,,,,,,
35b93073-44a4-4046-95f9-db34035e1401,,,,,,,,,,,,,,,,,,,,,,,,,,,,,,,,,,,,,,,
35cdc8e2-f896-417b-a16a-35cbd9dafd85,,,,,,,,,,,,,,,,,,,,,,,,,,,,,,,,,,,,,,,
35d87f6b-5ad4-4794-b87e-24891093259e,,,,,,,,,,,,,,,,,,,,,,,,,,,,,,,,,,,,,,,
35da8b22-6ab9-4e44-bd63-e619a02964c6,,,,,,,,,,,,,,,,,,,,,,,,,,,,,,,,,,,,,,,
35db9521-2706-4b52-a188-0763c4b858ec,,,,,,,,,,,,,,,,,,,,,,,,,,,,,,,,,,,,,,,
35ea3796-960d-4efd-8f6c-39eefba7c816,,,,,,,,,,,,,,,,,,,,,,,,,,,,,,,,,,,,,,,
35ec3214-6e6b-470b-b326-59c189c8098c,,,,,,,,,,,,,,,,,,,,,,,,,,,,,,,,,,,,,,,
35efe40f-4974-4739-b072-bcb7a76937fc,,,,,,,,,,,,,,,,,,,,,,,,,,,,,,,,,,,,,,,
35f0cf64-3e3c-47dc-94cd-fe2a8a39d142,,,,,,,,,,,,,,,,,,,,,,,,,,,,,,,,,,,,,,,
35f30777-b4d9-4f62-a78e-f9ef9137a7eb,,,,,,,,,,,,,,,,,,,,,,,,,,,,,,,,,,,,,,,
35f436dd-6d9d-42d7-9600-e05fd1f5f56b,,,,,,,,,,,,,,,,,,,,,,,,,,,,,,,,,,,,,,,
35ff6c5c-9692-4988-8f70-23de5019b7cd,,,,,,,,,,,,,,,,,,,,,,,,,,,,,,,,,,,,,,,
360a2c4d-070f-466f-831c-e68716a6a21a,,,,,,,,,,,,,,,,,,,,,,,,,,,,,,,,,,,,,,,
360cc84d-0e0f-423f-936f-228fdbe65f1b,,,,,,,,,,,,,,,,,,,,,,,,,,,,,,,,,,,,,,,
362232ac-e07d-4f3f-ba0b-590cf45c4182,,,,,,,,,,,,,,,,,,,,,,,,,,,,,,,,,,,,,,,
362c0c3b-089d-45cf-95b1-b9541605704c,,,,,,,,,,,,,,,,,,,,,,,,,,,,,,,,,,,,,,,
362d4d66-2022-4528-aedd-156692291ceb,,,,,,,,,,,,,,,,,,,,,,,,,,,,,,,,,,,,,,,
3635a8f8-c3ac-4965-8371-c1ab4283db96,zalando,1.0,1.0,,,,,,,,,,,,,,,,,,,,,,,,,,,,,,,,,,,,
36369af7-d537-4849-9d32-e23ffcc1fc85,,,,,,,,,,,,,,,,,,,,,,,,,,,,,,,,,,,,,,,
3638af96-4b30-4a72-9564-bb7a0d28407f,,,,,,,,,,,,,,,,,,,,,,,,,,,,,,,,,,,,,,,
363a6916-abf8-4860-809b-4bbe9d2da00e,,,,,,,,,,,,,,,,,,,,,,,,,,,,,,,,,,,,,,,
364386f2-a6f2-4905-b5b5-ae42e28c5f8c,,,,,,,,,,,,,,,,,,,,,,,,,,,,,,,,,,,,,,,
364498c4-82d2-4bc6-9ca6-f39a6fdfb3db,,,,,,,,,,,,,,,,,,,,,,,,,,,,,,,,,,,,,,,
3644f6e0-80e2-435b-a3c4-ab80fae083d0,,,,,,,,,,,,,,,,,,,,,,,,,,,,,,,,,,,,,,,
365035b3-9ccc-43d8-8f7b-0914ff890d6e,,,,,,,,,,,,,,,,,,,,,,,,,,,,,,,,,,,,,,,
3650add8-9082-4c12-a3dd-ba32ba9c7ae3,,,,,,,,,,,,,,,,,,,,,,,,,,,,,,,,,,,,,,,
36524ecb-92f3-48c0-aee4-baf1916a662d,,,,,,,,,,,,,,,,,,,,,,,,,,,,,,,,,,,,,,,
3660a308-aa38-45d5-8ab2-884132b0536b,,,,,,,,,,,,,,,,,,,,,,,,,,,,,,,,,,,,,,,
36628c32-5751-4664-88aa-0d1e20a4e99f,,,,,,,,,,,,,,,,,,,,,,,,,,,,,,,,,,,,,,,
3663957c-b7e8-4e87-92a9-3df19eecefe7,,,,,,,,,,,,,,,,,,,,,,,,,,,,,,,,,,,,,,,
36689547-f93a-4664-8afc-1d0df19b5df5,,,,,,,,,,,,,,,,,,,,,,,,,,,,,,,,,,,,,,,
366949f6-bb1f-4f4d-8c2a-7d3cfc506069,,,,,,,,,,,,,,,,,,,,,,,,,,,,,,,,,,,,,,,
366e9fc8-9be9-4549-afff-31f4ad462c22,,,,,,,,,,,,,,,,,,,,,,,,,,,,,,,,,,,,,,,
3673563f-2067-4f5a-a112-8f2d18ba8600,qualtrics,1.0,1.0,,,,,,,,,,,,,,,,,,,,,,,,,,,,,,,,,,,,
367ac263-b02a-40a2-b4d9-1b7b9433168e,,,,,,,,,,,,,,,,,,,,,,,,,,,,,,,,,,,,,,,
36894f32-a8a3-4285-adc8-cd26f0f45ad1,,,,,,,,,,,,,,,,,,,,,,,,,,,,,,,,,,,,,,,
368bd532-ece3-424b-87ef-d95b0a6ac6d8,,,,,,,,,,,,,,,,,,,,,,,,,,,,,,,,,,,,,,,
36915c88-b713-4b40-b236-16ad7b4d3482,,,,,,,,,,,,,,,,,,,,,,,,,,,,,,,,,,,,,,,
3692ab93-6952-463b-923f-cd30dfd708b7,,,,,,,,,,,,,,,,,,,,,,,,,,,,,,,,,,,,,,,
3693b363-5d46-4560-ba41-795cab23218a,,,,,,,,,,,,,,,,,,,,,,,,,,,,,,,,,,,,,,,
36980647-282b-481e-ac78-700e886bae55,,,,,,,,,,,,,,,,,,,,,,,,,,,,,,,,,,,,,,,
36986539-00d5-4f76-85ff-57fe389cad80,,,,,,,,,,,,,,,,,,,,,,,,,,,,,,,,,,,,,,,
36a1fcb0-1343-43cf-a2d7-d05e6e295562,,,,,,,,,,,,,,,,,,,,,,,,,,,,,,,,,,,,,,,
36a4f9ec-f1e5-44bb-b17e-572bcf37c8ee,,,,,,,,,,,,,,,,,,,,,,,,,,,,,,,,,,,,,,,
36b831c1-a9fc-4efe-b858-5376a9144adb,,,,,,,,,,,,,,,,,,,,,,,,,,,,,,,,,,,,,,,
36bad9c3-719f-420a-8054-981192a44497,,,,,,,,,,,,,,,,,,,,,,,,,,,,,,,,,,,,,,,
36bcd7b3-f619-4ade-be5d-ed96efa01eb5,,,,,,,,,,,,,,,,,,,,,,,,,,,,,,,,,,,,,,,
36c55145-48ea-4ccc-a04b-16d03fba1330,,,,,,,,,,,,,,,,,,,,,,,,,,,,,,,,,,,,,,,
36cc33bd-a5a9-414b-a855-cee355ce0f40,,,,,,,,,,,,,,,,,,,,,,,,,,,,,,,,,,,,,,,
36cdfb8b-4a2b-496f-bf5b-19857639d174,,,,,,,,,,,,,,,,,,,,,,,,,,,,,,,,,,,,,,,
36daa2b9-473a-4632-b54a-c37cfadb748c,,,,,,,,,,,,,,,,,,,,,,,,,,,,,,,,,,,,,,,
36e126ea-9717-4e6f-b2fd-e4feaadf1aae,,,,,,,,,,,,,,,,,,,,,,,,,,,,,,,,,,,,,,,
36e3c708-1557-4eca-a237-8efd14656a34,,,,,,,,,,,,,,,,,,,,,,,,,,,,,,,,,,,,,,,
36e8a05f-f986-42c3-af0d-793972c15e77,,,,,,,,,,,,,,,,,,,,,,,,,,,,,,,,,,,,,,,
36ebee29-ba27-49e9-862e-957b6709da6b,,,,,,,,,,,,,,,,,,,,,,,,,,,,,,,,,,,,,,,
36f15596-060e-4dbf-b1fc-b6ae9d3345b2,,,,,,,,,,,,,,,,,,,,,,,,,,,,,,,,,,,,,,,
3701d6cb-7554-4fdb-bcf4-108b682bef2a,,,,,,,,,,,,,,,,,,,,,,,,,,,,,,,,,,,,,,,
37068969-e9d9-492f-96d5-43323a28934e,,,,,,,,,,,,,,,,,,,,,,,,,,,,,,,,,,,,,,,
3706cb45-a5b2-4d85-a1c1-9417d0f3a654,,,,,,,,,,,,,,,,,,,,,,,,,,,,,,,,,,,,,,,
370cf565-d06f-4d8f-99fb-a13f7f095bd4,,,,,,,,,,,,,,,,,,,,,,,,,,,,,,,,,,,,,,,
370ea5de-be82-4342-9f05-7068f31ae284,,,,,,,,,,,,,,,,,,,,,,,,,,,,,,,,,,,,,,,
3712a9d6-68ec-44d8-8ca0-71a3922d0119,,,,,,,,,,,,,,,,,,,,,,,,,,,,,,,,,,,,,,,
371e7724-a7df-48e3-9aa5-6ed8d5a0bb1c,,,,,,,,,,,,,,,,,,,,,,,,,,,,,,,,,,,,,,,
371fd96f-1295-4ba0-bc05-522a7b5de38a,,,,,,,,,,,,,,,,,,,,,,,,,,,,,,,,,,,,,,,
3722feb1-e5e7-4318-9aae-e8fb773f7fe9,,,,,,,,,,,,,,,,,,,,,,,,,,,,,,,,,,,,,,,
372826e9-263e-41ce-95e3-6b79e2ba202b,,,,,,,,,,,,,,,,,,,,,,,,,,,,,,,,,,,,,,,
372bdf51-c533-4685-97f7-b942e2420a05,,,,,,,,,,,,,,,,,,,,,,,,,,,,,,,,,,,,,,,
372c87de-b44d-48d4-8761-188d091f8be0,wp,1.0,0.5,o2.pl,1.0,0.5,,,,,,,,,,,,,,,,,,,,,,,,,,,,,,,,,
372ca93a-a861-448c-aba4-a7c2216f5008,,,,,,,,,,,,,,,,,,,,,,,,,,,,,,,,,,,,,,,
37386baf-7e1f-4d68-a91d-51e9fdc38e62,,,,,,,,,,,,,,,,,,,,,,,,,,,,,,,,,,,,,,,
373a93f0-0054-480c-acba-56475d63ce93,,,,,,,,,,,,,,,,,,,,,,,,,,,,,,,,,,,,,,,
373af3ba-2d3a-4f3b-b784-95081bd3fd42,,,,,,,,,,,,,,,,,,,,,,,,,,,,,,,,,,,,,,,
373b3189-bead-416b-8126-3aee40cf4a4e,,,,,,,,,,,,,,,,,,,,,,,,,,,,,,,,,,,,,,,
3747a33a-4b6d-47e7-92d8-87bb086874de,,,,,,,,,,,,,,,,,,,,,,,,,,,,,,,,,,,,,,,
37498ce2-f1c2-4146-b7c0-da73cf40babc,,,,,,,,,,,,,,,,,,,,,,,,,,,,,,,,,,,,,,,
3749d22d-f775-4d04-b727-8c120b1a683f,,,,,,,,,,,,,,,,,,,,,,,,,,,,,,,,,,,,,,,
374fa7c5-9a60-488f-a2e9-4d85142776a7,,,,,,,,,,,,,,,,,,,,,,,,,,,,,,,,,,,,,,,
375f886e-40b0-4edf-b72e-30a6fbb5103c,,,,,,,,,,,,,,,,,,,,,,,,,,,,,,,,,,,,,,,
3768c91a-daf3-4a53-a8cf-d6b04d3998d7,,,,,,,,,,,,,,,,,,,,,,,,,,,,,,,,,,,,,,,
376aeff7-eebc-442b-af8e-0c88519f21a2,,,,,,,,,,,,,,,,,,,,,,,,,,,,,,,,,,,,,,,
376ef1ff-b228-42d6-b2b4-d53fdf524ae1,,,,,,,,,,,,,,,,,,,,,,,,,,,,,,,,,,,,,,,
37708665-b0fb-42ea-b4ea-2d34fdeeff42,,,,,,,,,,,,,,,,,,,,,,,,,,,,,,,,,,,,,,,
3770a12b-9947-47f6-b073-9940b2f43616,,,,,,,,,,,,,,,,,,,,,,,,,,,,,,,,,,,,,,,
37751e5a-13a5-46ed-a1bf-e7345352ea90,,,,,,,,,,,,,,,,,,,,,,,,,,,,,,,,,,,,,,,
377618f8-3057-4e90-90f4-072e9b84f359,,,,,,,,,,,,,,,,,,,,,,,,,,,,,,,,,,,,,,,
3780327c-e036-4a9b-9774-dbdadd46163e,volusion,1.0,1.0,,,,,,,,,,,,,,,,,,,,,,,,,,,,,,,,,,,,
3785108f-7a36-436f-8abd-c46989c926a6,,,,,,,,,,,,,,,,,,,,,,,,,,,,,,,,,,,,,,,
378d12c6-b4ad-4b57-aa67-88b042dcd64e,,,,,,,,,,,,,,,,,,,,,,,,,,,,,,,,,,,,,,,
37ab61dd-7f62-496a-9694-0b041684dedf,,,,,,,,,,,,,,,,,,,,,,,,,,,,,,,,,,,,,,,
37b1ddc4-da75-4270-a4b6-28b467706575,,,,,,,,,,,,,,,,,,,,,,,,,,,,,,,,,,,,,,,
37b22866-ec46-40bf-8612-d81b4558ea08,,,,,,,,,,,,,,,,,,,,,,,,,,,,,,,,,,,,,,,
37b5cc5e-f518-474f-94c7-44cec549ca85,,,,,,,,,,,,,,,,,,,,,,,,,,,,,,,,,,,,,,,
37b812f2-712b-445d-942e-e8536c622589,,,,,,,,,,,,,,,,,,,,,,,,,,,,,,,,,,,,,,,
37bc9bd0-ce9e-4a65-8ea5-2b1246cd515c,,,,,,,,,,,,,,,,,,,,,,,,,,,,,,,,,,,,,,,
37c44bbd-2d95-4dc3-8526-cbc3d92be8f0,,,,,,,,,,,,,,,,,,,,,,,,,,,,,,,,,,,,,,,
37c87098-c0cd-43ef-82b3-83be947b9b11,,,,,,,,,,,,,,,,,,,,,,,,,,,,,,,,,,,,,,,
37e14f8e-2220-4290-babb-62e41c027754,,,,,,,,,,,,,,,,,,,,,,,,,,,,,,,,,,,,,,,
37e1e00c-ff07-4f53-9df3-eed1514b2544,,,,,,,,,,,,,,,,,,,,,,,,,,,,,,,,,,,,,,,
37e6b2f4-3323-4b49-9457-0a61a5fd15c6,,,,,,,,,,,,,,,,,,,,,,,,,,,,,,,,,,,,,,,
37e9e40b-b508-4b73-9291-d7f18c6643be,,,,,,,,,,,,,,,,,,,,,,,,,,,,,,,,,,,,,,,
37ecbeb0-5d6d-44d4-852d-bb858804b0aa,iubenda,1.0,1.0,,,,,,,,,,,,,,,,,,,,,,,,,,,,,,,,,,,,
37f74001-2d36-4efe-89c0-eb27ab52d4de,,,,,,,,,,,,,,,,,,,,,,,,,,,,,,,,,,,,,,,
3805af5e-c52b-4ac9-855e-44b8cd163e2b,,,,,,,,,,,,,,,,,,,,,,,,,,,,,,,,,,,,,,,
3806ce8e-7210-457a-8265-bc551c292d35,,,,,,,,,,,,,,,,,,,,,,,,,,,,,,,,,,,,,,,
3824fae2-432c-45c6-b857-102629de1232,,,,,,,,,,,,,,,,,,,,,,,,,,,,,,,,,,,,,,,
382b46db-7ed0-48aa-aff8-ff45b4f1506f,,,,,,,,,,,,,,,,,,,,,,,,,,,,,,,,,,,,,,,
382d6e53-0902-49a9-a5a3-6ca70e1cccc4,,,,,,,,,,,,,,,,,,,,,,,,,,,,,,,,,,,,,,,
383068aa-9386-4a7f-ab8f-4f8bf56328c6,,,,,,,,,,,,,,,,,,,,,,,,,,,,,,,,,,,,,,,
3830bca7-9466-435e-a864-145c1d1404f4,,,,,,,,,,,,,,,,,,,,,,,,,,,,,,,,,,,,,,,
383156a3-7455-4f57-826f-a18157016fdb,,,,,,,,,,,,,,,,,,,,,,,,,,,,,,,,,,,,,,,
3832e30c-f60c-4078-a1d2-0f019b27caf0,,,,,,,,,,,,,,,,,,,,,,,,,,,,,,,,,,,,,,,
38343276-c8e1-4625-ab04-2ab6b73c73a9,,,,,,,,,,,,,,,,,,,,,,,,,,,,,,,,,,,,,,,
383f9fec-aa59-480a-8944-764d3fcbb0e1,,,,,,,,,,,,,,,,,,,,,,,,,,,,,,,,,,,,,,,
38408162-1a13-46b8-b631-d29ef5d3acd5,,,,,,,,,,,,,,,,,,,,,,,,,,,,,,,,,,,,,,,
38409c94-9c78-4273-a2e6-68d9b4de8921,,,,,,,,,,,,,,,,,,,,,,,,,,,,,,,,,,,,,,,
384a3d81-0f91-4d14-a189-047d52fdcdd1,,,,,,,,,,,,,,,,,,,,,,,,,,,,,,,,,,,,,,,
384dbacc-35f0-4d29-b9d0-e213e3b8c288,wikimedia_foundation,1.0,1.0,,,,,,,,,,,,,,,,,,,,,,,,,,,,,,,,,,,,
3850e403-e400-4216-b0e5-885180636721,,,,,,,,,,,,,,,,,,,,,,,,,,,,,,,,,,,,,,,
385456ee-e340-453b-a02a-2fc3870f783e,,,,,,,,,,,,,,,,,,,,,,,,,,,,,,,,,,,,,,,
385f3cab-fae3-48c3-ad06-7bcf9766a2c3,,,,,,,,,,,,,,,,,,,,,,,,,,,,,,,,,,,,,,,
3867a96a-d7c4-4cdf-846c-369833bf1423,,,,,,,,,,,,,,,,,,,,,,,,,,,,,,,,,,,,,,,
38697ad4-82d1-48db-b54e-88ca96c4318e,,,,,,,,,,,,,,,,,,,,,,,,,,,,,,,,,,,,,,,
38746fe2-a14d-4f38-b4bf-bcf46ce6c7dd,,,,,,,,,,,,,,,,,,,,,,,,,,,,,,,,,,,,,,,
38755b7b-d650-499f-aa6d-afc3344fbe95,,,,,,,,,,,,,,,,,,,,,,,,,,,,,,,,,,,,,,,
387b40cf-dc08-4e86-8173-1a3f400fe508,,,,,,,,,,,,,,,,,,,,,,,,,,,,,,,,,,,,,,,
388385bc-ed30-4e1f-be8b-2329ed41dff7,,,,,,,,,,,,,,,,,,,,,,,,,,,,,,,,,,,,,,,
3888e279-2de8-4077-ab79-93e3dce7c48f,,,,,,,,,,,,,,,,,,,,,,,,,,,,,,,,,,,,,,,
3889c71a-49c1-4e7e-9fa2-293ea897750b,,,,,,,,,,,,,,,,,,,,,,,,,,,,,,,,,,,,,,,
388fb788-bf2e-419c-a364-92a74af7b4a7,,,,,,,,,,,,,,,,,,,,,,,,,,,,,,,,,,,,,,,
38977f43-32cf-4e08-b2bc-126a9ab32477,,,,,,,,,,,,,,,,,,,,,,,,,,,,,,,,,,,,,,,
38993597-0973-41f0-abde-9a8360d5082f,,,,,,,,,,,,,,,,,,,,,,,,,,,,,,,,,,,,,,,
389af311-0670-40da-8b12-9302da6b8148,squarespace,1.0,1.0,,,,,,,,,,,,,,,,,,,,,,,,,,,,,,,,,,,,
389d9c5a-1fae-4bad-93e8-2a2d9a319c72,,,,,,,,,,,,,,,,,,,,,,,,,,,,,,,,,,,,,,,
38a40e52-81ce-4153-95c7-db7b7393a457,,,,,,,,,,,,,,,,,,,,,,,,,,,,,,,,,,,,,,,
38a4e577-5935-48a8-b85f-2e9fc8e81340,,,,,,,,,,,,,,,,,,,,,,,,,,,,,,,,,,,,,,,
38a94ffc-d6bb-45bc-8e50-27cfb7dd0f11,,,,,,,,,,,,,,,,,,,,,,,,,,,,,,,,,,,,,,,
38ab58d8-37cc-494f-92ff-e3355344d430,verizon,1.0,1.0,,,,,,,,,,,,,,,,,,,,,,,,,,,,,,,,,,,,
38acad56-f421-43bc-a3cf-e0e4ef4225ec,,,,,,,,,,,,,,,,,,,,,,,,,,,,,,,,,,,,,,,
38b1dbda-97f4-44fe-9c2f-afee57514096,,,,,,,,,,,,,,,,,,,,,,,,,,,,,,,,,,,,,,,
38bd14fc-6295-4945-8806-ae90f114cd57,wikimedia_foundation,1.0,1.0,,,,,,,,,,,,,,,,,,,,,,,,,,,,,,,,,,,,
38bf46e9-268a-474d-975f-6783957a13f3,ebay_partner_network,1.0,1.0,,,,,,,,,,,,,,,,,,,,,,,,,,,,,,,,,,,,
38cd1c3d-f97d-48ec-bdd8-759398560c87,,,,,,,,,,,,,,,,,,,,,,,,,,,,,,,,,,,,,,,
38cd6cbb-4b09-4150-aa6e-6d028e5ae670,,,,,,,,,,,,,,,,,,,,,,,,,,,,,,,,,,,,,,,
38cdd2d3-482f-4855-9771-4bf827f41838,,,,,,,,,,,,,,,,,,,,,,,,,,,,,,,,,,,,,,,
38d085f9-28c4-4467-ae30-03b1fa4c4a79,,,,,,,,,,,,,,,,,,,,,,,,,,,,,,,,,,,,,,,
38d91883-b1c3-44de-a275-7fdddffa94e6,,,,,,,,,,,,,,,,,,,,,,,,,,,,,,,,,,,,,,,
38dc5de0-8fac-4f24-b5da-1e2b88683dd9,,,,,,,,,,,,,,,,,,,,,,,,,,,,,,,,,,,,,,,
38ec9f3f-d236-45de-95fd-08d670708d51,,,,,,,,,,,,,,,,,,,,,,,,,,,,,,,,,,,,,,,
38efdf8c-6b10-4ab5-b642-f6764bda92b5,cpmstar,1.0,1.0,,,,,,,,,,,,,,,,,,,,,,,,,,,,,,,,,,,,
38f2ac00-ffd4-4b07-89fd-d8281017ea2d,,,,,,,,,,,,,,,,,,,,,,,,,,,,,,,,,,,,,,,
38f6f153-2d95-4788-a904-c331d5e42e37,,,,,,,,,,,,,,,,,,,,,,,,,,,,,,,,,,,,,,,
38fe53a7-6719-42e0-b8fc-32575832638e,,,,,,,,,,,,,,,,,,,,,,,,,,,,,,,,,,,,,,,
39014dee-c9c0-4e19-8129-04f5d25392fc,,,,,,,,,,,,,,,,,,,,,,,,,,,,,,,,,,,,,,,
3908f1c1-ba0d-4087-bfe5-d3226064e34a,,,,,,,,,,,,,,,,,,,,,,,,,,,,,,,,,,,,,,,
3927f52c-a556-43c3-9ce2-68d7d3b8c77e,,,,,,,,,,,,,,,,,,,,,,,,,,,,,,,,,,,,,,,
392ae51f-9d49-4401-8124-6dc460f6ee6b,,,,,,,,,,,,,,,,,,,,,,,,,,,,,,,,,,,,,,,
3930a6cc-5a57-4331-b4ed-3a8395267afa,,,,,,,,,,,,,,,,,,,,,,,,,,,,,,,,,,,,,,,
39315be2-fe75-452b-a25d-581b31153d27,,,,,,,,,,,,,,,,,,,,,,,,,,,,,,,,,,,,,,,
3936a767-9ba0-49d1-8a4c-ae1fcec1d761,,,,,,,,,,,,,,,,,,,,,,,,,,,,,,,,,,,,,,,
39494954-4472-46ec-8c88-d125080bf4c8,,,,,,,,,,,,,,,,,,,,,,,,,,,,,,,,,,,,,,,
394a3dbc-e28f-4fb6-afa3-860f2be8d392,,,,,,,,,,,,,,,,,,,,,,,,,,,,,,,,,,,,,,,
394b5478-4d13-464d-9dfd-1f40e652e739,,,,,,,,,,,,,,,,,,,,,,,,,,,,,,,,,,,,,,,
394dfb51-3d92-402d-b486-f792ce8ad3c6,,,,,,,,,,,,,,,,,,,,,,,,,,,,,,,,,,,,,,,
39527cd0-3462-4ff3-ba33-9524f7cc39e1,,,,,,,,,,,,,,,,,,,,,,,,,,,,,,,,,,,,,,,
3956c44f-5c9d-4dac-9492-7e716d8a9efc,,,,,,,,,,,,,,,,,,,,,,,,,,,,,,,,,,,,,,,
395767b4-1f56-43d1-8799-8bf1d4f6062b,,,,,,,,,,,,,,,,,,,,,,,,,,,,,,,,,,,,,,,
395c3006-e46f-470b-aa47-f1f2920b973b,,,,,,,,,,,,,,,,,,,,,,,,,,,,,,,,,,,,,,,
39696e46-19db-4092-9c17-b73ada4cb098,,,,,,,,,,,,,,,,,,,,,,,,,,,,,,,,,,,,,,,
396f176f-4da3-40d8-9cb2-bf65b4bbeda9,,,,,,,,,,,,,,,,,,,,,,,,,,,,,,,,,,,,,,,
397f6c91-db06-49c8-aead-d90fd2bde927,,,,,,,,,,,,,,,,,,,,,,,,,,,,,,,,,,,,,,,
3983c0bd-ae0b-4d90-8350-9fb823f38a5b,crazy_egg,1.0,1.0,,,,,,,,,,,,,,,,,,,,,,,,,,,,,,,,,,,,
39869b9c-4320-499b-9774-c53788285cff,,,,,,,,,,,,,,,,,,,,,,,,,,,,,,,,,,,,,,,
3987e988-1d83-432b-a17f-6262784d5249,,,,,,,,,,,,,,,,,,,,,,,,,,,,,,,,,,,,,,,
39893674-0199-4a8b-a8ad-b5b6226dca5f,,,,,,,,,,,,,,,,,,,,,,,,,,,,,,,,,,,,,,,
398bd88a-39c2-491e-9ded-5f25aa7ec13a,symantec,1.0,1.0,,,,,,,,,,,,,,,,,,,,,,,,,,,,,,,,,,,,
3991cfcd-4f7c-4510-8e29-c195d793f6ff,,,,,,,,,,,,,,,,,,,,,,,,,,,,,,,,,,,,,,,
39a33c31-c10b-4537-bc8a-71e70fa1d112,,,,,,,,,,,,,,,,,,,,,,,,,,,,,,,,,,,,,,,
39aab030-c063-4bc2-a03f-16fb021a7dd7,,,,,,,,,,,,,,,,,,,,,,,,,,,,,,,,,,,,,,,
39ad0eda-9418-40f2-b5c1-b8e175143ae5,,,,,,,,,,,,,,,,,,,,,,,,,,,,,,,,,,,,,,,
39b2513b-8442-4e38-a5ca-3a8c18eff849,,,,,,,,,,,,,,,,,,,,,,,,,,,,,,,,,,,,,,,
39b6be87-a6e8-422a-b348-050963b28635,,,,,,,,,,,,,,,,,,,,,,,,,,,,,,,,,,,,,,,
39bd4b05-f164-43d4-bd06-72f3a653a0b1,,,,,,,,,,,,,,,,,,,,,,,,,,,,,,,,,,,,,,,
39cf4864-e68a-4ccb-ac39-013817d0e998,,,,,,,,,,,,,,,,,,,,,,,,,,,,,,,,,,,,,,,
39d2a09a-f1ab-4afe-9aec-21083bca7813,,,,,,,,,,,,,,,,,,,,,,,,,,,,,,,,,,,,,,,
39d58ea8-9334-4947-879a-5d7b915d4164,,,,,,,,,,,,,,,,,,,,,,,,,,,,,,,,,,,,,,,
39de9d5f-9a71-43d4-826a-203c69edf5be,,,,,,,,,,,,,,,,,,,,,,,,,,,,,,,,,,,,,,,
39e7f701-95bf-467f-8141-8cf6e21c88b7,,,,,,,,,,,,,,,,,,,,,,,,,,,,,,,,,,,,,,,
39ee439e-1daf-4dd0-8071-951064def23e,,,,,,,,,,,,,,,,,,,,,,,,,,,,,,,,,,,,,,,
39f3d2ea-78dc-407f-bc48-a0899c53103e,gdeslon,1.0,1.0,,,,,,,,,,,,,,,,,,,,,,,,,,,,,,,,,,,,
3a0090c4-c385-48e4-ad4f-46c1acf4cd77,,,,,,,,,,,,,,,,,,,,,,,,,,,,,,,,,,,,,,,
3a025b4b-e079-4ebf-80d1-d36e8ee4cfd5,,,,,,,,,,,,,,,,,,,,,,,,,,,,,,,,,,,,,,,
3a0c0fea-1de4-46b8-8080-58efc485a1cc,,,,,,,,,,,,,,,,,,,,,,,,,,,,,,,,,,,,,,,
3a15621c-50cf-4bfe-a85b-b9f5d5482c16,,,,,,,,,,,,,,,,,,,,,,,,,,,,,,,,,,,,,,,
3a1d7e8f-656b-4d02-9e2e-3f8811a4643d,,,,,,,,,,,,,,,,,,,,,,,,,,,,,,,,,,,,,,,
3a21b457-f673-4c91-8a80-6d1539c659fc,,,,,,,,,,,,,,,,,,,,,,,,,,,,,,,,,,,,,,,
3a2e8cf8-ab0e-4f3e-90eb-041b3006e1cf,,,,,,,,,,,,,,,,,,,,,,,,,,,,,,,,,,,,,,,
3a2fddce-3705-4984-969a-119978bfbefa,,,,,,,,,,,,,,,,,,,,,,,,,,,,,,,,,,,,,,,
3a429d8c-7699-478e-a638-0bab2aa837fb,,,,,,,,,,,,,,,,,,,,,,,,,,,,,,,,,,,,,,,
3a4ebb59-16c5-4121-8590-fa64efc6f992,,,,,,,,,,,,,,,,,,,,,,,,,,,,,,,,,,,,,,,
3a50bd7d-0e26-4adc-8959-24eda66cd336,,,,,,,,,,,,,,,,,,,,,,,,,,,,,,,,,,,,,,,
3a551c39-0d7f-43f2-aa90-9a29b49f17df,,,,,,,,,,,,,,,,,,,,,,,,,,,,,,,,,,,,,,,
3a592746-9dd4-4ed5-9e32-4281addb199c,,,,,,,,,,,,,,,,,,,,,,,,,,,,,,,,,,,,,,,
3a595e83-8161-4ad2-8f2a-de7fe06b9df0,,,,,,,,,,,,,,,,,,,,,,,,,,,,,,,,,,,,,,,
3a5f70ae-9248-4f13-b16f-81d442ef329e,,,,,,,,,,,,,,,,,,,,,,,,,,,,,,,,,,,,,,,
3a697a17-6dac-497d-b23f-160dd2a868e9,,,,,,,,,,,,,,,,,,,,,,,,,,,,,,,,,,,,,,,
3a7118c3-73dd-410c-a0e1-736ba45fcdf9,,,,,,,,,,,,,,,,,,,,,,,,,,,,,,,,,,,,,,,
3a81e08b-f838-46a8-b6fe-219076f8be3e,,,,,,,,,,,,,,,,,,,,,,,,,,,,,,,,,,,,,,,
3a81fbca-2979-4e98-baf3-d57750a958c2,,,,,,,,,,,,,,,,,,,,,,,,,,,,,,,,,,,,,,,
3a83a7d1-e760-4c61-930b-00bdb9b7398e,strava,1.0,1.0,,,,,,,,,,,,,,,,,,,,,,,,,,,,,,,,,,,,
3a8447cf-78a6-4a10-935f-39d063f5fedc,,,,,,,,,,,,,,,,,,,,,,,,,,,,,,,,,,,,,,,
3a84835b-a587-4f56-a8b6-88f43992387a,,,,,,,,,,,,,,,,,,,,,,,,,,,,,,,,,,,,,,,
3a922530-5a45-46fc-a8d7-25f1982108bc,zalando,1.0,1.0,,,,,,,,,,,,,,,,,,,,,,,,,,,,,,,,,,,,
3a99c060-1d6e-42cf-bd1f-497017741899,,,,,,,,,,,,,,,,,,,,,,,,,,,,,,,,,,,,,,,
3a9fadfb-43fe-4a8b-a66d-d0394e6f0428,,,,,,,,,,,,,,,,,,,,,,,,,,,,,,,,,,,,,,,
3aa5e17d-7edf-4d34-af49-3a5536de9a02,,,,,,,,,,,,,,,,,,,,,,,,,,,,,,,,,,,,,,,
3ab8d0b6-65fd-4a5d-9b44-4137ffb4e79d,,,,,,,,,,,,,,,,,,,,,,,,,,,,,,,,,,,,,,,
3abd0e2c-c3e1-4571-8d5c-586deddd6275,,,,,,,,,,,,,,,,,,,,,,,,,,,,,,,,,,,,,,,
3ac25497-8377-489a-ac99-543ef59f3c29,,,,,,,,,,,,,,,,,,,,,,,,,,,,,,,,,,,,,,,
3ac44a77-4142-45cd-8f24-7b81fba8cdaf,,,,,,,,,,,,,,,,,,,,,,,,,,,,,,,,,,,,,,,
3ac7136a-fb5b-4f55-bec0-94b3b22d524f,,,,,,,,,,,,,,,,,,,,,,,,,,,,,,,,,,,,,,,
3acc543f-8ce4-4378-9a4b-03a2856da51a,,,,,,,,,,,,,,,,,,,,,,,,,,,,,,,,,,,,,,,
3ace3489-a8a7-4713-952a-0156d1a87e97,,,,,,,,,,,,,,,,,,,,,,,,,,,,,,,,,,,,,,,
3adc8cc7-c673-4237-9ee3-eb04afaa9e31,usercentrics,1.0,1.0,,,,,,,,,,,,,,,,,,,,,,,,,,,,,,,,,,,,
3aded5ee-0859-4390-bcbc-cf21ec30726e,,,,,,,,,,,,,,,,,,,,,,,,,,,,,,,,,,,,,,,
3ae3c7cb-141e-45d2-85fb-7a70f932690e,,,,,,,,,,,,,,,,,,,,,,,,,,,,,,,,,,,,,,,
3ae99d2d-65b5-4bd5-8bfd-3cca0d22453e,,,,,,,,,,,,,,,,,,,,,,,,,,,,,,,,,,,,,,,
3aeebac5-9c1a-4e18-ac3e-49b0ac9e413b,,,,,,,,,,,,,,,,,,,,,,,,,,,,,,,,,,,,,,,
3af18752-a060-4342-b7d8-b3b57e61b825,,,,,,,,,,,,,,,,,,,,,,,,,,,,,,,,,,,,,,,
3af1b7af-5a8c-4253-99ca-c383ca317ab8,,,,,,,,,,,,,,,,,,,,,,,,,,,,,,,,,,,,,,,
3af1e2c1-1457-427f-b257-1e65ba62cf93,,,,,,,,,,,,,,,,,,,,,,,,,,,,,,,,,,,,,,,
3af361b1-7ced-4fb9-bcf8-4184c88d334d,,,,,,,,,,,,,,,,,,,,,,,,,,,,,,,,,,,,,,,
3af79935-0766-4cbf-ba54-6dd8f6792617,,,,,,,,,,,,,,,,,,,,,,,,,,,,,,,,,,,,,,,
3afb442c-0d3f-4062-81f4-42c483ce1154,,,,,,,,,,,,,,,,,,,,,,,,,,,,,,,,,,,,,,,
3afb9c70-d4d1-4124-a559-2595b474e12d,,,,,,,,,,,,,,,,,,,,,,,,,,,,,,,,,,,,,,,
3afe83f7-dc2e-496a-bd96-c2d6d101b907,,,,,,,,,,,,,,,,,,,,,,,,,,,,,,,,,,,,,,,
3b04dd58-4779-4cc2-b25f-ab2bb94d2ef3,,,,,,,,,,,,,,,,,,,,,,,,,,,,,,,,,,,,,,,
3b0592d2-f78a-4d42-95c4-bd55429361e6,medallia,1.0,1.0,,,,,,,,,,,,,,,,,,,,,,,,,,,,,,,,,,,,
3b05a328-f43a-46d4-a8dd-dae2598d4259,,,,,,,,,,,,,,,,,,,,,,,,,,,,,,,,,,,,,,,
3b068090-6304-4840-a715-517a0ded37d9,,,,,,,,,,,,,,,,,,,,,,,,,,,,,,,,,,,,,,,
3b15b64a-c380-4eed-b7b6-68170baeaa36,,,,,,,,,,,,,,,,,,,,,,,,,,,,,,,,,,,,,,,
3b28501f-2f65-4c69-ac15-5e4a3e88dd73,,,,,,,,,,,,,,,,,,,,,,,,,,,,,,,,,,,,,,,
3b312ca2-4571-4f85-8a44-7a742f87d721,,,,,,,,,,,,,,,,,,,,,,,,,,,,,,,,,,,,,,,
3b36cf64-1294-4805-8afd-80b9860ab047,,,,,,,,,,,,,,,,,,,,,,,,,,,,,,,,,,,,,,,
3b5bf979-cc1b-4700-bd03-05fcbc28e11e,,,,,,,,,,,,,,,,,,,,,,,,,,,,,,,,,,,,,,,
3b6010ca-bf77-4b41-a7fd-400ce0eb1717,,,,,,,,,,,,,,,,,,,,,,,,,,,,,,,,,,,,,,,
3b65be75-56cd-42b2-81d3-352b71ccd3bf,,,,,,,,,,,,,,,,,,,,,,,,,,,,,,,,,,,,,,,
3b66a26c-e59f-435a-b8c6-b404a0f3eedd,,,,,,,,,,,,,,,,,,,,,,,,,,,,,,,,,,,,,,,
3b6c666e-b977-47ae-95c5-d6c94c991018,,,,,,,,,,,,,,,,,,,,,,,,,,,,,,,,,,,,,,,
3b6eb711-1765-4bce-95c2-28e0134d6c80,,,,,,,,,,,,,,,,,,,,,,,,,,,,,,,,,,,,,,,
3b776de8-fede-43ae-bbfc-057e90b19be1,,,,,,,,,,,,,,,,,,,,,,,,,,,,,,,,,,,,,,,
3b783830-7f69-4563-b2a4-afe2ac57b0d7,,,,,,,,,,,,,,,,,,,,,,,,,,,,,,,,,,,,,,,
3b79c107-68ac-4e6c-bd0b-a759e0ac9a93,,,,,,,,,,,,,,,,,,,,,,,,,,,,,,,,,,,,,,,
3b7c48e2-e213-4bb0-a642-724e46eec0cc,,,,,,,,,,,,,,,,,,,,,,,,,,,,,,,,,,,,,,,
3b873dd9-a6d8-4d74-9d8f-d13299c3f8fe,,,,,,,,,,,,,,,,,,,,,,,,,,,,,,,,,,,,,,,
3b8e46fe-0a31-4de0-bcb0-73d3d4f864ce,rakuten,1.0,1.0,,,,,,,,,,,,,,,,,,,,,,,,,,,,,,,,,,,,
3b8fb3e7-a275-422b-9597-70f7a4d980b4,,,,,,,,,,,,,,,,,,,,,,,,,,,,,,,,,,,,,,,
3b90dc39-6cfe-49a6-bc70-5f4dae70bf03,,,,,,,,,,,,,,,,,,,,,,,,,,,,,,,,,,,,,,,
3b9e1a36-df9e-4624-baed-359854e4a984,,,,,,,,,,,,,,,,,,,,,,,,,,,,,,,,,,,,,,,
3b9e9dd0-2a26-4d07-8045-be95a5aab825,,,,,,,,,,,,,,,,,,,,,,,,,,,,,,,,,,,,,,,
3bb59e8a-2d5c-4015-b50f-f70426db4bc0,,,,,,,,,,,,,,,,,,,,,,,,,,,,,,,,,,,,,,,
3bb6f13a-ddca-43ef-8b4a-b62a2536924e,,,,,,,,,,,,,,,,,,,,,,,,,,,,,,,,,,,,,,,
3bb8485f-df7c-4cb9-92b2-85656ad9a3ef,,,,,,,,,,,,,,,,,,,,,,,,,,,,,,,,,,,,,,,
3bbb43cf-484f-4fcb-bf5e-02c397019a82,,,,,,,,,,,,,,,,,,,,,,,,,,,,,,,,,,,,,,,
3bbbb9e3-d9db-4d3d-974a-b068a06ebee4,,,,,,,,,,,,,,,,,,,,,,,,,,,,,,,,,,,,,,,
3bbd3855-7110-4826-bb7f-ed51d97b4727,,,,,,,,,,,,,,,,,,,,,,,,,,,,,,,,,,,,,,,
3bc717de-95bb-4568-b96c-5d2961b54fa5,,,,,,,,,,,,,,,,,,,,,,,,,,,,,,,,,,,,,,,
3bd01e75-6845-437f-b578-bfd0cfae43b3,,,,,,,,,,,,,,,,,,,,,,,,,,,,,,,,,,,,,,,
3bd75c80-c060-4e1f-adee-1bf8db9bdd8a,,,,,,,,,,,,,,,,,,,,,,,,,,,,,,,,,,,,,,,
3bd76b67-2e75-41af-ac9e-9a361f24b2fe,,,,,,,,,,,,,,,,,,,,,,,,,,,,,,,,,,,,,,,
3be0455a-0b74-4c52-974e-3bedfa2addf3,,,,,,,,,,,,,,,,,,,,,,,,,,,,,,,,,,,,,,,
3bf1bdbb-74ce-48d6-a3d6-b1d17ba1b6a6,,,,,,,,,,,,,,,,,,,,,,,,,,,,,,,,,,,,,,,
3bf6216e-e418-4398-9182-7e8eeba55734,qualtrics,1.0,1.0,,,,,,,,,,,,,,,,,,,,,,,,,,,,,,,,,,,,
3bf78c8b-8f2b-4737-b6fd-21dafe436bbf,,,,,,,,,,,,,,,,,,,,,,,,,,,,,,,,,,,,,,,
3bf85dbd-3c6e-4670-90f3-a20f4bdcde0b,,,,,,,,,,,,,,,,,,,,,,,,,,,,,,,,,,,,,,,
3bf89cea-3386-4afd-adbb-452f8476d8a3,,,,,,,,,,,,,,,,,,,,,,,,,,,,,,,,,,,,,,,
3bfaf953-ebd9-4dac-824b-b24a276f5f33,,,,,,,,,,,,,,,,,,,,,,,,,,,,,,,,,,,,,,,
3c02816b-f839-4a98-a14b-fc6e473d0bf0,,,,,,,,,,,,,,,,,,,,,,,,,,,,,,,,,,,,,,,
3c1f2813-c141-49a9-b88b-c1f96c8d6c24,,,,,,,,,,,,,,,,,,,,,,,,,,,,,,,,,,,,,,,
3c213820-ded0-4fe9-a5a2-c68f37ef125d,,,,,,,,,,,,,,,,,,,,,,,,,,,,,,,,,,,,,,,
3c25ffa5-d82d-4b82-8217-12162f442daf,,,,,,,,,,,,,,,,,,,,,,,,,,,,,,,,,,,,,,,
3c28fff0-6601-4a2a-8dcb-0d2823121b33,,,,,,,,,,,,,,,,,,,,,,,,,,,,,,,,,,,,,,,
3c29075a-67cd-42c8-b38f-1a28d9d448fc,,,,,,,,,,,,,,,,,,,,,,,,,,,,,,,,,,,,,,,
3c2a5d21-eb38-4750-98a1-eba2fb075bf1,,,,,,,,,,,,,,,,,,,,,,,,,,,,,,,,,,,,,,,
3c30b61f-1bcf-42c2-a0ac-a6a87a442fe3,,,,,,,,,,,,,,,,,,,,,,,,,,,,,,,,,,,,,,,
3c386e8c-0271-4aa0-8801-86c439edf438,,,,,,,,,,,,,,,,,,,,,,,,,,,,,,,,,,,,,,,
3c3eabfb-b486-48fc-8a81-39c8aa73222e,,,,,,,,,,,,,,,,,,,,,,,,,,,,,,,,,,,,,,,
3c4a0abd-7755-46e2-9f41-1063ed02fd53,,,,,,,,,,,,,,,,,,,,,,,,,,,,,,,,,,,,,,,
3c4d8880-b179-4964-b83d-9aa2eae973d9,,,,,,,,,,,,,,,,,,,,,,,,,,,,,,,,,,,,,,,
3c519b7a-8bdb-41b6-90f2-1be1e014f8b8,,,,,,,,,,,,,,,,,,,,,,,,,,,,,,,,,,,,,,,
3c569fde-09d6-45ea-b52e-18ba4f9e112e,,,,,,,,,,,,,,,,,,,,,,,,,,,,,,,,,,,,,,,
3c624cd5-72eb-4046-a57c-dab41171d5dc,,,,,,,,,,,,,,,,,,,,,,,,,,,,,,,,,,,,,,,
3c69970a-73f3-4caf-b4c8-533f17e1586e,microsoft,1.0,1.0,,,,,,,,,,,,,,,,,,,,,,,,,,,,,,,,,,,,
3c7276a0-2e4e-430a-b007-28856dc65d2c,,,,,,,,,,,,,,,,,,,,,,,,,,,,,,,,,,,,,,,
3c76d6d4-184b-424c-b5de-aec7722b1318,,,,,,,,,,,,,,,,,,,,,,,,,,,,,,,,,,,,,,,
3c790b96-b126-4457-a15a-159758b4edd3,,,,,,,,,,,,,,,,,,,,,,,,,,,,,,,,,,,,,,,
3c7d45cf-4c0f-4325-9cf1-244d8025754d,,,,,,,,,,,,,,,,,,,,,,,,,,,,,,,,,,,,,,,
3c7d907c-4b22-4481-9646-4de3c6d784df,,,,,,,,,,,,,,,,,,,,,,,,,,,,,,,,,,,,,,,
3c7f34fb-6a47-4502-84d6-b6adb53634a8,,,,,,,,,,,,,,,,,,,,,,,,,,,,,,,,,,,,,,,
3c868253-2ca3-4b47-af9d-e2af455f5199,,,,,,,,,,,,,,,,,,,,,,,,,,,,,,,,,,,,,,,
3c86902f-9a0c-4957-96ad-4699c0e5e55f,,,,,,,,,,,,,,,,,,,,,,,,,,,,,,,,,,,,,,,
3c88b90a-d185-444a-aaab-041e0960c8cd,,,,,,,,,,,,,,,,,,,,,,,,,,,,,,,,,,,,,,,
3c8f5286-7388-4031-a19c-dfea5b42dd3e,,,,,,,,,,,,,,,,,,,,,,,,,,,,,,,,,,,,,,,
3c8f7afd-be9f-46fb-849a-4fd49958497d,,,,,,,,,,,,,,,,,,,,,,,,,,,,,,,,,,,,,,,
3c90794a-2839-468d-8eff-d603ab327e1b,,,,,,,,,,,,,,,,,,,,,,,,,,,,,,,,,,,,,,,
3c983d43-7930-4027-8bad-6f1366aa8cd7,,,,,,,,,,,,,,,,,,,,,,,,,,,,,,,,,,,,,,,
3c9f0539-f7c1-4d76-b229-70247362f2f6,,,,,,,,,,,,,,,,,,,,,,,,,,,,,,,,,,,,,,,
3ca2008c-6e96-4dd9-9aac-db9842eebf6b,,,,,,,,,,,,,,,,,,,,,,,,,,,,,,,,,,,,,,,
3ca9a348-35e9-40da-afbd-601e1898d561,,,,,,,,,,,,,,,,,,,,,,,,,,,,,,,,,,,,,,,
3caedb29-bb77-405e-b0ff-75a6309cdba6,acint,1.0,1.0,,,,,,,,,,,,,,,,,,,,,,,,,,,,,,,,,,,,
3cbe5085-538d-4804-bddf-10dc8355fc69,,,,,,,,,,,,,,,,,,,,,,,,,,,,,,,,,,,,,,,
3cc06ec9-2eec-4b51-8e0e-7650e9586afe,,,,,,,,,,,,,,,,,,,,,,,,,,,,,,,,,,,,,,,
3ccb8e1e-0b87-41c0-8aa1-2966403b7879,,,,,,,,,,,,,,,,,,,,,,,,,,,,,,,,,,,,,,,
3ce35b3d-96b7-4d95-8182-bd1683740672,,,,,,,,,,,,,,,,,,,,,,,,,,,,,,,,,,,,,,,
3ce73b8b-26de-4444-999f-f940f2607d90,,,,,,,,,,,,,,,,,,,,,,,,,,,,,,,,,,,,,,,
3cf0faff-0370-4ede-8f34-866b823726eb,,,,,,,,,,,,,,,,,,,,,,,,,,,,,,,,,,,,,,,
3cf108b4-f86b-4ea0-b81f-5af3ef818321,,,,,,,,,,,,,,,,,,,,,,,,,,,,,,,,,,,,,,,
3cf1dc66-7283-4995-a3b0-022ea263fd83,,,,,,,,,,,,,,,,,,,,,,,,,,,,,,,,,,,,,,,
3cf6e669-6a8d-4e0a-aa7d-2eabb23d05a9,,,,,,,,,,,,,,,,,,,,,,,,,,,,,,,,,,,,,,,
3cfbde86-9583-4431-93c5-e6dad67d6e91,,,,,,,,,,,,,,,,,,,,,,,,,,,,,,,,,,,,,,,
3d00980b-4777-4b02-94ff-b6283bfbf3bb,,,,,,,,,,,,,,,,,,,,,,,,,,,,,,,,,,,,,,,
3d0ff331-732d-4380-9366-a39ccb21145d,,,,,,,,,,,,,,,,,,,,,,,,,,,,,,,,,,,,,,,
3d2eecf2-0818-42cb-b4da-f3f6d0fd139c,,,,,,,,,,,,,,,,,,,,,,,,,,,,,,,,,,,,,,,
3d36bd46-2e89-410c-a7f4-90564dbd3ccc,,,,,,,,,,,,,,,,,,,,,,,,,,,,,,,,,,,,,,,
3d3f61f4-95de-44a4-979e-a76f9135addb,,,,,,,,,,,,,,,,,,,,,,,,,,,,,,,,,,,,,,,
3d3ff6d0-f3bb-426e-8b50-5ba42517f94f,,,,,,,,,,,,,,,,,,,,,,,,,,,,,,,,,,,,,,,
3d49006f-ff7c-476a-9faf-c4608c24f7ae,,,,,,,,,,,,,,,,,,,,,,,,,,,,,,,,,,,,,,,
3d549a76-d9de-4e0c-b98f-6979d886b91f,,,,,,,,,,,,,,,,,,,,,,,,,,,,,,,,,,,,,,,
3d57462e-c1cc-4c12-b4c5-b75377b40e78,,,,,,,,,,,,,,,,,,,,,,,,,,,,,,,,,,,,,,,
3d678ad5-0c2e-46df-a46b-9bad78981017,,,,,,,,,,,,,,,,,,,,,,,,,,,,,,,,,,,,,,,
3d6ada97-4cea-43ec-aba7-6ada676416fe,,,,,,,,,,,,,,,,,,,,,,,,,,,,,,,,,,,,,,,
3d773b24-0c56-44c3-8af3-0ac5ad34a42e,,,,,,,,,,,,,,,,,,,,,,,,,,,,,,,,,,,,,,,
3d799950-1370-4e5e-9851-014c9564b36c,,,,,,,,,,,,,,,,,,,,,,,,,,,,,,,,,,,,,,,
3d7ad798-d089-49fe-9448-881e6df46b11,,,,,,,,,,,,,,,,,,,,,,,,,,,,,,,,,,,,,,,
3d7d829b-eb86-46ee-87f7-04ae2f7da42b,,,,,,,,,,,,,,,,,,,,,,,,,,,,,,,,,,,,,,,
3d9aba78-583e-4f97-a902-f64903d2a935,,,,,,,,,,,,,,,,,,,,,,,,,,,,,,,,,,,,,,,
3da1d7ea-3bde-4d2f-8bd4-9798da020f08,,,,,,,,,,,,,,,,,,,,,,,,,,,,,,,,,,,,,,,
3da35d70-9d4e-4103-afe8-8c3ddf7d697e,,,,,,,,,,,,,,,,,,,,,,,,,,,,,,,,,,,,,,,
3da90e8a-45b3-43b0-8187-cb61da47a344,,,,,,,,,,,,,,,,,,,,,,,,,,,,,,,,,,,,,,,
3dae0c00-643d-4e01-aa55-81c2d56ff86b,,,,,,,,,,,,,,,,,,,,,,,,,,,,,,,,,,,,,,,
3daea3ea-6a48-4f7c-a697-d6bc4961ce80,,,,,,,,,,,,,,,,,,,,,,,,,,,,,,,,,,,,,,,
3db3e38e-fe82-4d18-b41b-134077bc0635,,,,,,,,,,,,,,,,,,,,,,,,,,,,,,,,,,,,,,,
3dbc751f-258c-4c4c-bce5-58a660790801,,,,,,,,,,,,,,,,,,,,,,,,,,,,,,,,,,,,,,,
3dc01679-4b5d-4155-9496-89469159b959,,,,,,,,,,,,,,,,,,,,,,,,,,,,,,,,,,,,,,,
3dcddb1b-d1f8-4fb8-9af4-0bf0257c078d,,,,,,,,,,,,,,,,,,,,,,,,,,,,,,,,,,,,,,,
3dcffea7-0cfc-462c-8495-f6aad4d6bb08,,,,,,,,,,,,,,,,,,,,,,,,,,,,,,,,,,,,,,,
3dd06171-da86-4a45-90d5-b9b33f3e1edb,,,,,,,,,,,,,,,,,,,,,,,,,,,,,,,,,,,,,,,
3dd11217-83eb-47a8-99f8-407101c9c28c,,,,,,,,,,,,,,,,,,,,,,,,,,,,,,,,,,,,,,,
3dd117c2-3208-417f-8e15-3cb39aad6a88,,,,,,,,,,,,,,,,,,,,,,,,,,,,,,,,,,,,,,,
3dd1638d-5c82-42d6-911d-2813f51bc5ad,,,,,,,,,,,,,,,,,,,,,,,,,,,,,,,,,,,,,,,
3dde6e2d-a829-4a2a-8367-89f24ecd8f55,,,,,,,,,,,,,,,,,,,,,,,,,,,,,,,,,,,,,,,
3de3ad14-338b-4cd7-bd60-9ada0a618025,,,,,,,,,,,,,,,,,,,,,,,,,,,,,,,,,,,,,,,
3deae644-fb26-403d-bfc3-0ad09bbae3b4,,,,,,,,,,,,,,,,,,,,,,,,,,,,,,,,,,,,,,,
3deddd70-ae3e-43e3-8653-8106682bd98f,,,,,,,,,,,,,,,,,,,,,,,,,,,,,,,,,,,,,,,
3df116bf-a3ef-4ff6-a07a-02b05a0924ad,,,,,,,,,,,,,,,,,,,,,,,,,,,,,,,,,,,,,,,
3df37980-847c-4b01-8f23-db57d12b148a,baidu,1.0,1.0,,,,,,,,,,,,,,,,,,,,,,,,,,,,,,,,,,,,
3df424ac-769e-4dd6-8a9d-74ef45251dfb,,,,,,,,,,,,,,,,,,,,,,,,,,,,,,,,,,,,,,,
3df8a80e-3fcc-4b64-9821-c15c584b0866,,,,,,,,,,,,,,,,,,,,,,,,,,,,,,,,,,,,,,,
3dfb1830-7422-4f6d-b262-d590631347e1,,,,,,,,,,,,,,,,,,,,,,,,,,,,,,,,,,,,,,,
3e023d42-8cc6-448b-83a5-382e89043dc1,,,,,,,,,,,,,,,,,,,,,,,,,,,,,,,,,,,,,,,
3e068253-8263-40b3-8089-a8c18205f89b,,,,,,,,,,,,,,,,,,,,,,,,,,,,,,,,,,,,,,,
3e08fd05-26eb-463b-b956-ea2eb009da55,,,,,,,,,,,,,,,,,,,,,,,,,,,,,,,,,,,,,,,
3e0a8a56-b4e9-454b-8ee2-bc5cdffb8869,,,,,,,,,,,,,,,,,,,,,,,,,,,,,,,,,,,,,,,
3e1134cb-8e4d-4061-98ba-7513a89d3196,,,,,,,,,,,,,,,,,,,,,,,,,,,,,,,,,,,,,,,
3e11ff08-fec5-4ba0-9aad-c696f9acd864,,,,,,,,,,,,,,,,,,,,,,,,,,,,,,,,,,,,,,,
3e12d8c9-df92-4311-b256-2c2cc582c926,,,,,,,,,,,,,,,,,,,,,,,,,,,,,,,,,,,,,,,
3e18b426-3e9e-427a-8da5-0b3155e86a7b,,,,,,,,,,,,,,,,,,,,,,,,,,,,,,,,,,,,,,,
3e1ab509-0e98-425a-bc52-a6eae0c29810,,,,,,,,,,,,,,,,,,,,,,,,,,,,,,,,,,,,,,,
3e284703-aca3-478d-ad1d-901605c00aec,,,,,,,,,,,,,,,,,,,,,,,,,,,,,,,,,,,,,,,
3e383f0f-1f2f-49fd-bd6d-3879943185f6,,,,,,,,,,,,,,,,,,,,,,,,,,,,,,,,,,,,,,,
3e421050-d285-4de2-b42e-9298905e03d2,,,,,,,,,,,,,,,,,,,,,,,,,,,,,,,,,,,,,,,
3e468487-0a72-45c2-9989-916081af39a5,,,,,,,,,,,,,,,,,,,,,,,,,,,,,,,,,,,,,,,
3e475d07-51c7-4b7c-aa30-bc697cad43f3,,,,,,,,,,,,,,,,,,,,,,,,,,,,,,,,,,,,,,,
3e495329-8db1-42a2-9854-ac7f16877994,,,,,,,,,,,,,,,,,,,,,,,,,,,,,,,,,,,,,,,
3e4e9cc2-34b5-4de0-8478-22cb06c92433,,,,,,,,,,,,,,,,,,,,,,,,,,,,,,,,,,,,,,,
3e51a7a7-16ec-45bc-ace6-19d7624eb963,,,,,,,,,,,,,,,,,,,,,,,,,,,,,,,,,,,,,,,
3e614d91-cd9c-4608-8b2d-ea56b4fb5f4f,,,,,,,,,,,,,,,,,,,,,,,,,,,,,,,,,,,,,,,
3e62aaf5-98e2-4586-b7a6-b65672669eee,,,,,,,,,,,,,,,,,,,,,,,,,,,,,,,,,,,,,,,
3e64a984-9c18-4185-ba7c-57fc95c031d9,,,,,,,,,,,,,,,,,,,,,,,,,,,,,,,,,,,,,,,
3e6a0165-f621-47e6-ad5b-25c6ca52fd2c,,,,,,,,,,,,,,,,,,,,,,,,,,,,,,,,,,,,,,,
3e71ad24-bc92-4013-8ce0-cb284effd53d,,,,,,,,,,,,,,,,,,,,,,,,,,,,,,,,,,,,,,,
3e7c1ea0-e7e7-49dc-8b71-cfe8bbc44d8b,,,,,,,,,,,,,,,,,,,,,,,,,,,,,,,,,,,,,,,
3e7f8df7-750d-4949-9e13-3a4c815b035a,,,,,,,,,,,,,,,,,,,,,,,,,,,,,,,,,,,,,,,
3e819dd9-00b0-4296-8cbe-530406a0006c,adobe,1.0,1.0,,,,,,,,,,,,,,,,,,,,,,,,,,,,,,,,,,,,
3e8e991c-e2cb-4da5-ac8d-92d4977ac965,,,,,,,,,,,,,,,,,,,,,,,,,,,,,,,,,,,,,,,
3e94fe0c-c030-440f-8113-0c747639bb7e,,,,,,,,,,,,,,,,,,,,,,,,,,,,,,,,,,,,,,,
3e98393c-4453-473e-8f0b-3cc6803f8d9b,,,,,,,,,,,,,,,,,,,,,,,,,,,,,,,,,,,,,,,
3e999c5e-94fe-4931-bdef-451cfe9ff02f,,,,,,,,,,,,,,,,,,,,,,,,,,,,,,,,,,,,,,,
3e9ec28e-dfc6-4fb3-a573-e525eb1eb25e,,,,,,,,,,,,,,,,,,,,,,,,,,,,,,,,,,,,,,,
3ea0ab78-f3e5-4db8-a737-fbd0b178f296,,,,,,,,,,,,,,,,,,,,,,,,,,,,,,,,,,,,,,,
3ea36a49-2cb5-4172-8a1f-30bdec82bfec,,,,,,,,,,,,,,,,,,,,,,,,,,,,,,,,,,,,,,,
3eb58865-012c-4df8-9d75-39681d7c66a9,,,,,,,,,,,,,,,,,,,,,,,,,,,,,,,,,,,,,,,
3ebd766b-e2da-4de3-a460-e4fd0c8d8b11,,,,,,,,,,,,,,,,,,,,,,,,,,,,,,,,,,,,,,,
3ec5a5ba-aba8-4f76-9752-69c653724cf5,clickup,1.0,1.0,,,,,,,,,,,,,,,,,,,,,,,,,,,,,,,,,,,,
3ec5db6d-e52d-4d15-b460-3b3d5b9a7804,apple,1.0,1.0,,,,,,,,,,,,,,,,,,,,,,,,,,,,,,,,,,,,
3ec73cf4-0632-415f-91e3-8ba85365886b,,,,,,,,,,,,,,,,,,,,,,,,,,,,,,,,,,,,,,,
3ec774b1-3948-4f8e-8717-ecff145f6ec6,,,,,,,,,,,,,,,,,,,,,,,,,,,,,,,,,,,,,,,
3ec7f8b9-7f50-4aa6-ae52-a9799ad1b29d,,,,,,,,,,,,,,,,,,,,,,,,,,,,,,,,,,,,,,,
3eca13f7-8e61-459d-8d7d-bf369d055908,,,,,,,,,,,,,,,,,,,,,,,,,,,,,,,,,,,,,,,
3edf1b25-650c-4903-b4dd-3299308c9b4c,,,,,,,,,,,,,,,,,,,,,,,,,,,,,,,,,,,,,,,
3ee08fcc-1fd0-4576-b39d-41c627e8dd3a,,,,,,,,,,,,,,,,,,,,,,,,,,,,,,,,,,,,,,,
3eef8a99-f2ce-46b2-9e0e-b0f7325ac227,,,,,,,,,,,,,,,,,,,,,,,,,,,,,,,,,,,,,,,
3ef58ca5-9514-41b8-9318-7b487112c767,,,,,,,,,,,,,,,,,,,,,,,,,,,,,,,,,,,,,,,
3ef821f9-fa3d-432a-b174-cb426d5998e2,,,,,,,,,,,,,,,,,,,,,,,,,,,,,,,,,,,,,,,
3f0ac3cc-309b-4709-bc17-ed937838d6c8,,,,,,,,,,,,,,,,,,,,,,,,,,,,,,,,,,,,,,,
3f0c7dcf-5691-4b34-8f7e-8da91beb2210,,,,,,,,,,,,,,,,,,,,,,,,,,,,,,,,,,,,,,,
3f0efa42-f5db-4340-82a4-921cdcf1573b,,,,,,,,,,,,,,,,,,,,,,,,,,,,,,,,,,,,,,,
3f12b19a-4d54-4ccb-9290-86e5eedb8659,,,,,,,,,,,,,,,,,,,,,,,,,,,,,,,,,,,,,,,
3f15e52f-dda6-4ec1-9a59-4baf60b936e4,,,,,,,,,,,,,,,,,,,,,,,,,,,,,,,,,,,,,,,
3f172448-d212-4e60-9927-3b3ffc462b96,,,,,,,,,,,,,,,,,,,,,,,,,,,,,,,,,,,,,,,
3f1c9157-f204-46ce-8976-e143b4bf51fc,,,,,,,,,,,,,,,,,,,,,,,,,,,,,,,,,,,,,,,
3f231ef5-8b96-4d40-a2a5-f0404bde47fa,,,,,,,,,,,,,,,,,,,,,,,,,,,,,,,,,,,,,,,
3f2ac06e-ae3b-49e7-a319-2e08dfa63aee,,,,,,,,,,,,,,,,,,,,,,,,,,,,,,,,,,,,,,,
3f2be72d-b438-468d-a867-e69252632976,,,,,,,,,,,,,,,,,,,,,,,,,,,,,,,,,,,,,,,
3f2fee05-5cb2-4b7e-8e6d-1b1bcb063eca,,,,,,,,,,,,,,,,,,,,,,,,,,,,,,,,,,,,,,,
3f2ff33c-28b3-4e03-8f32-5a215861c1d3,,,,,,,,,,,,,,,,,,,,,,,,,,,,,,,,,,,,,,,
3f3188b8-913a-4a25-bca4-298b94a487fc,,,,,,,,,,,,,,,,,,,,,,,,,,,,,,,,,,,,,,,
3f334278-a43a-41b0-9d4e-51e25c8d163f,,,,,,,,,,,,,,,,,,,,,,,,,,,,,,,,,,,,,,,
3f33ba4d-7602-4991-9fc8-5255b00feda9,,,,,,,,,,,,,,,,,,,,,,,,,,,,,,,,,,,,,,,
3f3a0584-1589-47c7-b4ea-8a9f358d2056,,,,,,,,,,,,,,,,,,,,,,,,,,,,,,,,,,,,,,,
3f3d775a-2022-44cd-9643-278916f26096,,,,,,,,,,,,,,,,,,,,,,,,,,,,,,,,,,,,,,,
3f420c5d-3043-4e7c-906d-99c7f5c52f9c,,,,,,,,,,,,,,,,,,,,,,,,,,,,,,,,,,,,,,,
3f445a75-5a8f-4b75-97f1-4708aa46e3a5,,,,,,,,,,,,,,,,,,,,,,,,,,,,,,,,,,,,,,,
3f5bd8d0-4ef3-4b65-9d40-b041e906b5eb,,,,,,,,,,,,,,,,,,,,,,,,,,,,,,,,,,,,,,,
3f61d0fe-6a4b-4bdd-b7b4-768213cf5701,,,,,,,,,,,,,,,,,,,,,,,,,,,,,,,,,,,,,,,
3f6b1685-6189-4791-83a9-934eff60c569,,,,,,,,,,,,,,,,,,,,,,,,,,,,,,,,,,,,,,,
3f6cbc19-5d21-485a-88cb-ec70cf3ff227,,,,,,,,,,,,,,,,,,,,,,,,,,,,,,,,,,,,,,,
3f7560b6-2433-4c96-89c1-99e4a952a848,,,,,,,,,,,,,,,,,,,,,,,,,,,,,,,,,,,,,,,
3f8e2b87-a3c5-4e8f-a4b7-977b621e6670,,,,,,,,,,,,,,,,,,,,,,,,,,,,,,,,,,,,,,,
3f968d9c-4c95-4259-b2e8-a12525758e8b,,,,,,,,,,,,,,,,,,,,,,,,,,,,,,,,,,,,,,,
3f9a38e8-87da-49a2-a9c6-83c6fd6b9c53,,,,,,,,,,,,,,,,,,,,,,,,,,,,,,,,,,,,,,,
3fa374c9-4ca6-4caf-b3cd-79b0abb750e4,,,,,,,,,,,,,,,,,,,,,,,,,,,,,,,,,,,,,,,
3fa55e43-630c-4a3b-bfb1-7afced14ad9c,,,,,,,,,,,,,,,,,,,,,,,,,,,,,,,,,,,,,,,
3fa5853f-14a4-458a-9ce5-c9586c8fe9be,,,,,,,,,,,,,,,,,,,,,,,,,,,,,,,,,,,,,,,
3faf01ee-35c5-4bcc-a155-9a2fd1ebb06f,,,,,,,,,,,,,,,,,,,,,,,,,,,,,,,,,,,,,,,
3fbdc5e0-dd2f-4880-bd48-118f59d3aa26,,,,,,,,,,,,,,,,,,,,,,,,,,,,,,,,,,,,,,,
3fbebd16-f9f8-4dca-b64c-44f603a4e5a2,,,,,,,,,,,,,,,,,,,,,,,,,,,,,,,,,,,,,,,
3fc4cce7-b90d-47e6-9eaa-f6fafcbfe48e,,,,,,,,,,,,,,,,,,,,,,,,,,,,,,,,,,,,,,,
3fc7b515-9508-4471-95c8-2fd743c238a6,,,,,,,,,,,,,,,,,,,,,,,,,,,,,,,,,,,,,,,
3fcb8598-a760-41f9-9914-c5ae4b22ed8a,,,,,,,,,,,,,,,,,,,,,,,,,,,,,,,,,,,,,,,
3fcd57ab-9a37-4e25-85da-6041ab1eea78,,,,,,,,,,,,,,,,,,,,,,,,,,,,,,,,,,,,,,,
3fd1eeb7-d4fb-4ea3-a578-f70b721fb9bf,,,,,,,,,,,,,,,,,,,,,,,,,,,,,,,,,,,,,,,
3fda2e6d-b689-43bc-aca7-22797dbcfdd9,,,,,,,,,,,,,,,,,,,,,,,,,,,,,,,,,,,,,,,
3fda86e4-831d-4629-9c5e-2d94577c2f2b,,,,,,,,,,,,,,,,,,,,,,,,,,,,,,,,,,,,,,,
3fe1f183-c00c-4b96-9e22-db41679f1043,,,,,,,,,,,,,,,,,,,,,,,,,,,,,,,,,,,,,,,
3fe2c485-8003-43b8-9c50-6597d27f1e64,,,,,,,,,,,,,,,,,,,,,,,,,,,,,,,,,,,,,,,
3fe30305-1974-40d3-a97b-ba757962ad74,,,,,,,,,,,,,,,,,,,,,,,,,,,,,,,,,,,,,,,
3febff2b-8d97-4876-bd23-6d63613f0e06,,,,,,,,,,,,,,,,,,,,,,,,,,,,,,,,,,,,,,,
3fefff98-1a6d-4b84-8d8c-83a672f959fc,,,,,,,,,,,,,,,,,,,,,,,,,,,,,,,,,,,,,,,
3ff32199-17ff-4ef7-9690-0e96959f6a53,,,,,,,,,,,,,,,,,,,,,,,,,,,,,,,,,,,,,,,
3ff49ab7-554f-451a-a3b4-5511baa479d7,,,,,,,,,,,,,,,,,,,,,,,,,,,,,,,,,,,,,,,
3ff6c963-734c-4184-8d7f-6505a8f378ae,,,,,,,,,,,,,,,,,,,,,,,,,,,,,,,,,,,,,,,
3ffb2c3b-ae01-4c8f-a853-c612dee81ede,,,,,,,,,,,,,,,,,,,,,,,,,,,,,,,,,,,,,,,
3ffb8d7e-a23f-4f0d-aa86-21afd4e2c113,,,,,,,,,,,,,,,,,,,,,,,,,,,,,,,,,,,,,,,
3ffff952-0313-49d0-bd34-2cec156cace6,,,,,,,,,,,,,,,,,,,,,,,,,,,,,,,,,,,,,,,
40009413-a76f-40ec-82a5-204014e14e8c,,,,,,,,,,,,,,,,,,,,,,,,,,,,,,,,,,,,,,,
40033f5b-3398-48b4-8908-d8b5d07feec3,,,,,,,,,,,,,,,,,,,,,,,,,,,,,,,,,,,,,,,
4003b962-10ac-475c-97cf-d569c059a265,,,,,,,,,,,,,,,,,,,,,,,,,,,,,,,,,,,,,,,
40104a36-e70d-4f7c-8ced-a84b16d5fbc1,,,,,,,,,,,,,,,,,,,,,,,,,,,,,,,,,,,,,,,
40218ca1-a271-46e2-bd44-d412bb376b8a,,,,,,,,,,,,,,,,,,,,,,,,,,,,,,,,,,,,,,,
40264e16-e7f8-4185-8da6-5517557416b2,,,,,,,,,,,,,,,,,,,,,,,,,,,,,,,,,,,,,,,
40343e34-117f-47e9-b35f-20bb73d9862f,,,,,,,,,,,,,,,,,,,,,,,,,,,,,,,,,,,,,,,
403dd118-9dbc-478f-aec8-68f0e76ecc42,,,,,,,,,,,,,,,,,,,,,,,,,,,,,,,,,,,,,,,
403fe5eb-ca79-4b81-a317-7568db054fdb,,,,,,,,,,,,,,,,,,,,,,,,,,,,,,,,,,,,,,,
404b1c72-42cb-4d32-9d60-d421c898e679,wikimedia_foundation,1.0,1.0,,,,,,,,,,,,,,,,,,,,,,,,,,,,,,,,,,,,
404ebb30-6e9d-46a8-9a35-60fbb58a54f5,,,,,,,,,,,,,,,,,,,,,,,,,,,,,,,,,,,,,,,
4057f85c-e4bf-4aed-ae8d-f12a7063e618,,,,,,,,,,,,,,,,,,,,,,,,,,,,,,,,,,,,,,,
405980d9-7039-49ac-9141-3d244378b4db,olark,1.0,1.0,,,,,,,,,,,,,,,,,,,,,,,,,,,,,,,,,,,,
4059c73d-c78a-4b5d-930e-f602e7402d00,,,,,,,,,,,,,,,,,,,,,,,,,,,,,,,,,,,,,,,
4066bf95-bc1b-47a1-9f44-316936b15c0c,,,,,,,,,,,,,,,,,,,,,,,,,,,,,,,,,,,,,,,
406b7e0d-ee7c-4735-a155-ff6f1738d0b9,disney,1.0,1.0,,,,,,,,,,,,,,,,,,,,,,,,,,,,,,,,,,,,
406bd47d-b3e5-466e-853d-bb890b4eecb5,,,,,,,,,,,,,,,,,,,,,,,,,,,,,,,,,,,,,,,
406d4844-8e8f-407b-8690-390b5ac48599,,,,,,,,,,,,,,,,,,,,,,,,,,,,,,,,,,,,,,,
4073ef00-fe2d-4821-b9c7-490c976c14c9,,,,,,,,,,,,,,,,,,,,,,,,,,,,,,,,,,,,,,,
407ac2dc-0950-40bd-a0d7-6c490054fde7,,,,,,,,,,,,,,,,,,,,,,,,,,,,,,,,,,,,,,,
4089d10a-eb46-4464-b6a2-bb13b3718007,,,,,,,,,,,,,,,,,,,,,,,,,,,,,,,,,,,,,,,
40921c85-4971-44b5-b400-03d2a40eeb17,,,,,,,,,,,,,,,,,,,,,,,,,,,,,,,,,,,,,,,
4095e791-36bc-4146-a7d3-83cc5fd3bf68,,,,,,,,,,,,,,,,,,,,,,,,,,,,,,,,,,,,,,,
409e6786-567f-4612-971f-e28ce613111a,,,,,,,,,,,,,,,,,,,,,,,,,,,,,,,,,,,,,,,
409fb6e2-c7b5-4d32-9cc6-65eff67055a5,,,,,,,,,,,,,,,,,,,,,,,,,,,,,,,,,,,,,,,
409fe837-b7ff-41d7-8779-e26812f2e5d9,,,,,,,,,,,,,,,,,,,,,,,,,,,,,,,,,,,,,,,
40a0e8f0-b552-429d-add8-04620e7c112d,,,,,,,,,,,,,,,,,,,,,,,,,,,,,,,,,,,,,,,
40a1ea02-e103-407b-99bd-77fea8950fc1,,,,,,,,,,,,,,,,,,,,,,,,,,,,,,,,,,,,,,,
40ad8079-b69f-485c-bb5e-f6cfcb194380,,,,,,,,,,,,,,,,,,,,,,,,,,,,,,,,,,,,,,,
40b7bcae-dba4-473f-aaaa-467159a2686a,,,,,,,,,,,,,,,,,,,,,,,,,,,,,,,,,,,,,,,
40bdcadc-f215-44ac-8fd0-ecbc87979a06,,,,,,,,,,,,,,,,,,,,,,,,,,,,,,,,,,,,,,,
40bf12ca-d806-42b2-98e8-959795f3f927,,,,,,,,,,,,,,,,,,,,,,,,,,,,,,,,,,,,,,,
40c895af-3d77-4bbc-9f54-9fee6d888dba,,,,,,,,,,,,,,,,,,,,,,,,,,,,,,,,,,,,,,,
40d2c4e7-91f2-46bc-ba9e-589060e6b473,,,,,,,,,,,,,,,,,,,,,,,,,,,,,,,,,,,,,,,
40d5fdc8-d79e-48ed-afc2-8f2b02d64684,,,,,,,,,,,,,,,,,,,,,,,,,,,,,,,,,,,,,,,
40d8dcd6-d675-4c7e-be95-c10ba3b17f63,,,,,,,,,,,,,,,,,,,,,,,,,,,,,,,,,,,,,,,
40dd0b96-a701-4b47-bb35-cf7c954fe3c3,,,,,,,,,,,,,,,,,,,,,,,,,,,,,,,,,,,,,,,
40e34c63-e198-40c3-8000-1012d7568bd8,,,,,,,,,,,,,,,,,,,,,,,,,,,,,,,,,,,,,,,
40e79aa4-c3ff-4b70-bc37-25e5962dd54e,,,,,,,,,,,,,,,,,,,,,,,,,,,,,,,,,,,,,,,
40e918fc-5a67-4a97-8e7e-7fde61a57079,,,,,,,,,,,,,,,,,,,,,,,,,,,,,,,,,,,,,,,
40e94841-0215-4f1e-b9d5-16c0f4ac6bdf,naver,1.0,1.0,,,,,,,,,,,,,,,,,,,,,,,,,,,,,,,,,,,,
40ec8f7d-3325-4f78-8bfc-03db091a1edf,,,,,,,,,,,,,,,,,,,,,,,,,,,,,,,,,,,,,,,
40f1d4ea-5a15-40dc-92c8-e21da876839d,,,,,,,,,,,,,,,,,,,,,,,,,,,,,,,,,,,,,,,
40f3f1f0-be24-4605-9cc7-51281a1c55c4,,,,,,,,,,,,,,,,,,,,,,,,,,,,,,,,,,,,,,,
40fa1c05-6f8b-4905-82a7-1b6f2adbaf6b,,,,,,,,,,,,,,,,,,,,,,,,,,,,,,,,,,,,,,,
40fbd831-af56-464f-a5c4-85990f47716c,,,,,,,,,,,,,,,,,,,,,,,,,,,,,,,,,,,,,,,
40ff290e-ffa7-4efd-8346-c399a2c3fd79,,,,,,,,,,,,,,,,,,,,,,,,,,,,,,,,,,,,,,,
41014b27-f5fc-465f-941f-7e42ed3b18f2,usercentrics,1.0,1.0,,,,,,,,,,,,,,,,,,,,,,,,,,,,,,,,,,,,
4103877d-a546-4e49-9908-701b311898f2,,,,,,,,,,,,,,,,,,,,,,,,,,,,,,,,,,,,,,,
4103a3a5-08fe-40d3-b766-62cdc66ab0e1,,,,,,,,,,,,,,,,,,,,,,,,,,,,,,,,,,,,,,,
410401c5-e38a-4bcc-b2de-aa74a1ae2641,indeed,1.0,1.0,,,,,,,,,,,,,,,,,,,,,,,,,,,,,,,,,,,,
41074aa2-1f64-4b9c-9dca-1859a5034d28,,,,,,,,,,,,,,,,,,,,,,,,,,,,,,,,,,,,,,,
410fe485-77e0-4990-92e8-50f5b8073bd6,,,,,,,,,,,,,,,,,,,,,,,,,,,,,,,,,,,,,,,
4111530d-68ad-4188-bb25-aac1a758c59a,,,,,,,,,,,,,,,,,,,,,,,,,,,,,,,,,,,,,,,
411ba562-88ef-4390-bdb8-a04dde91e00c,,,,,,,,,,,,,,,,,,,,,,,,,,,,,,,,,,,,,,,
41251778-6db1-45af-8b06-ae1843ca6533,,,,,,,,,,,,,,,,,,,,,,,,,,,,,,,,,,,,,,,
412760f8-f0cf-4d31-abcb-41a92aa1a8fa,,,,,,,,,,,,,,,,,,,,,,,,,,,,,,,,,,,,,,,
412b4237-681e-46aa-a6d5-750bbe2ce510,,,,,,,,,,,,,,,,,,,,,,,,,,,,,,,,,,,,,,,
412e29c8-4116-4861-9abd-b5fca994e146,,,,,,,,,,,,,,,,,,,,,,,,,,,,,,,,,,,,,,,
412f2af4-5da9-479c-9737-3778e69ab670,,,,,,,,,,,,,,,,,,,,,,,,,,,,,,,,,,,,,,,
41335f07-de02-451c-833e-82a5971c9b40,wp,1.0,1.0,,,,,,,,,,,,,,,,,,,,,,,,,,,,,,,,,,,,
4135ed77-1bcd-4024-8a60-2468c7e417bb,,,,,,,,,,,,,,,,,,,,,,,,,,,,,,,,,,,,,,,
413f3230-f544-4733-97ea-96b8bb3e37ec,,,,,,,,,,,,,,,,,,,,,,,,,,,,,,,,,,,,,,,
414663a7-4143-4d5e-863c-a8a9e81b624e,,,,,,,,,,,,,,,,,,,,,,,,,,,,,,,,,,,,,,,
4146a850-5a74-4780-ac5c-f3688347cbd4,,,,,,,,,,,,,,,,,,,,,,,,,,,,,,,,,,,,,,,
4146e7f9-3389-45dc-ba1b-d90ce4bb4778,,,,,,,,,,,,,,,,,,,,,,,,,,,,,,,,,,,,,,,
4154c58f-b72c-42b1-bd31-6179c969175b,,,,,,,,,,,,,,,,,,,,,,,,,,,,,,,,,,,,,,,
4164f135-cb3e-4723-a98f-65aade03b416,,,,,,,,,,,,,,,,,,,,,,,,,,,,,,,,,,,,,,,
416c961e-27d8-48dd-a341-eb9c888608d3,,,,,,,,,,,,,,,,,,,,,,,,,,,,,,,,,,,,,,,
416dd319-725a-4622-b6b7-be8bc7bf095f,,,,,,,,,,,,,,,,,,,,,,,,,,,,,,,,,,,,,,,
41742fb1-7759-48ef-b381-0ff5218963f0,,,,,,,,,,,,,,,,,,,,,,,,,,,,,,,,,,,,,,,
417a5230-e5e7-44ed-adaf-be9819224edb,,,,,,,,,,,,,,,,,,,,,,,,,,,,,,,,,,,,,,,
417cec60-9c9b-41a6-a1e8-16e6f9f3144f,,,,,,,,,,,,,,,,,,,,,,,,,,,,,,,,,,,,,,,
41812480-6d0e-4045-a42a-c691e7fdd391,,,,,,,,,,,,,,,,,,,,,,,,,,,,,,,,,,,,,,,
4182e650-8f48-453a-899d-83ab3dd52d19,,,,,,,,,,,,,,,,,,,,,,,,,,,,,,,,,,,,,,,
41886465-0320-4c80-b774-23b777676a6b,,,,,,,,,,,,,,,,,,,,,,,,,,,,,,,,,,,,,,,
41a1efe9-f678-4215-9b3d-c7982c38dceb,disney,1.0,1.0,,,,,,,,,,,,,,,,,,,,,,,,,,,,,,,,,,,,
41a6f398-a37a-498c-ad37-dddb7b2c983d,mailchimp,1.0,1.0,,,,,,,,,,,,,,,,,,,,,,,,,,,,,,,,,,,,
41aded09-2923-4f63-81c5-d325f7beecdf,,,,,,,,,,,,,,,,,,,,,,,,,,,,,,,,,,,,,,,
41b0b910-a877-4fb7-9aab-504a13eb62c5,,,,,,,,,,,,,,,,,,,,,,,,,,,,,,,,,,,,,,,
41c46dca-12e5-4efd-832d-84d424713859,,,,,,,,,,,,,,,,,,,,,,,,,,,,,,,,,,,,,,,
41c58915-df08-478b-b10a-10f615afe1f6,,,,,,,,,,,,,,,,,,,,,,,,,,,,,,,,,,,,,,,
41cf495b-a623-4406-b449-3c09e0ada161,,,,,,,,,,,,,,,,,,,,,,,,,,,,,,,,,,,,,,,
41d10a18-e51b-442b-8029-32d0293b02a7,,,,,,,,,,,,,,,,,,,,,,,,,,,,,,,,,,,,,,,
41db42b7-859d-4245-9a69-9b8d1944c520,,,,,,,,,,,,,,,,,,,,,,,,,,,,,,,,,,,,,,,
41db8aa1-8384-4f39-a79d-a3255764ab8c,,,,,,,,,,,,,,,,,,,,,,,,,,,,,,,,,,,,,,,
41e28b25-b021-437e-be57-d6f6cbbf248f,,,,,,,,,,,,,,,,,,,,,,,,,,,,,,,,,,,,,,,
41eff6c8-5730-4216-9f48-b4657adbef65,,,,,,,,,,,,,,,,,,,,,,,,,,,,,,,,,,,,,,,
41f85e80-17e8-411d-8918-a832e41de7b1,,,,,,,,,,,,,,,,,,,,,,,,,,,,,,,,,,,,,,,
4200c172-649e-4d81-8396-157dcb0d4da6,outbrain,1.0,1.0,,,,,,,,,,,,,,,,,,,,,,,,,,,,,,,,,,,,
42017829-d103-49af-9e2d-c3423c652aa1,wp,1.0,1.0,,,,,,,,,,,,,,,,,,,,,,,,,,,,,,,,,,,,
4203cf26-cdbe-443c-98c6-fc9c09bf2d0a,,,,,,,,,,,,,,,,,,,,,,,,,,,,,,,,,,,,,,,
4206101e-2bdf-4a2a-9c2e-e867fbe24c3c,,,,,,,,,,,,,,,,,,,,,,,,,,,,,,,,,,,,,,,
42120053-7673-4a45-9e30-6a2871cde92f,,,,,,,,,,,,,,,,,,,,,,,,,,,,,,,,,,,,,,,
42177dc5-9e52-4268-9677-e7566be9f5f5,,,,,,,,,,,,,,,,,,,,,,,,,,,,,,,,,,,,,,,
421e00f3-1315-491c-9c87-ab82eaf265ca,,,,,,,,,,,,,,,,,,,,,,,,,,,,,,,,,,,,,,,
421e98bf-b95c-4f33-8443-8649a416afb1,,,,,,,,,,,,,,,,,,,,,,,,,,,,,,,,,,,,,,,
4221f386-19a9-4a3d-be16-4f116faa23b7,,,,,,,,,,,,,,,,,,,,,,,,,,,,,,,,,,,,,,,
4227cfdb-d23a-4eb2-a7e9-d44c8ea2e8ef,,,,,,,,,,,,,,,,,,,,,,,,,,,,,,,,,,,,,,,
422b9697-105b-4a4a-9e4b-3d14ae10752a,,,,,,,,,,,,,,,,,,,,,,,,,,,,,,,,,,,,,,,
422c7927-bfd3-48ca-b5ac-620e5354e19b,,,,,,,,,,,,,,,,,,,,,,,,,,,,,,,,,,,,,,,
423497dd-6433-47b8-8eda-22ba25492700,,,,,,,,,,,,,,,,,,,,,,,,,,,,,,,,,,,,,,,
423bf464-b0e1-4dfb-b858-16a157ff098f,baidu,1.0,1.0,,,,,,,,,,,,,,,,,,,,,,,,,,,,,,,,,,,,
42440e03-91ec-488f-b08e-23e049b8806d,,,,,,,,,,,,,,,,,,,,,,,,,,,,,,,,,,,,,,,
42448f26-df81-4733-958a-a15ba062869e,,,,,,,,,,,,,,,,,,,,,,,,,,,,,,,,,,,,,,,
424a95b8-87b2-42a5-a00a-b813db5dd6ed,,,,,,,,,,,,,,,,,,,,,,,,,,,,,,,,,,,,,,,
4254f66e-6193-4ec5-b292-7912b29370e9,,,,,,,,,,,,,,,,,,,,,,,,,,,,,,,,,,,,,,,
4256a84e-cea0-481e-b20f-b5c37b790159,,,,,,,,,,,,,,,,,,,,,,,,,,,,,,,,,,,,,,,
4275c7eb-0c79-4e8f-a0ae-88d3fa95cc26,,,,,,,,,,,,,,,,,,,,,,,,,,,,,,,,,,,,,,,
42880f83-69e2-4826-abc5-ae516c071a46,,,,,,,,,,,,,,,,,,,,,,,,,,,,,,,,,,,,,,,
428ccd97-f8fb-4cd5-9caa-a0bddbb4d739,,,,,,,,,,,,,,,,,,,,,,,,,,,,,,,,,,,,,,,
428e0ed7-98fd-4b78-b0b1-416c149eb6e1,,,,,,,,,,,,,,,,,,,,,,,,,,,,,,,,,,,,,,,
429080fd-8e14-4759-ba86-8a4ecc5b08c8,,,,,,,,,,,,,,,,,,,,,,,,,,,,,,,,,,,,,,,
429177eb-3978-416b-b2f7-4a074149afb1,,,,,,,,,,,,,,,,,,,,,,,,,,,,,,,,,,,,,,,
42957292-94ff-466a-9edd-1ed991ff7a83,,,,,,,,,,,,,,,,,,,,,,,,,,,,,,,,,,,,,,,
4296bff5-83af-49e5-8f0f-9604e7f9ff1a,microsoft,1.0,1.0,,,,,,,,,,,,,,,,,,,,,,,,,,,,,,,,,,,,
4298a511-bc98-4df2-8e82-e254ac4611c6,,,,,,,,,,,,,,,,,,,,,,,,,,,,,,,,,,,,,,,
429fe737-2644-4463-9944-7ce312351973,,,,,,,,,,,,,,,,,,,,,,,,,,,,,,,,,,,,,,,
42a5df62-9740-434f-98d5-90987af3fe24,,,,,,,,,,,,,,,,,,,,,,,,,,,,,,,,,,,,,,,
42aa58e8-29ca-4444-9c1a-c2a6eb43d48a,,,,,,,,,,,,,,,,,,,,,,,,,,,,,,,,,,,,,,,
42b4d896-27a8-4d23-96fa-4ab70615c00e,,,,,,,,,,,,,,,,,,,,,,,,,,,,,,,,,,,,,,,
42b778a3-4cc6-4ed5-a9e6-d76b34e02cf7,,,,,,,,,,,,,,,,,,,,,,,,,,,,,,,,,,,,,,,
42b8de8d-89ef-44ac-9943-0261f945ef1c,,,,,,,,,,,,,,,,,,,,,,,,,,,,,,,,,,,,,,,
42bd737d-46e0-46a4-ab6c-aac0da686115,,,,,,,,,,,,,,,,,,,,,,,,,,,,,,,,,,,,,,,
42be44fc-3817-4b0d-8d87-ccacc3920088,,,,,,,,,,,,,,,,,,,,,,,,,,,,,,,,,,,,,,,
42d281dc-b2e5-4508-869a-a3374b5289d2,,,,,,,,,,,,,,,,,,,,,,,,,,,,,,,,,,,,,,,
42d8e9af-ca22-4d21-90ff-109c904e4d90,,,,,,,,,,,,,,,,,,,,,,,,,,,,,,,,,,,,,,,
42d90a19-3890-43e7-bfe1-7d6371bfa9a8,,,,,,,,,,,,,,,,,,,,,,,,,,,,,,,,,,,,,,,
42dff2b4-afef-47ef-9e94-dba2a51b6193,,,,,,,,,,,,,,,,,,,,,,,,,,,,,,,,,,,,,,,
42fac44b-ce7c-4762-ab5a-662581a18cb3,,,,,,,,,,,,,,,,,,,,,,,,,,,,,,,,,,,,,,,
42fbb1ac-2ea6-4552-8d59-8939c5915286,,,,,,,,,,,,,,,,,,,,,,,,,,,,,,,,,,,,,,,
42fbbc17-0902-4885-bc3b-77161d382217,,,,,,,,,,,,,,,,,,,,,,,,,,,,,,,,,,,,,,,
43029074-1c9d-4878-a939-50a187cbfd37,,,,,,,,,,,,,,,,,,,,,,,,,,,,,,,,,,,,,,,
431511e6-7b01-4aac-8d38-72b1d3293d23,,,,,,,,,,,,,,,,,,,,,,,,,,,,,,,,,,,,,,,
43164720-7d0a-42c2-b40a-ab895593a3b6,,,,,,,,,,,,,,,,,,,,,,,,,,,,,,,,,,,,,,,
432ad230-3db1-4416-93fa-b9988d42e8ce,,,,,,,,,,,,,,,,,,,,,,,,,,,,,,,,,,,,,,,
432eb5b6-4529-4771-92f6-2b0240ded65f,,,,,,,,,,,,,,,,,,,,,,,,,,,,,,,,,,,,,,,
432f41e9-af9c-46e9-92eb-932386a30f28,,,,,,,,,,,,,,,,,,,,,,,,,,,,,,,,,,,,,,,
43328a2a-1ad9-4566-a41d-fcd86cb05866,,,,,,,,,,,,,,,,,,,,,,,,,,,,,,,,,,,,,,,
4336193c-08d5-4a8f-94d9-77432e032365,,,,,,,,,,,,,,,,,,,,,,,,,,,,,,,,,,,,,,,
433914db-96fb-4033-80e5-55170b2b7530,,,,,,,,,,,,,,,,,,,,,,,,,,,,,,,,,,,,,,,
433b0413-2453-4c37-98f3-2dcc2f7c57bc,,,,,,,,,,,,,,,,,,,,,,,,,,,,,,,,,,,,,,,
4343d846-c43f-4517-ac6e-cb8ebd23a32d,,,,,,,,,,,,,,,,,,,,,,,,,,,,,,,,,,,,,,,
43527dcf-94de-4322-a4ff-2b42d4cca09e,,,,,,,,,,,,,,,,,,,,,,,,,,,,,,,,,,,,,,,
4355433f-2d19-4861-ae28-614b3a386e02,,,,,,,,,,,,,,,,,,,,,,,,,,,,,,,,,,,,,,,
4361a4a1-2517-4e21-a394-4accb8b01ca1,,,,,,,,,,,,,,,,,,,,,,,,,,,,,,,,,,,,,,,
4361e268-7087-4662-996c-8280b11b5c62,,,,,,,,,,,,,,,,,,,,,,,,,,,,,,,,,,,,,,,
437aa099-98bc-4dd2-898c-f288d0d02600,microsoft,1.0,1.0,,,,,,,,,,,,,,,,,,,,,,,,,,,,,,,,,,,,
437cb57b-06fe-475c-b619-dcb737a9b10a,,,,,,,,,,,,,,,,,,,,,,,,,,,,,,,,,,,,,,,
437cd3e1-1e74-4397-8b32-f1d77120701b,the_new_york_times,1.0,1.0,,,,,,,,,,,,,,,,,,,,,,,,,,,,,,,,,,,,
4380e008-618a-4500-b626-f839f49e6bcf,,,,,,,,,,,,,,,,,,,,,,,,,,,,,,,,,,,,,,,
438d83fd-44a9-4c13-85c4-3ab4a9be539c,,,,,,,,,,,,,,,,,,,,,,,,,,,,,,,,,,,,,,,
4391da5c-3e07-435a-afaa-1b23b7379f5f,,,,,,,,,,,,,,,,,,,,,,,,,,,,,,,,,,,,,,,
4393a73b-a81d-4705-9dd0-7bc25612cf37,,,,,,,,,,,,,,,,,,,,,,,,,,,,,,,,,,,,,,,
4393d564-a760-4053-88a8-9dd51194ba0c,,,,,,,,,,,,,,,,,,,,,,,,,,,,,,,,,,,,,,,
43977e6e-78ec-4532-b6f0-6ac4d1541150,baidu,1.0,1.0,,,,,,,,,,,,,,,,,,,,,,,,,,,,,,,,,,,,
439c27d3-78dc-4174-af5b-54eaea679655,,,,,,,,,,,,,,,,,,,,,,,,,,,,,,,,,,,,,,,
439e7d59-8b01-4544-814e-8badf3f1d26b,ibm,1.0,1.0,,,,,,,,,,,,,,,,,,,,,,,,,,,,,,,,,,,,
439f1885-8cef-4e85-936b-5db9d66559c8,,,,,,,,,,,,,,,,,,,,,,,,,,,,,,,,,,,,,,,
43a1b74a-1164-442e-9bcb-4c498c1a6c6c,,,,,,,,,,,,,,,,,,,,,,,,,,,,,,,,,,,,,,,
43a3161c-df95-4cd0-8f6a-bd0deed42f7f,,,,,,,,,,,,,,,,,,,,,,,,,,,,,,,,,,,,,,,
43a66129-fa7a-46f0-8d68-518b64f53739,,,,,,,,,,,,,,,,,,,,,,,,,,,,,,,,,,,,,,,
43af0486-ee32-4039-9652-b4ab5f6fb5cb,,,,,,,,,,,,,,,,,,,,,,,,,,,,,,,,,,,,,,,
43b3069c-2dea-4724-ab3d-ba45c8715d11,,,,,,,,,,,,,,,,,,,,,,,,,,,,,,,,,,,,,,,
43b34eb3-728a-41a5-8747-1d566444f31e,,,,,,,,,,,,,,,,,,,,,,,,,,,,,,,,,,,,,,,
43b798d4-b62f-4d8e-8816-63e8f032725b,,,,,,,,,,,,,,,,,,,,,,,,,,,,,,,,,,,,,,,
43c13c36-8595-4fbc-8dd0-e146ff5310d2,,,,,,,,,,,,,,,,,,,,,,,,,,,,,,,,,,,,,,,
43c310f2-3d2f-4fe3-954f-749ee3325f3e,,,,,,,,,,,,,,,,,,,,,,,,,,,,,,,,,,,,,,,
43c67c1c-feeb-4442-bf64-4cc0ff2ef704,,,,,,,,,,,,,,,,,,,,,,,,,,,,,,,,,,,,,,,
43d5d880-ee98-462a-9f94-bf0053e63802,,,,,,,,,,,,,,,,,,,,,,,,,,,,,,,,,,,,,,,
43e9df0b-eb2a-41cc-b819-67fd4404d209,,,,,,,,,,,,,,,,,,,,,,,,,,,,,,,,,,,,,,,
43f04cab-6713-401a-a1a9-941115a00af4,,,,,,,,,,,,,,,,,,,,,,,,,,,,,,,,,,,,,,,
43f22f89-00ab-44c0-847e-857e779269ba,,,,,,,,,,,,,,,,,,,,,,,,,,,,,,,,,,,,,,,
43f26fb7-a307-426f-9b9f-4f8894646b56,,,,,,,,,,,,,,,,,,,,,,,,,,,,,,,,,,,,,,,
43f4361b-7ac1-4b93-b864-5fb268d4d9cf,,,,,,,,,,,,,,,,,,,,,,,,,,,,,,,,,,,,,,,
43f895eb-fe7b-4a8b-a1ed-a2b3b66fb0b2,,,,,,,,,,,,,,,,,,,,,,,,,,,,,,,,,,,,,,,
43fb7d6f-525d-471e-b1e7-7fcd56a3963c,,,,,,,,,,,,,,,,,,,,,,,,,,,,,,,,,,,,,,,
43fd5dfc-d3bf-4782-8057-2047dea746c1,,,,,,,,,,,,,,,,,,,,,,,,,,,,,,,,,,,,,,,
4408f344-69b0-4c72-9e8b-42f68d5febd7,,,,,,,,,,,,,,,,,,,,,,,,,,,,,,,,,,,,,,,
441f6729-064b-4824-9fe9-3d0c6d96579e,,,,,,,,,,,,,,,,,,,,,,,,,,,,,,,,,,,,,,,
4420d569-5464-4454-ad70-616b3a5bf799,,,,,,,,,,,,,,,,,,,,,,,,,,,,,,,,,,,,,,,
44281a14-5a16-44b8-b20e-6c56295b4206,,,,,,,,,,,,,,,,,,,,,,,,,,,,,,,,,,,,,,,
4439885e-96b1-47aa-927d-d56648175fbf,,,,,,,,,,,,,,,,,,,,,,,,,,,,,,,,,,,,,,,
443a70f6-f1d9-45b5-8dcd-0e7f1fc5bfde,,,,,,,,,,,,,,,,,,,,,,,,,,,,,,,,,,,,,,,
444a7c85-0528-4f96-99f7-1b268e74d0e6,,,,,,,,,,,,,,,,,,,,,,,,,,,,,,,,,,,,,,,
445316fb-0a3b-4a55-aa38-0fe5b2e298a8,mparticle,1.0,1.0,,,,,,,,,,,,,,,,,,,,,,,,,,,,,,,,,,,,
445fbfb6-8457-4d76-b2d0-abcada5c5a68,,,,,,,,,,,,,,,,,,,,,,,,,,,,,,,,,,,,,,,
4461256f-d858-4227-8eee-f2e36d73e216,,,,,,,,,,,,,,,,,,,,,,,,,,,,,,,,,,,,,,,
44643614-a0fa-4318-b96e-eadd5dc91656,,,,,,,,,,,,,,,,,,,,,,,,,,,,,,,,,,,,,,,
447500e1-69ef-42e3-ac09-44ce79c12102,,,,,,,,,,,,,,,,,,,,,,,,,,,,,,,,,,,,,,,
448122d7-50f5-42f3-8658-eb67c7d33939,,,,,,,,,,,,,,,,,,,,,,,,,,,,,,,,,,,,,,,
4482fe92-b093-4d11-9395-62b24471a068,,,,,,,,,,,,,,,,,,,,,,,,,,,,,,,,,,,,,,,
4484ee1e-3791-4d5c-b2a2-0b766d8eeaab,,,,,,,,,,,,,,,,,,,,,,,,,,,,,,,,,,,,,,,
449638c7-dd21-4dbb-a9f0-917c836a48f8,,,,,,,,,,,,,,,,,,,,,,,,,,,,,,,,,,,,,,,
44ae36a7-0c9f-4567-9528-fa7ebb4a1ac6,,,,,,,,,,,,,,,,,,,,,,,,,,,,,,,,,,,,,,,
44b2cbe0-cfa6-4956-b2c4-ebf73d4e751f,,,,,,,,,,,,,,,,,,,,,,,,,,,,,,,,,,,,,,,
44b4fdc0-e780-4130-a054-e395d4810142,,,,,,,,,,,,,,,,,,,,,,,,,,,,,,,,,,,,,,,
44b6a9de-9447-4fd7-88be-7b2befdfa735,,,,,,,,,,,,,,,,,,,,,,,,,,,,,,,,,,,,,,,
44bbfe9f-31bb-4d2a-a5ae-54cb8754a739,,,,,,,,,,,,,,,,,,,,,,,,,,,,,,,,,,,,,,,
44c31c4e-59a3-411b-8530-6f6eb5516fa8,,,,,,,,,,,,,,,,,,,,,,,,,,,,,,,,,,,,,,,
44c74696-b08c-4096-b125-daffdfa228bf,,,,,,,,,,,,,,,,,,,,,,,,,,,,,,,,,,,,,,,
44ca965b-6a93-40de-ba64-020e13cb1342,,,,,,,,,,,,,,,,,,,,,,,,,,,,,,,,,,,,,,,
44cb377a-cb9f-49da-9362-2c182cff3f49,,,,,,,,,,,,,,,,,,,,,,,,,,,,,,,,,,,,,,,
44cb41a0-2c54-464e-ad49-5368846c66a5,,,,,,,,,,,,,,,,,,,,,,,,,,,,,,,,,,,,,,,
44d272d9-8a38-4927-acb2-dadee6b9d36a,,,,,,,,,,,,,,,,,,,,,,,,,,,,,,,,,,,,,,,
44d51a57-2804-45a5-a887-9979db3f268e,,,,,,,,,,,,,,,,,,,,,,,,,,,,,,,,,,,,,,,
44dbbd32-4f1f-4534-82b2-34c5eadb630c,,,,,,,,,,,,,,,,,,,,,,,,,,,,,,,,,,,,,,,
44dcbdbb-c376-4cdb-83a8-7081426baada,,,,,,,,,,,,,,,,,,,,,,,,,,,,,,,,,,,,,,,
44df2a82-3c6d-4efd-88bc-65f1f36753c5,,,,,,,,,,,,,,,,,,,,,,,,,,,,,,,,,,,,,,,
44e348af-2b96-419d-af52-70e7d11da9f5,,,,,,,,,,,,,,,,,,,,,,,,,,,,,,,,,,,,,,,
44e46b4d-c5c5-4eea-8bf6-e9ce43a9434b,,,,,,,,,,,,,,,,,,,,,,,,,,,,,,,,,,,,,,,
44f2f077-112e-4825-b971-5320ca8ddd40,,,,,,,,,,,,,,,,,,,,,,,,,,,,,,,,,,,,,,,
45062f5f-227e-41a7-968d-6304dc197689,,,,,,,,,,,,,,,,,,,,,,,,,,,,,,,,,,,,,,,
450e417c-9326-43c1-8ec1-8979b0940b12,,,,,,,,,,,,,,,,,,,,,,,,,,,,,,,,,,,,,,,
45119839-da04-434f-b944-79baa5d19b4f,,,,,,,,,,,,,,,,,,,,,,,,,,,,,,,,,,,,,,,
45143add-3441-4205-8d69-1b46e60692fb,,,,,,,,,,,,,,,,,,,,,,,,,,,,,,,,,,,,,,,
45143e98-26fd-450c-a401-768ef104375c,,,,,,,,,,,,,,,,,,,,,,,,,,,,,,,,,,,,,,,
45155677-f92f-48a6-80dc-c9fc36099800,,,,,,,,,,,,,,,,,,,,,,,,,,,,,,,,,,,,,,,
4516a56e-9ac5-450c-99d1-da1898f9b332,,,,,,,,,,,,,,,,,,,,,,,,,,,,,,,,,,,,,,,
4519d1e2-d642-42b9-bc4b-5ac6f6d1249b,,,,,,,,,,,,,,,,,,,,,,,,,,,,,,,,,,,,,,,
4521f736-e8f1-4139-be05-15cd43cc28f0,,,,,,,,,,,,,,,,,,,,,,,,,,,,,,,,,,,,,,,
45272c4b-c09e-4a3b-afac-6740c49b92f0,,,,,,,,,,,,,,,,,,,,,,,,,,,,,,,,,,,,,,,
452dac67-7bab-4345-9070-2b45b551b053,,,,,,,,,,,,,,,,,,,,,,,,,,,,,,,,,,,,,,,
453cb541-e1cc-432f-b002-efa4c9e5e9d0,,,,,,,,,,,,,,,,,,,,,,,,,,,,,,,,,,,,,,,
45408768-436e-4d68-8253-93eebe6e18e0,,,,,,,,,,,,,,,,,,,,,,,,,,,,,,,,,,,,,,,
4543a1ef-f865-4278-8383-e14caaafec7a,,,,,,,,,,,,,,,,,,,,,,,,,,,,,,,,,,,,,,,
454a7859-734e-4ea2-b39c-2d771d96a18d,,,,,,,,,,,,,,,,,,,,,,,,,,,,,,,,,,,,,,,
45587013-61a6-43f6-a33d-b051ce2bb399,,,,,,,,,,,,,,,,,,,,,,,,,,,,,,,,,,,,,,,
455ec1c1-b45d-49a8-a096-9c9ada48581a,,,,,,,,,,,,,,,,,,,,,,,,,,,,,,,,,,,,,,,
4561b332-444b-47ca-9b01-bd45b473a5d9,,,,,,,,,,,,,,,,,,,,,,,,,,,,,,,,,,,,,,,
456e04eb-7158-4539-81e9-aa0471f92101,,,,,,,,,,,,,,,,,,,,,,,,,,,,,,,,,,,,,,,
457213f3-c796-4250-9bb8-82f85c34ea69,,,,,,,,,,,,,,,,,,,,,,,,,,,,,,,,,,,,,,,
4573e715-3bb3-4361-a1cd-633c75318c04,,,,,,,,,,,,,,,,,,,,,,,,,,,,,,,,,,,,,,,
45781fed-932a-4c33-8c10-f12319432809,,,,,,,,,,,,,,,,,,,,,,,,,,,,,,,,,,,,,,,
4578690f-7669-4637-8897-f46ea39520c8,,,,,,,,,,,,,,,,,,,,,,,,,,,,,,,,,,,,,,,
457c0355-4525-40c4-b7d3-a7b5bfb6f086,,,,,,,,,,,,,,,,,,,,,,,,,,,,,,,,,,,,,,,
457ded72-64cf-411e-887d-b3d6e5abba6f,,,,,,,,,,,,,,,,,,,,,,,,,,,,,,,,,,,,,,,
457eb236-8564-407b-911d-ff0cdae87430,,,,,,,,,,,,,,,,,,,,,,,,,,,,,,,,,,,,,,,
458e833a-85da-4bc7-a2ae-4831575e6aa2,,,,,,,,,,,,,,,,,,,,,,,,,,,,,,,,,,,,,,,
45a449c4-9c47-40df-9df9-04d986d2cfea,,,,,,,,,,,,,,,,,,,,,,,,,,,,,,,,,,,,,,,
45a554ae-f48e-4072-86bf-e80767626b7f,qq.com,1.0,1.0,,,,,,,,,,,,,,,,,,,,,,,,,,,,,,,,,,,,
45a8b7ec-b86f-45b8-b238-fed45dbb7254,,,,,,,,,,,,,,,,,,,,,,,,,,,,,,,,,,,,,,,
45ac2881-2c04-4e17-9e13-b2f45e60eed0,adobe,1.0,1.0,,,,,,,,,,,,,,,,,,,,,,,,,,,,,,,,,,,,
45b0369d-647d-47b0-886b-66155ed39a50,,,,,,,,,,,,,,,,,,,,,,,,,,,,,,,,,,,,,,,
45b048a4-d620-491c-b914-a800a91d8aa4,,,,,,,,,,,,,,,,,,,,,,,,,,,,,,,,,,,,,,,
45b09ab2-ec84-4d9b-8387-0fc7ef97c1f8,,,,,,,,,,,,,,,,,,,,,,,,,,,,,,,,,,,,,,,
45b61cec-e19b-44b5-a2c2-0f53dea80307,cloudflare,1.0,1.0,,,,,,,,,,,,,,,,,,,,,,,,,,,,,,,,,,,,
45b8b7fa-ad33-43ee-a441-3076cccb7431,,,,,,,,,,,,,,,,,,,,,,,,,,,,,,,,,,,,,,,
45ba49d2-b249-46bb-9354-2e6175172254,,,,,,,,,,,,,,,,,,,,,,,,,,,,,,,,,,,,,,,
45d7a65a-023b-4a7e-80d5-c9b09d5ecae5,,,,,,,,,,,,,,,,,,,,,,,,,,,,,,,,,,,,,,,
45dc9cca-bba6-4e22-8165-d7960dedb263,,,,,,,,,,,,,,,,,,,,,,,,,,,,,,,,,,,,,,,
45e4450b-2ab9-48d8-958b-96518f4b6f46,,,,,,,,,,,,,,,,,,,,,,,,,,,,,,,,,,,,,,,
45eb31ee-a578-454c-927b-3424bdc4c791,axel_springer,1.0,1.0,,,,,,,,,,,,,,,,,,,,,,,,,,,,,,,,,,,,
45f57732-a539-4b18-b230-39464da409a4,,,,,,,,,,,,,,,,,,,,,,,,,,,,,,,,,,,,,,,
45fd0064-c096-4ba5-a4e2-89dd04cf4b14,,,,,,,,,,,,,,,,,,,,,,,,,,,,,,,,,,,,,,,
4609699b-6684-4c15-a63b-3d76acd5242a,,,,,,,,,,,,,,,,,,,,,,,,,,,,,,,,,,,,,,,
460fa68c-d5b9-4c61-a66c-cb9f4f59d2fe,,,,,,,,,,,,,,,,,,,,,,,,,,,,,,,,,,,,,,,
461484f3-757e-47d5-afd1-c624a36c4ab4,,,,,,,,,,,,,,,,,,,,,,,,,,,,,,,,,,,,,,,
46155e7d-7349-4ab2-82d4-5466ee4e6a85,,,,,,,,,,,,,,,,,,,,,,,,,,,,,,,,,,,,,,,
4615a101-4e73-4506-a0ac-4935ea7112ef,,,,,,,,,,,,,,,,,,,,,,,,,,,,,,,,,,,,,,,
4616e695-0509-4df4-82b3-be9a984e6505,,,,,,,,,,,,,,,,,,,,,,,,,,,,,,,,,,,,,,,
4617b548-3a58-4cac-8d1a-bb9fe30736ee,,,,,,,,,,,,,,,,,,,,,,,,,,,,,,,,,,,,,,,
461ac4f8-ad7b-4555-8b69-5150c63933d6,,,,,,,,,,,,,,,,,,,,,,,,,,,,,,,,,,,,,,,
461e9087-a719-41b2-9d0d-d659f3bfd41f,,,,,,,,,,,,,,,,,,,,,,,,,,,,,,,,,,,,,,,
462e8b1c-d4d0-4d09-ae5c-584f41270d2b,,,,,,,,,,,,,,,,,,,,,,,,,,,,,,,,,,,,,,,
4632b81f-7c00-4611-9845-b94c8a02642c,,,,,,,,,,,,,,,,,,,,,,,,,,,,,,,,,,,,,,,
46331160-f769-4e7e-a3cf-64cf25603051,,,,,,,,,,,,,,,,,,,,,,,,,,,,,,,,,,,,,,,
46379139-1c21-4ed0-8b6a-ab110965de10,,,,,,,,,,,,,,,,,,,,,,,,,,,,,,,,,,,,,,,
46386545-1d56-44a8-b403-746c2e9a2ce1,volusion,1.0,1.0,,,,,,,,,,,,,,,,,,,,,,,,,,,,,,,,,,,,
463d2265-1e8b-41c9-863f-5d36f37725a8,,,,,,,,,,,,,,,,,,,,,,,,,,,,,,,,,,,,,,,
463efa21-0cba-43c4-a268-1b5ae955a137,,,,,,,,,,,,,,,,,,,,,,,,,,,,,,,,,,,,,,,
463fd37a-d57c-432d-b001-9d4bd069bf49,,,,,,,,,,,,,,,,,,,,,,,,,,,,,,,,,,,,,,,
464144f0-11de-43a8-9c22-968d14e9f64d,,,,,,,,,,,,,,,,,,,,,,,,,,,,,,,,,,,,,,,
46414550-18d3-4171-9941-bda3dd6ee6dd,,,,,,,,,,,,,,,,,,,,,,,,,,,,,,,,,,,,,,,
46491abe-55f3-466d-8ad4-7221bc2cce45,,,,,,,,,,,,,,,,,,,,,,,,,,,,,,,,,,,,,,,
464d61c3-dab1-433a-a41c-1a642126c1f7,baidu,1.0,1.0,,,,,,,,,,,,,,,,,,,,,,,,,,,,,,,,,,,,
465ae713-4841-421b-ba71-1bf499602767,,,,,,,,,,,,,,,,,,,,,,,,,,,,,,,,,,,,,,,
466232d3-2b69-45f5-b78f-f439dd2d5ce8,,,,,,,,,,,,,,,,,,,,,,,,,,,,,,,,,,,,,,,
4666b61f-2238-4a99-9767-f91215108365,,,,,,,,,,,,,,,,,,,,,,,,,,,,,,,,,,,,,,,
46695a3b-1ddf-4340-8fd7-300eb6b6a7ed,,,,,,,,,,,,,,,,,,,,,,,,,,,,,,,,,,,,,,,
4672e6e3-fd83-45ac-8baf-00e91ad9cbb8,,,,,,,,,,,,,,,,,,,,,,,,,,,,,,,,,,,,,,,
4677941c-d191-4908-8555-b60dc27cf03a,,,,,,,,,,,,,,,,,,,,,,,,,,,,,,,,,,,,,,,
467cf07d-d9ff-4bf5-a4f6-024a563b7dad,,,,,,,,,,,,,,,,,,,,,,,,,,,,,,,,,,,,,,,
468a8b0a-e86f-4a01-88e4-169a5eebc410,,,,,,,,,,,,,,,,,,,,,,,,,,,,,,,,,,,,,,,
468aa816-e739-4d75-a8ef-e73e690a86ec,,,,,,,,,,,,,,,,,,,,,,,,,,,,,,,,,,,,,,,
4699ab62-d345-46b2-aa91-cf83034cda60,,,,,,,,,,,,,,,,,,,,,,,,,,,,,,,,,,,,,,,
469da0ff-bc94-4337-9380-522db27f8a95,,,,,,,,,,,,,,,,,,,,,,,,,,,,,,,,,,,,,,,
46a0dd19-bf9a-4954-ae64-8e63506abdeb,,,,,,,,,,,,,,,,,,,,,,,,,,,,,,,,,,,,,,,
46a0dd9f-e2f4-4ede-a6b3-fcc2295d0da5,,,,,,,,,,,,,,,,,,,,,,,,,,,,,,,,,,,,,,,
46a119a2-b73f-4d6e-bfd0-1ff1f6a53f96,,,,,,,,,,,,,,,,,,,,,,,,,,,,,,,,,,,,,,,
46af2a3f-e00d-44c4-b7fc-7eaf7b085d0d,,,,,,,,,,,,,,,,,,,,,,,,,,,,,,,,,,,,,,,
46b1a71f-6163-4260-ac18-0b0bb34cd35c,fullstory,1.0,1.0,,,,,,,,,,,,,,,,,,,,,,,,,,,,,,,,,,,,
46b2e432-086a-479d-a43f-5a439f1640df,qualtrics,1.0,1.0,,,,,,,,,,,,,,,,,,,,,,,,,,,,,,,,,,,,
46b4b7bb-b5fa-4513-ad46-1ff0c9c3a6c9,,,,,,,,,,,,,,,,,,,,,,,,,,,,,,,,,,,,,,,
46b621d0-a98c-4914-907a-f3b16af769f2,,,,,,,,,,,,,,,,,,,,,,,,,,,,,,,,,,,,,,,
46b91c54-edeb-4421-971e-6d0c03f96858,,,,,,,,,,,,,,,,,,,,,,,,,,,,,,,,,,,,,,,
46c28789-071c-434f-967c-748eb55bb3bc,,,,,,,,,,,,,,,,,,,,,,,,,,,,,,,,,,,,,,,
46cdeabc-9b9c-43a1-9d2e-93fa9c20d144,,,,,,,,,,,,,,,,,,,,,,,,,,,,,,,,,,,,,,,
46d09355-bbaa-4714-a951-86a4255f17d4,,,,,,,,,,,,,,,,,,,,,,,,,,,,,,,,,,,,,,,
46d2fd80-683d-4261-8e0f-5c23e82094a1,walkme,1.0,1.0,,,,,,,,,,,,,,,,,,,,,,,,,,,,,,,,,,,,
46d51099-1c4d-4432-b3d6-7df84a48ea5f,,,,,,,,,,,,,,,,,,,,,,,,,,,,,,,,,,,,,,,
46e1883f-0669-4b77-bc71-026bc7e7dde5,,,,,,,,,,,,,,,,,,,,,,,,,,,,,,,,,,,,,,,
46e19406-e743-4268-9240-ca1f4ec295a5,,,,,,,,,,,,,,,,,,,,,,,,,,,,,,,,,,,,,,,
46e33a13-16e1-4d83-8041-72358c51b5bb,,,,,,,,,,,,,,,,,,,,,,,,,,,,,,,,,,,,,,,
46e6e013-9ba9-47c1-9ee8-0ac7ac500cb0,atlassian,1.0,1.0,,,,,,,,,,,,,,,,,,,,,,,,,,,,,,,,,,,,
46e80871-0be0-499a-ad6b-76d30a23d942,,,,,,,,,,,,,,,,,,,,,,,,,,,,,,,,,,,,,,,
46f76954-db62-4e5f-80f6-bf2c05505b97,,,,,,,,,,,,,,,,,,,,,,,,,,,,,,,,,,,,,,,
46fd9d34-2ccf-432d-aadf-64d06456ecd1,,,,,,,,,,,,,,,,,,,,,,,,,,,,,,,,,,,,,,,
46fed710-cdb8-4156-b6a0-9ad3c4a6d44b,,,,,,,,,,,,,,,,,,,,,,,,,,,,,,,,,,,,,,,
47052184-cdc5-4d21-823f-abc42e1c3f27,,,,,,,,,,,,,,,,,,,,,,,,,,,,,,,,,,,,,,,
470ad763-1015-4ee5-87ce-dd4a88948e6c,,,,,,,,,,,,,,,,,,,,,,,,,,,,,,,,,,,,,,,
470c8f7a-c156-4c03-822f-c70e1bdddc59,,,,,,,,,,,,,,,,,,,,,,,,,,,,,,,,,,,,,,,
4713e25f-e9ac-476d-913a-889969ce8f80,,,,,,,,,,,,,,,,,,,,,,,,,,,,,,,,,,,,,,,
4714da8f-e1da-482f-aec4-adb7c6684217,,,,,,,,,,,,,,,,,,,,,,,,,,,,,,,,,,,,,,,
4719bf78-0706-4cda-8594-2249e4e37109,,,,,,,,,,,,,,,,,,,,,,,,,,,,,,,,,,,,,,,
47218afb-bda6-4c06-ac3b-144ab07593f5,,,,,,,,,,,,,,,,,,,,,,,,,,,,,,,,,,,,,,,
4728a77f-7ed2-4498-a56b-ed7661cf452f,,,,,,,,,,,,,,,,,,,,,,,,,,,,,,,,,,,,,,,
472eefce-7eda-45f9-ad47-7497eb4f9380,,,,,,,,,,,,,,,,,,,,,,,,,,,,,,,,,,,,,,,
47329de6-9b48-45b1-a311-cdd806420199,,,,,,,,,,,,,,,,,,,,,,,,,,,,,,,,,,,,,,,
473380df-4e2c-475e-b725-80b1d664dda8,,,,,,,,,,,,,,,,,,,,,,,,,,,,,,,,,,,,,,,
4733f501-1c2c-48b8-a358-819f1e14295a,,,,,,,,,,,,,,,,,,,,,,,,,,,,,,,,,,,,,,,
473c01ae-71f2-4773-9db0-39d53ead4f93,,,,,,,,,,,,,,,,,,,,,,,,,,,,,,,,,,,,,,,
473c9ac2-dd80-478a-b1a0-0e3f0459078b,,,,,,,,,,,,,,,,,,,,,,,,,,,,,,,,,,,,,,,
473f42de-cc04-4805-9423-b5f166f7d28d,,,,,,,,,,,,,,,,,,,,,,,,,,,,,,,,,,,,,,,
474295a6-9329-4d57-b215-75c0ec205c43,,,,,,,,,,,,,,,,,,,,,,,,,,,,,,,,,,,,,,,
47429edb-f70a-4f8d-9599-44d5fdc351f0,wikimedia_foundation,1.0,1.0,,,,,,,,,,,,,,,,,,,,,,,,,,,,,,,,,,,,
47559b3b-fce6-44c0-948f-136a55d985b8,,,,,,,,,,,,,,,,,,,,,,,,,,,,,,,,,,,,,,,
4758f39a-4c72-4a52-a116-1bb34aa7d789,,,,,,,,,,,,,,,,,,,,,,,,,,,,,,,,,,,,,,,
475a68c9-9f61-415d-b0f5-167a9a998ed1,,,,,,,,,,,,,,,,,,,,,,,,,,,,,,,,,,,,,,,
475ec3b7-a8e1-4ac1-b3bd-13c3666ce1b4,,,,,,,,,,,,,,,,,,,,,,,,,,,,,,,,,,,,,,,
475f08f5-728f-4c88-bcea-a60190274668,,,,,,,,,,,,,,,,,,,,,,,,,,,,,,,,,,,,,,,
47619d73-b4e5-4440-97a9-92da12e95c48,,,,,,,,,,,,,,,,,,,,,,,,,,,,,,,,,,,,,,,
476604f5-d861-43c3-85f9-bb6df39e64e7,,,,,,,,,,,,,,,,,,,,,,,,,,,,,,,,,,,,,,,
4766a9e4-937d-4528-80ad-31482c316c37,,,,,,,,,,,,,,,,,,,,,,,,,,,,,,,,,,,,,,,
476b9b73-0046-494c-918d-95373894ecef,,,,,,,,,,,,,,,,,,,,,,,,,,,,,,,,,,,,,,,
47740991-4a29-43fa-b37a-271482df076b,,,,,,,,,,,,,,,,,,,,,,,,,,,,,,,,,,,,,,,
47765d7a-47f3-4afd-9c3c-7554408ad3a1,,,,,,,,,,,,,,,,,,,,,,,,,,,,,,,,,,,,,,,
477a6f51-3186-4baf-b4be-a2985899323d,,,,,,,,,,,,,,,,,,,,,,,,,,,,,,,,,,,,,,,
477afc72-eca6-4a3c-8c0d-43bc583da1ae,,,,,,,,,,,,,,,,,,,,,,,,,,,,,,,,,,,,,,,
477b672f-7abf-4820-9bdc-95c17ccf85d2,,,,,,,,,,,,,,,,,,,,,,,,,,,,,,,,,,,,,,,
4785f1e3-bb75-4d4d-ac42-cb5b0b75382e,crazy_egg,1.0,1.0,,,,,,,,,,,,,,,,,,,,,,,,,,,,,,,,,,,,
478a71b2-8ca9-4822-b51a-d8121243125e,,,,,,,,,,,,,,,,,,,,,,,,,,,,,,,,,,,,,,,
478e6662-3978-44cb-9ae4-39bbf68f8b70,,,,,,,,,,,,,,,,,,,,,,,,,,,,,,,,,,,,,,,
478ea563-0a7c-41c5-b763-ccc01a070471,,,,,,,,,,,,,,,,,,,,,,,,,,,,,,,,,,,,,,,
4790bac4-0fee-49b9-a15c-c9d0dc3ee92d,,,,,,,,,,,,,,,,,,,,,,,,,,,,,,,,,,,,,,,
479209a1-aab1-4ae5-902e-d8aa20b37807,,,,,,,,,,,,,,,,,,,,,,,,,,,,,,,,,,,,,,,
4792ab1a-a297-4f5a-a6c0-ea541aae50fa,,,,,,,,,,,,,,,,,,,,,,,,,,,,,,,,,,,,,,,
4792cf45-dd9c-44a4-bef7-43dc124955e8,,,,,,,,,,,,,,,,,,,,,,,,,,,,,,,,,,,,,,,
47a1d3cc-8b25-412a-a171-c69f34006853,,,,,,,,,,,,,,,,,,,,,,,,,,,,,,,,,,,,,,,
47ac19e3-023a-43fe-ba79-2b68ed5cb154,,,,,,,,,,,,,,,,,,,,,,,,,,,,,,,,,,,,,,,
47b79990-2920-4410-a7c1-4ff4caec5314,,,,,,,,,,,,,,,,,,,,,,,,,,,,,,,,,,,,,,,
47bd7dd6-af63-4daf-af0c-176c4339c88f,,,,,,,,,,,,,,,,,,,,,,,,,,,,,,,,,,,,,,,
47c64591-7a5b-436d-8748-894b09e51128,,,,,,,,,,,,,,,,,,,,,,,,,,,,,,,,,,,,,,,
47c71d79-38b9-411b-8bd6-0cc9b1aff81e,,,,,,,,,,,,,,,,,,,,,,,,,,,,,,,,,,,,,,,
47ca740e-fbd1-4cc7-85ee-289d11c657d7,,,,,,,,,,,,,,,,,,,,,,,,,,,,,,,,,,,,,,,
47d38ac3-873e-4594-8b19-351a4a7189af,,,,,,,,,,,,,,,,,,,,,,,,,,,,,,,,,,,,,,,
47e51799-6cf3-4a1c-b270-ab5682ba3b22,,,,,,,,,,,,,,,,,,,,,,,,,,,,,,,,,,,,,,,
47edb328-fa8a-4a00-9749-9944f4bf80a0,,,,,,,,,,,,,,,,,,,,,,,,,,,,,,,,,,,,,,,
47f6c8a7-39dc-443d-a6fa-5a18f295c70d,,,,,,,,,,,,,,,,,,,,,,,,,,,,,,,,,,,,,,,
47fe592a-105d-4597-98da-251976434d05,,,,,,,,,,,,,,,,,,,,,,,,,,,,,,,,,,,,,,,
48081be8-ef93-43be-b477-81e418c60507,,,,,,,,,,,,,,,,,,,,,,,,,,,,,,,,,,,,,,,
480a7ac7-ecbc-4f15-b82a-bd5820f77f79,,,,,,,,,,,,,,,,,,,,,,,,,,,,,,,,,,,,,,,
480f4fed-c7dd-4f29-9567-41842a3235d9,,,,,,,,,,,,,,,,,,,,,,,,,,,,,,,,,,,,,,,
4811ccb4-56b4-4f79-8d5a-dbc4c281b8aa,,,,,,,,,,,,,,,,,,,,,,,,,,,,,,,,,,,,,,,
4815bcf3-3865-4736-a8ec-cc50a1c8f80f,,,,,,,,,,,,,,,,,,,,,,,,,,,,,,,,,,,,,,,
481c64be-1369-4f8e-babf-21fdc849c43c,,,,,,,,,,,,,,,,,,,,,,,,,,,,,,,,,,,,,,,
4823a11b-595a-4816-bc1e-92a0e414a509,dynatrace,1.0,1.0,,,,,,,,,,,,,,,,,,,,,,,,,,,,,,,,,,,,
4823c2f2-5e07-4790-83e4-19d3d7c29bbd,,,,,,,,,,,,,,,,,,,,,,,,,,,,,,,,,,,,,,,
48253077-1ba6-4ccd-8f23-3e1f41384a35,,,,,,,,,,,,,,,,,,,,,,,,,,,,,,,,,,,,,,,
48349073-3978-4519-a5ec-f6db0dd53d34,,,,,,,,,,,,,,,,,,,,,,,,,,,,,,,,,,,,,,,
483a854f-9a17-4898-bd13-1f0b07179728,,,,,,,,,,,,,,,,,,,,,,,,,,,,,,,,,,,,,,,
483dd9da-d910-400f-ad98-7a53c5a50b96,,,,,,,,,,,,,,,,,,,,,,,,,,,,,,,,,,,,,,,
4840ef90-7bdf-4021-a227-7dd8ee6e5604,,,,,,,,,,,,,,,,,,,,,,,,,,,,,,,,,,,,,,,
48434912-ba27-4521-876f-23b6e4045a63,,,,,,,,,,,,,,,,,,,,,,,,,,,,,,,,,,,,,,,
4858ffc5-5dea-4977-bf0b-be816eec86d6,,,,,,,,,,,,,,,,,,,,,,,,,,,,,,,,,,,,,,,
48669de1-b1f7-43a5-87f6-ec0c8fec9e09,,,,,,,,,,,,,,,,,,,,,,,,,,,,,,,,,,,,,,,
4866fb46-8847-4988-bef9-53ea80be749f,,,,,,,,,,,,,,,,,,,,,,,,,,,,,,,,,,,,,,,
486ade42-8608-410b-819c-8eda6a89efc6,,,,,,,,,,,,,,,,,,,,,,,,,,,,,,,,,,,,,,,
486af07c-6744-4a7e-bf1c-0f30166e8fee,,,,,,,,,,,,,,,,,,,,,,,,,,,,,,,,,,,,,,,
487adb57-3178-47b1-8cf5-b2defcb41c89,,,,,,,,,,,,,,,,,,,,,,,,,,,,,,,,,,,,,,,
487d66e1-529c-402d-97f1-36bf2d67ca74,,,,,,,,,,,,,,,,,,,,,,,,,,,,,,,,,,,,,,,
48809d6a-d81e-4b2e-9ace-b1ddd0eca504,,,,,,,,,,,,,,,,,,,,,,,,,,,,,,,,,,,,,,,
4890b7ff-443c-4383-932c-d0fc363b3ff9,,,,,,,,,,,,,,,,,,,,,,,,,,,,,,,,,,,,,,,
48925d51-95e4-45ba-8341-b2629278b567,,,,,,,,,,,,,,,,,,,,,,,,,,,,,,,,,,,,,,,
489bccc6-4a13-4d3c-9fde-596f292d32b3,,,,,,,,,,,,,,,,,,,,,,,,,,,,,,,,,,,,,,,
48a154f3-d580-4e15-92da-8e8dba296c20,,,,,,,,,,,,,,,,,,,,,,,,,,,,,,,,,,,,,,,
48bbfad3-0ee6-4385-93c7-c68e1e705da3,,,,,,,,,,,,,,,,,,,,,,,,,,,,,,,,,,,,,,,
48bc9444-aee4-469f-91a3-7240f8ea6c0b,,,,,,,,,,,,,,,,,,,,,,,,,,,,,,,,,,,,,,,
48c57872-8aa1-4407-9b5a-44984933ad1c,,,,,,,,,,,,,,,,,,,,,,,,,,,,,,,,,,,,,,,
48cb4c08-ce7f-462d-a1e1-1542b53c35a1,,,,,,,,,,,,,,,,,,,,,,,,,,,,,,,,,,,,,,,
48d16d49-3c1a-4e78-b0db-5eba01ed6176,,,,,,,,,,,,,,,,,,,,,,,,,,,,,,,,,,,,,,,
48d7a9b8-d623-42a8-8175-280c80d25227,,,,,,,,,,,,,,,,,,,,,,,,,,,,,,,,,,,,,,,
48d7e883-5f3a-4d94-9d75-8d2502c139df,,,,,,,,,,,,,,,,,,,,,,,,,,,,,,,,,,,,,,,
48d8f199-72b6-4416-b6d9-f09149b35f32,,,,,,,,,,,,,,,,,,,,,,,,,,,,,,,,,,,,,,,
48ee4a21-0b98-49da-9f42-c5a1b8d13e08,,,,,,,,,,,,,,,,,,,,,,,,,,,,,,,,,,,,,,,
48f98f62-a042-4ea4-9f4b-a8c266e28805,,,,,,,,,,,,,,,,,,,,,,,,,,,,,,,,,,,,,,,
48faae6f-fb6a-4b95-b886-fc91ff2b6ad8,,,,,,,,,,,,,,,,,,,,,,,,,,,,,,,,,,,,,,,
49031fa0-9df2-4619-a19a-1ad53f0923be,,,,,,,,,,,,,,,,,,,,,,,,,,,,,,,,,,,,,,,
4905f113-81e7-4967-9603-96edfae66448,,,,,,,,,,,,,,,,,,,,,,,,,,,,,,,,,,,,,,,
490a4373-af47-485a-be41-9d7e4bdace67,,,,,,,,,,,,,,,,,,,,,,,,,,,,,,,,,,,,,,,
490c0d46-4e2d-473a-842e-854005aaec94,,,,,,,,,,,,,,,,,,,,,,,,,,,,,,,,,,,,,,,
4911b0d5-d64c-4111-a196-dec8b08e42d1,,,,,,,,,,,,,,,,,,,,,,,,,,,,,,,,,,,,,,,
492569c7-da4e-467c-91d8-411196e729fa,,,,,,,,,,,,,,,,,,,,,,,,,,,,,,,,,,,,,,,
492a94d9-e6d1-499e-8e95-1225c711cbd5,,,,,,,,,,,,,,,,,,,,,,,,,,,,,,,,,,,,,,,
49304b28-6c1c-4e12-bbdc-2b58c9a759a1,,,,,,,,,,,,,,,,,,,,,,,,,,,,,,,,,,,,,,,
49426e41-28a5-4b50-87a0-6807f45e68e6,,,,,,,,,,,,,,,,,,,,,,,,,,,,,,,,,,,,,,,
494393e3-6852-4b22-bcd8-42a5563ce917,,,,,,,,,,,,,,,,,,,,,,,,,,,,,,,,,,,,,,,
4944309f-86a4-46ce-a7f3-9fa10ddc72d0,,,,,,,,,,,,,,,,,,,,,,,,,,,,,,,,,,,,,,,
49538859-e4fe-47af-a20a-3e5ba3683354,,,,,,,,,,,,,,,,,,,,,,,,,,,,,,,,,,,,,,,
495ef8fd-9b93-4119-b088-c671fb206563,,,,,,,,,,,,,,,,,,,,,,,,,,,,,,,,,,,,,,,
496bec2d-0774-4e70-a43d-48c72656cf7a,,,,,,,,,,,,,,,,,,,,,,,,,,,,,,,,,,,,,,,
497ce056-e5b7-42ec-b576-d0081f737089,,,,,,,,,,,,,,,,,,,,,,,,,,,,,,,,,,,,,,,
497f9471-8ac0-4c89-b231-f16568f20953,,,,,,,,,,,,,,,,,,,,,,,,,,,,,,,,,,,,,,,
4981bd95-5293-4bdc-b198-57b4df4e49e6,,,,,,,,,,,,,,,,,,,,,,,,,,,,,,,,,,,,,,,
4983fc07-e4f4-45ec-b683-ec77e5e20a50,,,,,,,,,,,,,,,,,,,,,,,,,,,,,,,,,,,,,,,
49885e07-cc61-4de4-9f55-ebc17b7c4220,,,,,,,,,,,,,,,,,,,,,,,,,,,,,,,,,,,,,,,
4988f791-ec72-4cf6-aca3-8ed9d1ac95fe,,,,,,,,,,,,,,,,,,,,,,,,,,,,,,,,,,,,,,,
498afb3d-86bc-4c82-8223-02e2add06d55,,,,,,,,,,,,,,,,,,,,,,,,,,,,,,,,,,,,,,,
498bdf57-53a5-4349-a1c6-49f7d5fb1a30,,,,,,,,,,,,,,,,,,,,,,,,,,,,,,,,,,,,,,,
498d4ac4-6026-4953-bfcb-71851c168a83,,,,,,,,,,,,,,,,,,,,,,,,,,,,,,,,,,,,,,,
498e894b-e0fd-4c29-b7ff-6309366e3783,,,,,,,,,,,,,,,,,,,,,,,,,,,,,,,,,,,,,,,
49930177-4cc6-4519-8ca1-03fc47c6ba4f,,,,,,,,,,,,,,,,,,,,,,,,,,,,,,,,,,,,,,,
4996c6ca-e00f-4af7-a637-e147ae80064b,,,,,,,,,,,,,,,,,,,,,,,,,,,,,,,,,,,,,,,
49994084-2297-4708-99f3-4cbe9268b32f,,,,,,,,,,,,,,,,,,,,,,,,,,,,,,,,,,,,,,,
4999d7b4-2040-4590-8cd0-677459d0d0c0,,,,,,,,,,,,,,,,,,,,,,,,,,,,,,,,,,,,,,,
499aab4b-684a-423d-a081-f91b0f5de9d5,,,,,,,,,,,,,,,,,,,,,,,,,,,,,,,,,,,,,,,
49a7cc56-f32f-4d51-9d10-06e97855f6ea,,,,,,,,,,,,,,,,,,,,,,,,,,,,,,,,,,,,,,,
49afc12b-158d-4f28-bd73-05b5d8e0b6d4,,,,,,,,,,,,,,,,,,,,,,,,,,,,,,,,,,,,,,,
49b12034-8480-49a1-b5db-f9c3f8e1bd3a,,,,,,,,,,,,,,,,,,,,,,,,,,,,,,,,,,,,,,,
49b5d28e-72df-4769-86c5-e715415c84e3,,,,,,,,,,,,,,,,,,,,,,,,,,,,,,,,,,,,,,,
49be015f-9c7e-47a8-8494-bbd03706ae41,,,,,,,,,,,,,,,,,,,,,,,,,,,,,,,,,,,,,,,
49c5ce02-7ad6-46fd-b9ea-0b6866e8c05e,,,,,,,,,,,,,,,,,,,,,,,,,,,,,,,,,,,,,,,
49d3b246-2172-4374-80ac-a1841aa139f1,,,,,,,,,,,,,,,,,,,,,,,,,,,,,,,,,,,,,,,
49d61b36-5c7c-49e3-8500-b57d1f010139,,,,,,,,,,,,,,,,,,,,,,,,,,,,,,,,,,,,,,,
49db00f6-bca8-4d09-b11a-257b78f434ab,,,,,,,,,,,,,,,,,,,,,,,,,,,,,,,,,,,,,,,
49dc7f1c-5f84-45eb-b741-263c42b3efa8,,,,,,,,,,,,,,,,,,,,,,,,,,,,,,,,,,,,,,,
49e3e0f5-8168-40a0-b07a-b8dc76cbb543,,,,,,,,,,,,,,,,,,,,,,,,,,,,,,,,,,,,,,,
49e41ecb-d221-4604-9116-20d55639135b,,,,,,,,,,,,,,,,,,,,,,,,,,,,,,,,,,,,,,,
49eb0915-12da-46bf-a371-0467c54814f3,,,,,,,,,,,,,,,,,,,,,,,,,,,,,,,,,,,,,,,
4a026526-c38f-405e-9666-50c205cd92f8,,,,,,,,,,,,,,,,,,,,,,,,,,,,,,,,,,,,,,,
4a05847b-6341-4a65-ae72-69f3d54e87aa,,,,,,,,,,,,,,,,,,,,,,,,,,,,,,,,,,,,,,,
4a06a6ee-b12d-4ae3-98cf-7b5e83d6fc7b,,,,,,,,,,,,,,,,,,,,,,,,,,,,,,,,,,,,,,,
4a0eb6e7-3070-47a3-a3e5-3ee4bf7908e1,,,,,,,,,,,,,,,,,,,,,,,,,,,,,,,,,,,,,,,
4a163e2a-a536-43f6-9877-fbea990746e7,,,,,,,,,,,,,,,,,,,,,,,,,,,,,,,,,,,,,,,
4a232105-8b27-48c4-9059-efdcad53e3e1,,,,,,,,,,,,,,,,,,,,,,,,,,,,,,,,,,,,,,,
4a239da0-7679-4b9a-adc6-82a8b48761d8,,,,,,,,,,,,,,,,,,,,,,,,,,,,,,,,,,,,,,,
4a27fb12-e21a-4681-978a-cf7699dce64a,,,,,,,,,,,,,,,,,,,,,,,,,,,,,,,,,,,,,,,
4a2f50cc-1e1d-43f6-a9fc-a5be28e8ed23,,,,,,,,,,,,,,,,,,,,,,,,,,,,,,,,,,,,,,,
4a2fbd82-b16b-43f3-a974-fcc57fc94548,,,,,,,,,,,,,,,,,,,,,,,,,,,,,,,,,,,,,,,
4a37bfda-351c-42dd-a680-b411ebfcff48,disney,1.0,1.0,,,,,,,,,,,,,,,,,,,,,,,,,,,,,,,,,,,,
4a3bd95a-4d7a-40ff-9cc1-ebb530fd69f0,,,,,,,,,,,,,,,,,,,,,,,,,,,,,,,,,,,,,,,
4a3dbe84-7efb-4a71-83b8-72e3dbf766b5,,,,,,,,,,,,,,,,,,,,,,,,,,,,,,,,,,,,,,,
4a42a84a-9602-4d1b-b109-02ed109cb70c,,,,,,,,,,,,,,,,,,,,,,,,,,,,,,,,,,,,,,,
4a44fa44-f23f-4f94-990d-56475f6af9d0,,,,,,,,,,,,,,,,,,,,,,,,,,,,,,,,,,,,,,,
4a47df23-ceba-4433-9292-baa299d65565,,,,,,,,,,,,,,,,,,,,,,,,,,,,,,,,,,,,,,,
4a591229-8728-4585-ab1e-79074c014dd9,,,,,,,,,,,,,,,,,,,,,,,,,,,,,,,,,,,,,,,
4a5b2cad-2d33-40e6-9342-be3a94ecff7c,,,,,,,,,,,,,,,,,,,,,,,,,,,,,,,,,,,,,,,
4a5f7e22-0583-41f3-81a1-ac5870aa704f,,,,,,,,,,,,,,,,,,,,,,,,,,,,,,,,,,,,,,,
4a6768f1-9032-4f34-baf1-1c9be1b7f653,,,,,,,,,,,,,,,,,,,,,,,,,,,,,,,,,,,,,,,
4a701a25-d44a-46c4-b435-2640582730a5,,,,,,,,,,,,,,,,,,,,,,,,,,,,,,,,,,,,,,,
4a82b65c-98de-452f-be7d-d99242cc68d5,,,,,,,,,,,,,,,,,,,,,,,,,,,,,,,,,,,,,,,
4a873673-5f4c-4deb-b796-8bfd11c33ed3,,,,,,,,,,,,,,,,,,,,,,,,,,,,,,,,,,,,,,,
4a922235-1542-4fad-938b-bb92429d251b,,,,,,,,,,,,,,,,,,,,,,,,,,,,,,,,,,,,,,,
4a9357a4-0908-46cc-91de-e395bfe39012,,,,,,,,,,,,,,,,,,,,,,,,,,,,,,,,,,,,,,,
4a945246-16ae-4699-94c3-9e5d8eeaa2ee,,,,,,,,,,,,,,,,,,,,,,,,,,,,,,,,,,,,,,,
4a96401c-bc37-48e7-b1b2-27cb6e04038e,,,,,,,,,,,,,,,,,,,,,,,,,,,,,,,,,,,,,,,
4a9cc9d8-c004-4bf5-a888-c87a7b881684,,,,,,,,,,,,,,,,,,,,,,,,,,,,,,,,,,,,,,,
4aa7524b-ba4f-4d36-af72-ac4ac1f27ca1,,,,,,,,,,,,,,,,,,,,,,,,,,,,,,,,,,,,,,,
4aa8dd76-c56e-4d89-8e9b-027aa925a357,,,,,,,,,,,,,,,,,,,,,,,,,,,,,,,,,,,,,,,
4aac5ceb-5124-4279-bf95-afd835270665,,,,,,,,,,,,,,,,,,,,,,,,,,,,,,,,,,,,,,,
4ab146f2-b3df-4887-aa9e-1f3783c27643,,,,,,,,,,,,,,,,,,,,,,,,,,,,,,,,,,,,,,,
4ab6d2f3-399d-47fa-908b-839faf38da6f,,,,,,,,,,,,,,,,,,,,,,,,,,,,,,,,,,,,,,,
4ab7cfa4-f4ff-4c72-a66f-efb4451af102,,,,,,,,,,,,,,,,,,,,,,,,,,,,,,,,,,,,,,,
4ac60799-910b-4ee2-a7b5-1dbb6db3e385,,,,,,,,,,,,,,,,,,,,,,,,,,,,,,,,,,,,,,,
4acd8a3b-8170-4fce-b2b2-333056f92c7d,,,,,,,,,,,,,,,,,,,,,,,,,,,,,,,,,,,,,,,
4acdf31b-d622-4ba8-bf0e-875ca2b312ac,,,,,,,,,,,,,,,,,,,,,,,,,,,,,,,,,,,,,,,
4acf94a5-0592-4e94-9e79-8bb988bbf60c,,,,,,,,,,,,,,,,,,,,,,,,,,,,,,,,,,,,,,,
4ad4bd93-383f-490e-86e5-ee4574be808a,,,,,,,,,,,,,,,,,,,,,,,,,,,,,,,,,,,,,,,
4ad773c4-a7db-4fc7-92ca-1a2aa74d9c10,,,,,,,,,,,,,,,,,,,,,,,,,,,,,,,,,,,,,,,
4ade56cd-41d8-464e-8416-48f45d5c58bb,,,,,,,,,,,,,,,,,,,,,,,,,,,,,,,,,,,,,,,
4ae7229f-8e38-4727-be89-4cd3fb411113,,,,,,,,,,,,,,,,,,,,,,,,,,,,,,,,,,,,,,,
4ae8f65c-347e-4985-9219-5735ee79f5b8,outbrain,1.0,1.0,,,,,,,,,,,,,,,,,,,,,,,,,,,,,,,,,,,,
4aec10cb-e3c1-42d1-8cfa-e759ca4dfe88,,,,,,,,,,,,,,,,,,,,,,,,,,,,,,,,,,,,,,,
4af51b08-453d-4629-97a3-4028a1ac4c46,microsoft,1.0,1.0,,,,,,,,,,,,,,,,,,,,,,,,,,,,,,,,,,,,
4afe4b7f-a8b4-423d-af1d-7bbc558839a3,,,,,,,,,,,,,,,,,,,,,,,,,,,,,,,,,,,,,,,
4b01b20f-0b4d-4eb2-bd1d-388c9a3c10c8,,,,,,,,,,,,,,,,,,,,,,,,,,,,,,,,,,,,,,,
4b0c15a2-d296-4608-916f-dc3dc313be3d,,,,,,,,,,,,,,,,,,,,,,,,,,,,,,,,,,,,,,,
4b306597-0272-46f4-baa7-4f25cd41f60b,,,,,,,,,,,,,,,,,,,,,,,,,,,,,,,,,,,,,,,
4b3962d9-f74c-4c1a-ab18-eda5df461c7f,,,,,,,,,,,,,,,,,,,,,,,,,,,,,,,,,,,,,,,
4b410906-cf7e-4906-8e40-5ed418b78663,,,,,,,,,,,,,,,,,,,,,,,,,,,,,,,,,,,,,,,
4b4531e9-517d-4c2e-b867-de5ebf149a8c,,,,,,,,,,,,,,,,,,,,,,,,,,,,,,,,,,,,,,,
4b4bff0e-d270-457f-9c5a-607549202ece,,,,,,,,,,,,,,,,,,,,,,,,,,,,,,,,,,,,,,,
4b575829-1e9c-4edb-b2e8-5e4367d20937,,,,,,,,,,,,,,,,,,,,,,,,,,,,,,,,,,,,,,,
4b66ee3e-39f0-4454-b899-102edc98b38e,,,,,,,,,,,,,,,,,,,,,,,,,,,,,,,,,,,,,,,
4b680b3b-c11c-478a-b2fc-aa30d3586355,,,,,,,,,,,,,,,,,,,,,,,,,,,,,,,,,,,,,,,
4b6925a5-7239-48a9-8995-7d578a8c86b1,,,,,,,,,,,,,,,,,,,,,,,,,,,,,,,,,,,,,,,
4b6d7fde-d8fa-40d3-a754-0f2cebbbe413,,,,,,,,,,,,,,,,,,,,,,,,,,,,,,,,,,,,,,,
4b6ea42d-6fdf-48d6-965e-27f35337d495,,,,,,,,,,,,,,,,,,,,,,,,,,,,,,,,,,,,,,,
4b75d59b-5998-437c-8ee6-369b5bafcba5,,,,,,,,,,,,,,,,,,,,,,,,,,,,,,,,,,,,,,,
4b772fc7-aea7-4ebd-925e-f4a3f3b48cc2,,,,,,,,,,,,,,,,,,,,,,,,,,,,,,,,,,,,,,,
4b790c0b-e99c-4070-a43a-032e07a16ec9,,,,,,,,,,,,,,,,,,,,,,,,,,,,,,,,,,,,,,,
4b7b4230-7b42-4955-9d38-beab6c145e50,,,,,,,,,,,,,,,,,,,,,,,,,,,,,,,,,,,,,,,
4b7cf6bc-a2e1-4aad-872d-ece1fc87b0cb,,,,,,,,,,,,,,,,,,,,,,,,,,,,,,,,,,,,,,,
4b7e6ea4-8d4f-4a69-bad8-f104ca5d9983,,,,,,,,,,,,,,,,,,,,,,,,,,,,,,,,,,,,,,,
4b8a08fb-c829-4fa8-9721-007e4d609c36,,,,,,,,,,,,,,,,,,,,,,,,,,,,,,,,,,,,,,,
4b90c12c-e801-439c-b23d-0f7fbf5db841,,,,,,,,,,,,,,,,,,,,,,,,,,,,,,,,,,,,,,,
4b95308c-620a-4cf4-af9b-2c48d41137b6,,,,,,,,,,,,,,,,,,,,,,,,,,,,,,,,,,,,,,,
4ba908ce-e273-4787-9746-1f0efa69b5a5,,,,,,,,,,,,,,,,,,,,,,,,,,,,,,,,,,,,,,,
4ba960ac-8298-4c23-a192-d17cde44119a,,,,,,,,,,,,,,,,,,,,,,,,,,,,,,,,,,,,,,,
4baa5a5d-a593-40fc-97d7-db3200deb5f2,,,,,,,,,,,,,,,,,,,,,,,,,,,,,,,,,,,,,,,
4bb1ba62-8cc2-4a1a-96de-059bac0c744c,,,,,,,,,,,,,,,,,,,,,,,,,,,,,,,,,,,,,,,
4bbaa3e6-0ca3-416d-bac7-24d0458484ee,,,,,,,,,,,,,,,,,,,,,,,,,,,,,,,,,,,,,,,
4bc40bfd-90cb-48ea-aa18-a5d5a121e621,,,,,,,,,,,,,,,,,,,,,,,,,,,,,,,,,,,,,,,
4bc6c2c7-5210-4030-a92b-5239895fcff3,,,,,,,,,,,,,,,,,,,,,,,,,,,,,,,,,,,,,,,
4bcc92f5-b1b6-4315-b58a-cad68ad2177c,,,,,,,,,,,,,,,,,,,,,,,,,,,,,,,,,,,,,,,
4bcda2f9-f100-4744-94c1-997c44f76461,vimeo,1.0,1.0,,,,,,,,,,,,,,,,,,,,,,,,,,,,,,,,,,,,
4bcef2cf-b370-48e8-8d05-53f5224fa59a,,,,,,,,,,,,,,,,,,,,,,,,,,,,,,,,,,,,,,,
4bd62e10-22a9-407d-9628-d51c0fd6d5a0,,,,,,,,,,,,,,,,,,,,,,,,,,,,,,,,,,,,,,,
4be32ad0-3f1a-4902-82ba-063267a1856f,,,,,,,,,,,,,,,,,,,,,,,,,,,,,,,,,,,,,,,
4be3ef30-3ab0-49fe-8ed0-b6f2d5d3dd9e,,,,,,,,,,,,,,,,,,,,,,,,,,,,,,,,,,,,,,,
4be61ad6-7e09-4f6d-a06e-2658fac2af25,,,,,,,,,,,,,,,,,,,,,,,,,,,,,,,,,,,,,,,
4beed5b3-16d3-46fb-b51f-ba020d221622,,,,,,,,,,,,,,,,,,,,,,,,,,,,,,,,,,,,,,,
4bf83a41-25fb-41d8-bdf0-1e6635f87384,,,,,,,,,,,,,,,,,,,,,,,,,,,,,,,,,,,,,,,
4bf8d268-7e3c-49ec-8e4d-b2e564f594fd,,,,,,,,,,,,,,,,,,,,,,,,,,,,,,,,,,,,,,,
4c07aff9-9151-4f8b-8e35-3110c97bb551,,,,,,,,,,,,,,,,,,,,,,,,,,,,,,,,,,,,,,,
4c0fdbb8-1f14-49b4-be27-4721777c95c7,,,,,,,,,,,,,,,,,,,,,,,,,,,,,,,,,,,,,,,
4c1ee639-700d-4834-a4c7-efb89649a891,,,,,,,,,,,,,,,,,,,,,,,,,,,,,,,,,,,,,,,
4c24f750-1dc9-40f2-84e7-dfaadfad03e3,,,,,,,,,,,,,,,,,,,,,,,,,,,,,,,,,,,,,,,
4c2af2bf-a027-4758-83f2-fc435177b11e,,,,,,,,,,,,,,,,,,,,,,,,,,,,,,,,,,,,,,,
4c312b9e-8432-4cdd-a3b7-33d3e23d772e,,,,,,,,,,,,,,,,,,,,,,,,,,,,,,,,,,,,,,,
4c35566e-c7ab-4115-9172-44c00cca4d45,,,,,,,,,,,,,,,,,,,,,,,,,,,,,,,,,,,,,,,
4c3771d1-66d0-44b6-8da8-e551aaf77b4a,,,,,,,,,,,,,,,,,,,,,,,,,,,,,,,,,,,,,,,
4c490f37-d395-4420-b42e-3c97e4f301c4,hubspot,1.0,1.0,,,,,,,,,,,,,,,,,,,,,,,,,,,,,,,,,,,,
4c4c08a0-3bc5-4953-a8e4-b02e615313bf,,,,,,,,,,,,,,,,,,,,,,,,,,,,,,,,,,,,,,,
4c67fb5b-aa14-4fc4-ba8c-f12f9c5f24cc,,,,,,,,,,,,,,,,,,,,,,,,,,,,,,,,,,,,,,,
4c6ee151-28ae-4f48-b8e0-8ea74d9f507c,,,,,,,,,,,,,,,,,,,,,,,,,,,,,,,,,,,,,,,
4c6ff8e1-499c-4ae3-9d0f-c17733110ce0,,,,,,,,,,,,,,,,,,,,,,,,,,,,,,,,,,,,,,,
4c72d804-cf61-4241-bb30-b3474258d6db,,,,,,,,,,,,,,,,,,,,,,,,,,,,,,,,,,,,,,,
4c75b91e-50ff-4454-8b21-7ff218dc4597,,,,,,,,,,,,,,,,,,,,,,,,,,,,,,,,,,,,,,,
4c788568-13dd-4cff-bddb-1feba42ebe12,cpmstar,1.0,1.0,,,,,,,,,,,,,,,,,,,,,,,,,,,,,,,,,,,,
4c7be947-0361-4943-be89-8ae12a561b5b,,,,,,,,,,,,,,,,,,,,,,,,,,,,,,,,,,,,,,,
4c7e08b8-7b4e-455e-8a4c-ab2e293bbe30,,,,,,,,,,,,,,,,,,,,,,,,,,,,,,,,,,,,,,,
4c81d65b-cf06-4038-a712-2fd77462fc3a,,,,,,,,,,,,,,,,,,,,,,,,,,,,,,,,,,,,,,,
4c849588-5a4d-4ba6-abfd-da17a1a474d3,,,,,,,,,,,,,,,,,,,,,,,,,,,,,,,,,,,,,,,
4c86092d-414f-4f4b-bd7e-a00d5a229a01,,,,,,,,,,,,,,,,,,,,,,,,,,,,,,,,,,,,,,,
4c8b9546-0eda-44d5-9698-6b1816a93ef6,,,,,,,,,,,,,,,,,,,,,,,,,,,,,,,,,,,,,,,
4c9222f0-757f-488e-9ce0-b4bb4e3b7d12,,,,,,,,,,,,,,,,,,,,,,,,,,,,,,,,,,,,,,,
4c976dbc-b2dc-4ccb-8413-4bb024029e3c,,,,,,,,,,,,,,,,,,,,,,,,,,,,,,,,,,,,,,,
4ca6cc48-95c6-4298-8079-50585afc6fb3,,,,,,,,,,,,,,,,,,,,,,,,,,,,,,,,,,,,,,,
4ca953e1-e5fd-42b3-beed-f884efea7ad6,,,,,,,,,,,,,,,,,,,,,,,,,,,,,,,,,,,,,,,
4caea6b3-aaea-4a55-a8d1-8ca4b235c683,yahoo_japan,1.0,1.0,,,,,,,,,,,,,,,,,,,,,,,,,,,,,,,,,,,,
4caed4f1-7dfd-4f7f-9f76-d0b39aa271c8,,,,,,,,,,,,,,,,,,,,,,,,,,,,,,,,,,,,,,,
4cb4a244-7bcb-417a-95a0-57e434e5d811,,,,,,,,,,,,,,,,,,,,,,,,,,,,,,,,,,,,,,,
4cb4b6b9-0e11-47e4-954a-2e178bdf8970,,,,,,,,,,,,,,,,,,,,,,,,,,,,,,,,,,,,,,,
4cbff44f-8084-479c-9ead-c8483824e37f,,,,,,,,,,,,,,,,,,,,,,,,,,,,,,,,,,,,,,,
4cc89794-6ef5-4eec-a75a-5ee4ee7889af,,,,,,,,,,,,,,,,,,,,,,,,,,,,,,,,,,,,,,,
4cd0429a-2af8-4384-aefe-82d7d29c7707,,,,,,,,,,,,,,,,,,,,,,,,,,,,,,,,,,,,,,,
4ce422d8-9dcf-42c6-bf88-17920f55f3f9,,,,,,,,,,,,,,,,,,,,,,,,,,,,,,,,,,,,,,,
4ce6c264-8f25-459c-a942-873ff237f284,,,,,,,,,,,,,,,,,,,,,,,,,,,,,,,,,,,,,,,
4cedb3c3-c45b-47b2-93ff-1d4a46365c6a,,,,,,,,,,,,,,,,,,,,,,,,,,,,,,,,,,,,,,,
4cf1ceee-1fa8-4fea-a5b2-3fea6ec8d4b7,,,,,,,,,,,,,,,,,,,,,,,,,,,,,,,,,,,,,,,
4cf25c48-21de-4bd4-ae3b-2169c2bd06c3,,,,,,,,,,,,,,,,,,,,,,,,,,,,,,,,,,,,,,,
4cf34072-be1b-47c9-8205-9a281e2bc457,,,,,,,,,,,,,,,,,,,,,,,,,,,,,,,,,,,,,,,
4d084f52-066c-4b4f-88d6-d9b3b6fc196c,,,,,,,,,,,,,,,,,,,,,,,,,,,,,,,,,,,,,,,
4d0cf5b6-b67b-43ce-8aa1-2b278b80dcb6,,,,,,,,,,,,,,,,,,,,,,,,,,,,,,,,,,,,,,,
4d137915-6a51-4f22-b751-f56ac6fc8564,,,,,,,,,,,,,,,,,,,,,,,,,,,,,,,,,,,,,,,
4d1aa982-794a-4983-9e91-5391d8ef0caf,,,,,,,,,,,,,,,,,,,,,,,,,,,,,,,,,,,,,,,
4d243084-6871-459f-bfe4-41449e9d75fe,,,,,,,,,,,,,,,,,,,,,,,,,,,,,,,,,,,,,,,
4d351bb0-3fc3-443d-b502-ef12343e790a,,,,,,,,,,,,,,,,,,,,,,,,,,,,,,,,,,,,,,,
4d351e3f-7ff2-496a-82fe-af92e3ff944c,,,,,,,,,,,,,,,,,,,,,,,,,,,,,,,,,,,,,,,
4d3d4cc4-627f-4084-8230-55e44822526a,,,,,,,,,,,,,,,,,,,,,,,,,,,,,,,,,,,,,,,
4d49a181-c976-4f0e-9f12-0dc7ddb7e0c4,,,,,,,,,,,,,,,,,,,,,,,,,,,,,,,,,,,,,,,
4d50e8c0-8551-4834-8f88-e3f25e51d4bd,,,,,,,,,,,,,,,,,,,,,,,,,,,,,,,,,,,,,,,
4d5a7270-6041-4de9-827d-9cb03f34264d,,,,,,,,,,,,,,,,,,,,,,,,,,,,,,,,,,,,,,,
4d5e8d36-24ba-45e6-b4c5-648f59455a1d,,,,,,,,,,,,,,,,,,,,,,,,,,,,,,,,,,,,,,,
4d611c50-4e50-4bcf-bd33-b6b0c99af332,,,,,,,,,,,,,,,,,,,,,,,,,,,,,,,,,,,,,,,
4d653360-4040-4550-8934-ecae3a9e7387,,,,,,,,,,,,,,,,,,,,,,,,,,,,,,,,,,,,,,,
4d6891cf-9f0a-41c1-8565-263259b832bb,,,,,,,,,,,,,,,,,,,,,,,,,,,,,,,,,,,,,,,
4d73dc4d-1b64-45db-af97-e2de31c29217,salesforce,1.0,1.0,,,,,,,,,,,,,,,,,,,,,,,,,,,,,,,,,,,,
4d760bae-3c63-441e-824f-c5796fe6476a,,,,,,,,,,,,,,,,,,,,,,,,,,,,,,,,,,,,,,,
4d7d4668-afd5-4b24-9a6e-7e8ebc16b66a,,,,,,,,,,,,,,,,,,,,,,,,,,,,,,,,,,,,,,,
4d8cbb15-859c-467f-a935-294c017e0638,,,,,,,,,,,,,,,,,,,,,,,,,,,,,,,,,,,,,,,
4d91c2b8-f8ae-4ef7-a36d-f4d99d449029,,,,,,,,,,,,,,,,,,,,,,,,,,,,,,,,,,,,,,,
4d940c0c-b091-4ddf-abe4-3da3ebed7e65,,,,,,,,,,,,,,,,,,,,,,,,,,,,,,,,,,,,,,,
4d94e90d-7d39-4c78-ae9a-2aa4f954db07,,,,,,,,,,,,,,,,,,,,,,,,,,,,,,,,,,,,,,,
4d95c00c-fb7e-45c6-a9e0-62105c56e5a7,,,,,,,,,,,,,,,,,,,,,,,,,,,,,,,,,,,,,,,
4d98ef07-71d3-4174-9165-40a6fe2aaab8,,,,,,,,,,,,,,,,,,,,,,,,,,,,,,,,,,,,,,,
4d9a0159-d485-4ca3-9419-f09902f7c2b7,,,,,,,,,,,,,,,,,,,,,,,,,,,,,,,,,,,,,,,
4da7cf1c-082d-4337-be9d-fa6383827a48,,,,,,,,,,,,,,,,,,,,,,,,,,,,,,,,,,,,,,,
4dacabdb-068a-4bd2-a984-cc7b8cbf8c49,,,,,,,,,,,,,,,,,,,,,,,,,,,,,,,,,,,,,,,
4dbb03e7-0197-46df-951c-68146c977ac8,,,,,,,,,,,,,,,,,,,,,,,,,,,,,,,,,,,,,,,
4dbf040c-4ebb-4c21-b208-840674b6ee43,naver,1.0,1.0,,,,,,,,,,,,,,,,,,,,,,,,,,,,,,,,,,,,
4dc0d370-b373-4342-ba16-4b81a2dc1137,,,,,,,,,,,,,,,,,,,,,,,,,,,,,,,,,,,,,,,
4dc479ac-04f6-4c99-ae7e-431a276ae4f2,,,,,,,,,,,,,,,,,,,,,,,,,,,,,,,,,,,,,,,
4dc7581a-3687-46af-95b6-f90d7c1e4529,,,,,,,,,,,,,,,,,,,,,,,,,,,,,,,,,,,,,,,
4dcc4754-7b02-46b1-847c-de9ff7101c37,,,,,,,,,,,,,,,,,,,,,,,,,,,,,,,,,,,,,,,
4dd0403e-ed2d-4c02-be83-a16fff31c49d,,,,,,,,,,,,,,,,,,,,,,,,,,,,,,,,,,,,,,,
4ddac268-2136-4c07-a17f-729fae01c214,,,,,,,,,,,,,,,,,,,,,,,,,,,,,,,,,,,,,,,
4ddcd8f1-f712-4813-a0b2-0e55822f19b1,,,,,,,,,,,,,,,,,,,,,,,,,,,,,,,,,,,,,,,
4de30d1a-1e98-46ae-9ce2-227c5fc8d746,,,,,,,,,,,,,,,,,,,,,,,,,,,,,,,,,,,,,,,
4de38e37-f190-4030-8802-4048c305f515,,,,,,,,,,,,,,,,,,,,,,,,,,,,,,,,,,,,,,,
4de65631-0392-41dc-8ded-2611353ab411,,,,,,,,,,,,,,,,,,,,,,,,,,,,,,,,,,,,,,,
4de658c7-b58b-445a-8ad3-38e5d90a7e84,,,,,,,,,,,,,,,,,,,,,,,,,,,,,,,,,,,,,,,
4dee7ef1-a99e-4d51-9572-8a1b2b8076bf,,,,,,,,,,,,,,,,,,,,,,,,,,,,,,,,,,,,,,,
4df34130-bb76-4896-b293-b98bf311fd4c,,,,,,,,,,,,,,,,,,,,,,,,,,,,,,,,,,,,,,,
4df9a4c1-20aa-4fdf-bd0a-aecb44e6b561,,,,,,,,,,,,,,,,,,,,,,,,,,,,,,,,,,,,,,,
4e02fb6d-6385-421b-88d6-010cd92cf965,,,,,,,,,,,,,,,,,,,,,,,,,,,,,,,,,,,,,,,
4e0be55c-2218-491f-ad9a-fb1cb8ce5430,,,,,,,,,,,,,,,,,,,,,,,,,,,,,,,,,,,,,,,
4e0cbbe1-89f5-45f1-bfb7-131b2dd78a5b,,,,,,,,,,,,,,,,,,,,,,,,,,,,,,,,,,,,,,,
4e12cfcf-d0d9-4cbc-ae0e-7292ba938609,,,,,,,,,,,,,,,,,,,,,,,,,,,,,,,,,,,,,,,
4e2ec1c4-f8f4-4eb9-b30c-50ced47ecdfb,,,,,,,,,,,,,,,,,,,,,,,,,,,,,,,,,,,,,,,
4e32ab26-762c-4824-9fa2-ba06dc6f8144,,,,,,,,,,,,,,,,,,,,,,,,,,,,,,,,,,,,,,,
4e35f924-ebe2-43ac-b0da-39fe3dc11f21,,,,,,,,,,,,,,,,,,,,,,,,,,,,,,,,,,,,,,,
4e378cfc-efd6-4821-92a3-ae9dd0174255,baidu,1.0,1.0,,,,,,,,,,,,,,,,,,,,,,,,,,,,,,,,,,,,
4e413104-f3fb-4854-abe1-6ac859bf11a4,,,,,,,,,,,,,,,,,,,,,,,,,,,,,,,,,,,,,,,
4e88e13e-4c0e-4c14-bdcd-efd6d48b48ce,,,,,,,,,,,,,,,,,,,,,,,,,,,,,,,,,,,,,,,
4e8a065d-d778-4cce-9820-ec5080d479f0,,,,,,,,,,,,,,,,,,,,,,,,,,,,,,,,,,,,,,,
4e8d3d9b-7fee-45ff-a32f-d5f8c2ff880f,,,,,,,,,,,,,,,,,,,,,,,,,,,,,,,,,,,,,,,
4e90ebc2-2228-4313-9ae2-e05f4f5ed38c,,,,,,,,,,,,,,,,,,,,,,,,,,,,,,,,,,,,,,,
4e93a722-8d41-4d24-a75e-1d5954e2def9,,,,,,,,,,,,,,,,,,,,,,,,,,,,,,,,,,,,,,,
4e99babf-7d68-4545-9af5-1ad367a612ae,,,,,,,,,,,,,,,,,,,,,,,,,,,,,,,,,,,,,,,
4e9f5736-95fa-4076-8068-f8574d7c2e31,,,,,,,,,,,,,,,,,,,,,,,,,,,,,,,,,,,,,,,
4ea4b66c-bf29-46c0-970a-6a90b6cffc9b,,,,,,,,,,,,,,,,,,,,,,,,,,,,,,,,,,,,,,,
4eade0ed-fd89-4ca1-95b2-2c0973441e01,,,,,,,,,,,,,,,,,,,,,,,,,,,,,,,,,,,,,,,
4eafa732-5616-4bee-9eda-e2ba0037bd72,,,,,,,,,,,,,,,,,,,,,,,,,,,,,,,,,,,,,,,
4eb199e1-2d20-44dd-9c01-fb3f1001064a,,,,,,,,,,,,,,,,,,,,,,,,,,,,,,,,,,,,,,,
4eb309c1-7127-4ed8-8d27-f8d235da5913,google,1.0,1.0,,,,,,,,,,,,,,,,,,,,,,,,,,,,,,,,,,,,
4ebcc0c1-b64e-4aea-8b3a-fc3b19663671,microsoft,1.0,1.0,,,,,,,,,,,,,,,,,,,,,,,,,,,,,,,,,,,,
4ec25af1-76bf-402f-b5a3-c5d7ebbaafdc,,,,,,,,,,,,,,,,,,,,,,,,,,,,,,,,,,,,,,,
4ec9cf29-442a-492f-ac51-548cb890aef2,,,,,,,,,,,,,,,,,,,,,,,,,,,,,,,,,,,,,,,
4eca470e-6822-4324-a3e3-99a5965684cf,,,,,,,,,,,,,,,,,,,,,,,,,,,,,,,,,,,,,,,
4ecd7940-94fb-4dca-bc0c-0a6fd8f7fb87,,,,,,,,,,,,,,,,,,,,,,,,,,,,,,,,,,,,,,,
4ed1930d-0bac-4386-bb4f-613d9ae39c03,,,,,,,,,,,,,,,,,,,,,,,,,,,,,,,,,,,,,,,
4ed6011b-4f74-46f5-b0f2-f7d55539bbca,adobe,1.0,1.0,,,,,,,,,,,,,,,,,,,,,,,,,,,,,,,,,,,,
4ed721fd-f5fe-456e-b8ad-faafa64d9490,,,,,,,,,,,,,,,,,,,,,,,,,,,,,,,,,,,,,,,
4eda561a-ab7e-4af7-b072-2d424eb6b252,,,,,,,,,,,,,,,,,,,,,,,,,,,,,,,,,,,,,,,
4ef81809-e841-4a9b-a826-ab0e158a1ba6,,,,,,,,,,,,,,,,,,,,,,,,,,,,,,,,,,,,,,,
4ef8516c-e0ea-43e8-8740-4dcdc038a9f0,,,,,,,,,,,,,,,,,,,,,,,,,,,,,,,,,,,,,,,
4ef9a300-2b45-4fda-9b06-6779598277c4,,,,,,,,,,,,,,,,,,,,,,,,,,,,,,,,,,,,,,,
4efcfdb4-664f-4665-bab0-8cabb7b5a284,,,,,,,,,,,,,,,,,,,,,,,,,,,,,,,,,,,,,,,
4f0f727e-4585-4a36-b20f-64d0ff5041be,,,,,,,,,,,,,,,,,,,,,,,,,,,,,,,,,,,,,,,
4f12f507-ba5c-4aee-b31d-148ac99d801e,,,,,,,,,,,,,,,,,,,,,,,,,,,,,,,,,,,,,,,
4f1a7323-ebfe-4983-95ae-2ded92a35282,,,,,,,,,,,,,,,,,,,,,,,,,,,,,,,,,,,,,,,
4f1b165c-9753-4f21-bb02-ecde9cee188a,,,,,,,,,,,,,,,,,,,,,,,,,,,,,,,,,,,,,,,
4f1c71d2-c237-4c06-a956-f175604a36c3,,,,,,,,,,,,,,,,,,,,,,,,,,,,,,,,,,,,,,,
4f211969-5f1f-4a45-8e35-3f60430e2f7f,,,,,,,,,,,,,,,,,,,,,,,,,,,,,,,,,,,,,,,
4f298c0a-7643-448e-a4d2-82678203da0e,,,,,,,,,,,,,,,,,,,,,,,,,,,,,,,,,,,,,,,
4f2a0d4b-1c24-41fa-868d-184ac6148590,,,,,,,,,,,,,,,,,,,,,,,,,,,,,,,,,,,,,,,
4f2b45b2-4cec-4571-a54e-63b5c1b5326f,,,,,,,,,,,,,,,,,,,,,,,,,,,,,,,,,,,,,,,
4f2b93e3-b8e6-445b-819c-922787a63048,,,,,,,,,,,,,,,,,,,,,,,,,,,,,,,,,,,,,,,
4f34efa2-b285-451e-a760-3cb083166cdc,mediaocean,1.0,1.0,,,,,,,,,,,,,,,,,,,,,,,,,,,,,,,,,,,,
4f3ad354-bf80-44eb-aa19-701c2a7b6494,,,,,,,,,,,,,,,,,,,,,,,,,,,,,,,,,,,,,,,
4f47a7c9-f651-4f8c-bb6b-fc93ed1c279e,,,,,,,,,,,,,,,,,,,,,,,,,,,,,,,,,,,,,,,
4f528acd-f21c-4bd4-beb4-327d4e3d1fdb,,,,,,,,,,,,,,,,,,,,,,,,,,,,,,,,,,,,,,,
4f542a2a-03fa-42b4-a45f-9765e6713ae6,,,,,,,,,,,,,,,,,,,,,,,,,,,,,,,,,,,,,,,
4f699f56-7a75-4100-8a8a-6bb41c294fef,,,,,,,,,,,,,,,,,,,,,,,,,,,,,,,,,,,,,,,
4f6b699e-dbcc-4585-8a14-75917ff48bc9,admixer,1.0,1.0,,,,,,,,,,,,,,,,,,,,,,,,,,,,,,,,,,,,
4f71c11c-90b6-4f24-ae93-fa7d8b06ec48,,,,,,,,,,,,,,,,,,,,,,,,,,,,,,,,,,,,,,,
4f74abfa-e27d-43c6-89d2-4f4762ff064d,,,,,,,,,,,,,,,,,,,,,,,,,,,,,,,,,,,,,,,
4f7e59ac-3853-4485-b1ec-f13ce77fe36e,,,,,,,,,,,,,,,,,,,,,,,,,,,,,,,,,,,,,,,
4f88b0cb-1a7a-4aa7-aa64-2b1a5aaf3e91,,,,,,,,,,,,,,,,,,,,,,,,,,,,,,,,,,,,,,,
4f8a90bc-8366-4de6-aedf-469e28b05243,,,,,,,,,,,,,,,,,,,,,,,,,,,,,,,,,,,,,,,
4f8b6f38-e0bb-4487-b2b0-37d250f00b10,,,,,,,,,,,,,,,,,,,,,,,,,,,,,,,,,,,,,,,
4f90bc4e-1308-4e56-ba8b-790d4cd4659b,,,,,,,,,,,,,,,,,,,,,,,,,,,,,,,,,,,,,,,
4f9a4f32-0e9f-4aef-aa5a-c5d5277e9ab9,,,,,,,,,,,,,,,,,,,,,,,,,,,,,,,,,,,,,,,
4facb5fd-41c8-412f-866b-8e5c622101cf,,,,,,,,,,,,,,,,,,,,,,,,,,,,,,,,,,,,,,,
4faedb6d-8858-45f7-9c4e-6c47fb0635ba,,,,,,,,,,,,,,,,,,,,,,,,,,,,,,,,,,,,,,,
4fb6dc3b-5c31-4970-a0f4-e27bb16e6862,,,,,,,,,,,,,,,,,,,,,,,,,,,,,,,,,,,,,,,
4fc19495-3fc2-4965-b083-b9c74cbefd87,,,,,,,,,,,,,,,,,,,,,,,,,,,,,,,,,,,,,,,
4fc8f523-ec40-4188-859c-b61e9d8d4d70,,,,,,,,,,,,,,,,,,,,,,,,,,,,,,,,,,,,,,,
4fcba87d-9179-46cd-8599-7ecf2c65d263,,,,,,,,,,,,,,,,,,,,,,,,,,,,,,,,,,,,,,,
4fcc77e1-5f07-44cf-8525-75b25fd56c8d,,,,,,,,,,,,,,,,,,,,,,,,,,,,,,,,,,,,,,,
4fcf7bc2-7e18-4c7b-a6a2-c7d9c1e5f9fc,,,,,,,,,,,,,,,,,,,,,,,,,,,,,,,,,,,,,,,
4fd02c31-7788-4fa1-8e18-cebd95703e08,,,,,,,,,,,,,,,,,,,,,,,,,,,,,,,,,,,,,,,
4fd4c25a-f4ef-4b5a-97f7-41bb5bedde38,,,,,,,,,,,,,,,,,,,,,,,,,,,,,,,,,,,,,,,
4fd5ac16-d2c7-43fe-8e5f-7b0ad5fe71fd,,,,,,,,,,,,,,,,,,,,,,,,,,,,,,,,,,,,,,,
4fd72b65-caf0-488c-bc30-b4fe6ede85a7,,,,,,,,,,,,,,,,,,,,,,,,,,,,,,,,,,,,,,,
4fdd5cbf-2dfa-4156-9a80-a9b532544124,,,,,,,,,,,,,,,,,,,,,,,,,,,,,,,,,,,,,,,
4fe0b881-1b53-43d8-a79e-c915759dff70,,,,,,,,,,,,,,,,,,,,,,,,,,,,,,,,,,,,,,,
4fe1e7d9-0cce-4dcf-b05c-d322d251c3d5,,,,,,,,,,,,,,,,,,,,,,,,,,,,,,,,,,,,,,,
4ff1edef-8c09-4d5c-911b-0a7a9f91f674,,,,,,,,,,,,,,,,,,,,,,,,,,,,,,,,,,,,,,,
4ff5d109-6d5e-4a05-8e1b-793159d621f4,,,,,,,,,,,,,,,,,,,,,,,,,,,,,,,,,,,,,,,
4ff80262-c7de-4242-9186-99ee6892d45f,,,,,,,,,,,,,,,,,,,,,,,,,,,,,,,,,,,,,,,
4ff9e64e-08a9-49da-aa1c-8f42aec51a2a,,,,,,,,,,,,,,,,,,,,,,,,,,,,,,,,,,,,,,,
5006cc63-29de-4ac4-8476-b5f8ce3fc312,,,,,,,,,,,,,,,,,,,,,,,,,,,,,,,,,,,,,,,
5010d083-4fd6-477d-ac48-a6530953ae3f,,,,,,,,,,,,,,,,,,,,,,,,,,,,,,,,,,,,,,,
50169c1a-372b-4217-a3fc-9585014de789,,,,,,,,,,,,,,,,,,,,,,,,,,,,,,,,,,,,,,,
501b50dc-cb4f-4bd5-adf8-550ee8abacbe,,,,,,,,,,,,,,,,,,,,,,,,,,,,,,,,,,,,,,,
501e8fdd-7dc3-492a-8e76-3a7fdf9ee182,,,,,,,,,,,,,,,,,,,,,,,,,,,,,,,,,,,,,,,
501f5fdd-2dd2-42a7-9e95-0d778646dfb4,,,,,,,,,,,,,,,,,,,,,,,,,,,,,,,,,,,,,,,
502c402f-7fa2-4436-866c-f81ac7bca81e,,,,,,,,,,,,,,,,,,,,,,,,,,,,,,,,,,,,,,,
5032d072-193c-4c0f-818c-e7e9077af7c5,,,,,,,,,,,,,,,,,,,,,,,,,,,,,,,,,,,,,,,
5033591b-8d23-4a63-8fe8-667dd46f7219,,,,,,,,,,,,,,,,,,,,,,,,,,,,,,,,,,,,,,,
503714da-d1ff-428e-8b89-41af8564d5ea,arm,1.0,1.0,,,,,,,,,,,,,,,,,,,,,,,,,,,,,,,,,,,,
50395069-19fa-4f84-984b-9f5809fe5215,,,,,,,,,,,,,,,,,,,,,,,,,,,,,,,,,,,,,,,
503c127e-b642-4684-a40a-b9408a8380af,,,,,,,,,,,,,,,,,,,,,,,,,,,,,,,,,,,,,,,
504718d2-11d2-453e-b967-7b2789bedea3,,,,,,,,,,,,,,,,,,,,,,,,,,,,,,,,,,,,,,,
5053e05e-3d7d-45be-824a-ac112659ae0f,,,,,,,,,,,,,,,,,,,,,,,,,,,,,,,,,,,,,,,
5059ee33-87df-42c6-9a55-7f367b993631,,,,,,,,,,,,,,,,,,,,,,,,,,,,,,,,,,,,,,,
505bbb4e-9093-47de-a77c-e9197e6dc503,,,,,,,,,,,,,,,,,,,,,,,,,,,,,,,,,,,,,,,
505bc40c-43ec-44db-9e89-6f3519b9d688,,,,,,,,,,,,,,,,,,,,,,,,,,,,,,,,,,,,,,,
505d7118-c2ce-4c37-829b-17c9c767879d,,,,,,,,,,,,,,,,,,,,,,,,,,,,,,,,,,,,,,,
5061c226-4dbb-4ef4-a5dd-3ee2a15623eb,qq.com,1.0,1.0,,,,,,,,,,,,,,,,,,,,,,,,,,,,,,,,,,,,
50629040-bcec-4a30-814a-e107f5b1115c,,,,,,,,,,,,,,,,,,,,,,,,,,,,,,,,,,,,,,,
506481cd-2a3c-4add-a2cd-3c867f7b1188,,,,,,,,,,,,,,,,,,,,,,,,,,,,,,,,,,,,,,,
5081cf78-8a89-47f4-8931-a9996f8c938b,,,,,,,,,,,,,,,,,,,,,,,,,,,,,,,,,,,,,,,
50826ad8-0dcc-409c-96aa-ee3846a66f61,,,,,,,,,,,,,,,,,,,,,,,,,,,,,,,,,,,,,,,
50872933-a65e-4691-98cc-ff55a19343ce,,,,,,,,,,,,,,,,,,,,,,,,,,,,,,,,,,,,,,,
508ce1be-3e69-4e6d-8df2-c7c5de3080d9,,,,,,,,,,,,,,,,,,,,,,,,,,,,,,,,,,,,,,,
508e5bcd-9d08-4c3f-89a1-36213fcdf5dc,,,,,,,,,,,,,,,,,,,,,,,,,,,,,,,,,,,,,,,
508eff98-9ea5-451c-8262-63d96f4c5691,,,,,,,,,,,,,,,,,,,,,,,,,,,,,,,,,,,,,,,
5091a080-3be6-4438-a91b-4d2597fc2271,,,,,,,,,,,,,,,,,,,,,,,,,,,,,,,,,,,,,,,
5093dd4b-4257-4cf4-b6ad-e1e89db3c0cc,,,,,,,,,,,,,,,,,,,,,,,,,,,,,,,,,,,,,,,
5096f167-b361-4523-92fc-2f714df67cb4,,,,,,,,,,,,,,,,,,,,,,,,,,,,,,,,,,,,,,,
50ab8e7f-c61b-4be0-b9e8-c83b1dede7a7,,,,,,,,,,,,,,,,,,,,,,,,,,,,,,,,,,,,,,,
50afee32-18de-4d7f-8f26-545074e0363f,,,,,,,,,,,,,,,,,,,,,,,,,,,,,,,,,,,,,,,
50b4018d-18fe-4ebf-87ba-cfd6d2685afc,,,,,,,,,,,,,,,,,,,,,,,,,,,,,,,,,,,,,,,
50b68cab-aa09-4638-adef-ad0a18d21502,,,,,,,,,,,,,,,,,,,,,,,,,,,,,,,,,,,,,,,
50c31b63-fe77-498f-81c8-f9a5000a6819,,,,,,,,,,,,,,,,,,,,,,,,,,,,,,,,,,,,,,,
50cf93f6-a456-40c5-a4a2-bc9e89f34f7c,,,,,,,,,,,,,,,,,,,,,,,,,,,,,,,,,,,,,,,
50d19f06-c8c5-4c1a-8cc8-1e9afe124d46,squarespace,1.0,1.0,,,,,,,,,,,,,,,,,,,,,,,,,,,,,,,,,,,,
50d1cca2-fd66-479d-8a8e-8d910baa55a5,,,,,,,,,,,,,,,,,,,,,,,,,,,,,,,,,,,,,,,
50d1dd07-e0d5-466c-90f1-89bcb56f0bd2,,,,,,,,,,,,,,,,,,,,,,,,,,,,,,,,,,,,,,,
50d440a4-73c4-4441-9440-141b941dbf19,,,,,,,,,,,,,,,,,,,,,,,,,,,,,,,,,,,,,,,
50d5adc7-e338-429d-9184-7687ed4710d6,,,,,,,,,,,,,,,,,,,,,,,,,,,,,,,,,,,,,,,
50edb34d-c76c-48f2-89eb-cd564bcf04b7,,,,,,,,,,,,,,,,,,,,,,,,,,,,,,,,,,,,,,,
50fb3f85-b1c9-4b48-92d6-d14329c4a1ff,,,,,,,,,,,,,,,,,,,,,,,,,,,,,,,,,,,,,,,
50fee822-cd01-4109-8047-a283626aeb24,,,,,,,,,,,,,,,,,,,,,,,,,,,,,,,,,,,,,,,
5101f485-8d7a-465a-bf15-b37fab46b74f,amplitude,1.0,0.3333333333333333,dmg_media,1.0,0.3333333333333333,launch_darkly,1.0,0.3333333333333333,,,,,,,,,,,,,,,,,,,,,,,,,,,,,,
510b2513-d215-4eab-8216-31fc4d7b8d7d,,,,,,,,,,,,,,,,,,,,,,,,,,,,,,,,,,,,,,,
510c662a-ceb8-44f3-b1da-9b6ba3e12efc,,,,,,,,,,,,,,,,,,,,,,,,,,,,,,,,,,,,,,,
510e3db1-b958-4462-ac4f-e9e3b5ee9d37,,,,,,,,,,,,,,,,,,,,,,,,,,,,,,,,,,,,,,,
511ac940-35ac-4415-b162-e81cea265d32,,,,,,,,,,,,,,,,,,,,,,,,,,,,,,,,,,,,,,,
5122ddde-5528-4b05-9ad6-9fa70499ce89,,,,,,,,,,,,,,,,,,,,,,,,,,,,,,,,,,,,,,,
51276329-9e0d-49dd-88b8-e939109cbc22,,,,,,,,,,,,,,,,,,,,,,,,,,,,,,,,,,,,,,,
512e29c8-a107-4978-9a1c-d2ccaed5073e,,,,,,,,,,,,,,,,,,,,,,,,,,,,,,,,,,,,,,,
5139dad1-23c2-4bc1-a65f-2d8b4b5bebbd,,,,,,,,,,,,,,,,,,,,,,,,,,,,,,,,,,,,,,,
513a2efe-0d5e-49ce-a376-3d0d67a6d9ad,,,,,,,,,,,,,,,,,,,,,,,,,,,,,,,,,,,,,,,
513bdbd3-9b32-4ce8-a19c-b400364d2876,,,,,,,,,,,,,,,,,,,,,,,,,,,,,,,,,,,,,,,
513de611-5ab9-4298-ba8d-5c2e09311507,,,,,,,,,,,,,,,,,,,,,,,,,,,,,,,,,,,,,,,
513e68a9-b20d-4ceb-b712-373e888e65f9,,,,,,,,,,,,,,,,,,,,,,,,,,,,,,,,,,,,,,,
514ceb0e-ab25-4f50-8032-549491ad5c72,,,,,,,,,,,,,,,,,,,,,,,,,,,,,,,,,,,,,,,
5151622a-33c8-4c10-a5c6-968682b1ed58,,,,,,,,,,,,,,,,,,,,,,,,,,,,,,,,,,,,,,,
5153065c-a051-4995-b105-433144d8d2d4,,,,,,,,,,,,,,,,,,,,,,,,,,,,,,,,,,,,,,,
515697b1-1238-49c6-8fa0-360d407c1e24,,,,,,,,,,,,,,,,,,,,,,,,,,,,,,,,,,,,,,,
5158a3f8-c10e-432e-ab2e-02b9c70c1530,,,,,,,,,,,,,,,,,,,,,,,,,,,,,,,,,,,,,,,
515dd1ea-005e-4e61-ae8a-0f688ee2f9d6,disney,1.0,1.0,,,,,,,,,,,,,,,,,,,,,,,,,,,,,,,,,,,,
516261d2-4288-48c8-ba0a-2d844941cc7d,,,,,,,,,,,,,,,,,,,,,,,,,,,,,,,,,,,,,,,
516e6b8e-bc92-4747-b068-3db32eaaa30a,,,,,,,,,,,,,,,,,,,,,,,,,,,,,,,,,,,,,,,
516f477c-6030-4dbe-988c-c76f7bbd0abb,,,,,,,,,,,,,,,,,,,,,,,,,,,,,,,,,,,,,,,
51709b15-2b74-485a-996b-9461416d848e,,,,,,,,,,,,,,,,,,,,,,,,,,,,,,,,,,,,,,,
5172088a-dd98-469a-a7f5-37e727d06de3,,,,,,,,,,,,,,,,,,,,,,,,,,,,,,,,,,,,,,,
5176b2cd-ad99-4afa-acfa-22f7c50b122e,,,,,,,,,,,,,,,,,,,,,,,,,,,,,,,,,,,,,,,
51779f87-1bd3-4357-a72e-f4ea16bd128f,,,,,,,,,,,,,,,,,,,,,,,,,,,,,,,,,,,,,,,
517a08de-50cd-43e1-90dc-aa5894913750,,,,,,,,,,,,,,,,,,,,,,,,,,,,,,,,,,,,,,,
5182343f-e044-4a3d-9953-1cfa43cb69af,,,,,,,,,,,,,,,,,,,,,,,,,,,,,,,,,,,,,,,
5185fbfa-7d3f-4f72-904a-2b525ff0f06c,,,,,,,,,,,,,,,,,,,,,,,,,,,,,,,,,,,,,,,
5188e546-6f4f-477f-b6fc-8a301aa0e7eb,,,,,,,,,,,,,,,,,,,,,,,,,,,,,,,,,,,,,,,
518b40d3-1172-42b7-9f07-03cb082f33a1,,,,,,,,,,,,,,,,,,,,,,,,,,,,,,,,,,,,,,,
51979ca2-bf53-4044-a78e-4155d0257573,,,,,,,,,,,,,,,,,,,,,,,,,,,,,,,,,,,,,,,
519800e3-3bd3-482e-a69e-8efeab68852d,,,,,,,,,,,,,,,,,,,,,,,,,,,,,,,,,,,,,,,
519aa450-42b9-4ef4-8f10-a14cc48ab402,,,,,,,,,,,,,,,,,,,,,,,,,,,,,,,,,,,,,,,
519c1125-3913-4928-b13b-d6a6b466092f,strava,1.0,1.0,,,,,,,,,,,,,,,,,,,,,,,,,,,,,,,,,,,,
519c6ce0-0403-4f40-849b-67718853f6ca,,,,,,,,,,,,,,,,,,,,,,,,,,,,,,,,,,,,,,,
51a436e6-7f61-4fee-9ff5-0fc2eb5f90ab,,,,,,,,,,,,,,,,,,,,,,,,,,,,,,,,,,,,,,,
51abc349-9c42-42a3-8497-dc43e909c6eb,rambler,1.0,1.0,,,,,,,,,,,,,,,,,,,,,,,,,,,,,,,,,,,,
51b33730-2912-467c-a415-8d566dc57542,,,,,,,,,,,,,,,,,,,,,,,,,,,,,,,,,,,,,,,
51b6d8d6-a0d4-4759-a340-7d98430b9021,appsflyer,1.0,1.0,,,,,,,,,,,,,,,,,,,,,,,,,,,,,,,,,,,,
51b9a97c-4077-4e5f-be5e-fa0199d45381,,,,,,,,,,,,,,,,,,,,,,,,,,,,,,,,,,,,,,,
51c2b4f8-d8ac-4cfc-8dc2-ce7d4bf12aa6,,,,,,,,,,,,,,,,,,,,,,,,,,,,,,,,,,,,,,,
51c33c5e-fe4e-40b9-9808-2a23d2c2f140,,,,,,,,,,,,,,,,,,,,,,,,,,,,,,,,,,,,,,,
51c49c6b-bb02-4427-945f-38596566568c,mailchimp,1.0,1.0,,,,,,,,,,,,,,,,,,,,,,,,,,,,,,,,,,,,
51cae165-2200-480f-a44a-e0d35f60ee4c,,,,,,,,,,,,,,,,,,,,,,,,,,,,,,,,,,,,,,,
51cef9d3-a1db-43ca-bd8e-961780792883,,,,,,,,,,,,,,,,,,,,,,,,,,,,,,,,,,,,,,,
51d295bd-485e-4493-ba12-bae8a31d8700,,,,,,,,,,,,,,,,,,,,,,,,,,,,,,,,,,,,,,,
51d5e3f3-52f1-4902-84a4-c5a07504c0e4,,,,,,,,,,,,,,,,,,,,,,,,,,,,,,,,,,,,,,,
51dacb17-2bd8-427b-9769-2c5a079b89f0,,,,,,,,,,,,,,,,,,,,,,,,,,,,,,,,,,,,,,,
51dc2a2a-8ac8-459a-a5fe-6724f6625e80,,,,,,,,,,,,,,,,,,,,,,,,,,,,,,,,,,,,,,,
51dd19cb-5463-45dc-bf0e-114362d3b9b0,,,,,,,,,,,,,,,,,,,,,,,,,,,,,,,,,,,,,,,
51f04363-9a7f-4e86-ab20-88cf86ccfe9b,,,,,,,,,,,,,,,,,,,,,,,,,,,,,,,,,,,,,,,
51f19289-3b2c-4819-b1b8-564be9d3c572,,,,,,,,,,,,,,,,,,,,,,,,,,,,,,,,,,,,,,,
51f34842-00f3-4b0f-8107-020c7224093a,,,,,,,,,,,,,,,,,,,,,,,,,,,,,,,,,,,,,,,
51ff214c-d72c-4fed-b376-b897f6b4a653,,,,,,,,,,,,,,,,,,,,,,,,,,,,,,,,,,,,,,,
5201cf52-e436-46da-813a-e8ae3f956bf8,,,,,,,,,,,,,,,,,,,,,,,,,,,,,,,,,,,,,,,
52038808-1bd9-49e0-a46a-79a551d53eb6,,,,,,,,,,,,,,,,,,,,,,,,,,,,,,,,,,,,,,,
5209a469-70dd-4f78-93f0-9e5bfc6e3005,,,,,,,,,,,,,,,,,,,,,,,,,,,,,,,,,,,,,,,
5209b695-acd2-4976-a90c-3aa3a85ef56b,,,,,,,,,,,,,,,,,,,,,,,,,,,,,,,,,,,,,,,
521019c6-b055-4413-9ac3-1cc7a089df35,,,,,,,,,,,,,,,,,,,,,,,,,,,,,,,,,,,,,,,
5219ba8b-c189-4da8-b06c-0fd0b79656f6,,,,,,,,,,,,,,,,,,,,,,,,,,,,,,,,,,,,,,,
5222ffa9-725a-4c65-8cc3-728591c36693,,,,,,,,,,,,,,,,,,,,,,,,,,,,,,,,,,,,,,,
52267a22-b8c1-41f5-a7d4-fecd1caf4ae4,mixpanel,1.0,1.0,,,,,,,,,,,,,,,,,,,,,,,,,,,,,,,,,,,,
5228ead8-3b8f-4888-a538-a4d87aed8ccc,,,,,,,,,,,,,,,,,,,,,,,,,,,,,,,,,,,,,,,
52314ee5-1486-4ac1-bda0-476732e1b721,,,,,,,,,,,,,,,,,,,,,,,,,,,,,,,,,,,,,,,
523603c2-cf6e-4447-a1d6-04e2025f3f67,,,,,,,,,,,,,,,,,,,,,,,,,,,,,,,,,,,,,,,
5238a021-fb7d-48a9-a7e1-ce0e62b5b04e,,,,,,,,,,,,,,,,,,,,,,,,,,,,,,,,,,,,,,,
523ab343-0816-477c-9714-622b7f6cd453,,,,,,,,,,,,,,,,,,,,,,,,,,,,,,,,,,,,,,,
523f064b-9656-4b32-a1f1-2ca18a2c53e1,,,,,,,,,,,,,,,,,,,,,,,,,,,,,,,,,,,,,,,
5242f0b6-9d46-40a6-bdbb-2196056a3546,,,,,,,,,,,,,,,,,,,,,,,,,,,,,,,,,,,,,,,
52545ae1-9d0d-4045-9443-595a193bf2b8,,,,,,,,,,,,,,,,,,,,,,,,,,,,,,,,,,,,,,,
52591bd3-7314-4abc-a29c-171e41762664,,,,,,,,,,,,,,,,,,,,,,,,,,,,,,,,,,,,,,,
525f5732-dc51-4673-b065-2f35b2dcead9,,,,,,,,,,,,,,,,,,,,,,,,,,,,,,,,,,,,,,,
52637cab-a32b-448c-9e6b-371e53b42142,vimeo,1.0,1.0,,,,,,,,,,,,,,,,,,,,,,,,,,,,,,,,,,,,
526c195f-785e-408b-b0db-326ba333d6f6,,,,,,,,,,,,,,,,,,,,,,,,,,,,,,,,,,,,,,,
5270665a-2f69-4b19-b65e-57bfa8a1f8d5,,,,,,,,,,,,,,,,,,,,,,,,,,,,,,,,,,,,,,,
52832ee4-bac6-429e-9338-ba1b4ec3fe43,,,,,,,,,,,,,,,,,,,,,,,,,,,,,,,,,,,,,,,
52841ee0-ce0f-4591-9211-1fc9a0bdcf6f,,,,,,,,,,,,,,,,,,,,,,,,,,,,,,,,,,,,,,,
528a82c7-9073-437a-8699-bb0978e35787,,,,,,,,,,,,,,,,,,,,,,,,,,,,,,,,,,,,,,,
528f32ad-5723-43b6-a94d-483d75c39816,,,,,,,,,,,,,,,,,,,,,,,,,,,,,,,,,,,,,,,
52957e41-a003-4546-8083-63e773b7bd9b,,,,,,,,,,,,,,,,,,,,,,,,,,,,,,,,,,,,,,,
529e5fdf-b7bc-43bf-b4cc-57667131858b,,,,,,,,,,,,,,,,,,,,,,,,,,,,,,,,,,,,,,,
52a4b44e-9677-4447-9e5c-6f028214b76b,,,,,,,,,,,,,,,,,,,,,,,,,,,,,,,,,,,,,,,
52a69a61-e47a-46eb-b711-37dba3ba74bb,,,,,,,,,,,,,,,,,,,,,,,,,,,,,,,,,,,,,,,
52b3d7c9-4ab8-4dbf-a609-f17f69f2e442,,,,,,,,,,,,,,,,,,,,,,,,,,,,,,,,,,,,,,,
52c28918-6d49-4ec3-be1e-9de4280c1a2a,,,,,,,,,,,,,,,,,,,,,,,,,,,,,,,,,,,,,,,
52c431b3-9556-4a6d-bb7c-496fe7819f74,,,,,,,,,,,,,,,,,,,,,,,,,,,,,,,,,,,,,,,
52c5d11b-1c29-49e4-b2e1-de0e7f983125,,,,,,,,,,,,,,,,,,,,,,,,,,,,,,,,,,,,,,,
52cc06d3-64ae-4067-9cdf-9424682508bb,,,,,,,,,,,,,,,,,,,,,,,,,,,,,,,,,,,,,,,
52cf94a8-60b8-4255-8235-03130e704222,,,,,,,,,,,,,,,,,,,,,,,,,,,,,,,,,,,,,,,
52de7db4-1cb1-4a08-84c3-85abc6b0b67e,,,,,,,,,,,,,,,,,,,,,,,,,,,,,,,,,,,,,,,
52e613bd-a43e-46a1-bde6-9503e430b1eb,microsoft,1.0,1.0,,,,,,,,,,,,,,,,,,,,,,,,,,,,,,,,,,,,
53022c07-1fb5-4d7e-af13-efb6acf6fe80,,,,,,,,,,,,,,,,,,,,,,,,,,,,,,,,,,,,,,,
530490ca-e83d-4e3e-88c2-14c7881d6348,,,,,,,,,,,,,,,,,,,,,,,,,,,,,,,,,,,,,,,
53072906-6d4c-49ae-a88a-72ac4a5cf880,,,,,,,,,,,,,,,,,,,,,,,,,,,,,,,,,,,,,,,
5319ad79-54f3-4614-b29c-a1627a67e634,,,,,,,,,,,,,,,,,,,,,,,,,,,,,,,,,,,,,,,
5327de78-0c4e-47db-b60c-32a65802e3bf,,,,,,,,,,,,,,,,,,,,,,,,,,,,,,,,,,,,,,,
5330bb0e-ffa2-433f-8a41-e24c7de68945,,,,,,,,,,,,,,,,,,,,,,,,,,,,,,,,,,,,,,,
5332c4c7-2d9f-41cd-a0fe-834130941b06,,,,,,,,,,,,,,,,,,,,,,,,,,,,,,,,,,,,,,,
5333ca65-e0d1-4191-a649-ebb26790e9df,,,,,,,,,,,,,,,,,,,,,,,,,,,,,,,,,,,,,,,
53351b30-f2b2-4e96-9589-b4893a3853a4,,,,,,,,,,,,,,,,,,,,,,,,,,,,,,,,,,,,,,,
5336d011-6ba4-4d16-bf72-17c941da6526,,,,,,,,,,,,,,,,,,,,,,,,,,,,,,,,,,,,,,,
533f1a66-5c15-466b-b86c-0605493c0f93,,,,,,,,,,,,,,,,,,,,,,,,,,,,,,,,,,,,,,,
5346eef8-6e72-46ff-8cf8-bfee1e9844cc,,,,,,,,,,,,,,,,,,,,,,,,,,,,,,,,,,,,,,,
53481879-471c-466c-8974-abebebadd064,,,,,,,,,,,,,,,,,,,,,,,,,,,,,,,,,,,,,,,
5351208b-d798-4e9f-bf1c-2fabb9eec877,,,,,,,,,,,,,,,,,,,,,,,,,,,,,,,,,,,,,,,
53513250-c502-45ac-8dc8-9de31819af3f,microsoft,1.0,1.0,,,,,,,,,,,,,,,,,,,,,,,,,,,,,,,,,,,,
53515e9d-2cf0-4a7f-a5b7-486785ec7e01,,,,,,,,,,,,,,,,,,,,,,,,,,,,,,,,,,,,,,,
535eb710-b8ef-4cc5-bde5-90757d746193,,,,,,,,,,,,,,,,,,,,,,,,,,,,,,,,,,,,,,,
536b8b60-d164-4973-b899-c616222eba80,,,,,,,,,,,,,,,,,,,,,,,,,,,,,,,,,,,,,,,
536d76cd-fbf9-47cd-9585-64079400215b,,,,,,,,,,,,,,,,,,,,,,,,,,,,,,,,,,,,,,,
53774b46-60eb-4b47-9a71-2db66f58720f,,,,,,,,,,,,,,,,,,,,,,,,,,,,,,,,,,,,,,,
537a5337-0c3b-4aec-97dd-b2a4244555b9,,,,,,,,,,,,,,,,,,,,,,,,,,,,,,,,,,,,,,,
537d9a22-7f06-45b6-88ff-88b6c8e18099,,,,,,,,,,,,,,,,,,,,,,,,,,,,,,,,,,,,,,,
5381db6d-c29b-46c6-8008-516029286f5e,the_new_york_times,1.0,1.0,,,,,,,,,,,,,,,,,,,,,,,,,,,,,,,,,,,,
53862383-a929-476e-962b-713c1ebce4c0,,,,,,,,,,,,,,,,,,,,,,,,,,,,,,,,,,,,,,,
5386802b-8b17-4d49-a8c6-ddb20494a091,,,,,,,,,,,,,,,,,,,,,,,,,,,,,,,,,,,,,,,
53937499-41dd-4938-a490-1baf12b36180,,,,,,,,,,,,,,,,,,,,,,,,,,,,,,,,,,,,,,,
53949808-62bb-4023-ac19-c3cd2cbe63ea,,,,,,,,,,,,,,,,,,,,,,,,,,,,,,,,,,,,,,,
539dc0f5-d049-4f5e-a292-97b6609e4055,,,,,,,,,,,,,,,,,,,,,,,,,,,,,,,,,,,,,,,
53a4f5f0-e09a-42ab-a2b0-9860940ea988,,,,,,,,,,,,,,,,,,,,,,,,,,,,,,,,,,,,,,,
53aba915-d53f-4182-957f-0adc395f746f,,,,,,,,,,,,,,,,,,,,,,,,,,,,,,,,,,,,,,,
53ad4754-8f3b-4dcd-986d-c8e7506dee2f,ibm,1.0,1.0,,,,,,,,,,,,,,,,,,,,,,,,,,,,,,,,,,,,
53ada2a7-4e56-4ce9-8fcd-1d6f8a301e5c,,,,,,,,,,,,,,,,,,,,,,,,,,,,,,,,,,,,,,,
53afe4c2-68bf-43f7-98e8-88bbf84abc72,,,,,,,,,,,,,,,,,,,,,,,,,,,,,,,,,,,,,,,
53b071fb-4913-412c-b1bd-a7022d91817a,,,,,,,,,,,,,,,,,,,,,,,,,,,,,,,,,,,,,,,
53b9a4dd-2b39-4d5a-bd5d-765d02dfc49e,,,,,,,,,,,,,,,,,,,,,,,,,,,,,,,,,,,,,,,
53c0c88f-ef3d-4539-ae8c-7984ae5a5fe1,,,,,,,,,,,,,,,,,,,,,,,,,,,,,,,,,,,,,,,
53c290a9-fece-47c0-bad6-ac63c4d9bd78,,,,,,,,,,,,,,,,,,,,,,,,,,,,,,,,,,,,,,,
53d56ab3-e12c-4835-86ab-b9cde1f6c83b,,,,,,,,,,,,,,,,,,,,,,,,,,,,,,,,,,,,,,,
53d5884d-ab87-4945-a027-a9103062487d,,,,,,,,,,,,,,,,,,,,,,,,,,,,,,,,,,,,,,,
53d73343-ae53-432d-972e-7c76c3ba8201,,,,,,,,,,,,,,,,,,,,,,,,,,,,,,,,,,,,,,,
53da7c5f-07d0-445b-809a-71fc67eab1ff,,,,,,,,,,,,,,,,,,,,,,,,,,,,,,,,,,,,,,,
53fa075f-74a3-45dc-94b7-be6b38b67c2a,,,,,,,,,,,,,,,,,,,,,,,,,,,,,,,,,,,,,,,
53fff84e-1c95-4517-bdf3-1a26d9aeb483,,,,,,,,,,,,,,,,,,,,,,,,,,,,,,,,,,,,,,,
5407a619-864e-418e-b9fb-42314b9aaad5,,,,,,,,,,,,,,,,,,,,,,,,,,,,,,,,,,,,,,,
5414b42c-d76c-4003-9f32-da5bd392dc53,,,,,,,,,,,,,,,,,,,,,,,,,,,,,,,,,,,,,,,
5417d179-8b9f-4dc7-a430-1e8f3f6cc3fa,,,,,,,,,,,,,,,,,,,,,,,,,,,,,,,,,,,,,,,
541b8776-d677-41d5-a0a8-7cbd3c571095,,,,,,,,,,,,,,,,,,,,,,,,,,,,,,,,,,,,,,,
54220694-9862-49f5-aac8-a2cfbca0dc38,,,,,,,,,,,,,,,,,,,,,,,,,,,,,,,,,,,,,,,
542418ae-8f56-48fc-9dd9-33c7292de2ea,,,,,,,,,,,,,,,,,,,,,,,,,,,,,,,,,,,,,,,
54260ecb-fd39-41a8-b19c-0a2d1f652e2a,,,,,,,,,,,,,,,,,,,,,,,,,,,,,,,,,,,,,,,
54288e52-9bae-4198-b478-76fe8d03a7af,,,,,,,,,,,,,,,,,,,,,,,,,,,,,,,,,,,,,,,
542bdda5-b67a-4b55-abc5-9bb287cdbb4a,,,,,,,,,,,,,,,,,,,,,,,,,,,,,,,,,,,,,,,
54341bf1-2ac4-4613-bc0c-f557e209c7d6,,,,,,,,,,,,,,,,,,,,,,,,,,,,,,,,,,,,,,,
54351ef2-dcdf-43a4-ada6-1b7ce0f35402,,,,,,,,,,,,,,,,,,,,,,,,,,,,,,,,,,,,,,,
5436755f-6c25-41d1-bffa-a985106a8fb2,,,,,,,,,,,,,,,,,,,,,,,,,,,,,,,,,,,,,,,
5438b1a1-37e0-4afa-bb32-fc62642dcfa7,,,,,,,,,,,,,,,,,,,,,,,,,,,,,,,,,,,,,,,
54435e53-430b-40cc-a0a6-1579aedce3c5,,,,,,,,,,,,,,,,,,,,,,,,,,,,,,,,,,,,,,,
544de8fc-8a80-4f63-a84e-47388349c7b0,,,,,,,,,,,,,,,,,,,,,,,,,,,,,,,,,,,,,,,
544fbf4d-58c6-4d75-8933-5e8fc669fc91,,,,,,,,,,,,,,,,,,,,,,,,,,,,,,,,,,,,,,,
54511150-63e5-4b43-8d25-f068bd6a1452,,,,,,,,,,,,,,,,,,,,,,,,,,,,,,,,,,,,,,,
545ccf06-fee7-4608-a5d2-a5a33f06ae5b,,,,,,,,,,,,,,,,,,,,,,,,,,,,,,,,,,,,,,,
545ce307-fa1a-4bea-94df-3a4be395c624,,,,,,,,,,,,,,,,,,,,,,,,,,,,,,,,,,,,,,,
545f8b9c-3c69-4c08-b075-0e880907a27d,,,,,,,,,,,,,,,,,,,,,,,,,,,,,,,,,,,,,,,
546593eb-824e-4b25-9ad0-7c70bcec4298,,,,,,,,,,,,,,,,,,,,,,,,,,,,,,,,,,,,,,,
5469e3ab-1408-434b-aa2d-a7c24a1f0b35,,,,,,,,,,,,,,,,,,,,,,,,,,,,,,,,,,,,,,,
546be711-98a5-4eaa-a43d-b53e663da1aa,,,,,,,,,,,,,,,,,,,,,,,,,,,,,,,,,,,,,,,
546d1854-0726-4eff-92d3-46a0b24e4af4,microsoft,1.0,1.0,,,,,,,,,,,,,,,,,,,,,,,,,,,,,,,,,,,,
54807f8e-7a6b-4abd-81b1-8c5162989c5a,,,,,,,,,,,,,,,,,,,,,,,,,,,,,,,,,,,,,,,
548218a4-778e-493b-9a40-d365a9d79b06,yotpo,1.0,1.0,,,,,,,,,,,,,,,,,,,,,,,,,,,,,,,,,,,,
54916351-03e9-4d75-8ca1-be26d32f0ca5,,,,,,,,,,,,,,,,,,,,,,,,,,,,,,,,,,,,,,,
54952fe4-efdb-4f48-b606-94da60a5d562,,,,,,,,,,,,,,,,,,,,,,,,,,,,,,,,,,,,,,,
5497cae4-e10d-48e8-b270-231163872600,,,,,,,,,,,,,,,,,,,,,,,,,,,,,,,,,,,,,,,
54a7cd80-0f8c-4c2f-b18a-feeec5867588,,,,,,,,,,,,,,,,,,,,,,,,,,,,,,,,,,,,,,,
54a8c358-f2d7-4bd7-b317-7af8a6ae554c,,,,,,,,,,,,,,,,,,,,,,,,,,,,,,,,,,,,,,,
54af7fc9-583d-4f0e-8ac8-b54715fd5fe9,,,,,,,,,,,,,,,,,,,,,,,,,,,,,,,,,,,,,,,
54b1af08-ba64-4e12-bef4-d1ec4653823a,,,,,,,,,,,,,,,,,,,,,,,,,,,,,,,,,,,,,,,
54b6eac7-30cd-43f5-868c-0540072b0cab,,,,,,,,,,,,,,,,,,,,,,,,,,,,,,,,,,,,,,,
54bec53c-b6b2-4db8-9fe1-1564e9311539,,,,,,,,,,,,,,,,,,,,,,,,,,,,,,,,,,,,,,,
54c91c14-1070-4f22-83e3-38ed49474a3f,,,,,,,,,,,,,,,,,,,,,,,,,,,,,,,,,,,,,,,
54e09f7a-47f1-4437-8cfa-3853c8db4e65,,,,,,,,,,,,,,,,,,,,,,,,,,,,,,,,,,,,,,,
54e1aadd-24fe-44e3-b340-3526a76f465f,,,,,,,,,,,,,,,,,,,,,,,,,,,,,,,,,,,,,,,
54e73cfe-90af-41ab-90cd-47847e665153,,,,,,,,,,,,,,,,,,,,,,,,,,,,,,,,,,,,,,,
54eb8f1c-af41-428c-a9aa-ce4ef2a43742,,,,,,,,,,,,,,,,,,,,,,,,,,,,,,,,,,,,,,,
54ebac05-41ce-412f-ab24-e364b4f1ce0f,,,,,,,,,,,,,,,,,,,,,,,,,,,,,,,,,,,,,,,
54edfa05-d60e-4b54-975a-9defd2208afc,algolia,1.0,1.0,,,,,,,,,,,,,,,,,,,,,,,,,,,,,,,,,,,,
54ee2291-9c6c-4044-bbc3-1ff9941957ea,ibm,1.0,1.0,,,,,,,,,,,,,,,,,,,,,,,,,,,,,,,,,,,,
54eef808-79da-4801-a89f-b4822d9aa804,,,,,,,,,,,,,,,,,,,,,,,,,,,,,,,,,,,,,,,
54f77a5a-058e-4c76-b228-8947b89c0513,,,,,,,,,,,,,,,,,,,,,,,,,,,,,,,,,,,,,,,
54feca9b-8bde-48c9-ad38-2caecf7eb3af,,,,,,,,,,,,,,,,,,,,,,,,,,,,,,,,,,,,,,,
55052b31-3b9f-4711-8632-9a3a34023dc9,,,,,,,,,,,,,,,,,,,,,,,,,,,,,,,,,,,,,,,
550653ef-c815-48e7-b741-8654b9bfafd0,,,,,,,,,,,,,,,,,,,,,,,,,,,,,,,,,,,,,,,
5506c344-2885-4196-8e2b-8d7d9069e6b6,,,,,,,,,,,,,,,,,,,,,,,,,,,,,,,,,,,,,,,
550ca499-c3ad-40e5-950a-3ca214607d34,,,,,,,,,,,,,,,,,,,,,,,,,,,,,,,,,,,,,,,
550cccb5-5b1d-457b-8d25-d49ebec091e8,,,,,,,,,,,,,,,,,,,,,,,,,,,,,,,,,,,,,,,
550d0b53-21ef-43ec-a3ed-8959d9f6784b,wistia,1.0,1.0,,,,,,,,,,,,,,,,,,,,,,,,,,,,,,,,,,,,
551417dc-338c-4505-9df4-ab638db19161,,,,,,,,,,,,,,,,,,,,,,,,,,,,,,,,,,,,,,,
55167382-8a62-4269-a693-5fc92353ee81,,,,,,,,,,,,,,,,,,,,,,,,,,,,,,,,,,,,,,,
552483d5-956b-4d41-a64e-e8133ba82fb0,,,,,,,,,,,,,,,,,,,,,,,,,,,,,,,,,,,,,,,
5524b6ac-2b5e-4820-a4f0-7c6b82b85698,,,,,,,,,,,,,,,,,,,,,,,,,,,,,,,,,,,,,,,
55384cc3-8288-40df-8cf5-3a0fb0085023,zalando,1.0,1.0,,,,,,,,,,,,,,,,,,,,,,,,,,,,,,,,,,,,
5540fb0a-cbde-42d1-aee0-fed2c0f4919c,,,,,,,,,,,,,,,,,,,,,,,,,,,,,,,,,,,,,,,
554c96d9-12b8-4677-8017-49f47b7bced4,,,,,,,,,,,,,,,,,,,,,,,,,,,,,,,,,,,,,,,
554cb735-81a4-4984-82ee-83e3e8b9dfa9,,,,,,,,,,,,,,,,,,,,,,,,,,,,,,,,,,,,,,,
555a854a-32bf-4e80-94fd-1389e5faa06a,nbcuniversal,1.0,1.0,,,,,,,,,,,,,,,,,,,,,,,,,,,,,,,,,,,,
555fac72-9dc1-40f3-9bad-595cc23bc88c,,,,,,,,,,,,,,,,,,,,,,,,,,,,,,,,,,,,,,,
55684959-fc94-43a6-b456-c9a798763b74,,,,,,,,,,,,,,,,,,,,,,,,,,,,,,,,,,,,,,,
556884fc-8d65-481c-89a0-af8d5aa13a91,,,,,,,,,,,,,,,,,,,,,,,,,,,,,,,,,,,,,,,
556d81e5-24ce-4948-afb2-f5e987b2d26e,,,,,,,,,,,,,,,,,,,,,,,,,,,,,,,,,,,,,,,
55736ae0-5f96-453d-a133-5f9fea40c7ca,,,,,,,,,,,,,,,,,,,,,,,,,,,,,,,,,,,,,,,
557aaeb7-e8f9-40ae-9631-b6320c1370af,,,,,,,,,,,,,,,,,,,,,,,,,,,,,,,,,,,,,,,
557b9372-6f52-42d8-a674-f394b30b779f,,,,,,,,,,,,,,,,,,,,,,,,,,,,,,,,,,,,,,,
557d2005-f29d-478d-89c2-829d0e0a33cb,,,,,,,,,,,,,,,,,,,,,,,,,,,,,,,,,,,,,,,
557f5368-7159-445b-be13-6e22f2ccd864,,,,,,,,,,,,,,,,,,,,,,,,,,,,,,,,,,,,,,,
558249fd-8412-4bca-980b-e122b60c1cc4,,,,,,,,,,,,,,,,,,,,,,,,,,,,,,,,,,,,,,,
5586490f-659a-4cfa-a8db-e536d20fbc1e,,,,,,,,,,,,,,,,,,,,,,,,,,,,,,,,,,,,,,,
55901fba-afc8-427f-8c91-d30c80a7e731,,,,,,,,,,,,,,,,,,,,,,,,,,,,,,,,,,,,,,,
5592f8b8-797c-4f79-9337-fa3a0a4cca54,,,,,,,,,,,,,,,,,,,,,,,,,,,,,,,,,,,,,,,
5594b0db-6663-4c9d-9c57-04fd975506e9,,,,,,,,,,,,,,,,,,,,,,,,,,,,,,,,,,,,,,,
559845b5-d785-465f-9c35-6db448e36ef7,,,,,,,,,,,,,,,,,,,,,,,,,,,,,,,,,,,,,,,
55985088-0d04-4412-9161-b5f704e0b1c0,,,,,,,,,,,,,,,,,,,,,,,,,,,,,,,,,,,,,,,
559a36d3-62d7-44d0-89c5-064e58d0ce9a,,,,,,,,,,,,,,,,,,,,,,,,,,,,,,,,,,,,,,,
559bc999-f035-4cad-80b3-5e5c98129861,,,,,,,,,,,,,,,,,,,,,,,,,,,,,,,,,,,,,,,
559dc625-a443-4f38-a68c-46332ed2808a,,,,,,,,,,,,,,,,,,,,,,,,,,,,,,,,,,,,,,,
55a260f5-46e9-40dd-87bb-947c3d7f845a,,,,,,,,,,,,,,,,,,,,,,,,,,,,,,,,,,,,,,,
55a307ee-d8d4-40a8-9a18-fe995eb09f2b,,,,,,,,,,,,,,,,,,,,,,,,,,,,,,,,,,,,,,,
55a3b2f2-cb77-4a73-a2ac-6a30d4033f3f,,,,,,,,,,,,,,,,,,,,,,,,,,,,,,,,,,,,,,,
55a48cbb-7f6c-4077-b293-250abba63dce,naver,1.0,1.0,,,,,,,,,,,,,,,,,,,,,,,,,,,,,,,,,,,,
55ae2b4d-2796-4032-bc19-490ed57047a7,,,,,,,,,,,,,,,,,,,,,,,,,,,,,,,,,,,,,,,
55ae9c6d-051a-4c0f-b690-2b41ce6a753d,crisp,1.0,1.0,,,,,,,,,,,,,,,,,,,,,,,,,,,,,,,,,,,,
55b046d4-cc9a-46a5-a67e-e930e113c54d,,,,,,,,,,,,,,,,,,,,,,,,,,,,,,,,,,,,,,,
55bcc319-369b-4e40-be24-ee74b624b7ad,,,,,,,,,,,,,,,,,,,,,,,,,,,,,,,,,,,,,,,
55c0c126-d7ef-406e-acde-799dc71a0c1b,,,,,,,,,,,,,,,,,,,,,,,,,,,,,,,,,,,,,,,
55cbebce-cef4-40af-bf26-cfc8855a22d9,,,,,,,,,,,,,,,,,,,,,,,,,,,,,,,,,,,,,,,
55ce321c-af1e-428e-ba1e-c04fdba5fa8a,,,,,,,,,,,,,,,,,,,,,,,,,,,,,,,,,,,,,,,
55d4780d-50f2-4ff7-b828-568948568dfd,,,,,,,,,,,,,,,,,,,,,,,,,,,,,,,,,,,,,,,
55d51d95-b3d6-42c2-89ac-7e16d971c04d,,,,,,,,,,,,,,,,,,,,,,,,,,,,,,,,,,,,,,,
55d97c44-caa4-45b2-a84d-c1aa870820b2,,,,,,,,,,,,,,,,,,,,,,,,,,,,,,,,,,,,,,,
55d9d2bb-8414-4f2d-a5a1-5fea9d56d071,,,,,,,,,,,,,,,,,,,,,,,,,,,,,,,,,,,,,,,
55dc88f9-e452-413e-88d7-ac6bc44fc38a,,,,,,,,,,,,,,,,,,,,,,,,,,,,,,,,,,,,,,,
55dfc254-4484-450c-9007-d0ef2385c729,,,,,,,,,,,,,,,,,,,,,,,,,,,,,,,,,,,,,,,
55e205a4-461a-4d4a-87f9-f389fb46af93,,,,,,,,,,,,,,,,,,,,,,,,,,,,,,,,,,,,,,,
55e2bb23-9fc3-45ff-b541-9edca96ac041,,,,,,,,,,,,,,,,,,,,,,,,,,,,,,,,,,,,,,,
55e2d630-deed-4e3f-9166-d1c5858ed461,,,,,,,,,,,,,,,,,,,,,,,,,,,,,,,,,,,,,,,
55e4142a-5968-4b62-b27f-4385a5419ada,,,,,,,,,,,,,,,,,,,,,,,,,,,,,,,,,,,,,,,
55f0a733-9f00-4464-8f37-4b212bfbb0b2,,,,,,,,,,,,,,,,,,,,,,,,,,,,,,,,,,,,,,,
55f6aa12-3d2d-44e8-92dd-dca556f993c8,,,,,,,,,,,,,,,,,,,,,,,,,,,,,,,,,,,,,,,
5602f797-307c-45bc-948e-c7263bb69f21,,,,,,,,,,,,,,,,,,,,,,,,,,,,,,,,,,,,,,,
56082419-d85c-402a-8e6f-2ab3b327ff0f,,,,,,,,,,,,,,,,,,,,,,,,,,,,,,,,,,,,,,,
560fb6ed-5151-41e8-9596-778211b6aa50,,,,,,,,,,,,,,,,,,,,,,,,,,,,,,,,,,,,,,,
5618b0e7-1609-4202-bfc0-660846b8bb52,,,,,,,,,,,,,,,,,,,,,,,,,,,,,,,,,,,,,,,
5619cd86-9a05-45d8-a5a2-ca285a8cb225,,,,,,,,,,,,,,,,,,,,,,,,,,,,,,,,,,,,,,,
56231a57-22f7-4beb-bc4e-1762b7972575,,,,,,,,,,,,,,,,,,,,,,,,,,,,,,,,,,,,,,,
5628f341-9bd2-40ca-9ebe-4a91821c4f26,,,,,,,,,,,,,,,,,,,,,,,,,,,,,,,,,,,,,,,
562ce5e7-6807-4782-884b-a2dfb37638d4,,,,,,,,,,,,,,,,,,,,,,,,,,,,,,,,,,,,,,,
56335c70-37f4-47b6-bc92-5df5280e1816,,,,,,,,,,,,,,,,,,,,,,,,,,,,,,,,,,,,,,,
563e50f1-e517-4cb7-ac9f-4cc695394035,,,,,,,,,,,,,,,,,,,,,,,,,,,,,,,,,,,,,,,
563ea53e-3c84-4c6d-9e96-81353a9e1ceb,,,,,,,,,,,,,,,,,,,,,,,,,,,,,,,,,,,,,,,
5645f0b1-508a-492e-aabb-a9d172c483ff,,,,,,,,,,,,,,,,,,,,,,,,,,,,,,,,,,,,,,,
56477476-7744-4364-bfde-5d054bfdcef6,,,,,,,,,,,,,,,,,,,,,,,,,,,,,,,,,,,,,,,
564a6dd7-1903-447a-88e0-9d9707217a90,,,,,,,,,,,,,,,,,,,,,,,,,,,,,,,,,,,,,,,
56608815-ff03-49e9-adf0-9ca1c5dcd9d8,,,,,,,,,,,,,,,,,,,,,,,,,,,,,,,,,,,,,,,
56682f17-4e8c-490e-9272-43bcb3d76de3,,,,,,,,,,,,,,,,,,,,,,,,,,,,,,,,,,,,,,,
566cbce4-0833-4a16-b7eb-5526ab3d7be1,qq.com,1.0,1.0,,,,,,,,,,,,,,,,,,,,,,,,,,,,,,,,,,,,
56790e1a-e9be-40ab-b163-fc35648845a6,,,,,,,,,,,,,,,,,,,,,,,,,,,,,,,,,,,,,,,
567adcfa-d6e1-4af0-9545-02c0a0565584,,,,,,,,,,,,,,,,,,,,,,,,,,,,,,,,,,,,,,,
567c2ba7-7fc0-4c98-a7a6-1bc46e6b9225,,,,,,,,,,,,,,,,,,,,,,,,,,,,,,,,,,,,,,,
56809ca1-3273-429d-b960-465879a68aff,,,,,,,,,,,,,,,,,,,,,,,,,,,,,,,,,,,,,,,
568461c3-b6e5-4791-b94a-aa7dd0886a9e,,,,,,,,,,,,,,,,,,,,,,,,,,,,,,,,,,,,,,,
5684985d-d726-4161-907b-9000924507b8,,,,,,,,,,,,,,,,,,,,,,,,,,,,,,,,,,,,,,,
5695962e-d148-4924-8130-0401fbf8e547,,,,,,,,,,,,,,,,,,,,,,,,,,,,,,,,,,,,,,,
569b6993-2c9d-41fa-863b-2cde589a1ea1,,,,,,,,,,,,,,,,,,,,,,,,,,,,,,,,,,,,,,,
569c451b-7488-493a-bce0-fd189d4a5552,,,,,,,,,,,,,,,,,,,,,,,,,,,,,,,,,,,,,,,
56ab0a3a-8fdd-412c-beae-99812ca96932,,,,,,,,,,,,,,,,,,,,,,,,,,,,,,,,,,,,,,,
56ab3a2a-de1d-4da2-899f-c5b3eb92896b,,,,,,,,,,,,,,,,,,,,,,,,,,,,,,,,,,,,,,,
56b5b16b-7882-4dba-845b-2ec374647592,,,,,,,,,,,,,,,,,,,,,,,,,,,,,,,,,,,,,,,
56b99e63-dff9-4971-883d-315d6a7badb9,,,,,,,,,,,,,,,,,,,,,,,,,,,,,,,,,,,,,,,
56bc5f5a-ad6a-48e4-a0d3-2ecfdfa573c6,,,,,,,,,,,,,,,,,,,,,,,,,,,,,,,,,,,,,,,
56c85437-9556-4bab-87d2-a6683a20b1bf,,,,,,,,,,,,,,,,,,,,,,,,,,,,,,,,,,,,,,,
56cc407a-4faf-4bc8-bbaf-6b3fe08a97a5,,,,,,,,,,,,,,,,,,,,,,,,,,,,,,,,,,,,,,,
56d78a70-5a7d-4509-97c1-bcea8b8f9ea9,,,,,,,,,,,,,,,,,,,,,,,,,,,,,,,,,,,,,,,
56e23bae-db47-488b-b2a6-07c838d4314b,,,,,,,,,,,,,,,,,,,,,,,,,,,,,,,,,,,,,,,
56f92ccb-d37b-4f96-9aaa-441f73ef9b98,,,,,,,,,,,,,,,,,,,,,,,,,,,,,,,,,,,,,,,
56fd4027-ff22-40d2-9a4f-b33569b52417,,,,,,,,,,,,,,,,,,,,,,,,,,,,,,,,,,,,,,,
56fe603b-7e51-460a-b84e-dd4ac2bc686c,,,,,,,,,,,,,,,,,,,,,,,,,,,,,,,,,,,,,,,
56ff98a0-d8b5-4690-aa97-017d69985094,,,,,,,,,,,,,,,,,,,,,,,,,,,,,,,,,,,,,,,
5700ce3b-4d4e-4c60-82a5-fea4d51c4951,,,,,,,,,,,,,,,,,,,,,,,,,,,,,,,,,,,,,,,
5711273c-f12a-4f61-878a-d36b0ec41a9e,,,,,,,,,,,,,,,,,,,,,,,,,,,,,,,,,,,,,,,
5711abf6-a6b8-4337-a338-b9dae521bef4,,,,,,,,,,,,,,,,,,,,,,,,,,,,,,,,,,,,,,,
57138a59-78ed-4995-bc97-4583b0db5153,,,,,,,,,,,,,,,,,,,,,,,,,,,,,,,,,,,,,,,
57175192-c501-48c2-b1d1-3407c347c403,,,,,,,,,,,,,,,,,,,,,,,,,,,,,,,,,,,,,,,
5725d203-424b-4def-a0a0-03e55c1edc2c,,,,,,,,,,,,,,,,,,,,,,,,,,,,,,,,,,,,,,,
573f8274-689e-4cc5-968e-63a428ca325b,,,,,,,,,,,,,,,,,,,,,,,,,,,,,,,,,,,,,,,
57421999-d002-4234-b7d5-7799af775305,,,,,,,,,,,,,,,,,,,,,,,,,,,,,,,,,,,,,,,
574f3471-6836-420e-a551-9b8e85939435,salesforce,1.0,1.0,,,,,,,,,,,,,,,,,,,,,,,,,,,,,,,,,,,,
57510d48-f310-40a8-97ad-6d31ce3fb866,,,,,,,,,,,,,,,,,,,,,,,,,,,,,,,,,,,,,,,
575d51e3-049c-4489-805f-f9fcee06c3e5,,,,,,,,,,,,,,,,,,,,,,,,,,,,,,,,,,,,,,,
575df025-7b85-4f00-b81f-6cd692f32187,,,,,,,,,,,,,,,,,,,,,,,,,,,,,,,,,,,,,,,
575ea713-e6b7-4748-8003-d7c120557f85,,,,,,,,,,,,,,,,,,,,,,,,,,,,,,,,,,,,,,,
576a312d-2712-4ce1-84f2-82528b466930,,,,,,,,,,,,,,,,,,,,,,,,,,,,,,,,,,,,,,,
576d8601-89e7-4486-b5e4-02a0981cd659,,,,,,,,,,,,,,,,,,,,,,,,,,,,,,,,,,,,,,,
576f9ea5-e293-4a12-b034-9ec0bd6cbd35,,,,,,,,,,,,,,,,,,,,,,,,,,,,,,,,,,,,,,,
5775a309-460e-447a-8a77-a41b5a7ebe34,,,,,,,,,,,,,,,,,,,,,,,,,,,,,,,,,,,,,,,
57779be3-0911-471b-a036-f4272dbc6d84,,,,,,,,,,,,,,,,,,,,,,,,,,,,,,,,,,,,,,,
5777d018-667d-41a5-af79-e2dc56743ad6,,,,,,,,,,,,,,,,,,,,,,,,,,,,,,,,,,,,,,,
57882e22-bded-4707-a2b2-1142db6806a7,,,,,,,,,,,,,,,,,,,,,,,,,,,,,,,,,,,,,,,
57885541-c685-4a5d-bf0e-9e452a986096,,,,,,,,,,,,,,,,,,,,,,,,,,,,,,,,,,,,,,,
5789142d-e05d-490c-8f96-c1401e3e7b97,rakuten,1.0,1.0,,,,,,,,,,,,,,,,,,,,,,,,,,,,,,,,,,,,
578ed183-c2b5-4b07-984c-b56e035b8791,,,,,,,,,,,,,,,,,,,,,,,,,,,,,,,,,,,,,,,
579593ef-ae70-4ca6-bb22-8397e5e2a849,,,,,,,,,,,,,,,,,,,,,,,,,,,,,,,,,,,,,,,
5795f07f-2042-4255-b1ff-e99657d1b8bb,,,,,,,,,,,,,,,,,,,,,,,,,,,,,,,,,,,,,,,
57a1557f-4485-430f-991e-1013f88a7af0,,,,,,,,,,,,,,,,,,,,,,,,,,,,,,,,,,,,,,,
57a26445-0344-40e4-b8b8-68f8c043fc02,,,,,,,,,,,,,,,,,,,,,,,,,,,,,,,,,,,,,,,
57a3a453-3b39-4df8-9ccd-9cfa9497da42,,,,,,,,,,,,,,,,,,,,,,,,,,,,,,,,,,,,,,,
57a8f83f-f521-4fda-961c-40a7c105c565,,,,,,,,,,,,,,,,,,,,,,,,,,,,,,,,,,,,,,,
57a993a3-8e3e-4185-abd5-0370f15579ac,,,,,,,,,,,,,,,,,,,,,,,,,,,,,,,,,,,,,,,
57aedadc-49b1-4b1a-8310-8053a7fd293d,,,,,,,,,,,,,,,,,,,,,,,,,,,,,,,,,,,,,,,
57afb48d-14c4-4e90-9fcd-3c3f79fc93ac,verizon,1.0,1.0,,,,,,,,,,,,,,,,,,,,,,,,,,,,,,,,,,,,
57b22b17-ee08-492c-8deb-ffc3af91d8e7,atlassian,1.0,1.0,,,,,,,,,,,,,,,,,,,,,,,,,,,,,,,,,,,,
57b92db8-4186-44a4-a940-d8365de523eb,,,,,,,,,,,,,,,,,,,,,,,,,,,,,,,,,,,,,,,
57b9f16e-bf33-40ed-9d4d-a69b4b634413,,,,,,,,,,,,,,,,,,,,,,,,,,,,,,,,,,,,,,,
57c176e4-2566-495c-9342-19430ed1be79,yandex,1.0,1.0,,,,,,,,,,,,,,,,,,,,,,,,,,,,,,,,,,,,
57ca94d8-77d4-43af-b22a-dd1e42dd1173,,,,,,,,,,,,,,,,,,,,,,,,,,,,,,,,,,,,,,,
57cac729-7e84-4b85-b407-88610e1cf7e6,,,,,,,,,,,,,,,,,,,,,,,,,,,,,,,,,,,,,,,
57d40d90-019a-4aaa-b13c-8e54aae040df,,,,,,,,,,,,,,,,,,,,,,,,,,,,,,,,,,,,,,,
57d8b39c-e639-438f-bfae-4f1d4989ce4b,adobe,1.0,1.0,,,,,,,,,,,,,,,,,,,,,,,,,,,,,,,,,,,,
57da5ee0-b03f-497e-b8f4-0c2f37529b1d,,,,,,,,,,,,,,,,,,,,,,,,,,,,,,,,,,,,,,,
57e55728-af3b-40eb-ac48-08a5d25c8d30,,,,,,,,,,,,,,,,,,,,,,,,,,,,,,,,,,,,,,,
57f88e74-bc0f-43ca-94f1-33e10111c52e,,,,,,,,,,,,,,,,,,,,,,,,,,,,,,,,,,,,,,,
5817b9e0-6d7f-4c84-954a-7d8b91940e2f,,,,,,,,,,,,,,,,,,,,,,,,,,,,,,,,,,,,,,,
581b2a31-55b2-48e8-8b9e-a8632f8ed6ba,,,,,,,,,,,,,,,,,,,,,,,,,,,,,,,,,,,,,,,
581c4ad4-d92d-4614-9014-ab0d45de4a76,,,,,,,,,,,,,,,,,,,,,,,,,,,,,,,,,,,,,,,
5828116e-13e5-4fcc-a0fd-8e59a80cb49e,,,,,,,,,,,,,,,,,,,,,,,,,,,,,,,,,,,,,,,
582e3a89-a22e-444d-b61a-5790d1ddc9b5,,,,,,,,,,,,,,,,,,,,,,,,,,,,,,,,,,,,,,,
58320899-795b-4896-aa35-180bf0b1d412,,,,,,,,,,,,,,,,,,,,,,,,,,,,,,,,,,,,,,,
5838d39a-de66-463c-b06f-07cf9f99fe46,,,,,,,,,,,,,,,,,,,,,,,,,,,,,,,,,,,,,,,
584767c0-8a9e-4ce7-b69c-15f50636b085,,,,,,,,,,,,,,,,,,,,,,,,,,,,,,,,,,,,,,,
584805c0-c1f9-4bcf-8fd8-b1bc6473f5be,,,,,,,,,,,,,,,,,,,,,,,,,,,,,,,,,,,,,,,
5857c892-2bd1-4f62-9495-f87ed49b4fec,,,,,,,,,,,,,,,,,,,,,,,,,,,,,,,,,,,,,,,
585f1d1f-91d7-42a9-90a4-3904da9d94ae,,,,,,,,,,,,,,,,,,,,,,,,,,,,,,,,,,,,,,,
5860abcd-efce-4ef5-a98d-e557ec508f21,,,,,,,,,,,,,,,,,,,,,,,,,,,,,,,,,,,,,,,
5860e178-6907-42ca-b034-33cb2e3a1ffc,,,,,,,,,,,,,,,,,,,,,,,,,,,,,,,,,,,,,,,
5863561b-008b-4042-a254-8467ae4147f8,,,,,,,,,,,,,,,,,,,,,,,,,,,,,,,,,,,,,,,
586ef5e6-f97c-410e-abd9-85df9c1ab35e,verizon,1.0,1.0,,,,,,,,,,,,,,,,,,,,,,,,,,,,,,,,,,,,
58728e00-0eb6-40ca-896a-3d53fb4223c7,,,,,,,,,,,,,,,,,,,,,,,,,,,,,,,,,,,,,,,
587820ae-c8a9-46a7-9398-671a599a2284,,,,,,,,,,,,,,,,,,,,,,,,,,,,,,,,,,,,,,,
587a4e8c-e6f1-457b-a986-2c4321a9883e,,,,,,,,,,,,,,,,,,,,,,,,,,,,,,,,,,,,,,,
587c09e9-41c0-4e25-ae00-5e1affdb2094,,,,,,,,,,,,,,,,,,,,,,,,,,,,,,,,,,,,,,,
587eb04c-c85f-4ae4-81ec-6b0a3e9adc9d,,,,,,,,,,,,,,,,,,,,,,,,,,,,,,,,,,,,,,,
5880d271-94a1-4641-ad16-310315f15778,,,,,,,,,,,,,,,,,,,,,,,,,,,,,,,,,,,,,,,
588120c2-7fa1-4600-ad93-9e29959dc5cb,,,,,,,,,,,,,,,,,,,,,,,,,,,,,,,,,,,,,,,
588149f5-6cbf-47fa-8dab-4eb2af57dfdd,,,,,,,,,,,,,,,,,,,,,,,,,,,,,,,,,,,,,,,
5881831d-5b71-4969-aee7-1856ba38e8dc,,,,,,,,,,,,,,,,,,,,,,,,,,,,,,,,,,,,,,,
58876c3f-6c65-4713-9b70-798ee966b4a9,,,,,,,,,,,,,,,,,,,,,,,,,,,,,,,,,,,,,,,
588abb89-ab83-4d75-953f-252ba1e1668d,,,,,,,,,,,,,,,,,,,,,,,,,,,,,,,,,,,,,,,
5892c1b9-e717-48f5-a15d-e0f79a03dddf,,,,,,,,,,,,,,,,,,,,,,,,,,,,,,,,,,,,,,,
58943b81-ff50-4c98-84d7-300baf8a5bfa,,,,,,,,,,,,,,,,,,,,,,,,,,,,,,,,,,,,,,,
58952175-7bc5-4e80-8c23-78e692fa0377,,,,,,,,,,,,,,,,,,,,,,,,,,,,,,,,,,,,,,,
589d6533-a3ce-480c-83c8-9b527b5c1b99,baidu,1.0,1.0,,,,,,,,,,,,,,,,,,,,,,,,,,,,,,,,,,,,
589e9bb0-34a5-41c7-81a5-f88e577116d7,,,,,,,,,,,,,,,,,,,,,,,,,,,,,,,,,,,,,,,
58a351f9-de56-44c0-ac7b-ede10cc1463c,,,,,,,,,,,,,,,,,,,,,,,,,,,,,,,,,,,,,,,
58a56fea-dd56-45ef-8fe5-923fad006f8b,,,,,,,,,,,,,,,,,,,,,,,,,,,,,,,,,,,,,,,
58ae9767-d555-43ef-861b-c4788032a9e8,,,,,,,,,,,,,,,,,,,,,,,,,,,,,,,,,,,,,,,
58b5c0b0-682c-4b72-a360-383333b736b8,,,,,,,,,,,,,,,,,,,,,,,,,,,,,,,,,,,,,,,
58bce288-5b79-46b9-b69c-4b3aae3f2c3e,,,,,,,,,,,,,,,,,,,,,,,,,,,,,,,,,,,,,,,
58c0d732-4150-4b94-97c5-4cb3e1bffc41,,,,,,,,,,,,,,,,,,,,,,,,,,,,,,,,,,,,,,,
58c30f56-5905-43e9-9a24-09ac5b2a53d0,,,,,,,,,,,,,,,,,,,,,,,,,,,,,,,,,,,,,,,
58c74c18-a9a9-4f34-98a6-2f927c75a2ff,,,,,,,,,,,,,,,,,,,,,,,,,,,,,,,,,,,,,,,
58d17496-6974-4fd0-b036-f19c7beb14b7,,,,,,,,,,,,,,,,,,,,,,,,,,,,,,,,,,,,,,,
58d25852-898a-4e92-8560-9e3e32610a00,,,,,,,,,,,,,,,,,,,,,,,,,,,,,,,,,,,,,,,
58d6526b-627a-42b0-85db-63047899ba10,microsoft,1.0,0.5,shutterstock_inc,1.0,0.5,,,,,,,,,,,,,,,,,,,,,,,,,,,,,,,,,
58dfdfa8-e57c-41ab-9e86-c94830c013fa,,,,,,,,,,,,,,,,,,,,,,,,,,,,,,,,,,,,,,,
58e4fb55-5583-45e6-a0e2-73bcee529189,,,,,,,,,,,,,,,,,,,,,,,,,,,,,,,,,,,,,,,
58e50b8f-1a34-4531-a25c-2d753a95a856,,,,,,,,,,,,,,,,,,,,,,,,,,,,,,,,,,,,,,,
58eb2023-bebf-4b3d-ac6b-e4e82d0ca10a,,,,,,,,,,,,,,,,,,,,,,,,,,,,,,,,,,,,,,,
58ec4625-63d7-4236-9107-bd9d43736765,,,,,,,,,,,,,,,,,,,,,,,,,,,,,,,,,,,,,,,
58eca3a6-fdc3-4523-bbfa-6a8d33d20101,,,,,,,,,,,,,,,,,,,,,,,,,,,,,,,,,,,,,,,
58ece43a-2b9d-4b4d-adaf-50fe7bf9f491,,,,,,,,,,,,,,,,,,,,,,,,,,,,,,,,,,,,,,,
58f3219e-b05b-4ffd-aeb7-0717daa627de,,,,,,,,,,,,,,,,,,,,,,,,,,,,,,,,,,,,,,,
58f63225-f177-4730-8c86-67760c5a49ee,,,,,,,,,,,,,,,,,,,,,,,,,,,,,,,,,,,,,,,
58f6fecf-23a2-46d3-8e0a-032e49c84168,,,,,,,,,,,,,,,,,,,,,,,,,,,,,,,,,,,,,,,
58f8e21d-9be5-485f-8727-d4354c215ad5,,,,,,,,,,,,,,,,,,,,,,,,,,,,,,,,,,,,,,,
58fb5c5c-18df-476e-a125-09234be0f0ef,,,,,,,,,,,,,,,,,,,,,,,,,,,,,,,,,,,,,,,
58fd14bd-19aa-4699-b313-e35bfa67214a,,,,,,,,,,,,,,,,,,,,,,,,,,,,,,,,,,,,,,,
58fe8b1b-422a-4ad2-8459-859465984d69,,,,,,,,,,,,,,,,,,,,,,,,,,,,,,,,,,,,,,,
59000dbf-2267-4ba2-92d3-70e6bdd7f6b4,,,,,,,,,,,,,,,,,,,,,,,,,,,,,,,,,,,,,,,
5904b566-d456-4ac7-927f-7c3329fc6e05,,,,,,,,,,,,,,,,,,,,,,,,,,,,,,,,,,,,,,,
59160d4b-d49d-484b-861a-f5cb3de993e4,,,,,,,,,,,,,,,,,,,,,,,,,,,,,,,,,,,,,,,
59172fc0-00e5-4d57-9290-365e25b02c85,,,,,,,,,,,,,,,,,,,,,,,,,,,,,,,,,,,,,,,
59187b29-c5fc-4d8c-9e87-1e3ee5e94e1f,,,,,,,,,,,,,,,,,,,,,,,,,,,,,,,,,,,,,,,
591ed85c-643e-4cac-ba84-6fe0db765f15,,,,,,,,,,,,,,,,,,,,,,,,,,,,,,,,,,,,,,,
591f86d7-2996-4727-bf13-32d733554eb9,,,,,,,,,,,,,,,,,,,,,,,,,,,,,,,,,,,,,,,
5924f56a-eaff-4ae7-af37-1ecf3a9e642c,,,,,,,,,,,,,,,,,,,,,,,,,,,,,,,,,,,,,,,
592593e8-1924-4e61-adb5-77e48131290d,,,,,,,,,,,,,,,,,,,,,,,,,,,,,,,,,,,,,,,
5926be24-7a68-4b7d-bed3-cae35029db83,,,,,,,,,,,,,,,,,,,,,,,,,,,,,,,,,,,,,,,
592f7ec2-56f9-4573-ac7f-061fb95b0dfb,,,,,,,,,,,,,,,,,,,,,,,,,,,,,,,,,,,,,,,
5938dacc-24b3-45ec-85b1-342f98357abe,,,,,,,,,,,,,,,,,,,,,,,,,,,,,,,,,,,,,,,
59446a60-35ec-4dfa-b5fe-d49666029205,,,,,,,,,,,,,,,,,,,,,,,,,,,,,,,,,,,,,,,
5945ad1b-3d5f-4d09-9c38-43d7fbc5e6d8,,,,,,,,,,,,,,,,,,,,,,,,,,,,,,,,,,,,,,,
5949ccba-10bf-4070-bea7-d3e2b23824e8,,,,,,,,,,,,,,,,,,,,,,,,,,,,,,,,,,,,,,,
594cbd08-766c-4b3b-9ca3-ca002eeef7ab,,,,,,,,,,,,,,,,,,,,,,,,,,,,,,,,,,,,,,,
594e1015-9700-4afd-bc7f-3b74a1b45131,,,,,,,,,,,,,,,,,,,,,,,,,,,,,,,,,,,,,,,
595421ba-056f-4c8f-90fa-a2a2c9e8cfaa,,,,,,,,,,,,,,,,,,,,,,,,,,,,,,,,,,,,,,,
59650e40-84ba-43fa-9eb4-a495c193b1d7,,,,,,,,,,,,,,,,,,,,,,,,,,,,,,,,,,,,,,,
596db757-c7a5-494e-b0d0-81b6a5728221,,,,,,,,,,,,,,,,,,,,,,,,,,,,,,,,,,,,,,,
59738f07-cdc2-4082-a2b0-62abca543b72,,,,,,,,,,,,,,,,,,,,,,,,,,,,,,,,,,,,,,,
59756af3-2158-46e0-aa66-1a4625ac7c7e,,,,,,,,,,,,,,,,,,,,,,,,,,,,,,,,,,,,,,,
5982c2ee-fd6c-4e52-a4a6-b69e9c7a2a11,,,,,,,,,,,,,,,,,,,,,,,,,,,,,,,,,,,,,,,
5985c9cf-7e44-4071-b1fa-10f7013b07b6,rambler,1.0,1.0,,,,,,,,,,,,,,,,,,,,,,,,,,,,,,,,,,,,
5991c6c1-859b-4fe8-a234-4fb5fcaaffe1,,,,,,,,,,,,,,,,,,,,,,,,,,,,,,,,,,,,,,,
5998416b-0416-4473-a20c-2cbe2da0c5ed,,,,,,,,,,,,,,,,,,,,,,,,,,,,,,,,,,,,,,,
59a1600a-28c5-4ef8-9e82-bc0975cfbc88,,,,,,,,,,,,,,,,,,,,,,,,,,,,,,,,,,,,,,,
59ab772b-57e9-4313-b56e-0d3d7970cc7c,,,,,,,,,,,,,,,,,,,,,,,,,,,,,,,,,,,,,,,
59ac2ed2-5db7-444d-9416-c1dcd2ff24b7,,,,,,,,,,,,,,,,,,,,,,,,,,,,,,,,,,,,,,,
59b28e8e-9dc1-4ecd-8a32-dfb716addcb5,,,,,,,,,,,,,,,,,,,,,,,,,,,,,,,,,,,,,,,
59c3d9be-5f6b-42cd-93bd-2ca88e837f55,,,,,,,,,,,,,,,,,,,,,,,,,,,,,,,,,,,,,,,
59cecaa5-6a54-4d06-a82d-ce65adb93730,,,,,,,,,,,,,,,,,,,,,,,,,,,,,,,,,,,,,,,
59cf1845-998f-4d30-ad26-5dadf2fbf779,,,,,,,,,,,,,,,,,,,,,,,,,,,,,,,,,,,,,,,
59d0990c-556a-451b-9db3-053c280a6b6c,clickup,1.0,1.0,,,,,,,,,,,,,,,,,,,,,,,,,,,,,,,,,,,,
59d725ab-e1ee-4e8f-885f-834efb3fc415,,,,,,,,,,,,,,,,,,,,,,,,,,,,,,,,,,,,,,,
59dbc65e-c11e-4565-a13d-9914596c7eb1,,,,,,,,,,,,,,,,,,,,,,,,,,,,,,,,,,,,,,,
59e06e8e-3aa2-49d7-9091-d3e53bb83e1d,,,,,,,,,,,,,,,,,,,,,,,,,,,,,,,,,,,,,,,
59e70dd7-bfb5-4dd5-b1d0-96e54be3c878,,,,,,,,,,,,,,,,,,,,,,,,,,,,,,,,,,,,,,,
59e84f4b-f193-41fd-845a-8728d7820d25,,,,,,,,,,,,,,,,,,,,,,,,,,,,,,,,,,,,,,,
59e8a773-834f-482c-a7b1-8e7117cf1d05,,,,,,,,,,,,,,,,,,,,,,,,,,,,,,,,,,,,,,,
59ed5794-19e4-4729-aba5-d5715e43e829,,,,,,,,,,,,,,,,,,,,,,,,,,,,,,,,,,,,,,,
59f1c1a0-997c-4364-9d75-c72f9be896c4,,,,,,,,,,,,,,,,,,,,,,,,,,,,,,,,,,,,,,,
59f98159-6ebf-4fab-9f0f-a1ac8b0fb481,,,,,,,,,,,,,,,,,,,,,,,,,,,,,,,,,,,,,,,
5a07cf84-df6c-4e69-9a56-2a681aa126d7,,,,,,,,,,,,,,,,,,,,,,,,,,,,,,,,,,,,,,,
5a1756d8-b15c-4100-a6c2-9538fa3dd39c,,,,,,,,,,,,,,,,,,,,,,,,,,,,,,,,,,,,,,,
5a25f1b8-1e62-45d8-86a7-fc570b2c81d5,,,,,,,,,,,,,,,,,,,,,,,,,,,,,,,,,,,,,,,
5a2a4b31-e1ff-4e24-8e0a-937b23d6d7e4,,,,,,,,,,,,,,,,,,,,,,,,,,,,,,,,,,,,,,,
5a2cd562-b9ff-4959-a256-89bc03e1a8b3,,,,,,,,,,,,,,,,,,,,,,,,,,,,,,,,,,,,,,,
5a31f17d-5c16-4111-bd06-48c444ce1207,typeform,1.0,1.0,,,,,,,,,,,,,,,,,,,,,,,,,,,,,,,,,,,,
5a426222-bf91-40af-89d4-75aa0d11ee2b,,,,,,,,,,,,,,,,,,,,,,,,,,,,,,,,,,,,,,,
5a42a963-001e-4687-a458-ec6f72aff20e,heap,1.0,1.0,,,,,,,,,,,,,,,,,,,,,,,,,,,,,,,,,,,,
5a4360df-60e4-47e1-9af8-751774446059,,,,,,,,,,,,,,,,,,,,,,,,,,,,,,,,,,,,,,,
5a4431af-550b-43c4-9077-1792cde84f8e,,,,,,,,,,,,,,,,,,,,,,,,,,,,,,,,,,,,,,,
5a44a2ca-1127-4371-8d13-d39ba8012219,,,,,,,,,,,,,,,,,,,,,,,,,,,,,,,,,,,,,,,
5a4650f2-4d96-4639-99f6-34d6d116a621,,,,,,,,,,,,,,,,,,,,,,,,,,,,,,,,,,,,,,,
5a466252-3de7-447d-95a5-8498766271e8,,,,,,,,,,,,,,,,,,,,,,,,,,,,,,,,,,,,,,,
5a4cc7fb-c89f-4972-90c4-a514fed0cd07,,,,,,,,,,,,,,,,,,,,,,,,,,,,,,,,,,,,,,,
5a5afdd1-6745-424c-918a-527932fe0db5,,,,,,,,,,,,,,,,,,,,,,,,,,,,,,,,,,,,,,,
5a5c2f45-c9c4-491c-9682-22e7594c96c0,,,,,,,,,,,,,,,,,,,,,,,,,,,,,,,,,,,,,,,
5a6220ab-e221-4ea5-888a-1ef30ebfbe21,,,,,,,,,,,,,,,,,,,,,,,,,,,,,,,,,,,,,,,
5a681f92-f7f9-49f7-bada-38dbb6c075e3,,,,,,,,,,,,,,,,,,,,,,,,,,,,,,,,,,,,,,,
5a6e748e-bea6-4532-b57a-d54b3a92b278,zoominfo,1.0,1.0,,,,,,,,,,,,,,,,,,,,,,,,,,,,,,,,,,,,
5a715e6a-fad9-472a-8da9-d1113b3d97ae,,,,,,,,,,,,,,,,,,,,,,,,,,,,,,,,,,,,,,,
5a76b6be-2aaa-40f6-a4c1-50396adc782a,,,,,,,,,,,,,,,,,,,,,,,,,,,,,,,,,,,,,,,
5a79dc46-d597-4eb1-a391-bc9cea063723,,,,,,,,,,,,,,,,,,,,,,,,,,,,,,,,,,,,,,,
5a8187ee-fb03-4030-bf94-90c88ad1dd57,,,,,,,,,,,,,,,,,,,,,,,,,,,,,,,,,,,,,,,
5a81b143-a650-44fb-a215-f5cdbdbac990,,,,,,,,,,,,,,,,,,,,,,,,,,,,,,,,,,,,,,,
5a8cb848-9028-4123-b805-5559ad58cb37,qualified,1.0,1.0,,,,,,,,,,,,,,,,,,,,,,,,,,,,,,,,,,,,
5a9787cb-a351-40cc-927a-308480ac2ea3,,,,,,,,,,,,,,,,,,,,,,,,,,,,,,,,,,,,,,,
5a997c28-9737-405e-8ea0-faab27aaa28e,,,,,,,,,,,,,,,,,,,,,,,,,,,,,,,,,,,,,,,
5ab20314-c18c-4f35-b427-3a40be52c037,,,,,,,,,,,,,,,,,,,,,,,,,,,,,,,,,,,,,,,
5ab3359b-d67d-42a4-8ead-42e4cb20e20c,,,,,,,,,,,,,,,,,,,,,,,,,,,,,,,,,,,,,,,
5abf1191-9140-4927-8652-244209e23851,,,,,,,,,,,,,,,,,,,,,,,,,,,,,,,,,,,,,,,
5ac394f8-71e8-40c4-a860-19ff8f193432,,,,,,,,,,,,,,,,,,,,,,,,,,,,,,,,,,,,,,,
5ac7a0bd-2b44-4bff-b8de-ba2eb1db6cfa,,,,,,,,,,,,,,,,,,,,,,,,,,,,,,,,,,,,,,,
5acb58e7-4c47-4def-a7d7-96f112d15236,,,,,,,,,,,,,,,,,,,,,,,,,,,,,,,,,,,,,,,
5ae5a94b-7f4f-4564-a675-a7bc22e5dfe3,,,,,,,,,,,,,,,,,,,,,,,,,,,,,,,,,,,,,,,
5ae74353-9d0f-410d-9db0-4d809d39170c,,,,,,,,,,,,,,,,,,,,,,,,,,,,,,,,,,,,,,,
5ae75e6d-3586-413b-a496-00f6994d245d,,,,,,,,,,,,,,,,,,,,,,,,,,,,,,,,,,,,,,,
5ae7ec57-7bf5-4a18-b765-61d9f3ef107a,,,,,,,,,,,,,,,,,,,,,,,,,,,,,,,,,,,,,,,
5ae83246-32c4-483e-a357-0db22d09a66f,,,,,,,,,,,,,,,,,,,,,,,,,,,,,,,,,,,,,,,
5aeaf671-dd53-4ec6-b324-c6a9c3b99a73,,,,,,,,,,,,,,,,,,,,,,,,,,,,,,,,,,,,,,,
5af24d2d-3a2c-4839-b30f-52ac9edc44bd,,,,,,,,,,,,,,,,,,,,,,,,,,,,,,,,,,,,,,,
5af2b419-e89d-4b80-a1d2-e8620a36cdac,,,,,,,,,,,,,,,,,,,,,,,,,,,,,,,,,,,,,,,
5af8bc3f-aba6-40c1-8c8f-4c21d020a180,,,,,,,,,,,,,,,,,,,,,,,,,,,,,,,,,,,,,,,
5afada84-1818-41db-bc8c-506fb595e3e0,qq.com,1.0,1.0,,,,,,,,,,,,,,,,,,,,,,,,,,,,,,,,,,,,
5b029d35-8277-41bf-b408-e35d3ee54aa8,,,,,,,,,,,,,,,,,,,,,,,,,,,,,,,,,,,,,,,
5b084200-6e84-48c9-b98b-3915bdcfcbfd,olark,1.0,1.0,,,,,,,,,,,,,,,,,,,,,,,,,,,,,,,,,,,,
5b0cdb49-24e2-492c-9fa1-cec30b325bfd,wp_engine,1.0,1.0,,,,,,,,,,,,,,,,,,,,,,,,,,,,,,,,,,,,
5b1437ba-5722-4320-acb6-7021ee255305,,,,,,,,,,,,,,,,,,,,,,,,,,,,,,,,,,,,,,,
5b181ea4-06b8-418d-bc7d-2a597fab41e3,,,,,,,,,,,,,,,,,,,,,,,,,,,,,,,,,,,,,,,
5b1c3f13-5a5d-4367-8f43-dc5cfe17bf02,,,,,,,,,,,,,,,,,,,,,,,,,,,,,,,,,,,,,,,
5b24361f-ea49-42d7-aa40-33e82639a6b1,,,,,,,,,,,,,,,,,,,,,,,,,,,,,,,,,,,,,,,
5b29735c-5f5a-4df4-9d22-9eb02bc5f858,,,,,,,,,,,,,,,,,,,,,,,,,,,,,,,,,,,,,,,
5b29f899-ffdd-47f9-bee0-62d78ddba628,,,,,,,,,,,,,,,,,,,,,,,,,,,,,,,,,,,,,,,
5b2cbee1-59df-404e-9f11-1d61c4846196,,,,,,,,,,,,,,,,,,,,,,,,,,,,,,,,,,,,,,,
5b33d998-cd63-407c-9eaa-2bae3413650f,,,,,,,,,,,,,,,,,,,,,,,,,,,,,,,,,,,,,,,
5b3cea0a-d944-48bf-a155-32f133cf730a,,,,,,,,,,,,,,,,,,,,,,,,,,,,,,,,,,,,,,,
5b4229d0-6830-44fe-972a-558a6b157bca,,,,,,,,,,,,,,,,,,,,,,,,,,,,,,,,,,,,,,,
5b57c20c-e57a-4c32-8a3f-81354b012576,,,,,,,,,,,,,,,,,,,,,,,,,,,,,,,,,,,,,,,
5b5f1ef8-56f9-4e34-af86-0784b3bc6b80,,,,,,,,,,,,,,,,,,,,,,,,,,,,,,,,,,,,,,,
5b664e4e-891a-4f41-a8e0-b486194f254b,,,,,,,,,,,,,,,,,,,,,,,,,,,,,,,,,,,,,,,
5b68f6df-9823-4f07-8883-adbc6976aa5f,,,,,,,,,,,,,,,,,,,,,,,,,,,,,,,,,,,,,,,
5b722c65-c91e-4f3b-9692-6c09028fb7bd,,,,,,,,,,,,,,,,,,,,,,,,,,,,,,,,,,,,,,,
5b7230ba-ba17-4bc2-a56f-8869e8335166,,,,,,,,,,,,,,,,,,,,,,,,,,,,,,,,,,,,,,,
5b7518b9-0706-4d48-828e-4bd569c9f942,,,,,,,,,,,,,,,,,,,,,,,,,,,,,,,,,,,,,,,
5b874c4e-9bc8-4c75-8295-e164eb7e7c08,verizon,1.0,1.0,,,,,,,,,,,,,,,,,,,,,,,,,,,,,,,,,,,,
5b877bf0-79f1-4754-b80c-5bf0d529630e,,,,,,,,,,,,,,,,,,,,,,,,,,,,,,,,,,,,,,,
5b8dd3d0-41ba-4c47-b2e7-19a61fc197ba,,,,,,,,,,,,,,,,,,,,,,,,,,,,,,,,,,,,,,,
5b90cf2a-11ac-479a-9331-5111aad46606,,,,,,,,,,,,,,,,,,,,,,,,,,,,,,,,,,,,,,,
5b993dd9-ff13-41e9-bd9d-c4e874056cd2,,,,,,,,,,,,,,,,,,,,,,,,,,,,,,,,,,,,,,,
5b9ce542-3ccb-4825-ac0f-5aae3d0e7065,,,,,,,,,,,,,,,,,,,,,,,,,,,,,,,,,,,,,,,
5b9d6b69-afd0-4c90-890d-6a060f2a99c3,,,,,,,,,,,,,,,,,,,,,,,,,,,,,,,,,,,,,,,
5ba17afe-955a-43da-83bf-30c5366a77ec,,,,,,,,,,,,,,,,,,,,,,,,,,,,,,,,,,,,,,,
5ba405d3-3389-44c1-a29c-bae87debf125,,,,,,,,,,,,,,,,,,,,,,,,,,,,,,,,,,,,,,,
5baea3ae-1c7c-4b79-8c7f-6feab4f646ec,,,,,,,,,,,,,,,,,,,,,,,,,,,,,,,,,,,,,,,
5bb059ac-fec4-4ac7-84dd-809746aa6f8e,,,,,,,,,,,,,,,,,,,,,,,,,,,,,,,,,,,,,,,
5bb6b283-2804-4733-9cbb-340ceb074632,,,,,,,,,,,,,,,,,,,,,,,,,,,,,,,,,,,,,,,
5bbae52c-6086-447c-bf48-efc6e4dee1b6,,,,,,,,,,,,,,,,,,,,,,,,,,,,,,,,,,,,,,,
5bbc633e-fb78-4a8c-9d14-3e08ad6464bd,,,,,,,,,,,,,,,,,,,,,,,,,,,,,,,,,,,,,,,
5bc024a0-7b76-4180-a77c-371cb23d5049,,,,,,,,,,,,,,,,,,,,,,,,,,,,,,,,,,,,,,,
5bc24132-9961-4734-a157-80ab3bf56664,,,,,,,,,,,,,,,,,,,,,,,,,,,,,,,,,,,,,,,
5bcbd0e0-5142-449d-b582-98223d25a008,,,,,,,,,,,,,,,,,,,,,,,,,,,,,,,,,,,,,,,
5bd31f1e-79ca-41c7-b7d3-85ca55ca3356,,,,,,,,,,,,,,,,,,,,,,,,,,,,,,,,,,,,,,,
5bd467a7-551d-4cf6-8539-304afd2ea3ee,,,,,,,,,,,,,,,,,,,,,,,,,,,,,,,,,,,,,,,
5bd951e8-d54c-4856-8cba-ea886e90c837,,,,,,,,,,,,,,,,,,,,,,,,,,,,,,,,,,,,,,,
5bdd1af7-a97a-428d-85d9-6a6ea591afbd,,,,,,,,,,,,,,,,,,,,,,,,,,,,,,,,,,,,,,,
5be391e9-9415-4e90-84eb-22c645629f31,,,,,,,,,,,,,,,,,,,,,,,,,,,,,,,,,,,,,,,
5be405aa-6d26-45ae-add2-db992f1e1deb,,,,,,,,,,,,,,,,,,,,,,,,,,,,,,,,,,,,,,,
5bf0e471-051a-45fa-9590-d00fdacc414d,,,,,,,,,,,,,,,,,,,,,,,,,,,,,,,,,,,,,,,
5bf0f92a-a566-4244-9bde-c31dc81f5e6e,usercentrics,1.0,1.0,,,,,,,,,,,,,,,,,,,,,,,,,,,,,,,,,,,,
5bfccd14-647e-43e7-9b89-eafbeadf46e5,mailchimp,1.0,1.0,,,,,,,,,,,,,,,,,,,,,,,,,,,,,,,,,,,,
5c06f92d-df4a-494b-9571-b3e58b2f12f0,,,,,,,,,,,,,,,,,,,,,,,,,,,,,,,,,,,,,,,
5c080183-0ec0-4819-9bb5-aa2aaedef221,,,,,,,,,,,,,,,,,,,,,,,,,,,,,,,,,,,,,,,
5c089b0e-5d56-4281-b33c-ff3d3f23b3d0,,,,,,,,,,,,,,,,,,,,,,,,,,,,,,,,,,,,,,,
5c155738-1645-48d8-90e2-99c327956e5d,,,,,,,,,,,,,,,,,,,,,,,,,,,,,,,,,,,,,,,
5c15c5d8-507d-4d1b-b632-df6a56147da3,,,,,,,,,,,,,,,,,,,,,,,,,,,,,,,,,,,,,,,
5c1d2f26-27bc-4bb9-835a-7f7ded4c3603,,,,,,,,,,,,,,,,,,,,,,,,,,,,,,,,,,,,,,,
5c1d8a6f-0b56-4aa2-a7d1-60f04b6e01db,,,,,,,,,,,,,,,,,,,,,,,,,,,,,,,,,,,,,,,
5c1fafdd-7529-4ae7-8114-10045c2c2413,,,,,,,,,,,,,,,,,,,,,,,,,,,,,,,,,,,,,,,
5c21f153-e589-41de-8deb-d0b5b493fb1e,,,,,,,,,,,,,,,,,,,,,,,,,,,,,,,,,,,,,,,
5c235338-be9f-4c49-8327-865dd92aa48c,,,,,,,,,,,,,,,,,,,,,,,,,,,,,,,,,,,,,,,
5c3a1290-8f5d-47b2-a907-6e7aa602c886,,,,,,,,,,,,,,,,,,,,,,,,,,,,,,,,,,,,,,,
5c3ee357-37bf-4380-b9d4-a1cddd1b31f5,,,,,,,,,,,,,,,,,,,,,,,,,,,,,,,,,,,,,,,
5c436f64-0d2a-435c-86b6-10fb3424a655,,,,,,,,,,,,,,,,,,,,,,,,,,,,,,,,,,,,,,,
5c4b02b7-b5f6-4db9-8fb8-0c26726ac36f,,,,,,,,,,,,,,,,,,,,,,,,,,,,,,,,,,,,,,,
5c4b33ac-f852-4d25-a9f2-f545eb24b526,,,,,,,,,,,,,,,,,,,,,,,,,,,,,,,,,,,,,,,
5c55f5bd-e723-4070-90d5-7b9bce82fcd9,,,,,,,,,,,,,,,,,,,,,,,,,,,,,,,,,,,,,,,
5c58ee90-0249-4372-bc6c-d835bfe7a8ab,,,,,,,,,,,,,,,,,,,,,,,,,,,,,,,,,,,,,,,
5c5cbab3-9be8-481b-8db6-a894b10ae0db,google,1.0,1.0,,,,,,,,,,,,,,,,,,,,,,,,,,,,,,,,,,,,
5c5f9320-27a2-456d-a466-ffb09b75f30a,,,,,,,,,,,,,,,,,,,,,,,,,,,,,,,,,,,,,,,
5c675990-29c9-43d3-ab93-8d9ba479d7d4,,,,,,,,,,,,,,,,,,,,,,,,,,,,,,,,,,,,,,,
5c75be99-d39f-48be-a989-5a86b425de3a,,,,,,,,,,,,,,,,,,,,,,,,,,,,,,,,,,,,,,,
5c7b16db-5ede-4571-8611-eed52fc6c15e,,,,,,,,,,,,,,,,,,,,,,,,,,,,,,,,,,,,,,,
5c7c48e4-04f1-46e5-9e0e-93d512f9e191,,,,,,,,,,,,,,,,,,,,,,,,,,,,,,,,,,,,,,,
5c7d6535-d327-4876-9f2b-e4500840860f,,,,,,,,,,,,,,,,,,,,,,,,,,,,,,,,,,,,,,,
5c80e5da-e858-410f-bc46-50d202b32918,,,,,,,,,,,,,,,,,,,,,,,,,,,,,,,,,,,,,,,
5c83ab75-7e97-4db2-b0e8-ebf329e771f6,,,,,,,,,,,,,,,,,,,,,,,,,,,,,,,,,,,,,,,
5c98529a-9587-4b19-92ea-1069c6c20379,,,,,,,,,,,,,,,,,,,,,,,,,,,,,,,,,,,,,,,
5c992f58-3a6e-44c4-81b4-3aa7630fe25b,,,,,,,,,,,,,,,,,,,,,,,,,,,,,,,,,,,,,,,
5ca00807-2fc7-4d57-8afc-15339ca0bc50,,,,,,,,,,,,,,,,,,,,,,,,,,,,,,,,,,,,,,,
5ca1bfd3-e830-4e85-b4d1-906396ac3574,,,,,,,,,,,,,,,,,,,,,,,,,,,,,,,,,,,,,,,
5ca3dc4a-c80a-4b51-adaa-670f9697cec5,,,,,,,,,,,,,,,,,,,,,,,,,,,,,,,,,,,,,,,
5ca819cf-12e5-450c-a27b-4cd8da1ca493,,,,,,,,,,,,,,,,,,,,,,,,,,,,,,,,,,,,,,,
5cb442d8-28f1-4857-bd68-1e4339b5076c,,,,,,,,,,,,,,,,,,,,,,,,,,,,,,,,,,,,,,,
5cbe5062-4940-4241-a632-fec678560cd2,,,,,,,,,,,,,,,,,,,,,,,,,,,,,,,,,,,,,,,
5cc1adb8-6e8e-4380-95ea-a680901d9bba,amplitude,1.0,1.0,,,,,,,,,,,,,,,,,,,,,,,,,,,,,,,,,,,,
5cc507d0-9715-4f14-8158-fc087d376567,,,,,,,,,,,,,,,,,,,,,,,,,,,,,,,,,,,,,,,
5cc511a0-8272-4b1b-81eb-67ecd426575c,,,,,,,,,,,,,,,,,,,,,,,,,,,,,,,,,,,,,,,
5ccce318-4505-4722-b8fe-13b88089160f,google,1.0,1.0,,,,,,,,,,,,,,,,,,,,,,,,,,,,,,,,,,,,
5cd7c187-c0c3-4d60-87b1-b1c6e92b909c,,,,,,,,,,,,,,,,,,,,,,,,,,,,,,,,,,,,,,,
5ce1f9a1-8095-40c9-b7f9-6f3a0265c4cc,,,,,,,,,,,,,,,,,,,,,,,,,,,,,,,,,,,,,,,
5cefaea7-2ee3-4295-87ca-4ba5fc614d23,,,,,,,,,,,,,,,,,,,,,,,,,,,,,,,,,,,,,,,
5cf26f64-ef91-427b-8771-6353c1752a8e,,,,,,,,,,,,,,,,,,,,,,,,,,,,,,,,,,,,,,,
5cf2d58e-b971-45e2-b695-5435730906d5,,,,,,,,,,,,,,,,,,,,,,,,,,,,,,,,,,,,,,,
5cf769e7-9f42-4ebf-a968-d96df4b7b26d,,,,,,,,,,,,,,,,,,,,,,,,,,,,,,,,,,,,,,,
5cfc3979-61f8-454a-ab5b-ded0b30289ed,,,,,,,,,,,,,,,,,,,,,,,,,,,,,,,,,,,,,,,
5cfd16d8-ccea-4300-950f-07ed85285a42,microsoft,1.0,1.0,,,,,,,,,,,,,,,,,,,,,,,,,,,,,,,,,,,,
5cfecf7d-7074-4592-a451-7287131aaaa3,,,,,,,,,,,,,,,,,,,,,,,,,,,,,,,,,,,,,,,
5d05c586-d870-40a5-971a-05ac3f2b281e,,,,,,,,,,,,,,,,,,,,,,,,,,,,,,,,,,,,,,,
5d0f2648-8255-4e48-b05a-10a2a369d3b7,,,,,,,,,,,,,,,,,,,,,,,,,,,,,,,,,,,,,,,
5d107e27-bab9-4863-aaae-512cb6cd69f5,,,,,,,,,,,,,,,,,,,,,,,,,,,,,,,,,,,,,,,
5d237788-ef87-4be9-bd24-6df894535ccf,,,,,,,,,,,,,,,,,,,,,,,,,,,,,,,,,,,,,,,
5d2df9a1-13f8-490f-8d29-5bd6af0bb732,,,,,,,,,,,,,,,,,,,,,,,,,,,,,,,,,,,,,,,
5d36b9d6-7ea6-40bd-b3cb-3c6f9540b305,,,,,,,,,,,,,,,,,,,,,,,,,,,,,,,,,,,,,,,
5d3b7c18-865d-4602-8ace-c87e2b5d7b19,,,,,,,,,,,,,,,,,,,,,,,,,,,,,,,,,,,,,,,
5d3df57e-17ce-43d2-9869-fe23fda9b8b7,,,,,,,,,,,,,,,,,,,,,,,,,,,,,,,,,,,,,,,
5d4c249f-2ac8-49d9-a0a7-88a1b7e42d8d,,,,,,,,,,,,,,,,,,,,,,,,,,,,,,,,,,,,,,,
5d4fcb8a-b4c2-4fa0-a04d-a4b02c3848f3,,,,,,,,,,,,,,,,,,,,,,,,,,,,,,,,,,,,,,,
5d50a035-7335-4128-af2f-5bd2ef80e4a2,,,,,,,,,,,,,,,,,,,,,,,,,,,,,,,,,,,,,,,
5d57351d-ef2c-431b-9b70-841419f9949f,,,,,,,,,,,,,,,,,,,,,,,,,,,,,,,,,,,,,,,
5d5a382c-dd4c-4230-bb23-c55dfe0d1edf,,,,,,,,,,,,,,,,,,,,,,,,,,,,,,,,,,,,,,,
5d69068b-20be-4aec-bfe0-b6f5e522a514,,,,,,,,,,,,,,,,,,,,,,,,,,,,,,,,,,,,,,,
5d69ffbc-f73c-42c9-abed-4ed7b470b4bb,,,,,,,,,,,,,,,,,,,,,,,,,,,,,,,,,,,,,,,
5d7a170c-7393-45c5-805c-6222865e41fa,wikimedia_foundation,1.0,1.0,,,,,,,,,,,,,,,,,,,,,,,,,,,,,,,,,,,,
5d7a8da9-6ce3-4634-9f9b-5da9bf06a9c2,,,,,,,,,,,,,,,,,,,,,,,,,,,,,,,,,,,,,,,
5d7ab5d7-2152-4e7f-82b5-1b76dea04987,,,,,,,,,,,,,,,,,,,,,,,,,,,,,,,,,,,,,,,
5d90d427-1331-4cd3-9565-7fd338c08d2c,,,,,,,,,,,,,,,,,,,,,,,,,,,,,,,,,,,,,,,
5d9a16e7-b785-46a1-b6e8-bd90de165a95,,,,,,,,,,,,,,,,,,,,,,,,,,,,,,,,,,,,,,,
5d9b255f-57e1-482c-ab3e-406fa882922e,,,,,,,,,,,,,,,,,,,,,,,,,,,,,,,,,,,,,,,
5d9b3ed0-92e3-4d8b-b745-08fc8b697e4f,orange_mobile,1.0,1.0,,,,,,,,,,,,,,,,,,,,,,,,,,,,,,,,,,,,
5db8679c-62d3-47ee-89b5-712aaa56ec88,,,,,,,,,,,,,,,,,,,,,,,,,,,,,,,,,,,,,,,
5dba3f46-9bd8-4653-aa27-11834ac13aca,,,,,,,,,,,,,,,,,,,,,,,,,,,,,,,,,,,,,,,
5dba5de6-eec6-4595-b4ad-7af2318a3a88,,,,,,,,,,,,,,,,,,,,,,,,,,,,,,,,,,,,,,,
5dba731f-fa1d-4b62-a7bc-3d8bc2dce8cc,,,,,,,,,,,,,,,,,,,,,,,,,,,,,,,,,,,,,,,
5dbae5d9-e67c-4870-b6cd-e384d804166c,,,,,,,,,,,,,,,,,,,,,,,,,,,,,,,,,,,,,,,
5dc78df1-c3e8-40ea-9af4-93fded98ab47,,,,,,,,,,,,,,,,,,,,,,,,,,,,,,,,,,,,,,,
5dcf2cb1-b6f5-4c09-a4bc-259949424d7e,,,,,,,,,,,,,,,,,,,,,,,,,,,,,,,,,,,,,,,
5dd1cfe6-dc21-413d-ac50-859b7baf5af1,,,,,,,,,,,,,,,,,,,,,,,,,,,,,,,,,,,,,,,
5dd6c371-7a63-4876-959a-1ef9c7583777,,,,,,,,,,,,,,,,,,,,,,,,,,,,,,,,,,,,,,,
5dd820ae-40d2-4d96-a664-c4e0e6051502,,,,,,,,,,,,,,,,,,,,,,,,,,,,,,,,,,,,,,,
5dda6370-ec40-4930-bb5e-9d5e80d32219,,,,,,,,,,,,,,,,,,,,,,,,,,,,,,,,,,,,,,,
5dddd811-35ea-4ea1-b0a8-c4530ba62a22,,,,,,,,,,,,,,,,,,,,,,,,,,,,,,,,,,,,,,,
5dedf311-732d-4d0c-a0ae-f3e9532e7d32,,,,,,,,,,,,,,,,,,,,,,,,,,,,,,,,,,,,,,,
5dfe2eaf-1f18-4538-ae03-a9caba546c09,,,,,,,,,,,,,,,,,,,,,,,,,,,,,,,,,,,,,,,
5e026dc5-b9e9-4e17-9590-39bd76ef0425,,,,,,,,,,,,,,,,,,,,,,,,,,,,,,,,,,,,,,,
5e04b442-5012-4ada-a6e5-ca5ba97bf399,,,,,,,,,,,,,,,,,,,,,,,,,,,,,,,,,,,,,,,
5e13718b-a647-49cd-9bf4-7790ac9e4373,,,,,,,,,,,,,,,,,,,,,,,,,,,,,,,,,,,,,,,
5e203912-b532-4717-a56d-8c17b9b7806f,,,,,,,,,,,,,,,,,,,,,,,,,,,,,,,,,,,,,,,
5e21bd17-2700-41c7-88d7-3f93413e9455,,,,,,,,,,,,,,,,,,,,,,,,,,,,,,,,,,,,,,,
5e391efc-ab10-4dda-bd07-d9c18a1305a6,,,,,,,,,,,,,,,,,,,,,,,,,,,,,,,,,,,,,,,
5e3af01a-c12b-40e7-9eba-fdcf9000007e,,,,,,,,,,,,,,,,,,,,,,,,,,,,,,,,,,,,,,,
5e3fa5f9-10d1-4aa7-8197-8cc63ec3a903,,,,,,,,,,,,,,,,,,,,,,,,,,,,,,,,,,,,,,,
5e472434-5f9e-4ebf-beae-eb727965a206,,,,,,,,,,,,,,,,,,,,,,,,,,,,,,,,,,,,,,,
5e52b518-b126-42b2-a712-45a9983e93c2,,,,,,,,,,,,,,,,,,,,,,,,,,,,,,,,,,,,,,,
5e5505f1-d6b5-4828-bca3-72cfd91527ea,,,,,,,,,,,,,,,,,,,,,,,,,,,,,,,,,,,,,,,
5e57d3f6-1321-40eb-ad70-db16ac4a4ef2,,,,,,,,,,,,,,,,,,,,,,,,,,,,,,,,,,,,,,,
5e5ad335-29bd-438d-9925-fc6d2b290112,,,,,,,,,,,,,,,,,,,,,,,,,,,,,,,,,,,,,,,
5e5dd7cf-3264-4d87-8a7d-da12d0d02873,,,,,,,,,,,,,,,,,,,,,,,,,,,,,,,,,,,,,,,
5e5f6f94-b8c3-4880-bac6-1f56ae897eb9,,,,,,,,,,,,,,,,,,,,,,,,,,,,,,,,,,,,,,,
5e61eb5d-aabb-4356-abef-04d7e9a6bf49,,,,,,,,,,,,,,,,,,,,,,,,,,,,,,,,,,,,,,,
5e62bfea-1f34-4ddd-847e-cb17a6ddacbb,,,,,,,,,,,,,,,,,,,,,,,,,,,,,,,,,,,,,,,
5e6468aa-f059-41c0-a0e4-d9db51f816c1,,,,,,,,,,,,,,,,,,,,,,,,,,,,,,,,,,,,,,,
5e6483a5-b301-4f40-afb7-ff933a4f1b54,,,,,,,,,,,,,,,,,,,,,,,,,,,,,,,,,,,,,,,
5e6748f8-e904-4ed7-90a1-9595fa859652,,,,,,,,,,,,,,,,,,,,,,,,,,,,,,,,,,,,,,,
5e7c49f1-a837-4204-ba69-6978ebb8f11c,,,,,,,,,,,,,,,,,,,,,,,,,,,,,,,,,,,,,,,
5e7c85f6-55af-4f62-affe-e20db4a77ba9,,,,,,,,,,,,,,,,,,,,,,,,,,,,,,,,,,,,,,,
5e80f7e8-6a38-41bc-a124-5ad0c0b4428f,,,,,,,,,,,,,,,,,,,,,,,,,,,,,,,,,,,,,,,
5e8138a2-a7c5-48cb-841d-f0cf91c5f2ba,,,,,,,,,,,,,,,,,,,,,,,,,,,,,,,,,,,,,,,
5e8583ee-5404-451f-9c3a-f099175d914f,,,,,,,,,,,,,,,,,,,,,,,,,,,,,,,,,,,,,,,
5e89c532-3713-403f-9328-2b6acbc2ece1,,,,,,,,,,,,,,,,,,,,,,,,,,,,,,,,,,,,,,,
5e97937a-8bb3-46d7-8a0c-fb4487af17c6,,,,,,,,,,,,,,,,,,,,,,,,,,,,,,,,,,,,,,,
5eaa2aef-90b9-4b6d-9d5a-2d344b42b131,,,,,,,,,,,,,,,,,,,,,,,,,,,,,,,,,,,,,,,
5eacd11c-195c-4d7b-ba21-72e6b8f27211,,,,,,,,,,,,,,,,,,,,,,,,,,,,,,,,,,,,,,,
5eb2f301-2e85-4b45-98c3-a58ce3893bed,,,,,,,,,,,,,,,,,,,,,,,,,,,,,,,,,,,,,,,
5eb322d5-e65d-4f37-87d8-b79b073705e9,,,,,,,,,,,,,,,,,,,,,,,,,,,,,,,,,,,,,,,
5eb543ec-ca79-4c7c-b440-9a7ce7e00c29,,,,,,,,,,,,,,,,,,,,,,,,,,,,,,,,,,,,,,,
5eb582af-1c2b-4e79-aa4b-ea3d5ebd1279,,,,,,,,,,,,,,,,,,,,,,,,,,,,,,,,,,,,,,,
5eb86e61-a2eb-4713-89ab-b7936d14c8ba,,,,,,,,,,,,,,,,,,,,,,,,,,,,,,,,,,,,,,,
5ec19381-dd07-40ab-b050-d27180a8326e,,,,,,,,,,,,,,,,,,,,,,,,,,,,,,,,,,,,,,,
5ec1ee19-4fe4-48d1-b534-cd1f4dfa8134,,,,,,,,,,,,,,,,,,,,,,,,,,,,,,,,,,,,,,,
5ec2cdbb-39cd-4461-a0ab-588b74acd262,,,,,,,,,,,,,,,,,,,,,,,,,,,,,,,,,,,,,,,
5ec4aa87-ac2e-4931-a0c5-8679cb157a89,,,,,,,,,,,,,,,,,,,,,,,,,,,,,,,,,,,,,,,
5ec53484-a106-4e8e-b694-dd70c1d3d9e1,,,,,,,,,,,,,,,,,,,,,,,,,,,,,,,,,,,,,,,
5ecf9967-26d9-4fef-a11b-75087c7439db,hubspot,1.0,1.0,,,,,,,,,,,,,,,,,,,,,,,,,,,,,,,,,,,,
5eda2971-82cd-4b2b-babc-20ad49e6a4f3,,,,,,,,,,,,,,,,,,,,,,,,,,,,,,,,,,,,,,,
5edba56c-6d92-4b92-9cc3-4b92e2a06beb,,,,,,,,,,,,,,,,,,,,,,,,,,,,,,,,,,,,,,,
5ede3b57-56ac-4381-9c0e-9f3a154e2346,,,,,,,,,,,,,,,,,,,,,,,,,,,,,,,,,,,,,,,
5ede5d87-0d61-414c-ae63-502eeb330a63,,,,,,,,,,,,,,,,,,,,,,,,,,,,,,,,,,,,,,,
5ededdd7-fd75-416d-a96c-f45b9cf9dbd6,,,,,,,,,,,,,,,,,,,,,,,,,,,,,,,,,,,,,,,
5ee19c15-937c-4318-bcc3-12ac20e38bd4,,,,,,,,,,,,,,,,,,,,,,,,,,,,,,,,,,,,,,,
5ee1dd0c-0a05-475a-863b-647c2f2e594b,,,,,,,,,,,,,,,,,,,,,,,,,,,,,,,,,,,,,,,
5ee9f68e-dc7d-4f4e-ac8e-929fab633668,,,,,,,,,,,,,,,,,,,,,,,,,,,,,,,,,,,,,,,
5eef4299-e044-42dd-9859-b5830167b697,,,,,,,,,,,,,,,,,,,,,,,,,,,,,,,,,,,,,,,
5ef31151-3af9-45c3-8d09-41d5d538acb5,,,,,,,,,,,,,,,,,,,,,,,,,,,,,,,,,,,,,,,
5f016ada-9803-4134-9506-01e5d7d75c67,,,,,,,,,,,,,,,,,,,,,,,,,,,,,,,,,,,,,,,
5f0439d6-31ba-4cc3-bada-5cfea97a13e1,,,,,,,,,,,,,,,,,,,,,,,,,,,,,,,,,,,,,,,
5f070d5c-e8c1-4e7b-be31-1f38680c1022,optimizely,1.0,1.0,,,,,,,,,,,,,,,,,,,,,,,,,,,,,,,,,,,,
5f0c7a6a-8a55-42d3-9390-74c7210b5907,,,,,,,,,,,,,,,,,,,,,,,,,,,,,,,,,,,,,,,
5f100340-191a-4d2d-a20a-d042c4cf0811,,,,,,,,,,,,,,,,,,,,,,,,,,,,,,,,,,,,,,,
5f143c23-fced-44c8-b129-18644682548c,,,,,,,,,,,,,,,,,,,,,,,,,,,,,,,,,,,,,,,
5f169a93-3196-4f9b-8418-ff9141ea3b50,the_new_york_times,1.0,0.5,soundcloud,1.0,0.5,,,,,,,,,,,,,,,,,,,,,,,,,,,,,,,,,
5f1c1092-9ad2-4d50-a224-51a89030551c,,,,,,,,,,,,,,,,,,,,,,,,,,,,,,,,,,,,,,,
5f1e9c79-ba76-4f57-b754-bd9c247d3257,,,,,,,,,,,,,,,,,,,,,,,,,,,,,,,,,,,,,,,
5f20be32-6f84-417b-b981-11e4c01361ff,,,,,,,,,,,,,,,,,,,,,,,,,,,,,,,,,,,,,,,
5f383bf2-e346-4767-a891-834e3708394e,,,,,,,,,,,,,,,,,,,,,,,,,,,,,,,,,,,,,,,
5f397d67-5c33-4c52-b4c1-57f9f2168729,,,,,,,,,,,,,,,,,,,,,,,,,,,,,,,,,,,,,,,
5f3dbc9b-a8b9-4357-9051-097a72116891,,,,,,,,,,,,,,,,,,,,,,,,,,,,,,,,,,,,,,,
5f3e031c-6170-4a7e-b283-68e646c6c4d7,,,,,,,,,,,,,,,,,,,,,,,,,,,,,,,,,,,,,,,
5f44395b-76af-4f5e-8c25-7575520f92ae,,,,,,,,,,,,,,,,,,,,,,,,,,,,,,,,,,,,,,,
5f455700-a8e4-46fd-aac0-991a49e51f88,,,,,,,,,,,,,,,,,,,,,,,,,,,,,,,,,,,,,,,
5f463e2c-5b1c-4b26-8ea8-eedfec1d9ff5,,,,,,,,,,,,,,,,,,,,,,,,,,,,,,,,,,,,,,,
5f49671a-45d8-4b17-92b1-a17eb91adc7f,,,,,,,,,,,,,,,,,,,,,,,,,,,,,,,,,,,,,,,
5f597a22-5990-46c5-a521-57f65177a678,,,,,,,,,,,,,,,,,,,,,,,,,,,,,,,,,,,,,,,
5f5ae541-d497-4d4a-802f-bfde521db7fc,,,,,,,,,,,,,,,,,,,,,,,,,,,,,,,,,,,,,,,
5f5b9728-05f4-46d3-862b-5629549fa2dd,,,,,,,,,,,,,,,,,,,,,,,,,,,,,,,,,,,,,,,
5f6295b3-8fe6-47a3-9452-7a50eb543876,,,,,,,,,,,,,,,,,,,,,,,,,,,,,,,,,,,,,,,
5f651028-f381-4b4d-9561-ec2ac1295a86,,,,,,,,,,,,,,,,,,,,,,,,,,,,,,,,,,,,,,,
5f6aeb54-0650-41a8-8721-1205324ee6aa,,,,,,,,,,,,,,,,,,,,,,,,,,,,,,,,,,,,,,,
5f7354f9-7b47-4adc-9978-cf42034ff922,,,,,,,,,,,,,,,,,,,,,,,,,,,,,,,,,,,,,,,
5f798738-8bdb-4052-a5d8-a86ed0499cc6,,,,,,,,,,,,,,,,,,,,,,,,,,,,,,,,,,,,,,,
5f8431e8-4dee-483d-98b9-d151083e0cec,,,,,,,,,,,,,,,,,,,,,,,,,,,,,,,,,,,,,,,
5f8e432c-de2b-4e59-ba93-d2e33de10472,,,,,,,,,,,,,,,,,,,,,,,,,,,,,,,,,,,,,,,
5f93654d-44cd-4871-a42b-45505b42916b,,,,,,,,,,,,,,,,,,,,,,,,,,,,,,,,,,,,,,,
5f9b59d6-7b96-4152-ada7-cad5d3e237c5,,,,,,,,,,,,,,,,,,,,,,,,,,,,,,,,,,,,,,,
5f9e304c-2787-4862-b27a-72c8c2e21835,,,,,,,,,,,,,,,,,,,,,,,,,,,,,,,,,,,,,,,
5fa2b6c2-fdf9-42de-ac39-16c1eb19f7c0,,,,,,,,,,,,,,,,,,,,,,,,,,,,,,,,,,,,,,,
5fa96655-3867-49d1-8b6a-85fefe842182,,,,,,,,,,,,,,,,,,,,,,,,,,,,,,,,,,,,,,,
5fb268e4-1906-4622-91e0-cae944d90b71,,,,,,,,,,,,,,,,,,,,,,,,,,,,,,,,,,,,,,,
5fb7a7a2-e706-4fae-a357-0f776943c5b8,,,,,,,,,,,,,,,,,,,,,,,,,,,,,,,,,,,,,,,
5fb8b197-4514-43c7-bcfd-103cc1c9faa4,,,,,,,,,,,,,,,,,,,,,,,,,,,,,,,,,,,,,,,
5fc54b3a-2529-4da9-9644-712debbb006e,,,,,,,,,,,,,,,,,,,,,,,,,,,,,,,,,,,,,,,
5fc64041-d6f7-422d-a25a-87be1e6d1966,,,,,,,,,,,,,,,,,,,,,,,,,,,,,,,,,,,,,,,
5fc662b8-322c-4657-a6eb-00ff68352510,mailchimp,1.0,1.0,,,,,,,,,,,,,,,,,,,,,,,,,,,,,,,,,,,,
5fcca8d6-f4f5-4f8f-98a5-f64809c6e533,,,,,,,,,,,,,,,,,,,,,,,,,,,,,,,,,,,,,,,
5fd1019a-857f-4003-8a26-195e495c5006,,,,,,,,,,,,,,,,,,,,,,,,,,,,,,,,,,,,,,,
5fd46173-2cd9-4a08-b056-fa4f71df78eb,,,,,,,,,,,,,,,,,,,,,,,,,,,,,,,,,,,,,,,
5fd75170-f3ed-4efb-b4d2-046e5bd65a76,,,,,,,,,,,,,,,,,,,,,,,,,,,,,,,,,,,,,,,
5fdc758d-18f6-4982-9a4c-020dd51e8883,google,1.0,1.0,,,,,,,,,,,,,,,,,,,,,,,,,,,,,,,,,,,,
5fe01900-a62e-496c-bec6-6c1742911653,,,,,,,,,,,,,,,,,,,,,,,,,,,,,,,,,,,,,,,
5fe7789b-6413-4b74-98ac-75e6ddc266a6,,,,,,,,,,,,,,,,,,,,,,,,,,,,,,,,,,,,,,,
5fe8ca4c-3c08-4565-908e-e93f3a81c17f,,,,,,,,,,,,,,,,,,,,,,,,,,,,,,,,,,,,,,,
5feb3f86-cfd2-41f1-a1d3-a2ae25e5d4cc,,,,,,,,,,,,,,,,,,,,,,,,,,,,,,,,,,,,,,,
5ff06d20-b153-4773-a3ab-b0107a501d8e,,,,,,,,,,,,,,,,,,,,,,,,,,,,,,,,,,,,,,,
5ff64cce-ae47-4b0a-88c0-cf0f34ed9b54,,,,,,,,,,,,,,,,,,,,,,,,,,,,,,,,,,,,,,,
5ffda4c1-47c0-4b6f-b452-cf665c724a7f,,,,,,,,,,,,,,,,,,,,,,,,,,,,,,,,,,,,,,,
5ffde07a-6465-4009-8b5f-1a9245743e85,yahoo_japan,1.0,1.0,,,,,,,,,,,,,,,,,,,,,,,,,,,,,,,,,,,,
5ffe6992-82c7-4120-8956-1e0967485545,,,,,,,,,,,,,,,,,,,,,,,,,,,,,,,,,,,,,,,
5ffee52c-51ec-48b5-a1fb-96937c488b26,cloudflare,1.0,1.0,,,,,,,,,,,,,,,,,,,,,,,,,,,,,,,,,,,,
6006afc2-5a2f-4b26-ba31-ed28bf0000e0,,,,,,,,,,,,,,,,,,,,,,,,,,,,,,,,,,,,,,,
600a1f36-f7a3-452d-a200-85ebe138d911,,,,,,,,,,,,,,,,,,,,,,,,,,,,,,,,,,,,,,,
600f38f0-71d6-4414-8c52-bbf76d20d149,,,,,,,,,,,,,,,,,,,,,,,,,,,,,,,,,,,,,,,
6012362d-f792-4d75-89d4-13b937f615ca,,,,,,,,,,,,,,,,,,,,,,,,,,,,,,,,,,,,,,,
6028355c-a7f4-46e9-860b-7ebfa65d4854,,,,,,,,,,,,,,,,,,,,,,,,,,,,,,,,,,,,,,,
602895d8-2cd7-40e6-943c-19a63450e75c,,,,,,,,,,,,,,,,,,,,,,,,,,,,,,,,,,,,,,,
6038a579-3bb8-437c-8413-1f3039b0f343,,,,,,,,,,,,,,,,,,,,,,,,,,,,,,,,,,,,,,,
603f2fef-9b3f-48f9-803d-041e6d004c94,,,,,,,,,,,,,,,,,,,,,,,,,,,,,,,,,,,,,,,
60467f84-1f59-4fd1-847c-66c0f4cca2a7,,,,,,,,,,,,,,,,,,,,,,,,,,,,,,,,,,,,,,,
604ee669-b56e-4722-8733-c71a4088ecd5,,,,,,,,,,,,,,,,,,,,,,,,,,,,,,,,,,,,,,,
60500607-529c-4f8f-91ce-65df14abad1b,,,,,,,,,,,,,,,,,,,,,,,,,,,,,,,,,,,,,,,
6050c74f-31cc-4496-9a6b-8aa7f500a102,,,,,,,,,,,,,,,,,,,,,,,,,,,,,,,,,,,,,,,
605b6e4f-2166-44e1-806c-9c0fe052a6d9,,,,,,,,,,,,,,,,,,,,,,,,,,,,,,,,,,,,,,,
605c6b63-0205-4e98-828a-f72104bab99f,,,,,,,,,,,,,,,,,,,,,,,,,,,,,,,,,,,,,,,
6062d9ed-c1d2-4b2a-98ab-bfb0e4c6b9c5,,,,,,,,,,,,,,,,,,,,,,,,,,,,,,,,,,,,,,,
60649f30-f41b-4ca2-8429-a41cde967cde,digicert,1.0,1.0,,,,,,,,,,,,,,,,,,,,,,,,,,,,,,,,,,,,
60691b6c-c548-4c8f-8ccd-e9eabfe19e9c,,,,,,,,,,,,,,,,,,,,,,,,,,,,,,,,,,,,,,,
606d5fe6-dd96-4edb-94fb-db0b1d5332a2,,,,,,,,,,,,,,,,,,,,,,,,,,,,,,,,,,,,,,,
60702623-9aca-4341-afc1-30898c1ea14f,,,,,,,,,,,,,,,,,,,,,,,,,,,,,,,,,,,,,,,
6070f203-370f-450e-afc6-262363eb0d51,,,,,,,,,,,,,,,,,,,,,,,,,,,,,,,,,,,,,,,
6073b268-d11e-4346-95a2-729228f1abc2,,,,,,,,,,,,,,,,,,,,,,,,,,,,,,,,,,,,,,,
607af934-3cd5-416f-b23e-26999ed2d065,,,,,,,,,,,,,,,,,,,,,,,,,,,,,,,,,,,,,,,
607b4c8d-462c-41fe-88be-9579e2bd8bff,,,,,,,,,,,,,,,,,,,,,,,,,,,,,,,,,,,,,,,
607d2c40-d799-4c6e-9c6d-1041798d3060,,,,,,,,,,,,,,,,,,,,,,,,,,,,,,,,,,,,,,,
607e1e7c-b9e8-4655-8b4a-8cf0f3abb717,,,,,,,,,,,,,,,,,,,,,,,,,,,,,,,,,,,,,,,
60836ec6-a7f8-49f0-abba-eff583531849,,,,,,,,,,,,,,,,,,,,,,,,,,,,,,,,,,,,,,,
60879ede-7516-469f-a514-9e30874f65d1,,,,,,,,,,,,,,,,,,,,,,,,,,,,,,,,,,,,,,,
6098b1df-3afc-4d61-bff8-4214048f1dd9,,,,,,,,,,,,,,,,,,,,,,,,,,,,,,,,,,,,,,,
60a29940-adb1-4fa0-8fd7-61c2314be312,,,,,,,,,,,,,,,,,,,,,,,,,,,,,,,,,,,,,,,
60a57f25-46e8-428e-9fbf-5bef80abb399,,,,,,,,,,,,,,,,,,,,,,,,,,,,,,,,,,,,,,,
60ac6729-4ab1-4d52-8210-96cb20dfe417,,,,,,,,,,,,,,,,,,,,,,,,,,,,,,,,,,,,,,,
60af4945-089e-4b99-afe8-f58f894f39a4,,,,,,,,,,,,,,,,,,,,,,,,,,,,,,,,,,,,,,,
60b547ee-19ec-4eed-8f7c-5e81fb936e34,,,,,,,,,,,,,,,,,,,,,,,,,,,,,,,,,,,,,,,
60b79363-d4fd-4979-8852-6b288e588e90,,,,,,,,,,,,,,,,,,,,,,,,,,,,,,,,,,,,,,,
60c37fc4-025f-4375-bc2b-6d40cf96c855,,,,,,,,,,,,,,,,,,,,,,,,,,,,,,,,,,,,,,,
60c4356f-09ae-4a81-a069-cdca7519b679,,,,,,,,,,,,,,,,,,,,,,,,,,,,,,,,,,,,,,,
60c65a59-36d5-40b9-aae0-95a7920d7309,,,,,,,,,,,,,,,,,,,,,,,,,,,,,,,,,,,,,,,
60d123dc-1366-4754-a8fa-2a6df78e9066,,,,,,,,,,,,,,,,,,,,,,,,,,,,,,,,,,,,,,,
60d17ade-d70b-4db2-90d4-6e81d609ae0d,,,,,,,,,,,,,,,,,,,,,,,,,,,,,,,,,,,,,,,
60d7d6f3-85eb-4fc9-92ed-9ef535ac43b6,,,,,,,,,,,,,,,,,,,,,,,,,,,,,,,,,,,,,,,
60dd4dd7-6ad4-47be-8b96-208d3ba0d799,,,,,,,,,,,,,,,,,,,,,,,,,,,,,,,,,,,,,,,
60de5b55-eda8-46dd-b478-099ac1ad30df,,,,,,,,,,,,,,,,,,,,,,,,,,,,,,,,,,,,,,,
60e4b8e7-ec6a-4438-9910-9d30bb387780,,,,,,,,,,,,,,,,,,,,,,,,,,,,,,,,,,,,,,,
60ebfb57-29e4-4c85-8d1f-6e06af91d3e1,,,,,,,,,,,,,,,,,,,,,,,,,,,,,,,,,,,,,,,
60f68378-4063-4531-923d-a257633d2788,,,,,,,,,,,,,,,,,,,,,,,,,,,,,,,,,,,,,,,
60fd3794-a57a-4eda-b37d-db0e83be8b91,,,,,,,,,,,,,,,,,,,,,,,,,,,,,,,,,,,,,,,
60ffd751-c060-429c-886f-17c2e482890c,,,,,,,,,,,,,,,,,,,,,,,,,,,,,,,,,,,,,,,
61011c3a-6098-49cb-9730-c10a0821866f,,,,,,,,,,,,,,,,,,,,,,,,,,,,,,,,,,,,,,,
610203f3-78f8-41dc-b280-b8741825055a,,,,,,,,,,,,,,,,,,,,,,,,,,,,,,,,,,,,,,,
6103f64d-e281-463c-8003-ebab7b699b2e,,,,,,,,,,,,,,,,,,,,,,,,,,,,,,,,,,,,,,,
611451b3-3539-48d3-87cc-bbe5fbf8ccfd,,,,,,,,,,,,,,,,,,,,,,,,,,,,,,,,,,,,,,,
6124c795-f9b2-4efa-9ae0-b40f7286e73f,,,,,,,,,,,,,,,,,,,,,,,,,,,,,,,,,,,,,,,
6130b321-59b9-406b-bc72-b843115a37f1,,,,,,,,,,,,,,,,,,,,,,,,,,,,,,,,,,,,,,,
6134aa3e-e042-4b67-9005-78ee2343f6f5,microsoft,1.0,1.0,,,,,,,,,,,,,,,,,,,,,,,,,,,,,,,,,,,,
6139cffd-cda2-4a51-927e-fc96797fd04c,,,,,,,,,,,,,,,,,,,,,,,,,,,,,,,,,,,,,,,
614263bf-704e-4269-ba3d-86ae574ff8e6,,,,,,,,,,,,,,,,,,,,,,,,,,,,,,,,,,,,,,,
61469413-7bf6-46fc-904f-d3bc1189aa8c,,,,,,,,,,,,,,,,,,,,,,,,,,,,,,,,,,,,,,,
614ba587-6172-4ce1-9ef4-ae85f4023db3,,,,,,,,,,,,,,,,,,,,,,,,,,,,,,,,,,,,,,,
61582337-d8c3-462d-80b7-c39be968da9d,,,,,,,,,,,,,,,,,,,,,,,,,,,,,,,,,,,,,,,
616f59ab-a5cf-40cc-9860-360e72f75d04,,,,,,,,,,,,,,,,,,,,,,,,,,,,,,,,,,,,,,,
61785588-eb3f-4a6e-a195-0d78ae07cbc9,,,,,,,,,,,,,,,,,,,,,,,,,,,,,,,,,,,,,,,
61799bc0-b3cf-4c6c-b539-dcf503347070,,,,,,,,,,,,,,,,,,,,,,,,,,,,,,,,,,,,,,,
6181d14c-a7bb-420c-a324-be399a3af37c,,,,,,,,,,,,,,,,,,,,,,,,,,,,,,,,,,,,,,,
618474fd-2a7b-4fe2-96c9-3119acfd0ada,,,,,,,,,,,,,,,,,,,,,,,,,,,,,,,,,,,,,,,
6184d0fb-ea5e-4a20-a0b8-7553b3fbfbec,,,,,,,,,,,,,,,,,,,,,,,,,,,,,,,,,,,,,,,
61850c4e-7249-4db5-80c1-083f2d69e5d0,,,,,,,,,,,,,,,,,,,,,,,,,,,,,,,,,,,,,,,
61879be6-85d2-48b8-a222-707c92dff56e,,,,,,,,,,,,,,,,,,,,,,,,,,,,,,,,,,,,,,,
6188cf26-c485-4f9a-8634-2a09e9232122,,,,,,,,,,,,,,,,,,,,,,,,,,,,,,,,,,,,,,,
619b1d16-7a53-4dcf-b22a-3355976f505a,,,,,,,,,,,,,,,,,,,,,,,,,,,,,,,,,,,,,,,
619c8bee-6748-447d-8c5d-7c293c01236a,,,,,,,,,,,,,,,,,,,,,,,,,,,,,,,,,,,,,,,
619d1b85-7019-41b4-90c9-0c74ace190b7,,,,,,,,,,,,,,,,,,,,,,,,,,,,,,,,,,,,,,,
619e7689-ac3d-4620-a691-308eaf115676,,,,,,,,,,,,,,,,,,,,,,,,,,,,,,,,,,,,,,,
61a39c98-379d-46b6-9044-971d4c4bcfb5,,,,,,,,,,,,,,,,,,,,,,,,,,,,,,,,,,,,,,,
61a471d8-0e3e-45de-a354-b017e69ac4c9,,,,,,,,,,,,,,,,,,,,,,,,,,,,,,,,,,,,,,,
61a5df2b-3eaf-4bc4-ac3a-4bfe08a8cd91,,,,,,,,,,,,,,,,,,,,,,,,,,,,,,,,,,,,,,,
61a87dcd-b065-44a6-9f37-71af70d04374,,,,,,,,,,,,,,,,,,,,,,,,,,,,,,,,,,,,,,,
61a8913e-8136-4867-a99a-78c510ad60b1,,,,,,,,,,,,,,,,,,,,,,,,,,,,,,,,,,,,,,,
61a9998e-2ade-4c1d-af27-1e1189e965a2,,,,,,,,,,,,,,,,,,,,,,,,,,,,,,,,,,,,,,,
61b79824-56bc-42af-ac8e-747146e43a93,,,,,,,,,,,,,,,,,,,,,,,,,,,,,,,,,,,,,,,
61b89966-d282-4ab1-8d43-62c87f44d342,,,,,,,,,,,,,,,,,,,,,,,,,,,,,,,,,,,,,,,
61bdbc81-40f2-49e1-a828-f87f8d42e845,,,,,,,,,,,,,,,,,,,,,,,,,,,,,,,,,,,,,,,
61c03bf1-57ef-41dd-b6bf-0d3e77572e79,,,,,,,,,,,,,,,,,,,,,,,,,,,,,,,,,,,,,,,
61c065c4-e752-412d-9cb4-dd54bd3af234,,,,,,,,,,,,,,,,,,,,,,,,,,,,,,,,,,,,,,,
61c0b0b6-3169-405d-996c-2683dd81b097,,,,,,,,,,,,,,,,,,,,,,,,,,,,,,,,,,,,,,,
61c3030c-af48-44d5-97d4-f008e985bb94,,,,,,,,,,,,,,,,,,,,,,,,,,,,,,,,,,,,,,,
61c8f169-a120-4ed0-a4b7-25618fcd9824,,,,,,,,,,,,,,,,,,,,,,,,,,,,,,,,,,,,,,,
61cd0150-9c70-465c-a850-21c88600d012,,,,,,,,,,,,,,,,,,,,,,,,,,,,,,,,,,,,,,,
61d2585b-fecb-4c43-b15e-3da9990b952c,,,,,,,,,,,,,,,,,,,,,,,,,,,,,,,,,,,,,,,
61f1232c-8bb2-4235-b9ac-d3cc75e52e09,,,,,,,,,,,,,,,,,,,,,,,,,,,,,,,,,,,,,,,
61f1d688-9900-4a1c-90ab-0a12130be289,,,,,,,,,,,,,,,,,,,,,,,,,,,,,,,,,,,,,,,
61f37d98-54f1-43bd-bc22-5fcc8e936448,,,,,,,,,,,,,,,,,,,,,,,,,,,,,,,,,,,,,,,
61f6502d-2c96-467d-aba5-694003e779cc,,,,,,,,,,,,,,,,,,,,,,,,,,,,,,,,,,,,,,,
61fc2912-0bc5-4121-a827-645320fd928c,,,,,,,,,,,,,,,,,,,,,,,,,,,,,,,,,,,,,,,
6200bd89-e497-41e2-b4f2-b1604227809e,,,,,,,,,,,,,,,,,,,,,,,,,,,,,,,,,,,,,,,
620346b8-6521-4a01-8dff-d42be018e168,,,,,,,,,,,,,,,,,,,,,,,,,,,,,,,,,,,,,,,
620f118b-5451-42a0-8abd-ec2c7a09d9bd,,,,,,,,,,,,,,,,,,,,,,,,,,,,,,,,,,,,,,,
621479a3-7af2-4908-beea-0753ef045334,,,,,,,,,,,,,,,,,,,,,,,,,,,,,,,,,,,,,,,
62173c7b-86c3-41cc-8c16-9855386dd206,,,,,,,,,,,,,,,,,,,,,,,,,,,,,,,,,,,,,,,
6226774a-257b-4adf-99b0-0af2677e7449,,,,,,,,,,,,,,,,,,,,,,,,,,,,,,,,,,,,,,,
62299bdf-7400-471f-bfa5-e823ef4f0540,,,,,,,,,,,,,,,,,,,,,,,,,,,,,,,,,,,,,,,
622afff1-8bca-47fa-aa3d-5534ee67fe43,,,,,,,,,,,,,,,,,,,,,,,,,,,,,,,,,,,,,,,
622b25df-7b84-4e9a-9044-4ee4fedd9378,,,,,,,,,,,,,,,,,,,,,,,,,,,,,,,,,,,,,,,
622b4613-01d6-4d45-b819-47de32262ad7,,,,,,,,,,,,,,,,,,,,,,,,,,,,,,,,,,,,,,,
622e6095-3a6d-46db-ab1d-0c6167e3a7b3,,,,,,,,,,,,,,,,,,,,,,,,,,,,,,,,,,,,,,,
622fdba7-0ca8-4b84-aa42-d014c41d85bc,,,,,,,,,,,,,,,,,,,,,,,,,,,,,,,,,,,,,,,
622ff646-04db-49f6-b0f7-17ad5f5f5ffd,,,,,,,,,,,,,,,,,,,,,,,,,,,,,,,,,,,,,,,
62393df2-3504-40e0-864c-3e800e49238f,,,,,,,,,,,,,,,,,,,,,,,,,,,,,,,,,,,,,,,
623d0afe-5e42-4878-8f6a-e659df41b576,,,,,,,,,,,,,,,,,,,,,,,,,,,,,,,,,,,,,,,
623f879e-1241-480e-bdd9-2f0303d43b36,,,,,,,,,,,,,,,,,,,,,,,,,,,,,,,,,,,,,,,
62404432-d3f2-418a-a3e5-94c773fc914a,,,,,,,,,,,,,,,,,,,,,,,,,,,,,,,,,,,,,,,
62459640-8c70-4f06-9278-e08f7b2915c8,,,,,,,,,,,,,,,,,,,,,,,,,,,,,,,,,,,,,,,
624ba18d-c05c-497f-af4a-34e686a3e6a6,,,,,,,,,,,,,,,,,,,,,,,,,,,,,,,,,,,,,,,
62505edb-bc59-4b87-b8cb-4b993e6c9ace,,,,,,,,,,,,,,,,,,,,,,,,,,,,,,,,,,,,,,,
625732d9-f03d-4937-9116-381f33f8c687,,,,,,,,,,,,,,,,,,,,,,,,,,,,,,,,,,,,,,,
625c13b8-f4e2-474b-9e74-b158c7c2397f,,,,,,,,,,,,,,,,,,,,,,,,,,,,,,,,,,,,,,,
6261fd04-7e51-48fd-9d5a-07c1bb02ac85,shopify,1.0,1.0,,,,,,,,,,,,,,,,,,,,,,,,,,,,,,,,,,,,
62684cdd-7879-44c6-b5f0-9972a90345a0,,,,,,,,,,,,,,,,,,,,,,,,,,,,,,,,,,,,,,,
626a5386-1f1c-485e-8840-970b9a0acf3b,,,,,,,,,,,,,,,,,,,,,,,,,,,,,,,,,,,,,,,
626b681c-5997-470d-a77e-36f01f477bc5,,,,,,,,,,,,,,,,,,,,,,,,,,,,,,,,,,,,,,,
626eb9a2-15a4-4b31-b16a-2f277deac5dc,,,,,,,,,,,,,,,,,,,,,,,,,,,,,,,,,,,,,,,
627e4455-6486-49b4-a387-9257ab92222e,,,,,,,,,,,,,,,,,,,,,,,,,,,,,,,,,,,,,,,
628619db-d92c-4212-b184-c5b5fd42cf9d,,,,,,,,,,,,,,,,,,,,,,,,,,,,,,,,,,,,,,,
6288d282-cac1-40d8-87f3-1cb9dbc5682f,,,,,,,,,,,,,,,,,,,,,,,,,,,,,,,,,,,,,,,
628a9202-bc35-42bc-9f17-cc58eb28c8ce,dmg_media,1.0,1.0,,,,,,,,,,,,,,,,,,,,,,,,,,,,,,,,,,,,
629002bf-c34d-404b-8921-9ce7e9239308,,,,,,,,,,,,,,,,,,,,,,,,,,,,,,,,,,,,,,,
6294640d-8de0-4279-86b2-0c3e55726518,,,,,,,,,,,,,,,,,,,,,,,,,,,,,,,,,,,,,,,
6294dd52-7bd8-4c70-beb5-ef49969eb4bb,,,,,,,,,,,,,,,,,,,,,,,,,,,,,,,,,,,,,,,
6297fef8-b737-460a-93af-c9da48f720f8,,,,,,,,,,,,,,,,,,,,,,,,,,,,,,,,,,,,,,,
6299e3be-bc18-41ef-b25f-81ee27add769,,,,,,,,,,,,,,,,,,,,,,,,,,,,,,,,,,,,,,,
629bc221-9891-4bb4-b554-a93b071adcfe,,,,,,,,,,,,,,,,,,,,,,,,,,,,,,,,,,,,,,,
629d8cc7-7edd-48f4-b5c4-dbd1e1613789,,,,,,,,,,,,,,,,,,,,,,,,,,,,,,,,,,,,,,,
62a4f909-bd44-45c8-8bca-1997913a5e94,,,,,,,,,,,,,,,,,,,,,,,,,,,,,,,,,,,,,,,
62acb112-7eba-4667-bedd-866630eb20ca,crisp,1.0,1.0,,,,,,,,,,,,,,,,,,,,,,,,,,,,,,,,,,,,
62aef7f4-24df-4454-bfe8-a34d73b846a6,atlassian,1.0,1.0,,,,,,,,,,,,,,,,,,,,,,,,,,,,,,,,,,,,
62c34b8c-418c-4bd6-8650-b8af80276792,microsoft,1.0,1.0,,,,,,,,,,,,,,,,,,,,,,,,,,,,,,,,,,,,
62c37554-0a57-4aa7-b25b-e237b6af4733,,,,,,,,,,,,,,,,,,,,,,,,,,,,,,,,,,,,,,,
62ceccb4-f039-4c4e-b03b-6775426a3999,,,,,,,,,,,,,,,,,,,,,,,,,,,,,,,,,,,,,,,
62cf5426-3a7c-400d-8713-302affb4e772,,,,,,,,,,,,,,,,,,,,,,,,,,,,,,,,,,,,,,,
62d2e317-56d8-4ecc-80ae-2ec19fd9dac1,,,,,,,,,,,,,,,,,,,,,,,,,,,,,,,,,,,,,,,
62d47b92-2d58-4bb8-b06c-0df46a827739,,,,,,,,,,,,,,,,,,,,,,,,,,,,,,,,,,,,,,,
62db887d-8810-4ac0-91e7-4f33ce51aad5,,,,,,,,,,,,,,,,,,,,,,,,,,,,,,,,,,,,,,,
62df5ff9-ab76-4617-9eba-cc2e4daa3e8b,,,,,,,,,,,,,,,,,,,,,,,,,,,,,,,,,,,,,,,
62e1fe8b-7264-4e82-91ff-a4d83d74e2a3,,,,,,,,,,,,,,,,,,,,,,,,,,,,,,,,,,,,,,,
62e2c3fe-3bbe-4753-bdf8-24ff75fccccb,,,,,,,,,,,,,,,,,,,,,,,,,,,,,,,,,,,,,,,
62e56934-6f1c-4689-86f0-a0be6ad22659,,,,,,,,,,,,,,,,,,,,,,,,,,,,,,,,,,,,,,,
62e75518-fc21-44c0-acaf-df9774e5075c,,,,,,,,,,,,,,,,,,,,,,,,,,,,,,,,,,,,,,,
62e7f458-3c4e-4ca2-a98e-babb4414b8cb,,,,,,,,,,,,,,,,,,,,,,,,,,,,,,,,,,,,,,,
62e8f065-80df-489e-9657-a543ac52aa8b,,,,,,,,,,,,,,,,,,,,,,,,,,,,,,,,,,,,,,,
62ea1be5-dc51-4a1a-a749-c57c0d494891,,,,,,,,,,,,,,,,,,,,,,,,,,,,,,,,,,,,,,,
63032988-34b5-4ce4-b8d5-da23cdf568f0,,,,,,,,,,,,,,,,,,,,,,,,,,,,,,,,,,,,,,,
6305cec8-fce5-4953-960c-abb14d880aa2,,,,,,,,,,,,,,,,,,,,,,,,,,,,,,,,,,,,,,,
6308350d-9199-43bb-be02-6c494efcc001,,,,,,,,,,,,,,,,,,,,,,,,,,,,,,,,,,,,,,,
6308d103-c876-4c25-8574-d984e7025662,,,,,,,,,,,,,,,,,,,,,,,,,,,,,,,,,,,,,,,
630996b2-3a21-41a0-8dd4-555124c9bdbe,,,,,,,,,,,,,,,,,,,,,,,,,,,,,,,,,,,,,,,
630a87b6-bba4-41eb-ba39-67b8f5522eb0,,,,,,,,,,,,,,,,,,,,,,,,,,,,,,,,,,,,,,,
630d834f-35e6-409c-85cd-99044c77e187,,,,,,,,,,,,,,,,,,,,,,,,,,,,,,,,,,,,,,,
631324ab-7884-4e19-810f-547922bf801f,,,,,,,,,,,,,,,,,,,,,,,,,,,,,,,,,,,,,,,
63219329-f43f-4f8d-a68f-c66d5d8752f3,,,,,,,,,,,,,,,,,,,,,,,,,,,,,,,,,,,,,,,
6323b8b7-9f98-47ff-8e17-3ef43ccd5725,,,,,,,,,,,,,,,,,,,,,,,,,,,,,,,,,,,,,,,
6325f4d5-7c50-4060-bcf7-741d33778293,,,,,,,,,,,,,,,,,,,,,,,,,,,,,,,,,,,,,,,
632a9e10-9e5d-4bbc-871d-58b9e6850cf0,,,,,,,,,,,,,,,,,,,,,,,,,,,,,,,,,,,,,,,
632bdbd8-a8b5-49fd-9229-d4cbcc47d2aa,seedtag,1.0,1.0,,,,,,,,,,,,,,,,,,,,,,,,,,,,,,,,,,,,
633b1092-edf5-47c6-9081-a433dbebea42,wikimedia_foundation,1.0,1.0,,,,,,,,,,,,,,,,,,,,,,,,,,,,,,,,,,,,
633e5473-bfa6-463b-84c1-d3d727c99130,,,,,,,,,,,,,,,,,,,,,,,,,,,,,,,,,,,,,,,
63440b32-9d85-4555-aeba-aae62bb8135d,,,,,,,,,,,,,,,,,,,,,,,,,,,,,,,,,,,,,,,
6345389a-a9c5-44ee-a01a-5274fcd3b11d,,,,,,,,,,,,,,,,,,,,,,,,,,,,,,,,,,,,,,,
6348bac6-3620-4d70-8c21-f441326ee249,,,,,,,,,,,,,,,,,,,,,,,,,,,,,,,,,,,,,,,
634b4898-0751-4d2a-81f6-81068718a688,,,,,,,,,,,,,,,,,,,,,,,,,,,,,,,,,,,,,,,
635511f5-0028-4520-b468-6594b1bdb227,,,,,,,,,,,,,,,,,,,,,,,,,,,,,,,,,,,,,,,
6360de8e-8a13-4f45-926a-0f9abb8430c4,,,,,,,,,,,,,,,,,,,,,,,,,,,,,,,,,,,,,,,
63649ff9-2b25-4156-b008-c5e40542e49b,baidu,1.0,1.0,,,,,,,,,,,,,,,,,,,,,,,,,,,,,,,,,,,,
63672510-28b8-412b-80fa-cef9d619f099,,,,,,,,,,,,,,,,,,,,,,,,,,,,,,,,,,,,,,,
6368489c-3537-42ad-b3ec-4a6994a91fb8,,,,,,,,,,,,,,,,,,,,,,,,,,,,,,,,,,,,,,,
636a97c6-5006-4a67-8019-c03e7eb6441d,,,,,,,,,,,,,,,,,,,,,,,,,,,,,,,,,,,,,,,
636f2ffb-52f2-44ed-a2e9-4118b91dec4a,,,,,,,,,,,,,,,,,,,,,,,,,,,,,,,,,,,,,,,
636f3eba-329e-468f-a859-205a11f1735b,,,,,,,,,,,,,,,,,,,,,,,,,,,,,,,,,,,,,,,
6371fe7d-a8d3-4e4c-ab46-45c3ebe27689,,,,,,,,,,,,,,,,,,,,,,,,,,,,,,,,,,,,,,,
63721a92-a83b-4cd2-bec4-0db10e38ba88,,,,,,,,,,,,,,,,,,,,,,,,,,,,,,,,,,,,,,,
63760bf2-6ed6-4ace-9665-65408b67b6f4,,,,,,,,,,,,,,,,,,,,,,,,,,,,,,,,,,,,,,,
637baf12-a3fb-4d85-a0e5-b51db80e2772,,,,,,,,,,,,,,,,,,,,,,,,,,,,,,,,,,,,,,,
637cc731-e9eb-4e48-9b9b-73eda6a39cbd,,,,,,,,,,,,,,,,,,,,,,,,,,,,,,,,,,,,,,,
63802a1d-1f58-4e1d-b4b9-93d319dbecda,,,,,,,,,,,,,,,,,,,,,,,,,,,,,,,,,,,,,,,
6384398d-3b6e-471b-9052-9d477fbd06e9,dmm.r18,1.0,1.0,,,,,,,,,,,,,,,,,,,,,,,,,,,,,,,,,,,,
638e9490-7401-4aeb-8cde-eee02a838eeb,,,,,,,,,,,,,,,,,,,,,,,,,,,,,,,,,,,,,,,
63972a03-821b-4194-9f06-a2171cade363,,,,,,,,,,,,,,,,,,,,,,,,,,,,,,,,,,,,,,,
639d17d1-90d3-423d-ba71-14d6d893ccd9,,,,,,,,,,,,,,,,,,,,,,,,,,,,,,,,,,,,,,,
639fc9c4-a88d-4879-9d9a-e87217170401,,,,,,,,,,,,,,,,,,,,,,,,,,,,,,,,,,,,,,,
63a8335d-cbfc-4d51-8845-e610c8fee5ae,,,,,,,,,,,,,,,,,,,,,,,,,,,,,,,,,,,,,,,
63b19c19-e4b7-4e4d-a03a-a35a00374ee5,,,,,,,,,,,,,,,,,,,,,,,,,,,,,,,,,,,,,,,
63b9806b-0cc2-4613-92c4-5fc192452512,wikimedia_foundation,1.0,1.0,,,,,,,,,,,,,,,,,,,,,,,,,,,,,,,,,,,,
63c9b105-474b-4c2f-a783-5116c7a49189,,,,,,,,,,,,,,,,,,,,,,,,,,,,,,,,,,,,,,,
63cbd69b-d996-446f-89fd-4602ae8c1659,,,,,,,,,,,,,,,,,,,,,,,,,,,,,,,,,,,,,,,
63cdf9f2-bbe8-4108-a609-81f55b76543e,,,,,,,,,,,,,,,,,,,,,,,,,,,,,,,,,,,,,,,
63ce5666-9b58-4757-880d-87e0a30bbc5a,,,,,,,,,,,,,,,,,,,,,,,,,,,,,,,,,,,,,,,
63d145e8-a12d-4531-9cd6-5d5c3b464569,squarespace,1.0,1.0,,,,,,,,,,,,,,,,,,,,,,,,,,,,,,,,,,,,
63db92d7-aa10-436b-98cc-c6a3777ad78f,,,,,,,,,,,,,,,,,,,,,,,,,,,,,,,,,,,,,,,
63e76d8e-9b27-4d6e-96f4-62d1c350ad1d,,,,,,,,,,,,,,,,,,,,,,,,,,,,,,,,,,,,,,,
63f21ace-ca71-4e8a-9f43-7e71915a9621,,,,,,,,,,,,,,,,,,,,,,,,,,,,,,,,,,,,,,,
63f48fc4-6a03-4c9c-93ec-bef24af068fd,,,,,,,,,,,,,,,,,,,,,,,,,,,,,,,,,,,,,,,
63f55c6c-9bff-4e21-82df-ef14b01a9d44,,,,,,,,,,,,,,,,,,,,,,,,,,,,,,,,,,,,,,,
63f5f4b4-927c-4cbd-8548-3e5f0a02d041,,,,,,,,,,,,,,,,,,,,,,,,,,,,,,,,,,,,,,,
63f722c5-289e-4daa-a401-9b90ed3983ad,,,,,,,,,,,,,,,,,,,,,,,,,,,,,,,,,,,,,,,
63fd2051-cd87-48d1-8b49-bdb59234b57b,,,,,,,,,,,,,,,,,,,,,,,,,,,,,,,,,,,,,,,
640c0aec-f4fe-4570-830d-c1ec7a983166,,,,,,,,,,,,,,,,,,,,,,,,,,,,,,,,,,,,,,,
64193703-2d74-46bb-83d3-5798dffef8bc,,,,,,,,,,,,,,,,,,,,,,,,,,,,,,,,,,,,,,,
641a5294-d9d8-4ac8-b623-1b0742f4380d,,,,,,,,,,,,,,,,,,,,,,,,,,,,,,,,,,,,,,,
641abcc0-f50d-4553-9a1b-e148900e5cbc,,,,,,,,,,,,,,,,,,,,,,,,,,,,,,,,,,,,,,,
641b72c6-244d-4998-8081-014f9071b343,,,,,,,,,,,,,,,,,,,,,,,,,,,,,,,,,,,,,,,
641d91d4-fa68-4d22-a1a6-75994c364de2,,,,,,,,,,,,,,,,,,,,,,,,,,,,,,,,,,,,,,,
641f1afe-f1d5-4914-9681-bec3d1f81452,,,,,,,,,,,,,,,,,,,,,,,,,,,,,,,,,,,,,,,
642c7cf5-cec3-4f7e-8d4f-75d1d939a2ed,,,,,,,,,,,,,,,,,,,,,,,,,,,,,,,,,,,,,,,
642da02d-e8c5-4fc3-bab9-5a2d721cc577,,,,,,,,,,,,,,,,,,,,,,,,,,,,,,,,,,,,,,,
643d6bb5-6f1a-4c37-8898-58cf6ac04869,,,,,,,,,,,,,,,,,,,,,,,,,,,,,,,,,,,,,,,
643e7123-4f92-48b2-a804-5ba2d1790b04,,,,,,,,,,,,,,,,,,,,,,,,,,,,,,,,,,,,,,,
6441203f-3cce-471f-b688-2c8f3dd96df7,,,,,,,,,,,,,,,,,,,,,,,,,,,,,,,,,,,,,,,
6441b053-3635-43a3-8c3d-bd0b72a996c1,,,,,,,,,,,,,,,,,,,,,,,,,,,,,,,,,,,,,,,
6453c6d2-092a-40aa-8e6b-88d429170a64,,,,,,,,,,,,,,,,,,,,,,,,,,,,,,,,,,,,,,,
6456707e-b081-4308-bd25-6c2c19493dbd,,,,,,,,,,,,,,,,,,,,,,,,,,,,,,,,,,,,,,,
64586815-424d-4d3e-bbc7-f64e708bac5a,,,,,,,,,,,,,,,,,,,,,,,,,,,,,,,,,,,,,,,
645f7e02-9f79-425b-b029-a8ae0c2e8c91,,,,,,,,,,,,,,,,,,,,,,,,,,,,,,,,,,,,,,,
6463c212-d29c-432b-bfca-b33799360ec8,,,,,,,,,,,,,,,,,,,,,,,,,,,,,,,,,,,,,,,
6469fd70-8d53-4dad-a517-7f6d26d59c92,,,,,,,,,,,,,,,,,,,,,,,,,,,,,,,,,,,,,,,
64772eac-9655-4afd-8577-faa5aecfa815,,,,,,,,,,,,,,,,,,,,,,,,,,,,,,,,,,,,,,,
64774271-0d95-46bb-bf17-1c777e29c873,,,,,,,,,,,,,,,,,,,,,,,,,,,,,,,,,,,,,,,
647c1de9-8d05-41be-b140-40f845424631,,,,,,,,,,,,,,,,,,,,,,,,,,,,,,,,,,,,,,,
647ca0d1-a471-4979-b964-7160e607eb89,,,,,,,,,,,,,,,,,,,,,,,,,,,,,,,,,,,,,,,
647df6cb-43ca-4df2-bb90-c8a2c86df4ba,,,,,,,,,,,,,,,,,,,,,,,,,,,,,,,,,,,,,,,
6497d990-16f7-44e9-bb87-fa5e0e2c0887,,,,,,,,,,,,,,,,,,,,,,,,,,,,,,,,,,,,,,,
6498ef90-d8b3-42cd-848c-3c69431bb335,,,,,,,,,,,,,,,,,,,,,,,,,,,,,,,,,,,,,,,
649984fe-d9e3-4ab0-bbd6-c5332f9c4cc8,,,,,,,,,,,,,,,,,,,,,,,,,,,,,,,,,,,,,,,
649c7180-6ad4-4ac8-aaa5-e7bc4199ac6d,,,,,,,,,,,,,,,,,,,,,,,,,,,,,,,,,,,,,,,
64a1f3a6-d980-4da5-868b-2a5808c3cb00,,,,,,,,,,,,,,,,,,,,,,,,,,,,,,,,,,,,,,,
64ab8847-5cde-42bc-b54f-7fd1b775a6a3,,,,,,,,,,,,,,,,,,,,,,,,,,,,,,,,,,,,,,,
64b072d9-29ad-47a3-a885-b74ea6e0c78e,,,,,,,,,,,,,,,,,,,,,,,,,,,,,,,,,,,,,,,
64b48c7f-b268-42ca-af0d-1399d250bf6e,,,,,,,,,,,,,,,,,,,,,,,,,,,,,,,,,,,,,,,
64bac064-91e8-4721-9bea-dbcbc9ff3cb6,,,,,,,,,,,,,,,,,,,,,,,,,,,,,,,,,,,,,,,
64befefd-e90d-4f7a-9fdd-5290b4d5de67,,,,,,,,,,,,,,,,,,,,,,,,,,,,,,,,,,,,,,,
64c5fbb8-a4f5-4bb4-b06e-29d6ae16e3e4,,,,,,,,,,,,,,,,,,,,,,,,,,,,,,,,,,,,,,,
64ca0fd5-d95b-4b41-9ff6-8a099eddc905,,,,,,,,,,,,,,,,,,,,,,,,,,,,,,,,,,,,,,,
64cada95-3ca6-4ea1-95b2-d12f5c388981,,,,,,,,,,,,,,,,,,,,,,,,,,,,,,,,,,,,,,,
64ce5281-0290-4cd3-a4fc-7546731acc46,,,,,,,,,,,,,,,,,,,,,,,,,,,,,,,,,,,,,,,
64dcf4e1-2493-4a8b-99b3-8439da3be77e,,,,,,,,,,,,,,,,,,,,,,,,,,,,,,,,,,,,,,,
64e4753f-5531-4bc7-9342-baf8b3914dd9,,,,,,,,,,,,,,,,,,,,,,,,,,,,,,,,,,,,,,,
64e478a9-d04b-4f90-93ec-d70532845650,,,,,,,,,,,,,,,,,,,,,,,,,,,,,,,,,,,,,,,
64e79eca-2132-45cf-8930-f3058d2bac39,,,,,,,,,,,,,,,,,,,,,,,,,,,,,,,,,,,,,,,
64ea70c0-1fec-48d8-becd-8fda23e88b05,,,,,,,,,,,,,,,,,,,,,,,,,,,,,,,,,,,,,,,
64ee0a5c-6cc5-48b8-9651-d6a2322de27f,,,,,,,,,,,,,,,,,,,,,,,,,,,,,,,,,,,,,,,
64f24ebe-6b65-4178-ae19-80be0c22811c,,,,,,,,,,,,,,,,,,,,,,,,,,,,,,,,,,,,,,,
64f5010c-260c-4c51-b0ba-b87101331d77,,,,,,,,,,,,,,,,,,,,,,,,,,,,,,,,,,,,,,,
64f63ec0-96eb-478d-9e7d-71cdfbdd0617,,,,,,,,,,,,,,,,,,,,,,,,,,,,,,,,,,,,,,,
64f9245f-142d-4a1d-86fd-b999374b42ee,,,,,,,,,,,,,,,,,,,,,,,,,,,,,,,,,,,,,,,
64f95bf0-bb78-44cf-abcb-76f6208d5ca7,,,,,,,,,,,,,,,,,,,,,,,,,,,,,,,,,,,,,,,
650043ac-af36-49da-b6ee-4344606fa3f4,,,,,,,,,,,,,,,,,,,,,,,,,,,,,,,,,,,,,,,
6501520e-2d14-41d8-ad23-412e38b65116,,,,,,,,,,,,,,,,,,,,,,,,,,,,,,,,,,,,,,,
6506fe48-04fd-4c3d-a4f0-2de9cccc392c,,,,,,,,,,,,,,,,,,,,,,,,,,,,,,,,,,,,,,,
6513ea6e-4084-48fe-a7dd-a705bf8bd2cb,,,,,,,,,,,,,,,,,,,,,,,,,,,,,,,,,,,,,,,
6513f144-8167-44a5-a6fc-cfc868ac53ad,apple,1.0,1.0,,,,,,,,,,,,,,,,,,,,,,,,,,,,,,,,,,,,
651c403e-e0fe-4444-ba68-4ffd41b31393,,,,,,,,,,,,,,,,,,,,,,,,,,,,,,,,,,,,,,,
651d0868-c5ff-44c7-8c9d-7e66c2395568,,,,,,,,,,,,,,,,,,,,,,,,,,,,,,,,,,,,,,,
651d9ae1-d559-47c4-a373-10e7439c4b18,,,,,,,,,,,,,,,,,,,,,,,,,,,,,,,,,,,,,,,
65238edd-2667-4c5d-a2ac-8287ff9d9ecd,,,,,,,,,,,,,,,,,,,,,,,,,,,,,,,,,,,,,,,
6527d950-1940-483d-82e7-71d4652a70df,,,,,,,,,,,,,,,,,,,,,,,,,,,,,,,,,,,,,,,
652a2030-e548-4aff-8f54-8ef8240db5c2,,,,,,,,,,,,,,,,,,,,,,,,,,,,,,,,,,,,,,,
652c3db3-1f1f-4e80-b3d3-d6fac1dfb186,,,,,,,,,,,,,,,,,,,,,,,,,,,,,,,,,,,,,,,
6540c10e-69c0-46eb-9929-661b2ee0f25e,,,,,,,,,,,,,,,,,,,,,,,,,,,,,,,,,,,,,,,
65419b98-efc6-4e62-9dc6-d3e67a21593b,,,,,,,,,,,,,,,,,,,,,,,,,,,,,,,,,,,,,,,
6549f19c-ea5f-4aa6-abda-04ac3cd43a12,,,,,,,,,,,,,,,,,,,,,,,,,,,,,,,,,,,,,,,
65517383-3e66-4647-97d6-c80c067ebe94,,,,,,,,,,,,,,,,,,,,,,,,,,,,,,,,,,,,,,,
65525e1b-6910-4b3f-949a-71aee0d91cf2,,,,,,,,,,,,,,,,,,,,,,,,,,,,,,,,,,,,,,,
6556334a-8194-4852-8e17-adf5eb601a4c,,,,,,,,,,,,,,,,,,,,,,,,,,,,,,,,,,,,,,,
6558eeba-fbd6-4658-a6ee-289d70519795,,,,,,,,,,,,,,,,,,,,,,,,,,,,,,,,,,,,,,,
65650c27-e7dd-484a-8094-d520697d336e,,,,,,,,,,,,,,,,,,,,,,,,,,,,,,,,,,,,,,,
6568831b-823a-41c6-8e6a-2468c62b452a,,,,,,,,,,,,,,,,,,,,,,,,,,,,,,,,,,,,,,,
656d3ab7-4bee-42f8-811f-36929f620424,,,,,,,,,,,,,,,,,,,,,,,,,,,,,,,,,,,,,,,
656f1b1e-afad-42ca-a44b-56decdbf5087,,,,,,,,,,,,,,,,,,,,,,,,,,,,,,,,,,,,,,,
6575c185-74b3-4881-a1dd-74c2efeafb3b,,,,,,,,,,,,,,,,,,,,,,,,,,,,,,,,,,,,,,,
657a4725-07ad-448b-b9da-02a08daded2d,,,,,,,,,,,,,,,,,,,,,,,,,,,,,,,,,,,,,,,
657e30d5-6224-4d6a-b19a-ded863ad62af,baidu,1.0,1.0,,,,,,,,,,,,,,,,,,,,,,,,,,,,,,,,,,,,
6584c0c5-69fd-46e2-8516-cd9570748088,mailerlite,1.0,1.0,,,,,,,,,,,,,,,,,,,,,,,,,,,,,,,,,,,,
6588550e-adf5-4849-9d4e-b02a923d0f6e,,,,,,,,,,,,,,,,,,,,,,,,,,,,,,,,,,,,,,,
658a8168-106d-4320-909d-31ae4885df0f,,,,,,,,,,,,,,,,,,,,,,,,,,,,,,,,,,,,,,,
658c74e0-1b17-4d86-a8f0-bb12265c5c3c,,,,,,,,,,,,,,,,,,,,,,,,,,,,,,,,,,,,,,,
6591a7ac-3edf-4f93-a6c4-f4147ace2c80,,,,,,,,,,,,,,,,,,,,,,,,,,,,,,,,,,,,,,,
6591bd8e-bdc6-4484-989e-f12a3e41655c,,,,,,,,,,,,,,,,,,,,,,,,,,,,,,,,,,,,,,,
659a5489-f398-4b29-9b5c-7e8d674a7cd8,,,,,,,,,,,,,,,,,,,,,,,,,,,,,,,,,,,,,,,
659cee3a-23b6-47c1-9254-69960d22eb46,,,,,,,,,,,,,,,,,,,,,,,,,,,,,,,,,,,,,,,
659d3d07-3ad4-4f54-897b-0187b02c9a7a,,,,,,,,,,,,,,,,,,,,,,,,,,,,,,,,,,,,,,,
659f7a37-6f6f-4782-be8e-849b5f77ed3b,,,,,,,,,,,,,,,,,,,,,,,,,,,,,,,,,,,,,,,
65a21f26-9ab2-40f5-9074-373c1898c324,,,,,,,,,,,,,,,,,,,,,,,,,,,,,,,,,,,,,,,
65b6d628-2017-459c-959c-844d7a31a990,,,,,,,,,,,,,,,,,,,,,,,,,,,,,,,,,,,,,,,
65b7d35f-863a-417d-8252-2f78ff358061,,,,,,,,,,,,,,,,,,,,,,,,,,,,,,,,,,,,,,,
65ba6005-5131-4b1a-a9da-7e7aae4e1d3b,genesys,1.0,1.0,,,,,,,,,,,,,,,,,,,,,,,,,,,,,,,,,,,,
65bfdcc8-f3cc-4c96-bba5-3054ee066a04,,,,,,,,,,,,,,,,,,,,,,,,,,,,,,,,,,,,,,,
65c61aa0-cbac-490a-86a5-e53cd9be3878,,,,,,,,,,,,,,,,,,,,,,,,,,,,,,,,,,,,,,,
65ca8528-1fa1-455a-93f8-cdaa518fcd97,,,,,,,,,,,,,,,,,,,,,,,,,,,,,,,,,,,,,,,
65d6f5b3-50b0-4427-93af-dd16b7e4eb48,,,,,,,,,,,,,,,,,,,,,,,,,,,,,,,,,,,,,,,
65dfbddb-ebac-4ba9-b766-d1f56adb9657,,,,,,,,,,,,,,,,,,,,,,,,,,,,,,,,,,,,,,,
65e49b16-f35f-48fa-be84-a3e181f2f16d,,,,,,,,,,,,,,,,,,,,,,,,,,,,,,,,,,,,,,,
65e90f82-904b-41b3-9de0-be4fe91d26c7,,,,,,,,,,,,,,,,,,,,,,,,,,,,,,,,,,,,,,,
65eed130-2662-48f7-a7b4-5d5ce6c1dcbe,,,,,,,,,,,,,,,,,,,,,,,,,,,,,,,,,,,,,,,
65f309ee-4b22-43d2-b4f8-f047e6f20be4,,,,,,,,,,,,,,,,,,,,,,,,,,,,,,,,,,,,,,,
65f759a3-2cb6-47db-ba80-05009bc18eff,,,,,,,,,,,,,,,,,,,,,,,,,,,,,,,,,,,,,,,
66003538-c395-4e52-9486-df1a6dcecde5,,,,,,,,,,,,,,,,,,,,,,,,,,,,,,,,,,,,,,,
66026d34-7298-444e-8f8d-4ac26d91b099,,,,,,,,,,,,,,,,,,,,,,,,,,,,,,,,,,,,,,,
6611dda9-4d72-46a6-b8ca-d75529896dd6,,,,,,,,,,,,,,,,,,,,,,,,,,,,,,,,,,,,,,,
66137889-bbb1-4177-867e-9db7bee87a93,,,,,,,,,,,,,,,,,,,,,,,,,,,,,,,,,,,,,,,
66175b1f-338b-4472-a672-ce7a56012258,,,,,,,,,,,,,,,,,,,,,,,,,,,,,,,,,,,,,,,
6617b039-4584-45a1-878e-ee0ecf94f4d0,,,,,,,,,,,,,,,,,,,,,,,,,,,,,,,,,,,,,,,
661ab2cd-1865-4194-b0b9-660e7c560514,,,,,,,,,,,,,,,,,,,,,,,,,,,,,,,,,,,,,,,
661c3b6a-3353-4900-a323-6d45341ec8a9,,,,,,,,,,,,,,,,,,,,,,,,,,,,,,,,,,,,,,,
661dc50e-cbe1-445b-9aee-fff1008e2afa,,,,,,,,,,,,,,,,,,,,,,,,,,,,,,,,,,,,,,,
662013b1-f88b-4b83-bc97-e2a75e1944ea,,,,,,,,,,,,,,,,,,,,,,,,,,,,,,,,,,,,,,,
66234acd-0f28-4404-9827-f05509e55f16,,,,,,,,,,,,,,,,,,,,,,,,,,,,,,,,,,,,,,,
663380cf-5879-4711-9984-8c589ad6bfc4,,,,,,,,,,,,,,,,,,,,,,,,,,,,,,,,,,,,,,,
6634bed9-5676-48c2-af84-1f59ece3c2d5,,,,,,,,,,,,,,,,,,,,,,,,,,,,,,,,,,,,,,,
663849c8-12ad-4f85-a39b-4db5394aedf1,,,,,,,,,,,,,,,,,,,,,,,,,,,,,,,,,,,,,,,
6647005e-bbf9-4313-aad3-33c7a04dc402,,,,,,,,,,,,,,,,,,,,,,,,,,,,,,,,,,,,,,,
6647e63f-d08f-4d40-aee8-1910b3d1ab84,,,,,,,,,,,,,,,,,,,,,,,,,,,,,,,,,,,,,,,
664ce726-cc45-4076-817f-9f2aa5ebb94a,,,,,,,,,,,,,,,,,,,,,,,,,,,,,,,,,,,,,,,
664fd8a1-4f7a-415e-8557-664bea0c1f22,,,,,,,,,,,,,,,,,,,,,,,,,,,,,,,,,,,,,,,
66500149-4629-4544-bb2b-d690e11d59b9,,,,,,,,,,,,,,,,,,,,,,,,,,,,,,,,,,,,,,,
665b11f7-7e30-4b74-8fcc-8aca638474a3,,,,,,,,,,,,,,,,,,,,,,,,,,,,,,,,,,,,,,,
66643b2f-3bdc-455c-b83f-9490ce65f690,,,,,,,,,,,,,,,,,,,,,,,,,,,,,,,,,,,,,,,
6668c38e-95c4-4986-9505-1690668e071a,,,,,,,,,,,,,,,,,,,,,,,,,,,,,,,,,,,,,,,
666ab324-0bad-48a1-b646-b7a93144ee9d,,,,,,,,,,,,,,,,,,,,,,,,,,,,,,,,,,,,,,,
666abdbf-fb0d-4fca-ae86-13f9e94d4bbd,,,,,,,,,,,,,,,,,,,,,,,,,,,,,,,,,,,,,,,
666d2947-2232-4a70-b8bb-79bb19279304,,,,,,,,,,,,,,,,,,,,,,,,,,,,,,,,,,,,,,,
666dbd93-7fc9-4ffb-9f2e-ec40ca83a2da,,,,,,,,,,,,,,,,,,,,,,,,,,,,,,,,,,,,,,,
66734253-09b9-44e4-9d5b-6f8e59166a2a,,,,,,,,,,,,,,,,,,,,,,,,,,,,,,,,,,,,,,,
6674ad6e-be14-4ecc-8a2e-745a934a85a6,,,,,,,,,,,,,,,,,,,,,,,,,,,,,,,,,,,,,,,
6677e46f-5f1a-4c79-b4df-1ec786143a5d,,,,,,,,,,,,,,,,,,,,,,,,,,,,,,,,,,,,,,,
668106a7-8d38-4df9-81bd-cf73f9bf2d0e,,,,,,,,,,,,,,,,,,,,,,,,,,,,,,,,,,,,,,,
66845fa0-11fd-4e3b-9879-40c88bcda672,,,,,,,,,,,,,,,,,,,,,,,,,,,,,,,,,,,,,,,
6686c490-e347-4547-a67f-0513bb68cd50,,,,,,,,,,,,,,,,,,,,,,,,,,,,,,,,,,,,,,,
668ed7e0-12f6-4d61-a805-d357808d1500,,,,,,,,,,,,,,,,,,,,,,,,,,,,,,,,,,,,,,,
66a98601-dbd3-4648-9023-fbed3880c5a4,,,,,,,,,,,,,,,,,,,,,,,,,,,,,,,,,,,,,,,
66ac5119-922c-4e5e-9b99-569bf5e310d5,,,,,,,,,,,,,,,,,,,,,,,,,,,,,,,,,,,,,,,
66c2ed2f-ba85-4ab5-9edd-dd78004517f2,,,,,,,,,,,,,,,,,,,,,,,,,,,,,,,,,,,,,,,
66c396a2-9767-4938-be72-03b4e9ba9427,,,,,,,,,,,,,,,,,,,,,,,,,,,,,,,,,,,,,,,
66c674da-f79d-4cf6-bb5f-3ac258d9e3a5,,,,,,,,,,,,,,,,,,,,,,,,,,,,,,,,,,,,,,,
66d2a6f9-3aaf-42ca-ae21-b46967e8b514,,,,,,,,,,,,,,,,,,,,,,,,,,,,,,,,,,,,,,,
66ddbf14-3b1b-41a6-abd9-77bd1ec9fbb1,,,,,,,,,,,,,,,,,,,,,,,,,,,,,,,,,,,,,,,
66e57bb0-00fd-4514-b645-53a259f01001,,,,,,,,,,,,,,,,,,,,,,,,,,,,,,,,,,,,,,,
66f46f33-61c8-4c9a-aeed-8fa5b4dc8d9e,,,,,,,,,,,,,,,,,,,,,,,,,,,,,,,,,,,,,,,
6700667c-b15d-4619-9528-6c5cbda134cc,,,,,,,,,,,,,,,,,,,,,,,,,,,,,,,,,,,,,,,
67061fcb-b715-4ac8-b3f7-b908fd197936,,,,,,,,,,,,,,,,,,,,,,,,,,,,,,,,,,,,,,,
67149032-5494-4ebb-8f72-e5ec7c9359cc,,,,,,,,,,,,,,,,,,,,,,,,,,,,,,,,,,,,,,,
67203046-c26b-4bf9-892d-bf025afa1008,,,,,,,,,,,,,,,,,,,,,,,,,,,,,,,,,,,,,,,
67227210-a353-442d-81ce-30f636a18a1a,,,,,,,,,,,,,,,,,,,,,,,,,,,,,,,,,,,,,,,
6724018b-6523-49cc-adab-ac684117d84f,,,,,,,,,,,,,,,,,,,,,,,,,,,,,,,,,,,,,,,
672e60a6-0779-4bec-960c-0dac8aa49a52,,,,,,,,,,,,,,,,,,,,,,,,,,,,,,,,,,,,,,,
672eddd3-d440-41a2-84e3-a53f250c88f0,,,,,,,,,,,,,,,,,,,,,,,,,,,,,,,,,,,,,,,
673040d7-5c13-450c-aeda-2d7fd3fc7503,,,,,,,,,,,,,,,,,,,,,,,,,,,,,,,,,,,,,,,
67355886-8e00-4109-b294-e9b3a87609f5,,,,,,,,,,,,,,,,,,,,,,,,,,,,,,,,,,,,,,,
6735cb72-d71e-40ad-b3d4-d4fb8efc253e,,,,,,,,,,,,,,,,,,,,,,,,,,,,,,,,,,,,,,,
6745aad5-a380-4467-a4b1-ced8cadb8dcd,,,,,,,,,,,,,,,,,,,,,,,,,,,,,,,,,,,,,,,
674af951-1dce-4fa9-a721-98a8e6c6c09c,,,,,,,,,,,,,,,,,,,,,,,,,,,,,,,,,,,,,,,
67572b94-b56d-464a-aa99-d2d43f7de199,,,,,,,,,,,,,,,,,,,,,,,,,,,,,,,,,,,,,,,
675dbbd6-986e-4f9d-9f34-dd79d2b6aebe,,,,,,,,,,,,,,,,,,,,,,,,,,,,,,,,,,,,,,,
6763f628-e9ea-4b74-90c1-542160e767ac,,,,,,,,,,,,,,,,,,,,,,,,,,,,,,,,,,,,,,,
67736c30-e0af-4294-a847-28212330d4df,,,,,,,,,,,,,,,,,,,,,,,,,,,,,,,,,,,,,,,
6784578c-ea4a-4203-9acc-4ac84b83e745,wikimedia_foundation,1.0,1.0,,,,,,,,,,,,,,,,,,,,,,,,,,,,,,,,,,,,
678ce5fd-086f-48a2-8f0b-f77f90454b97,,,,,,,,,,,,,,,,,,,,,,,,,,,,,,,,,,,,,,,
67908f44-3d1b-4172-afdb-ed8b474423db,,,,,,,,,,,,,,,,,,,,,,,,,,,,,,,,,,,,,,,
6798edd5-0b07-4c73-9eb4-1474f93b59fc,,,,,,,,,,,,,,,,,,,,,,,,,,,,,,,,,,,,,,,
67aa6fb9-d33f-423f-8d7e-e769ad26fc7a,,,,,,,,,,,,,,,,,,,,,,,,,,,,,,,,,,,,,,,
67b035fa-f732-43eb-bac2-e5c852f3a8f1,,,,,,,,,,,,,,,,,,,,,,,,,,,,,,,,,,,,,,,
67b3dca7-b70a-4fd3-8a5f-6b17541566fb,,,,,,,,,,,,,,,,,,,,,,,,,,,,,,,,,,,,,,,
67b8aeb9-f528-4493-b38d-3a58e113bf6e,,,,,,,,,,,,,,,,,,,,,,,,,,,,,,,,,,,,,,,
67bae3f5-00b9-4c4c-b60a-e978c345429f,,,,,,,,,,,,,,,,,,,,,,,,,,,,,,,,,,,,,,,
67baf2e7-5558-4a85-987c-86d17c08dfcb,,,,,,,,,,,,,,,,,,,,,,,,,,,,,,,,,,,,,,,
67ca4c21-ae08-4978-bed5-a6e6df9beae1,,,,,,,,,,,,,,,,,,,,,,,,,,,,,,,,,,,,,,,
67cd38f6-3984-4326-ae44-5e31874e4e1d,,,,,,,,,,,,,,,,,,,,,,,,,,,,,,,,,,,,,,,
67d12c00-598d-4218-944b-dcff6bccf239,,,,,,,,,,,,,,,,,,,,,,,,,,,,,,,,,,,,,,,
67d3eae8-027b-40e4-adfd-38b302aaba8f,maze,1.0,1.0,,,,,,,,,,,,,,,,,,,,,,,,,,,,,,,,,,,,
67d6ca2d-9f7e-4401-925e-01e8e3bab9eb,,,,,,,,,,,,,,,,,,,,,,,,,,,,,,,,,,,,,,,
67d7b815-4864-4b60-810b-611af208b948,,,,,,,,,,,,,,,,,,,,,,,,,,,,,,,,,,,,,,,
67da851c-0819-40c8-80ab-7b652a52b265,,,,,,,,,,,,,,,,,,,,,,,,,,,,,,,,,,,,,,,
67db834d-25eb-4809-a807-183e939ad09a,,,,,,,,,,,,,,,,,,,,,,,,,,,,,,,,,,,,,,,
67f0f3c4-f1e2-4841-ac96-6b8c5c61e75a,,,,,,,,,,,,,,,,,,,,,,,,,,,,,,,,,,,,,,,
67f3f7d1-aef2-4fd5-8101-c4fbcccd4569,,,,,,,,,,,,,,,,,,,,,,,,,,,,,,,,,,,,,,,
67f90199-feac-4e49-a58e-c00ad6b5766c,,,,,,,,,,,,,,,,,,,,,,,,,,,,,,,,,,,,,,,
67fb501e-d0b4-4eb9-8ce0-95e099db2bb5,,,,,,,,,,,,,,,,,,,,,,,,,,,,,,,,,,,,,,,
67ff5be1-58c2-4b27-b265-1f1fdc97830d,,,,,,,,,,,,,,,,,,,,,,,,,,,,,,,,,,,,,,,
6802d153-2b6c-42ce-aa71-58cbef91468a,,,,,,,,,,,,,,,,,,,,,,,,,,,,,,,,,,,,,,,
6804a8a0-ccde-46ac-96ae-016af4dc561f,,,,,,,,,,,,,,,,,,,,,,,,,,,,,,,,,,,,,,,
680604b6-bcbf-4bf6-9663-ef0993dfe790,,,,,,,,,,,,,,,,,,,,,,,,,,,,,,,,,,,,,,,
68094cb2-57ae-4bcb-9c9c-bf44dfeab5cc,,,,,,,,,,,,,,,,,,,,,,,,,,,,,,,,,,,,,,,
680a9917-5288-478a-a3a8-9c6f75de1979,,,,,,,,,,,,,,,,,,,,,,,,,,,,,,,,,,,,,,,
680fc44c-2692-42b6-a37d-481d89be8639,,,,,,,,,,,,,,,,,,,,,,,,,,,,,,,,,,,,,,,
6814e9d8-5ff8-4f32-8a5f-9cd44a95e184,qualtrics,1.0,1.0,,,,,,,,,,,,,,,,,,,,,,,,,,,,,,,,,,,,
6816688f-b52d-4f65-aee6-7bd9199c773b,,,,,,,,,,,,,,,,,,,,,,,,,,,,,,,,,,,,,,,
6822a39e-6378-4cd1-b89a-898cce3180c3,,,,,,,,,,,,,,,,,,,,,,,,,,,,,,,,,,,,,,,
68300518-23e9-4642-9412-01a208d3339e,,,,,,,,,,,,,,,,,,,,,,,,,,,,,,,,,,,,,,,
683671e7-b84a-4022-83c0-be3eb1111a74,,,,,,,,,,,,,,,,,,,,,,,,,,,,,,,,,,,,,,,
68459584-006a-47d9-9167-e0d03720141c,,,,,,,,,,,,,,,,,,,,,,,,,,,,,,,,,,,,,,,
68467bf2-b15e-46f5-967a-46d15599c943,,,,,,,,,,,,,,,,,,,,,,,,,,,,,,,,,,,,,,,
684cf6e0-6a75-4240-9b61-1dff723c92b7,,,,,,,,,,,,,,,,,,,,,,,,,,,,,,,,,,,,,,,
6852e244-f586-4e9b-92cd-35f0693e2e92,,,,,,,,,,,,,,,,,,,,,,,,,,,,,,,,,,,,,,,
685fc9c5-bda5-4dba-9595-018d682db96a,,,,,,,,,,,,,,,,,,,,,,,,,,,,,,,,,,,,,,,
68642cf7-4f01-4cbf-ae85-effb15c75fa1,,,,,,,,,,,,,,,,,,,,,,,,,,,,,,,,,,,,,,,
687c3393-96f2-4044-a761-41552f5c3aa1,,,,,,,,,,,,,,,,,,,,,,,,,,,,,,,,,,,,,,,
6882748c-a455-44a5-b3d5-cdf854149a58,,,,,,,,,,,,,,,,,,,,,,,,,,,,,,,,,,,,,,,
68858b3c-d827-4e05-8e83-d80c2e725597,,,,,,,,,,,,,,,,,,,,,,,,,,,,,,,,,,,,,,,
688aa221-a73c-4876-b08e-492cce6925b2,,,,,,,,,,,,,,,,,,,,,,,,,,,,,,,,,,,,,,,
688cf0b0-f45b-4bc1-8fe6-091e42ae7f76,,,,,,,,,,,,,,,,,,,,,,,,,,,,,,,,,,,,,,,
688ea860-8a71-4fa1-845f-8a7b5e0581ba,,,,,,,,,,,,,,,,,,,,,,,,,,,,,,,,,,,,,,,
6894ae6d-c77e-4406-8e18-c4ab05d9b363,,,,,,,,,,,,,,,,,,,,,,,,,,,,,,,,,,,,,,,
68a0792b-1b1b-4a10-850c-1836522aca93,,,,,,,,,,,,,,,,,,,,,,,,,,,,,,,,,,,,,,,
68b09669-db4c-41b6-8d1f-1ddc1d276f9c,,,,,,,,,,,,,,,,,,,,,,,,,,,,,,,,,,,,,,,
68b37399-8daa-4bfb-b9cf-c0166c9b5517,hubspot,1.0,1.0,,,,,,,,,,,,,,,,,,,,,,,,,,,,,,,,,,,,
68b7e6de-8d20-45c3-ae89-a1094d4da5d1,,,,,,,,,,,,,,,,,,,,,,,,,,,,,,,,,,,,,,,
68bd4ffd-7b80-4e9b-8ed8-289af044e387,,,,,,,,,,,,,,,,,,,,,,,,,,,,,,,,,,,,,,,
68c350c0-351f-4241-9dfe-9e194f5635e4,,,,,,,,,,,,,,,,,,,,,,,,,,,,,,,,,,,,,,,
68c71c2b-ebd9-47ed-bf96-bbeee7d3b5f6,,,,,,,,,,,,,,,,,,,,,,,,,,,,,,,,,,,,,,,
68d3a88e-dcec-4e8e-b0fe-155cac477095,,,,,,,,,,,,,,,,,,,,,,,,,,,,,,,,,,,,,,,
68d9fe61-611e-4fad-8d64-2ee78fd7c667,,,,,,,,,,,,,,,,,,,,,,,,,,,,,,,,,,,,,,,
68e06840-8612-4a95-9306-57ca8e4742a4,,,,,,,,,,,,,,,,,,,,,,,,,,,,,,,,,,,,,,,
68e2473b-4715-408f-8a8f-dedf11bcd13c,,,,,,,,,,,,,,,,,,,,,,,,,,,,,,,,,,,,,,,
68e2f2af-6ca9-4e1e-aab4-eb34c33e2588,,,,,,,,,,,,,,,,,,,,,,,,,,,,,,,,,,,,,,,
68ebd2b9-b39c-4529-8901-da2172b40622,,,,,,,,,,,,,,,,,,,,,,,,,,,,,,,,,,,,,,,
68f341b9-895b-4803-b6ae-6a83c497682b,,,,,,,,,,,,,,,,,,,,,,,,,,,,,,,,,,,,,,,
690e889a-c1bb-4f1a-8caa-fcc87b4ee70d,,,,,,,,,,,,,,,,,,,,,,,,,,,,,,,,,,,,,,,
69122407-2859-458e-a0bb-047d37334a1d,,,,,,,,,,,,,,,,,,,,,,,,,,,,,,,,,,,,,,,
69143653-0917-441b-be76-d6415b9e1a87,,,,,,,,,,,,,,,,,,,,,,,,,,,,,,,,,,,,,,,
69146a79-c5fa-427e-a6cf-fe272aaa4ca1,,,,,,,,,,,,,,,,,,,,,,,,,,,,,,,,,,,,,,,
6914be25-c072-48f4-b213-97bf776b8bcc,,,,,,,,,,,,,,,,,,,,,,,,,,,,,,,,,,,,,,,
6914e933-bd80-40ce-a9d9-b3bb7a2a2060,,,,,,,,,,,,,,,,,,,,,,,,,,,,,,,,,,,,,,,
69195360-3e33-441a-8794-3acb0a1892cf,,,,,,,,,,,,,,,,,,,,,,,,,,,,,,,,,,,,,,,
691dcf12-8111-4878-b2b8-79a225b58209,,,,,,,,,,,,,,,,,,,,,,,,,,,,,,,,,,,,,,,
69251586-d8e6-4152-abef-66e85fa03f58,,,,,,,,,,,,,,,,,,,,,,,,,,,,,,,,,,,,,,,
69256e40-a86e-4e50-8dfa-68be8ed9731e,,,,,,,,,,,,,,,,,,,,,,,,,,,,,,,,,,,,,,,
692bc106-6a46-4e26-879d-0eaf2b8cfe65,,,,,,,,,,,,,,,,,,,,,,,,,,,,,,,,,,,,,,,
6932da8d-237a-43ae-a29e-c766215d8ff2,,,,,,,,,,,,,,,,,,,,,,,,,,,,,,,,,,,,,,,
6933606a-81fd-4c1b-945b-4368dfe06248,,,,,,,,,,,,,,,,,,,,,,,,,,,,,,,,,,,,,,,
693853b3-ad97-4e40-ae1f-9d6f5ff934c9,,,,,,,,,,,,,,,,,,,,,,,,,,,,,,,,,,,,,,,
693bb2a7-7370-44f6-84a9-eb5a91ea6898,,,,,,,,,,,,,,,,,,,,,,,,,,,,,,,,,,,,,,,
694285bd-5465-480c-a2a2-30b8e23b0e67,,,,,,,,,,,,,,,,,,,,,,,,,,,,,,,,,,,,,,,
6942b2c8-da19-45a4-9286-e5ff1a3ad3e5,,,,,,,,,,,,,,,,,,,,,,,,,,,,,,,,,,,,,,,
69440e8f-3fec-40fa-9ae7-365fd3b5cef9,,,,,,,,,,,,,,,,,,,,,,,,,,,,,,,,,,,,,,,
694637e0-b998-415a-8a1b-ffe42eca29ee,,,,,,,,,,,,,,,,,,,,,,,,,,,,,,,,,,,,,,,
694d4e65-8dda-4f14-ab1a-427def5e7b5b,,,,,,,,,,,,,,,,,,,,,,,,,,,,,,,,,,,,,,,
694f7792-f0c5-4a7e-8b6d-698dedb86cdd,,,,,,,,,,,,,,,,,,,,,,,,,,,,,,,,,,,,,,,
6954046e-7405-4066-9468-b0c4039f0a3b,,,,,,,,,,,,,,,,,,,,,,,,,,,,,,,,,,,,,,,
695407fe-7257-4b50-b009-2ab5b831805c,,,,,,,,,,,,,,,,,,,,,,,,,,,,,,,,,,,,,,,
6958b536-5933-4721-ab90-1b6eb54657b7,,,,,,,,,,,,,,,,,,,,,,,,,,,,,,,,,,,,,,,
69595fc8-886d-4a17-970e-68ed9ae7e50f,,,,,,,,,,,,,,,,,,,,,,,,,,,,,,,,,,,,,,,
695b1e46-9789-4aa2-9d88-cb24f34c00e8,,,,,,,,,,,,,,,,,,,,,,,,,,,,,,,,,,,,,,,
69640b16-333a-4096-8eea-7986cb09b839,,,,,,,,,,,,,,,,,,,,,,,,,,,,,,,,,,,,,,,
696910ea-8ebd-4506-ad7c-388686735144,,,,,,,,,,,,,,,,,,,,,,,,,,,,,,,,,,,,,,,
6974e47a-7c5a-46fd-8196-35c0ac6b92ea,,,,,,,,,,,,,,,,,,,,,,,,,,,,,,,,,,,,,,,
697d0980-a333-4751-9b06-e06d62742906,,,,,,,,,,,,,,,,,,,,,,,,,,,,,,,,,,,,,,,
697e6ed3-4e76-4319-8fdb-456550f913ed,,,,,,,,,,,,,,,,,,,,,,,,,,,,,,,,,,,,,,,
6980408c-5fb3-4dea-84ca-624f36bb80ba,gainsight,1.0,1.0,,,,,,,,,,,,,,,,,,,,,,,,,,,,,,,,,,,,
6980ab65-9bad-4133-9655-e913254cf9a3,zalando,1.0,1.0,,,,,,,,,,,,,,,,,,,,,,,,,,,,,,,,,,,,
698107b3-bc39-4b7e-af5f-89cdb3dcae00,,,,,,,,,,,,,,,,,,,,,,,,,,,,,,,,,,,,,,,
698b780f-d79e-4f74-b7d9-228b8205a2a1,,,,,,,,,,,,,,,,,,,,,,,,,,,,,,,,,,,,,,,
698d030e-4d01-47cf-9e22-7774aa5e5908,,,,,,,,,,,,,,,,,,,,,,,,,,,,,,,,,,,,,,,
698dd8d5-6996-44ab-9d24-7392ab28d484,,,,,,,,,,,,,,,,,,,,,,,,,,,,,,,,,,,,,,,
698de5e4-9551-4fb8-ba92-a1953d803f88,,,,,,,,,,,,,,,,,,,,,,,,,,,,,,,,,,,,,,,
69924454-3f1d-4afe-ab2b-9b929297db45,,,,,,,,,,,,,,,,,,,,,,,,,,,,,,,,,,,,,,,
69981d2f-2652-4653-bf80-6b0441ceb904,,,,,,,,,,,,,,,,,,,,,,,,,,,,,,,,,,,,,,,
69a1056c-cb8e-48f1-bcf3-f381accc8385,,,,,,,,,,,,,,,,,,,,,,,,,,,,,,,,,,,,,,,
69a48cf5-6418-47b3-aee9-895a73b2f32c,,,,,,,,,,,,,,,,,,,,,,,,,,,,,,,,,,,,,,,
69abb51a-93e7-4744-aa7c-9bb6941920d4,,,,,,,,,,,,,,,,,,,,,,,,,,,,,,,,,,,,,,,
69acaffa-8341-4bcb-980b-846ca4404871,,,,,,,,,,,,,,,,,,,,,,,,,,,,,,,,,,,,,,,
69bf2601-9080-47f7-850d-9a8a0daa684c,,,,,,,,,,,,,,,,,,,,,,,,,,,,,,,,,,,,,,,
69bf4c7c-1cc9-4339-bfe8-fc57bf16fb23,,,,,,,,,,,,,,,,,,,,,,,,,,,,,,,,,,,,,,,
69c84d1d-b1dd-4dfc-bc57-a76d9e56356e,,,,,,,,,,,,,,,,,,,,,,,,,,,,,,,,,,,,,,,
69cc835a-06e9-433f-9c3e-2bc2ea21338d,,,,,,,,,,,,,,,,,,,,,,,,,,,,,,,,,,,,,,,
69d682ef-0279-4e05-ad6a-5eef47e59eae,,,,,,,,,,,,,,,,,,,,,,,,,,,,,,,,,,,,,,,
69e5959a-7916-448d-b9b3-a7ea19ac5781,,,,,,,,,,,,,,,,,,,,,,,,,,,,,,,,,,,,,,,
69ed013a-5673-4d32-9a6e-2af88050c888,,,,,,,,,,,,,,,,,,,,,,,,,,,,,,,,,,,,,,,
69f97842-d8cb-4b87-8dfa-c810674e4fc2,,,,,,,,,,,,,,,,,,,,,,,,,,,,,,,,,,,,,,,
6a0432cc-f8c6-4d46-8c91-bade5391ba60,,,,,,,,,,,,,,,,,,,,,,,,,,,,,,,,,,,,,,,
6a04a99f-eae6-4ee3-a2d8-86cb7562db61,wikimedia_foundation,1.0,1.0,,,,,,,,,,,,,,,,,,,,,,,,,,,,,,,,,,,,
6a0938a9-c11c-49bf-8ed1-3a0e614bc5e1,,,,,,,,,,,,,,,,,,,,,,,,,,,,,,,,,,,,,,,
6a0fae67-9032-4df9-a331-d93a696f3b91,microsoft,1.0,1.0,,,,,,,,,,,,,,,,,,,,,,,,,,,,,,,,,,,,
6a146088-a2a6-46fd-8faf-58415557d888,,,,,,,,,,,,,,,,,,,,,,,,,,,,,,,,,,,,,,,
6a159047-d9ab-4993-99c0-18de8eba390e,,,,,,,,,,,,,,,,,,,,,,,,,,,,,,,,,,,,,,,
6a18941c-7f5a-46f8-a969-0056a23f999b,,,,,,,,,,,,,,,,,,,,,,,,,,,,,,,,,,,,,,,
6a191554-e74c-47e5-b0a2-e2ec5a3ff2b0,,,,,,,,,,,,,,,,,,,,,,,,,,,,,,,,,,,,,,,
6a1e8350-e9cc-4a84-976d-5d322d72c235,,,,,,,,,,,,,,,,,,,,,,,,,,,,,,,,,,,,,,,
6a2c1886-42f4-4ea5-94c6-50eb6135ca39,,,,,,,,,,,,,,,,,,,,,,,,,,,,,,,,,,,,,,,
6a2e0220-f996-4a55-9539-05a390881bea,,,,,,,,,,,,,,,,,,,,,,,,,,,,,,,,,,,,,,,
6a304f8f-83b4-4357-ae00-145f380280a0,,,,,,,,,,,,,,,,,,,,,,,,,,,,,,,,,,,,,,,
6a355f08-c74a-47d2-b88d-2edf9da425be,,,,,,,,,,,,,,,,,,,,,,,,,,,,,,,,,,,,,,,
6a39b6aa-e9fb-4e16-8fd4-03eabdb236aa,,,,,,,,,,,,,,,,,,,,,,,,,,,,,,,,,,,,,,,
6a493daa-82be-4f81-976f-52d0a54c68e4,,,,,,,,,,,,,,,,,,,,,,,,,,,,,,,,,,,,,,,
6a49fdd3-aade-447a-bc4a-d2be4fbef5f8,,,,,,,,,,,,,,,,,,,,,,,,,,,,,,,,,,,,,,,
6a58aef6-2b65-4793-8205-8793799feb30,,,,,,,,,,,,,,,,,,,,,,,,,,,,,,,,,,,,,,,
6a592ab0-38e0-4723-91b0-71a91df35626,,,,,,,,,,,,,,,,,,,,,,,,,,,,,,,,,,,,,,,
6a60496e-1713-4b5c-a2ed-aa1002a9808a,,,,,,,,,,,,,,,,,,,,,,,,,,,,,,,,,,,,,,,
6a656a0f-0a53-45e0-935b-adfcec2f033e,,,,,,,,,,,,,,,,,,,,,,,,,,,,,,,,,,,,,,,
6a6946e7-c28d-4ca0-9879-a05cbfb082bf,,,,,,,,,,,,,,,,,,,,,,,,,,,,,,,,,,,,,,,
6a6abac0-954a-4108-a86d-a99aa3364435,,,,,,,,,,,,,,,,,,,,,,,,,,,,,,,,,,,,,,,
6a6b59f3-72b1-4438-a33f-aa819a775342,,,,,,,,,,,,,,,,,,,,,,,,,,,,,,,,,,,,,,,
6a6da48f-f5ec-4396-8336-c0722af14f14,,,,,,,,,,,,,,,,,,,,,,,,,,,,,,,,,,,,,,,
6a717d71-d529-499f-862e-fbd9d579b750,,,,,,,,,,,,,,,,,,,,,,,,,,,,,,,,,,,,,,,
6a72b958-3270-4be1-9620-132fb2f8f8fc,,,,,,,,,,,,,,,,,,,,,,,,,,,,,,,,,,,,,,,
6a7b2d4f-9233-483b-a31c-7d0aaf009896,,,,,,,,,,,,,,,,,,,,,,,,,,,,,,,,,,,,,,,
6a7dee56-2da9-40ef-8e64-99109e65f898,,,,,,,,,,,,,,,,,,,,,,,,,,,,,,,,,,,,,,,
6a85a841-9190-4e3f-bf56-82b282829c79,baidu,1.0,1.0,,,,,,,,,,,,,,,,,,,,,,,,,,,,,,,,,,,,
6a8ebefb-acca-4599-b539-a8ffae32bf95,,,,,,,,,,,,,,,,,,,,,,,,,,,,,,,,,,,,,,,
6a938887-a9f4-4345-affb-f570e03a14ee,,,,,,,,,,,,,,,,,,,,,,,,,,,,,,,,,,,,,,,
6a9bdcbd-12ba-428e-a565-6bfcee201c57,,,,,,,,,,,,,,,,,,,,,,,,,,,,,,,,,,,,,,,
6a9f7bf4-120c-48bd-ab63-2217b7c8fa2e,,,,,,,,,,,,,,,,,,,,,,,,,,,,,,,,,,,,,,,
6aa0d81c-4ec2-471b-ba18-452d1cb3e41e,,,,,,,,,,,,,,,,,,,,,,,,,,,,,,,,,,,,,,,
6aa84971-dd0b-4f53-ba4d-b98f59dc2891,,,,,,,,,,,,,,,,,,,,,,,,,,,,,,,,,,,,,,,
6aaf0f2d-010e-4af6-8da5-244b15d828d6,,,,,,,,,,,,,,,,,,,,,,,,,,,,,,,,,,,,,,,
6ab48acd-cdf7-4456-86e9-aee8a5d06aeb,,,,,,,,,,,,,,,,,,,,,,,,,,,,,,,,,,,,,,,
6ac85855-3c9c-48a1-8cc3-b8fa8e8300df,,,,,,,,,,,,,,,,,,,,,,,,,,,,,,,,,,,,,,,
6acd2c55-775e-4d99-8b14-87b60ec0ce55,,,,,,,,,,,,,,,,,,,,,,,,,,,,,,,,,,,,,,,
6ace3f66-485d-4a95-9435-ff001b62b990,,,,,,,,,,,,,,,,,,,,,,,,,,,,,,,,,,,,,,,
6ad34bb2-78e3-4218-8fa5-127400e27283,,,,,,,,,,,,,,,,,,,,,,,,,,,,,,,,,,,,,,,
6ad68c61-eafc-45d1-91d0-b1e32036f596,,,,,,,,,,,,,,,,,,,,,,,,,,,,,,,,,,,,,,,
6ad982c2-9ec0-41f0-ac20-2f0e2479ebcb,,,,,,,,,,,,,,,,,,,,,,,,,,,,,,,,,,,,,,,
6adad8aa-cfca-4374-82f4-00a677354bb4,,,,,,,,,,,,,,,,,,,,,,,,,,,,,,,,,,,,,,,
6ae2f30b-a859-44b1-b046-a01bde9e3e0f,,,,,,,,,,,,,,,,,,,,,,,,,,,,,,,,,,,,,,,
6ae4209b-b017-42a4-8c2a-58330d1ab3ed,,,,,,,,,,,,,,,,,,,,,,,,,,,,,,,,,,,,,,,
6ae7c7f5-2cbd-4df6-a457-976204b34476,,,,,,,,,,,,,,,,,,,,,,,,,,,,,,,,,,,,,,,
6aec988a-0c96-490a-abc7-379dab7c188d,,,,,,,,,,,,,,,,,,,,,,,,,,,,,,,,,,,,,,,
6aecfe08-2f39-4626-9167-3191eb7e76be,,,,,,,,,,,,,,,,,,,,,,,,,,,,,,,,,,,,,,,
6aeddf08-7cd1-4bb9-854f-bff60c498bb4,,,,,,,,,,,,,,,,,,,,,,,,,,,,,,,,,,,,,,,
6aee3b29-dcd3-48a1-908d-fdcf7e7a78a7,,,,,,,,,,,,,,,,,,,,,,,,,,,,,,,,,,,,,,,
6af60fca-81d2-40b4-b49a-0df711c3bb63,,,,,,,,,,,,,,,,,,,,,,,,,,,,,,,,,,,,,,,
6b05b663-e412-42c4-aa57-9f8d57c446df,,,,,,,,,,,,,,,,,,,,,,,,,,,,,,,,,,,,,,,
6b08acbb-08ce-42f5-95da-4fe1a60ad810,,,,,,,,,,,,,,,,,,,,,,,,,,,,,,,,,,,,,,,
6b0e19d5-4603-4fc4-9053-a1f9179bbb8f,,,,,,,,,,,,,,,,,,,,,,,,,,,,,,,,,,,,,,,
6b1140bc-3a18-4853-83f7-1b768236b7a5,,,,,,,,,,,,,,,,,,,,,,,,,,,,,,,,,,,,,,,
6b168aa4-d483-4947-ba96-705b6063c94f,,,,,,,,,,,,,,,,,,,,,,,,,,,,,,,,,,,,,,,
6b20d2f2-d9d5-4b78-853c-a8b12abd098b,,,,,,,,,,,,,,,,,,,,,,,,,,,,,,,,,,,,,,,
6b23446e-c665-46cb-96b5-b5815e6ece19,,,,,,,,,,,,,,,,,,,,,,,,,,,,,,,,,,,,,,,
6b24c711-8e62-42b1-8a01-b38a18509009,,,,,,,,,,,,,,,,,,,,,,,,,,,,,,,,,,,,,,,
6b2b1a99-a325-4f8b-9e8e-0009431f0caa,,,,,,,,,,,,,,,,,,,,,,,,,,,,,,,,,,,,,,,
6b2d369b-5351-4453-a682-b22f0879e125,,,,,,,,,,,,,,,,,,,,,,,,,,,,,,,,,,,,,,,
6b3117a1-2d00-44f2-b064-0660fc64b261,,,,,,,,,,,,,,,,,,,,,,,,,,,,,,,,,,,,,,,
6b399fe8-4c95-457a-bd51-d8ef039270e9,adobe,1.0,1.0,,,,,,,,,,,,,,,,,,,,,,,,,,,,,,,,,,,,
6b57c2c0-59b8-4855-bca6-fd2db6047ce4,,,,,,,,,,,,,,,,,,,,,,,,,,,,,,,,,,,,,,,
6b6222af-c2ea-4b0e-abe6-748486868cd4,,,,,,,,,,,,,,,,,,,,,,,,,,,,,,,,,,,,,,,
6b628158-7ebf-41b6-b76e-9b4bbd84b8ef,,,,,,,,,,,,,,,,,,,,,,,,,,,,,,,,,,,,,,,
6b6c6698-98e8-4f9c-982d-410146a6e282,,,,,,,,,,,,,,,,,,,,,,,,,,,,,,,,,,,,,,,
6b6fa642-ec06-4e0e-97d0-d2713e0eaa75,squarespace,1.0,1.0,,,,,,,,,,,,,,,,,,,,,,,,,,,,,,,,,,,,
6b7ca4d4-4b98-4d5a-94a2-aac8bd8f0e6b,,,,,,,,,,,,,,,,,,,,,,,,,,,,,,,,,,,,,,,
6b7eabbb-2903-4e93-9c1a-2d6c53abc8a3,,,,,,,,,,,,,,,,,,,,,,,,,,,,,,,,,,,,,,,
6b7eca41-8b9d-4cbb-b6f3-1a245d10673f,iubenda,1.0,1.0,,,,,,,,,,,,,,,,,,,,,,,,,,,,,,,,,,,,
6b8152ac-0384-47d1-8c2c-bb2c06e78755,,,,,,,,,,,,,,,,,,,,,,,,,,,,,,,,,,,,,,,
6b844d0c-53ca-4288-8dd8-b9b8d932a121,wikimedia_foundation,1.0,1.0,,,,,,,,,,,,,,,,,,,,,,,,,,,,,,,,,,,,
6b84ccf4-676c-485b-ba96-b8f55fcb6580,,,,,,,,,,,,,,,,,,,,,,,,,,,,,,,,,,,,,,,
6b88afbf-785a-493b-8a76-10d91a4a89e5,,,,,,,,,,,,,,,,,,,,,,,,,,,,,,,,,,,,,,,
6b950178-a658-4543-b9db-1c947ad1a906,,,,,,,,,,,,,,,,,,,,,,,,,,,,,,,,,,,,,,,
6b96e8ee-ec60-41b0-834b-e6d1fcb5845b,,,,,,,,,,,,,,,,,,,,,,,,,,,,,,,,,,,,,,,
6b992d0b-5412-4f4d-b9ae-3cfade74a2ad,,,,,,,,,,,,,,,,,,,,,,,,,,,,,,,,,,,,,,,
6b9ca45a-99c5-4d72-8ec3-83849f123c80,,,,,,,,,,,,,,,,,,,,,,,,,,,,,,,,,,,,,,,
6bad4695-4507-47c0-ac12-8b02c66b3080,,,,,,,,,,,,,,,,,,,,,,,,,,,,,,,,,,,,,,,
6bba33fd-2453-46dd-ac84-774bc8926848,,,,,,,,,,,,,,,,,,,,,,,,,,,,,,,,,,,,,,,
6bbca8c0-bc62-4cde-882c-988be57be319,,,,,,,,,,,,,,,,,,,,,,,,,,,,,,,,,,,,,,,
6bc31bc9-298a-469a-8ceb-954486b69862,,,,,,,,,,,,,,,,,,,,,,,,,,,,,,,,,,,,,,,
6bd46944-22e7-4f9f-bd96-83d646d209cb,,,,,,,,,,,,,,,,,,,,,,,,,,,,,,,,,,,,,,,
6bd4696b-7697-474e-9491-aa85b9ac141c,,,,,,,,,,,,,,,,,,,,,,,,,,,,,,,,,,,,,,,
6bd486fc-db2b-493a-81a3-d8c4685af28e,hotjar,1.0,1.0,,,,,,,,,,,,,,,,,,,,,,,,,,,,,,,,,,,,
6bd5765c-2ff6-4acc-8d5e-9085129a1b23,,,,,,,,,,,,,,,,,,,,,,,,,,,,,,,,,,,,,,,
6bd67aff-4391-49bb-9211-da2176e9e54b,,,,,,,,,,,,,,,,,,,,,,,,,,,,,,,,,,,,,,,
6be72913-7cf2-49c9-85ab-d4bc7d15add5,,,,,,,,,,,,,,,,,,,,,,,,,,,,,,,,,,,,,,,
6bf2a0a9-06ca-4ca0-bc4a-dce4a848cb70,,,,,,,,,,,,,,,,,,,,,,,,,,,,,,,,,,,,,,,
6bf88ff7-aa2a-4355-a354-bea37adb6fdb,,,,,,,,,,,,,,,,,,,,,,,,,,,,,,,,,,,,,,,
6bf8ad24-427c-44ab-855a-0827d1e5be88,,,,,,,,,,,,,,,,,,,,,,,,,,,,,,,,,,,,,,,
6c046ee4-0ff0-4a75-9d72-1904dcc2b667,,,,,,,,,,,,,,,,,,,,,,,,,,,,,,,,,,,,,,,
6c05c1c2-5e2d-44be-af91-b09575296f53,,,,,,,,,,,,,,,,,,,,,,,,,,,,,,,,,,,,,,,
6c0ae82e-58e1-4ddf-81b3-4b39749ec4c1,,,,,,,,,,,,,,,,,,,,,,,,,,,,,,,,,,,,,,,
6c115486-8153-4e88-ba5c-fe047194d58b,,,,,,,,,,,,,,,,,,,,,,,,,,,,,,,,,,,,,,,
6c11c145-c316-435c-a6ba-b2b8e907be9b,,,,,,,,,,,,,,,,,,,,,,,,,,,,,,,,,,,,,,,
6c14d2ac-a146-4a31-9ec8-db63cc938de7,,,,,,,,,,,,,,,,,,,,,,,,,,,,,,,,,,,,,,,
6c1bd90d-04dd-4175-b34f-163a97d76057,,,,,,,,,,,,,,,,,,,,,,,,,,,,,,,,,,,,,,,
6c1d09a5-5047-473a-82f1-f6e464c8257d,,,,,,,,,,,,,,,,,,,,,,,,,,,,,,,,,,,,,,,
6c23f209-3104-473e-a8c3-2802d91fa0dc,,,,,,,,,,,,,,,,,,,,,,,,,,,,,,,,,,,,,,,
6c240c0e-e2bb-4409-a334-fb47c7892294,,,,,,,,,,,,,,,,,,,,,,,,,,,,,,,,,,,,,,,
6c2db3b9-b66b-4fe4-ad6a-3b7a13e5b9fe,,,,,,,,,,,,,,,,,,,,,,,,,,,,,,,,,,,,,,,
6c38e571-3405-4fb2-ad9a-3a6ae4a66b07,,,,,,,,,,,,,,,,,,,,,,,,,,,,,,,,,,,,,,,
6c3de02e-5d65-4adb-9f4c-2fa6095a82b2,,,,,,,,,,,,,,,,,,,,,,,,,,,,,,,,,,,,,,,
6c3f903b-15f7-4913-905f-6210db7720eb,,,,,,,,,,,,,,,,,,,,,,,,,,,,,,,,,,,,,,,
6c4ed500-276d-44e0-82c1-60e6bdcd1e3c,,,,,,,,,,,,,,,,,,,,,,,,,,,,,,,,,,,,,,,
6c500f58-ff89-47be-acc8-94d1366c56ee,,,,,,,,,,,,,,,,,,,,,,,,,,,,,,,,,,,,,,,
6c53374b-b81b-41b5-ba50-ee0b94f6ccb5,,,,,,,,,,,,,,,,,,,,,,,,,,,,,,,,,,,,,,,
6c5be15f-e57c-4735-b1d1-44d23d03de15,,,,,,,,,,,,,,,,,,,,,,,,,,,,,,,,,,,,,,,
6c607c09-3a16-4fe0-aa0e-3665a32520bd,,,,,,,,,,,,,,,,,,,,,,,,,,,,,,,,,,,,,,,
6c670338-a605-40c5-9de4-2d59e3f3d5ac,,,,,,,,,,,,,,,,,,,,,,,,,,,,,,,,,,,,,,,
6c6cd627-7cf3-46c6-b1c3-93daaab17a9a,,,,,,,,,,,,,,,,,,,,,,,,,,,,,,,,,,,,,,,
6c711c0e-1193-4d69-ad01-86ab92a60252,,,,,,,,,,,,,,,,,,,,,,,,,,,,,,,,,,,,,,,
6c7334e6-472a-4999-a474-a4a20aa33143,,,,,,,,,,,,,,,,,,,,,,,,,,,,,,,,,,,,,,,
6c7be4a3-8193-43a6-a081-bf6be336e745,,,,,,,,,,,,,,,,,,,,,,,,,,,,,,,,,,,,,,,
6c7c1bda-d8fc-4966-9f14-01b11b9896b0,,,,,,,,,,,,,,,,,,,,,,,,,,,,,,,,,,,,,,,
6c870abf-4e2d-4d7b-ae52-975299599aac,,,,,,,,,,,,,,,,,,,,,,,,,,,,,,,,,,,,,,,
6c8b9d44-64e4-42e2-81d8-4924639ebdaa,,,,,,,,,,,,,,,,,,,,,,,,,,,,,,,,,,,,,,,
6c955681-5cd6-4fe1-9ff4-c8e6166a5fb1,,,,,,,,,,,,,,,,,,,,,,,,,,,,,,,,,,,,,,,
6c96911b-fd7e-434a-97fd-7127d0d90f61,,,,,,,,,,,,,,,,,,,,,,,,,,,,,,,,,,,,,,,
6c9cfc81-9689-4a3e-b2e7-60921cc0c86d,,,,,,,,,,,,,,,,,,,,,,,,,,,,,,,,,,,,,,,
6ca0e526-e201-41e3-b435-3ec64faed85b,,,,,,,,,,,,,,,,,,,,,,,,,,,,,,,,,,,,,,,
6ca17293-a230-4341-a4e7-c6d23483c2e1,,,,,,,,,,,,,,,,,,,,,,,,,,,,,,,,,,,,,,,
6ca1906b-9b49-4b52-9de7-92f079790490,,,,,,,,,,,,,,,,,,,,,,,,,,,,,,,,,,,,,,,
6caf296c-89ea-47d6-815f-e32c07b83f06,,,,,,,,,,,,,,,,,,,,,,,,,,,,,,,,,,,,,,,
6cb6180e-0866-4ccd-b47d-31ef6e5ca92d,,,,,,,,,,,,,,,,,,,,,,,,,,,,,,,,,,,,,,,
6cc86b58-b8b8-401c-a4eb-77ae500308d3,,,,,,,,,,,,,,,,,,,,,,,,,,,,,,,,,,,,,,,
6ce9af25-ae88-4ea3-9cb6-92d61f80b80a,,,,,,,,,,,,,,,,,,,,,,,,,,,,,,,,,,,,,,,
6cecf3ce-dbdc-4103-9034-112fd14074f0,,,,,,,,,,,,,,,,,,,,,,,,,,,,,,,,,,,,,,,
6ceea6fc-b89f-46f2-b3a0-c6d2fe45f201,,,,,,,,,,,,,,,,,,,,,,,,,,,,,,,,,,,,,,,
6cf05575-4f7e-4614-81db-069565cafb04,,,,,,,,,,,,,,,,,,,,,,,,,,,,,,,,,,,,,,,
6d074a9a-4a8b-45ea-977a-22faac84e746,,,,,,,,,,,,,,,,,,,,,,,,,,,,,,,,,,,,,,,
6d107478-f36b-45f9-aeaf-b02816f84155,,,,,,,,,,,,,,,,,,,,,,,,,,,,,,,,,,,,,,,
6d15bdfc-a066-4675-831f-18ec04740e6a,,,,,,,,,,,,,,,,,,,,,,,,,,,,,,,,,,,,,,,
6d285985-37ca-4c84-88d4-3a3e9d142b38,,,,,,,,,,,,,,,,,,,,,,,,,,,,,,,,,,,,,,,
6d29363c-db22-4941-8de3-2f8490aa10a1,,,,,,,,,,,,,,,,,,,,,,,,,,,,,,,,,,,,,,,
6d2b25ef-bfdd-4071-b199-b2425878d674,,,,,,,,,,,,,,,,,,,,,,,,,,,,,,,,,,,,,,,
6d2d380b-28aa-47af-bcec-1af946d06848,,,,,,,,,,,,,,,,,,,,,,,,,,,,,,,,,,,,,,,
6d437fe9-085d-41db-8498-a89a63e3f62d,verizon,1.0,1.0,,,,,,,,,,,,,,,,,,,,,,,,,,,,,,,,,,,,
6d4ddfd4-0d24-4baf-9c56-cb1fede54bc5,,,,,,,,,,,,,,,,,,,,,,,,,,,,,,,,,,,,,,,
6d5649b7-a317-48f8-a232-3d416c286aff,,,,,,,,,,,,,,,,,,,,,,,,,,,,,,,,,,,,,,,
6d59d43a-7159-4072-91b0-9a5f6e1b22c3,,,,,,,,,,,,,,,,,,,,,,,,,,,,,,,,,,,,,,,
6d5a4bf2-5ab9-4276-b109-6eae4ac60f69,pure_chat,1.0,1.0,,,,,,,,,,,,,,,,,,,,,,,,,,,,,,,,,,,,
6d65c868-9ad4-483b-988f-1ee5e27c2895,,,,,,,,,,,,,,,,,,,,,,,,,,,,,,,,,,,,,,,
6d702682-a92d-49d1-a454-55e25749d28e,,,,,,,,,,,,,,,,,,,,,,,,,,,,,,,,,,,,,,,
6d80c0f0-baa9-49a7-b81b-05f7aff04bf0,,,,,,,,,,,,,,,,,,,,,,,,,,,,,,,,,,,,,,,
6d8f6b23-54c5-4b84-b3f8-f84160a57ade,,,,,,,,,,,,,,,,,,,,,,,,,,,,,,,,,,,,,,,
6d94b98c-936b-4dc7-828f-b0afbdba2024,digicert,1.0,1.0,,,,,,,,,,,,,,,,,,,,,,,,,,,,,,,,,,,,
6d9de368-4ee1-4841-89fe-4ad5d035711a,,,,,,,,,,,,,,,,,,,,,,,,,,,,,,,,,,,,,,,
6da221a4-2edd-48d8-9244-f21286ad8e41,,,,,,,,,,,,,,,,,,,,,,,,,,,,,,,,,,,,,,,
6da4dfd2-10dd-4b1d-9973-09d607053932,,,,,,,,,,,,,,,,,,,,,,,,,,,,,,,,,,,,,,,
6dc3e535-2808-4476-8c63-e883463e3563,,,,,,,,,,,,,,,,,,,,,,,,,,,,,,,,,,,,,,,
6dc79d14-6d01-4684-a139-1f19fcc4d6a5,,,,,,,,,,,,,,,,,,,,,,,,,,,,,,,,,,,,,,,
6dd25aaf-046a-40ad-a566-1dcce62a9387,,,,,,,,,,,,,,,,,,,,,,,,,,,,,,,,,,,,,,,
6ddee2ae-9885-4597-ace2-948f2fb6da5e,,,,,,,,,,,,,,,,,,,,,,,,,,,,,,,,,,,,,,,
6ddf44ef-b33f-4c2d-b888-6e9390d56f4b,,,,,,,,,,,,,,,,,,,,,,,,,,,,,,,,,,,,,,,
6de0e6fa-6ac8-4682-b591-ed2b33f65e62,,,,,,,,,,,,,,,,,,,,,,,,,,,,,,,,,,,,,,,
6dea2762-82be-4a13-ba29-7961454440b4,,,,,,,,,,,,,,,,,,,,,,,,,,,,,,,,,,,,,,,
6dee5417-54a7-445f-b876-394b16b741de,,,,,,,,,,,,,,,,,,,,,,,,,,,,,,,,,,,,,,,
6df046a6-a934-45aa-841c-71922504a54d,,,,,,,,,,,,,,,,,,,,,,,,,,,,,,,,,,,,,,,
6e017963-db56-4699-8240-f79fafffa8a8,,,,,,,,,,,,,,,,,,,,,,,,,,,,,,,,,,,,,,,
6e01c366-32d4-4b5f-86a9-c623ead4b293,,,,,,,,,,,,,,,,,,,,,,,,,,,,,,,,,,,,,,,
6e0c373d-ad19-44fd-99e9-64f935eecdeb,,,,,,,,,,,,,,,,,,,,,,,,,,,,,,,,,,,,,,,
6e11ffab-1a05-414b-adb5-cdcdd2eaffd6,,,,,,,,,,,,,,,,,,,,,,,,,,,,,,,,,,,,,,,
6e15e50a-3fa5-41fe-be95-0c46299be3f8,,,,,,,,,,,,,,,,,,,,,,,,,,,,,,,,,,,,,,,
6e1ad6f9-2ca0-474a-8d47-ad4b0ac570ce,,,,,,,,,,,,,,,,,,,,,,,,,,,,,,,,,,,,,,,
6e1b7d06-7ea9-4788-a07c-02e595e922e3,,,,,,,,,,,,,,,,,,,,,,,,,,,,,,,,,,,,,,,
6e20b5da-9d40-433d-b35b-8ac6810c7152,,,,,,,,,,,,,,,,,,,,,,,,,,,,,,,,,,,,,,,
6e254a14-f60c-415d-9097-74130a959d3c,,,,,,,,,,,,,,,,,,,,,,,,,,,,,,,,,,,,,,,
6e2b7d0f-de25-442a-be14-291d10c75252,,,,,,,,,,,,,,,,,,,,,,,,,,,,,,,,,,,,,,,
6e2f1c13-555f-4054-b99d-a3156fba55a6,amplitude,1.0,1.0,,,,,,,,,,,,,,,,,,,,,,,,,,,,,,,,,,,,
6e37ae68-3891-4343-bf00-987f03e8f67a,mailchimp,1.0,1.0,,,,,,,,,,,,,,,,,,,,,,,,,,,,,,,,,,,,
6e3b551e-d96e-403f-a7ed-1303d445adb8,vimeo,1.0,1.0,,,,,,,,,,,,,,,,,,,,,,,,,,,,,,,,,,,,
6e3e2f78-752b-4d83-bd82-8ebb05e574a9,,,,,,,,,,,,,,,,,,,,,,,,,,,,,,,,,,,,,,,
6e44ae6f-a201-45d2-9278-97e9d001fd8a,,,,,,,,,,,,,,,,,,,,,,,,,,,,,,,,,,,,,,,
6e46aa02-bebb-4d63-ad9d-c80933e15b43,cloudflare,1.0,0.5,microsoft,1.0,0.5,,,,,,,,,,,,,,,,,,,,,,,,,,,,,,,,,
6e4f7c17-32e0-4c6f-8062-4dacabfb102e,,,,,,,,,,,,,,,,,,,,,,,,,,,,,,,,,,,,,,,
6e54d2c5-3f1a-49eb-969c-528d73d0ec08,,,,,,,,,,,,,,,,,,,,,,,,,,,,,,,,,,,,,,,
6e5cdad6-653e-467b-93b0-ae1cdb56eda0,,,,,,,,,,,,,,,,,,,,,,,,,,,,,,,,,,,,,,,
6e5dfb6e-ff99-4d90-9291-ead3d6eef45f,,,,,,,,,,,,,,,,,,,,,,,,,,,,,,,,,,,,,,,
6e630f8b-a155-4819-a5db-f5ab3729247f,,,,,,,,,,,,,,,,,,,,,,,,,,,,,,,,,,,,,,,
6e68eba1-79d7-4336-8c63-0acf31cc0bfc,,,,,,,,,,,,,,,,,,,,,,,,,,,,,,,,,,,,,,,
6e692d14-0b81-42a6-88ab-3d219942302b,,,,,,,,,,,,,,,,,,,,,,,,,,,,,,,,,,,,,,,
6e6cc8a3-4d73-47ba-be1b-488793969b1a,,,,,,,,,,,,,,,,,,,,,,,,,,,,,,,,,,,,,,,
6e7291ad-924c-4715-bcdd-e0809eb957f5,megafon,1.0,1.0,,,,,,,,,,,,,,,,,,,,,,,,,,,,,,,,,,,,
6e73049e-6d78-4004-8f8a-4d4c9656f2b7,,,,,,,,,,,,,,,,,,,,,,,,,,,,,,,,,,,,,,,
6e74e686-08cb-4f18-bc70-687f5cf731b4,,,,,,,,,,,,,,,,,,,,,,,,,,,,,,,,,,,,,,,
6e766b59-5b78-44be-a388-2bef1d442a95,demandbase,1.0,1.0,,,,,,,,,,,,,,,,,,,,,,,,,,,,,,,,,,,,
6e7bc860-c6a6-4bf5-85cf-3c7d42e0194c,,,,,,,,,,,,,,,,,,,,,,,,,,,,,,,,,,,,,,,
6e7c9451-3222-4743-ac66-5f1768424f00,,,,,,,,,,,,,,,,,,,,,,,,,,,,,,,,,,,,,,,
6e7e2860-4a33-45f2-be44-7e6f6a6b40fa,,,,,,,,,,,,,,,,,,,,,,,,,,,,,,,,,,,,,,,
6e8f2244-ea78-4653-a6c7-361519ebc158,,,,,,,,,,,,,,,,,,,,,,,,,,,,,,,,,,,,,,,
6e906072-72b6-4453-a4d1-5f3c41b802b8,,,,,,,,,,,,,,,,,,,,,,,,,,,,,,,,,,,,,,,
6e9331ea-afdf-4e46-90f1-21f8cd40ceda,,,,,,,,,,,,,,,,,,,,,,,,,,,,,,,,,,,,,,,
6e982952-0a12-457d-9111-92c4519c51d5,,,,,,,,,,,,,,,,,,,,,,,,,,,,,,,,,,,,,,,
6ea96928-4dc7-48b0-abe7-4661f209c172,,,,,,,,,,,,,,,,,,,,,,,,,,,,,,,,,,,,,,,
6eafd82d-33a2-4e04-acb6-44204ae1662b,,,,,,,,,,,,,,,,,,,,,,,,,,,,,,,,,,,,,,,
6eb9220d-55cb-457e-86a5-441a4808fe06,,,,,,,,,,,,,,,,,,,,,,,,,,,,,,,,,,,,,,,
6ebbd1c2-4cd5-403e-8d92-5d0a7f8b7adb,,,,,,,,,,,,,,,,,,,,,,,,,,,,,,,,,,,,,,,
6ebf8d87-2338-4830-88b8-6a461066fc8c,,,,,,,,,,,,,,,,,,,,,,,,,,,,,,,,,,,,,,,
6ec45994-8538-4d26-a611-f765e7c2a3d3,,,,,,,,,,,,,,,,,,,,,,,,,,,,,,,,,,,,,,,
6ec8b821-d3bd-4993-93dc-03f6a1c896ed,,,,,,,,,,,,,,,,,,,,,,,,,,,,,,,,,,,,,,,
6eceb0d4-d5da-4ad3-8570-8e1446717fb6,the_new_york_times,1.0,1.0,,,,,,,,,,,,,,,,,,,,,,,,,,,,,,,,,,,,
6ecf547b-61cc-4001-b724-31f5bc0b7289,,,,,,,,,,,,,,,,,,,,,,,,,,,,,,,,,,,,,,,
6ed09dd9-b12b-41df-8573-7e37514b6a00,,,,,,,,,,,,,,,,,,,,,,,,,,,,,,,,,,,,,,,
6ed4f6e4-e5f2-4de4-bcac-d17ea2de7df1,,,,,,,,,,,,,,,,,,,,,,,,,,,,,,,,,,,,,,,
6ed56f5e-4eb0-482b-beb7-47851380ae10,,,,,,,,,,,,,,,,,,,,,,,,,,,,,,,,,,,,,,,
6ee2b345-7c6d-439f-b3cd-e80005053921,,,,,,,,,,,,,,,,,,,,,,,,,,,,,,,,,,,,,,,
6ee8a7dd-6bd1-4a02-8d33-092edb855d97,,,,,,,,,,,,,,,,,,,,,,,,,,,,,,,,,,,,,,,
6eec7bee-f850-4036-a6e4-2c77c56e909f,,,,,,,,,,,,,,,,,,,,,,,,,,,,,,,,,,,,,,,
6eedd9c8-83d9-41d5-9fe9-8c3a9d2236ff,,,,,,,,,,,,,,,,,,,,,,,,,,,,,,,,,,,,,,,
6eff1c3c-ccda-4f27-a71d-3422f92529dc,,,,,,,,,,,,,,,,,,,,,,,,,,,,,,,,,,,,,,,
6f089103-7865-4dca-bb98-3e72ebe20388,,,,,,,,,,,,,,,,,,,,,,,,,,,,,,,,,,,,,,,
6f23bf1b-4550-4e4a-985c-d8f73db39072,,,,,,,,,,,,,,,,,,,,,,,,,,,,,,,,,,,,,,,
6f257755-5a9a-440a-be6d-fa85ee002ce9,,,,,,,,,,,,,,,,,,,,,,,,,,,,,,,,,,,,,,,
6f34e09b-36e3-48a9-a609-56d8ffe40106,,,,,,,,,,,,,,,,,,,,,,,,,,,,,,,,,,,,,,,
6f39c8bc-e130-4161-a7a1-6d36e08cb523,,,,,,,,,,,,,,,,,,,,,,,,,,,,,,,,,,,,,,,
6f39cbf6-e25a-4b0d-b779-567b0af87b3a,,,,,,,,,,,,,,,,,,,,,,,,,,,,,,,,,,,,,,,
6f4cb09b-35a5-47e4-8759-0059f74ca20a,,,,,,,,,,,,,,,,,,,,,,,,,,,,,,,,,,,,,,,
6f4ddc67-66b0-411e-9631-48de398684f6,,,,,,,,,,,,,,,,,,,,,,,,,,,,,,,,,,,,,,,
6f556ece-7588-4e98-9e68-a66e47442a5c,,,,,,,,,,,,,,,,,,,,,,,,,,,,,,,,,,,,,,,
6f5d8bbd-35d3-4079-accf-66f91c0a4e68,,,,,,,,,,,,,,,,,,,,,,,,,,,,,,,,,,,,,,,
6f5ddb36-ea0a-4580-80e7-580a1eac4b5e,,,,,,,,,,,,,,,,,,,,,,,,,,,,,,,,,,,,,,,
6f604b76-6dc3-4196-adca-ec33d76cba61,,,,,,,,,,,,,,,,,,,,,,,,,,,,,,,,,,,,,,,
6f69935d-a3b1-474b-bf1c-180f96c1c553,,,,,,,,,,,,,,,,,,,,,,,,,,,,,,,,,,,,,,,
6f6fbb3e-d19a-476b-a647-4907696dc1cc,,,,,,,,,,,,,,,,,,,,,,,,,,,,,,,,,,,,,,,
6f701c97-ea3c-4aa0-aad4-f4fe4f0664ea,,,,,,,,,,,,,,,,,,,,,,,,,,,,,,,,,,,,,,,
6f7331dc-bf86-4799-9788-91b2eb7f0b4a,,,,,,,,,,,,,,,,,,,,,,,,,,,,,,,,,,,,,,,
6f7e982d-a2de-4c47-a0b9-ee36a38ee937,,,,,,,,,,,,,,,,,,,,,,,,,,,,,,,,,,,,,,,
6f7fd20f-eb75-4003-8c1b-721b2c2fb519,,,,,,,,,,,,,,,,,,,,,,,,,,,,,,,,,,,,,,,
6f843372-55af-485d-872a-c54cb7978280,,,,,,,,,,,,,,,,,,,,,,,,,,,,,,,,,,,,,,,
6f859f3b-f1e9-4fa7-b70c-20bbd4eba340,,,,,,,,,,,,,,,,,,,,,,,,,,,,,,,,,,,,,,,
6f875a41-c735-482a-b672-d1014af1a6b6,,,,,,,,,,,,,,,,,,,,,,,,,,,,,,,,,,,,,,,
6f87bdd6-9a5f-403a-ab3b-8504fa0bddcb,,,,,,,,,,,,,,,,,,,,,,,,,,,,,,,,,,,,,,,
6f9a67f6-86e8-4c31-be65-baf7fa61b005,,,,,,,,,,,,,,,,,,,,,,,,,,,,,,,,,,,,,,,
6fa45a83-c350-4e40-b2ed-66da6af722f6,,,,,,,,,,,,,,,,,,,,,,,,,,,,,,,,,,,,,,,
6fa5d36d-79a2-44ad-9718-88b267bd2d32,,,,,,,,,,,,,,,,,,,,,,,,,,,,,,,,,,,,,,,
6fa6746e-2562-468e-a723-a1c9f419f703,,,,,,,,,,,,,,,,,,,,,,,,,,,,,,,,,,,,,,,
6fa78d1f-673b-4b38-ad5a-1104df017cf8,,,,,,,,,,,,,,,,,,,,,,,,,,,,,,,,,,,,,,,
6faaccb3-a19d-46e8-a506-28dc5382ed1a,,,,,,,,,,,,,,,,,,,,,,,,,,,,,,,,,,,,,,,
6fba02e0-66bd-4451-8a22-6cc8500e29cd,,,,,,,,,,,,,,,,,,,,,,,,,,,,,,,,,,,,,,,
6fbaee53-5879-4dec-918f-94a67b4e79e4,,,,,,,,,,,,,,,,,,,,,,,,,,,,,,,,,,,,,,,
6fd3d97a-6348-4360-98ad-11b74094b525,adult_webmaster_empire,1.0,1.0,,,,,,,,,,,,,,,,,,,,,,,,,,,,,,,,,,,,
6fdb8b16-9268-4c66-a577-f9215fe761e0,,,,,,,,,,,,,,,,,,,,,,,,,,,,,,,,,,,,,,,
6fdcc08b-4031-47a4-90cf-5bbe2728d445,,,,,,,,,,,,,,,,,,,,,,,,,,,,,,,,,,,,,,,
6fe8cd28-38f7-4c75-b34a-397ba8d54454,,,,,,,,,,,,,,,,,,,,,,,,,,,,,,,,,,,,,,,
6fe90df0-25c0-4a29-a481-eb4491a3aede,,,,,,,,,,,,,,,,,,,,,,,,,,,,,,,,,,,,,,,
6fec1466-5d2e-48bf-9090-a1fac5a62b03,,,,,,,,,,,,,,,,,,,,,,,,,,,,,,,,,,,,,,,
6fed061d-46ee-45b0-81ed-d6effe9a5799,,,,,,,,,,,,,,,,,,,,,,,,,,,,,,,,,,,,,,,
6ff42785-6615-46ac-a916-d50f468871fd,,,,,,,,,,,,,,,,,,,,,,,,,,,,,,,,,,,,,,,
7008f1b0-a162-49bb-bcec-a406b85ea358,,,,,,,,,,,,,,,,,,,,,,,,,,,,,,,,,,,,,,,
700b18a0-430b-472d-87ca-0c8ebfb934b0,,,,,,,,,,,,,,,,,,,,,,,,,,,,,,,,,,,,,,,
701530a3-3a20-400a-a56b-5a112d129af7,automattic,1.0,1.0,,,,,,,,,,,,,,,,,,,,,,,,,,,,,,,,,,,,
70183be5-4faa-499f-b91b-9f934388947d,,,,,,,,,,,,,,,,,,,,,,,,,,,,,,,,,,,,,,,
701a8a3d-81c9-47b8-8421-a27d59199559,usercentrics,1.0,1.0,,,,,,,,,,,,,,,,,,,,,,,,,,,,,,,,,,,,
701b8b95-86ba-49f4-97d8-6a0cd36a8de4,,,,,,,,,,,,,,,,,,,,,,,,,,,,,,,,,,,,,,,
701d40ec-7317-4402-8fb5-311198ff8eca,,,,,,,,,,,,,,,,,,,,,,,,,,,,,,,,,,,,,,,
7021488a-14f1-4cc4-b94d-58878411b877,,,,,,,,,,,,,,,,,,,,,,,,,,,,,,,,,,,,,,,
7022b50a-fbf3-46d2-bc3f-00293546eeff,,,,,,,,,,,,,,,,,,,,,,,,,,,,,,,,,,,,,,,
7026f31a-2808-40fb-9f92-d3a13e2d4014,,,,,,,,,,,,,,,,,,,,,,,,,,,,,,,,,,,,,,,
70291148-26e9-4d5b-824c-9e0a138fa8e2,,,,,,,,,,,,,,,,,,,,,,,,,,,,,,,,,,,,,,,
702be508-96a4-4c85-a5a0-62d877fd7a3b,,,,,,,,,,,,,,,,,,,,,,,,,,,,,,,,,,,,,,,
702d1936-0c8f-43f6-96e3-dbf4857c474d,,,,,,,,,,,,,,,,,,,,,,,,,,,,,,,,,,,,,,,
702dddac-d5aa-498b-8df4-59dc0dc5842e,,,,,,,,,,,,,,,,,,,,,,,,,,,,,,,,,,,,,,,
7045517f-33de-47b0-ba6d-cdd6f87834cd,microsoft,1.0,1.0,,,,,,,,,,,,,,,,,,,,,,,,,,,,,,,,,,,,
704a61ac-ca84-4d54-922f-045262034863,,,,,,,,,,,,,,,,,,,,,,,,,,,,,,,,,,,,,,,
704faa57-31c8-4f7c-926e-2abc054bc637,,,,,,,,,,,,,,,,,,,,,,,,,,,,,,,,,,,,,,,
7050b367-f507-4778-8db5-09cbda6ca0cd,,,,,,,,,,,,,,,,,,,,,,,,,,,,,,,,,,,,,,,
7050e534-3235-445c-9bdd-0669ac9cef70,trip_com,3.0,1.0,,,,,,,,,,,,,,,,,,,,,,,,,,,,,,,,,,,,
7057ea16-dac0-4425-8509-1d69ab87de85,rakuten,1.0,1.0,,,,,,,,,,,,,,,,,,,,,,,,,,,,,,,,,,,,
705eeb3e-4f9d-4f2d-9a13-87a9106f0444,,,,,,,,,,,,,,,,,,,,,,,,,,,,,,,,,,,,,,,
70699c42-01bb-4b1e-aa0a-0c5bc395be5b,,,,,,,,,,,,,,,,,,,,,,,,,,,,,,,,,,,,,,,
706a110b-5be9-429b-9224-45a65a20629e,,,,,,,,,,,,,,,,,,,,,,,,,,,,,,,,,,,,,,,
706b9456-10ff-4ad9-9c9e-c9d6e9f2da85,,,,,,,,,,,,,,,,,,,,,,,,,,,,,,,,,,,,,,,
70738ec4-6172-4729-81a4-baa52a3a98fb,,,,,,,,,,,,,,,,,,,,,,,,,,,,,,,,,,,,,,,
707ab4f4-8cdd-43cb-ba03-5d96255037eb,,,,,,,,,,,,,,,,,,,,,,,,,,,,,,,,,,,,,,,
707c3ca6-8c43-4e98-95e2-f2293d198345,,,,,,,,,,,,,,,,,,,,,,,,,,,,,,,,,,,,,,,
7080a9c2-932e-4028-a593-e8274be950f0,,,,,,,,,,,,,,,,,,,,,,,,,,,,,,,,,,,,,,,
70849c73-815a-4c70-8aca-af35f21acc5e,,,,,,,,,,,,,,,,,,,,,,,,,,,,,,,,,,,,,,,
7085afc6-d241-49c4-bd44-d4cb3cda4c94,,,,,,,,,,,,,,,,,,,,,,,,,,,,,,,,,,,,,,,
708d38f8-a6ed-4390-87da-9c3d9994f165,,,,,,,,,,,,,,,,,,,,,,,,,,,,,,,,,,,,,,,
708f826f-ab64-4605-b266-20e4c15c26d3,,,,,,,,,,,,,,,,,,,,,,,,,,,,,,,,,,,,,,,
708fa1ca-a058-4c18-b217-90020c7d5cdf,,,,,,,,,,,,,,,,,,,,,,,,,,,,,,,,,,,,,,,
70900edd-5523-4e38-91a5-a1f9b2c61a81,,,,,,,,,,,,,,,,,,,,,,,,,,,,,,,,,,,,,,,
7095e956-2b33-4f24-90d0-625feeef1723,,,,,,,,,,,,,,,,,,,,,,,,,,,,,,,,,,,,,,,
7098250a-5b72-4d4c-bb91-d2b40640ee4b,,,,,,,,,,,,,,,,,,,,,,,,,,,,,,,,,,,,,,,
70a3f812-d6a2-4a86-b756-92d4d7a738a2,,,,,,,,,,,,,,,,,,,,,,,,,,,,,,,,,,,,,,,
70a446b2-d927-455a-a6df-2e7680daae18,,,,,,,,,,,,,,,,,,,,,,,,,,,,,,,,,,,,,,,
70a53382-6335-4405-a26f-52185d6cf75f,,,,,,,,,,,,,,,,,,,,,,,,,,,,,,,,,,,,,,,
70b262f4-5d74-4556-aa36-f5961cdace01,,,,,,,,,,,,,,,,,,,,,,,,,,,,,,,,,,,,,,,
70b31c41-bc5c-4d11-82f1-091b45e917f8,,,,,,,,,,,,,,,,,,,,,,,,,,,,,,,,,,,,,,,
70b40e3a-fc26-43a4-a0be-de144f9241bf,,,,,,,,,,,,,,,,,,,,,,,,,,,,,,,,,,,,,,,
70b85f7f-02cf-4ec8-8bd7-35daafd09b44,,,,,,,,,,,,,,,,,,,,,,,,,,,,,,,,,,,,,,,
70ba7114-00b8-4dbf-a571-8dcad4dac1cd,,,,,,,,,,,,,,,,,,,,,,,,,,,,,,,,,,,,,,,
70be9481-121a-4c02-b5c9-84cb585ac6e6,,,,,,,,,,,,,,,,,,,,,,,,,,,,,,,,,,,,,,,
70c3bf1f-a391-4ed9-a761-6a492c183ed9,,,,,,,,,,,,,,,,,,,,,,,,,,,,,,,,,,,,,,,
70c415c0-c18f-47ac-880c-788057fe8f35,,,,,,,,,,,,,,,,,,,,,,,,,,,,,,,,,,,,,,,
70c5ca01-3a11-49ac-9389-9bb4abb0921c,,,,,,,,,,,,,,,,,,,,,,,,,,,,,,,,,,,,,,,
70d0404f-9d8c-4a9a-abd5-a0f9e670fe82,,,,,,,,,,,,,,,,,,,,,,,,,,,,,,,,,,,,,,,
70d26bed-ffc2-4661-b93c-f9f910e93d79,,,,,,,,,,,,,,,,,,,,,,,,,,,,,,,,,,,,,,,
70d32268-26d4-4185-9b7f-b7894b0f3ec8,,,,,,,,,,,,,,,,,,,,,,,,,,,,,,,,,,,,,,,
70d79d73-bbb3-41a2-9ea6-47b7aa0de954,,,,,,,,,,,,,,,,,,,,,,,,,,,,,,,,,,,,,,,
70d89176-840a-48e2-b699-3d8a5dad0966,,,,,,,,,,,,,,,,,,,,,,,,,,,,,,,,,,,,,,,
70d8d7b9-3788-4111-b0c5-deccb37ff3e3,,,,,,,,,,,,,,,,,,,,,,,,,,,,,,,,,,,,,,,
70d9b936-2590-4763-8d03-b0dcf0a10c94,,,,,,,,,,,,,,,,,,,,,,,,,,,,,,,,,,,,,,,
70eaffc7-78d7-4546-9d6f-ab2e4247941c,,,,,,,,,,,,,,,,,,,,,,,,,,,,,,,,,,,,,,,
70f517c5-b5dd-4305-9eb8-b849c53b63a6,,,,,,,,,,,,,,,,,,,,,,,,,,,,,,,,,,,,,,,
70f596f8-df16-466c-959b-62cae8036509,,,,,,,,,,,,,,,,,,,,,,,,,,,,,,,,,,,,,,,
70fc2f3c-54fa-4a0e-92d2-58358a79875b,,,,,,,,,,,,,,,,,,,,,,,,,,,,,,,,,,,,,,,
70ff615f-6e91-4875-b9f4-e625d6b56d9a,,,,,,,,,,,,,,,,,,,,,,,,,,,,,,,,,,,,,,,
71062621-a3bb-4b2e-8606-972e9c560c5f,,,,,,,,,,,,,,,,,,,,,,,,,,,,,,,,,,,,,,,
712daec7-81ef-4816-9ec3-a1c88be3607a,,,,,,,,,,,,,,,,,,,,,,,,,,,,,,,,,,,,,,,
712f6bf5-c029-4b28-ac72-ba1140c483e4,,,,,,,,,,,,,,,,,,,,,,,,,,,,,,,,,,,,,,,
712fc755-be0f-4ebc-9131-eef3e5141820,,,,,,,,,,,,,,,,,,,,,,,,,,,,,,,,,,,,,,,
71367c94-d554-4684-ba18-55a672b87d6d,auth0,1.0,1.0,,,,,,,,,,,,,,,,,,,,,,,,,,,,,,,,,,,,
71449fc8-0b4a-4c39-8bfd-b8a731de925b,,,,,,,,,,,,,,,,,,,,,,,,,,,,,,,,,,,,,,,
7150214b-fb7f-4b05-b703-55637f21f924,,,,,,,,,,,,,,,,,,,,,,,,,,,,,,,,,,,,,,,
71502c86-b765-453c-af3d-0bde6e013ade,,,,,,,,,,,,,,,,,,,,,,,,,,,,,,,,,,,,,,,
7159e47c-d09a-4011-97c9-8fef91b26bc9,,,,,,,,,,,,,,,,,,,,,,,,,,,,,,,,,,,,,,,
715b15c8-0e0a-45cc-a4d4-7d45750666eb,,,,,,,,,,,,,,,,,,,,,,,,,,,,,,,,,,,,,,,
715f0ebe-c6d6-4913-a71b-64d3bb83b56a,,,,,,,,,,,,,,,,,,,,,,,,,,,,,,,,,,,,,,,
7163e46a-617a-4f7d-91de-5fbe9ab3090c,wikimedia_foundation,1.0,1.0,,,,,,,,,,,,,,,,,,,,,,,,,,,,,,,,,,,,
71654158-6027-40c3-b286-880285191614,,,,,,,,,,,,,,,,,,,,,,,,,,,,,,,,,,,,,,,
7167ce7b-e136-482a-ac64-b43759ec65b1,,,,,,,,,,,,,,,,,,,,,,,,,,,,,,,,,,,,,,,
716ae7e2-8f15-4230-89e0-81609428ad9c,,,,,,,,,,,,,,,,,,,,,,,,,,,,,,,,,,,,,,,
716ff27d-b7e1-499d-b8de-c059ef160b04,squarespace,1.0,1.0,,,,,,,,,,,,,,,,,,,,,,,,,,,,,,,,,,,,
71746071-1624-497c-b183-361f4ced4d99,,,,,,,,,,,,,,,,,,,,,,,,,,,,,,,,,,,,,,,
7179c65f-7194-4e8a-850d-9479f91b2145,,,,,,,,,,,,,,,,,,,,,,,,,,,,,,,,,,,,,,,
717a487e-702d-4569-84fe-519a8db280cc,,,,,,,,,,,,,,,,,,,,,,,,,,,,,,,,,,,,,,,
717ea975-da3e-4f04-9d69-88d46eae1543,,,,,,,,,,,,,,,,,,,,,,,,,,,,,,,,,,,,,,,
7186c763-a152-467c-8b66-d6652012667e,,,,,,,,,,,,,,,,,,,,,,,,,,,,,,,,,,,,,,,
718a77c4-d6aa-4896-b9e6-47e509a3f55b,,,,,,,,,,,,,,,,,,,,,,,,,,,,,,,,,,,,,,,
71965386-731f-4d67-b97a-f087f49fb99e,,,,,,,,,,,,,,,,,,,,,,,,,,,,,,,,,,,,,,,
719f0b2c-d623-4c11-a24f-199175dd6379,,,,,,,,,,,,,,,,,,,,,,,,,,,,,,,,,,,,,,,
71a8ec2e-a1e0-4492-a97d-ba4f532591b9,,,,,,,,,,,,,,,,,,,,,,,,,,,,,,,,,,,,,,,
71b38b9e-a8a3-4a68-b52c-b75f1066248c,,,,,,,,,,,,,,,,,,,,,,,,,,,,,,,,,,,,,,,
71b74861-1d06-435d-b779-ac2b3bc1d732,,,,,,,,,,,,,,,,,,,,,,,,,,,,,,,,,,,,,,,
71ba6ca7-c028-423f-9c4c-46902c50c874,,,,,,,,,,,,,,,,,,,,,,,,,,,,,,,,,,,,,,,
71ba7665-f514-4b28-b914-f5a4abcb6722,,,,,,,,,,,,,,,,,,,,,,,,,,,,,,,,,,,,,,,
71c2a896-6054-415e-8c9d-1332ee893f91,,,,,,,,,,,,,,,,,,,,,,,,,,,,,,,,,,,,,,,
71c6c155-5619-4518-a1fa-822776753f88,,,,,,,,,,,,,,,,,,,,,,,,,,,,,,,,,,,,,,,
71c9cea4-9485-48a7-8ba9-2c3f24d29a98,,,,,,,,,,,,,,,,,,,,,,,,,,,,,,,,,,,,,,,
71ca9bc5-4cee-412d-a273-23d34bf34ae5,,,,,,,,,,,,,,,,,,,,,,,,,,,,,,,,,,,,,,,
71cb2192-eaea-47d2-bf4c-dc7d07c8f704,,,,,,,,,,,,,,,,,,,,,,,,,,,,,,,,,,,,,,,
71d14016-7313-4c41-af77-dd976db170b1,,,,,,,,,,,,,,,,,,,,,,,,,,,,,,,,,,,,,,,
71d4552d-abd8-4047-b482-9765c9e8f758,,,,,,,,,,,,,,,,,,,,,,,,,,,,,,,,,,,,,,,
71d46522-e7a0-4b81-a0cd-b9b0e3a306a4,,,,,,,,,,,,,,,,,,,,,,,,,,,,,,,,,,,,,,,
71eb4589-394c-42c0-a7f3-01f1c6cf479e,,,,,,,,,,,,,,,,,,,,,,,,,,,,,,,,,,,,,,,
71ebed30-d48f-482f-8753-348734dded31,,,,,,,,,,,,,,,,,,,,,,,,,,,,,,,,,,,,,,,
71ed04fb-8304-47ec-9840-d94a2404e594,,,,,,,,,,,,,,,,,,,,,,,,,,,,,,,,,,,,,,,
71f4f040-f438-419d-aa84-daa4ea74492f,,,,,,,,,,,,,,,,,,,,,,,,,,,,,,,,,,,,,,,
71f61527-8d98-42d3-9885-61a7aca83fff,,,,,,,,,,,,,,,,,,,,,,,,,,,,,,,,,,,,,,,
71fdaa69-bd4b-4972-9939-aa585c24da59,,,,,,,,,,,,,,,,,,,,,,,,,,,,,,,,,,,,,,,
71fe0b58-6cab-492d-9a20-ed4d99b8378e,,,,,,,,,,,,,,,,,,,,,,,,,,,,,,,,,,,,,,,
7205037d-b338-42e8-8da3-995dbaebce00,,,,,,,,,,,,,,,,,,,,,,,,,,,,,,,,,,,,,,,
72135b0c-f417-48a3-ad1f-5d32dbdcabbb,,,,,,,,,,,,,,,,,,,,,,,,,,,,,,,,,,,,,,,
7215e359-9d3b-4d78-929d-5d085972e78a,,,,,,,,,,,,,,,,,,,,,,,,,,,,,,,,,,,,,,,
72175823-959f-4bfb-afce-cf060d9184d9,,,,,,,,,,,,,,,,,,,,,,,,,,,,,,,,,,,,,,,
72277b86-aba8-4fef-a895-2e21668d4b86,,,,,,,,,,,,,,,,,,,,,,,,,,,,,,,,,,,,,,,
72281cc8-24f7-4700-b2cd-16f50f5a9caa,,,,,,,,,,,,,,,,,,,,,,,,,,,,,,,,,,,,,,,
722f2bf3-9d64-4792-877c-cbd2c7862d3e,,,,,,,,,,,,,,,,,,,,,,,,,,,,,,,,,,,,,,,
7232d358-bb24-4357-bb50-6322db48f5a4,,,,,,,,,,,,,,,,,,,,,,,,,,,,,,,,,,,,,,,
7238ce5f-63bb-48b4-be2e-d3856925d729,,,,,,,,,,,,,,,,,,,,,,,,,,,,,,,,,,,,,,,
72481e49-b9f0-4b76-ab2e-27d4f0dcdd94,,,,,,,,,,,,,,,,,,,,,,,,,,,,,,,,,,,,,,,
7249d36b-54e5-4501-9c3c-3eeccae5e517,,,,,,,,,,,,,,,,,,,,,,,,,,,,,,,,,,,,,,,
724b09fd-66ee-47af-8ea4-f89db0773f7b,,,,,,,,,,,,,,,,,,,,,,,,,,,,,,,,,,,,,,,
724d96bd-b54e-4e8f-85eb-5b7a0bbffde6,,,,,,,,,,,,,,,,,,,,,,,,,,,,,,,,,,,,,,,
7254064a-7424-4f3f-98b6-926876bd93db,,,,,,,,,,,,,,,,,,,,,,,,,,,,,,,,,,,,,,,
7255e9c6-5e7a-40a7-b5a8-3653962412f8,,,,,,,,,,,,,,,,,,,,,,,,,,,,,,,,,,,,,,,
7258aa39-c719-4c15-91fd-7ed73c1ff5f8,,,,,,,,,,,,,,,,,,,,,,,,,,,,,,,,,,,,,,,
725bf0a9-ccce-46a2-b7dd-57874b382d68,,,,,,,,,,,,,,,,,,,,,,,,,,,,,,,,,,,,,,,
725d9605-dd55-4099-8118-a014f54eca5d,,,,,,,,,,,,,,,,,,,,,,,,,,,,,,,,,,,,,,,
725e545a-1108-4907-b02d-13a332d49553,baidu,1.0,1.0,,,,,,,,,,,,,,,,,,,,,,,,,,,,,,,,,,,,
726b2f70-652b-4637-b5a3-72ce1f79d137,,,,,,,,,,,,,,,,,,,,,,,,,,,,,,,,,,,,,,,
7272e6d4-8c83-46c8-b361-8ce4b6919c50,,,,,,,,,,,,,,,,,,,,,,,,,,,,,,,,,,,,,,,
72759779-a04c-4715-905b-9990b55d421a,,,,,,,,,,,,,,,,,,,,,,,,,,,,,,,,,,,,,,,
72767fe9-b8f7-4b5b-aff0-bd1d4aee181f,,,,,,,,,,,,,,,,,,,,,,,,,,,,,,,,,,,,,,,
72787598-e79b-458b-8ec1-1328ff1199d8,,,,,,,,,,,,,,,,,,,,,,,,,,,,,,,,,,,,,,,
727aeb9a-9d65-4f88-a1cb-96699daad2c7,,,,,,,,,,,,,,,,,,,,,,,,,,,,,,,,,,,,,,,
727cc693-ac09-42d2-8f06-ca1301e1ecad,,,,,,,,,,,,,,,,,,,,,,,,,,,,,,,,,,,,,,,
72935c37-5060-47ed-b0be-0e072a3b3748,,,,,,,,,,,,,,,,,,,,,,,,,,,,,,,,,,,,,,,
72937e2f-0601-4da9-8ed7-c8ed41b28b36,,,,,,,,,,,,,,,,,,,,,,,,,,,,,,,,,,,,,,,
729b11c2-f5e1-4288-b301-55c36270009b,,,,,,,,,,,,,,,,,,,,,,,,,,,,,,,,,,,,,,,
729dcb59-0b78-4919-8c71-bae3c91270d6,microsoft,1.0,1.0,,,,,,,,,,,,,,,,,,,,,,,,,,,,,,,,,,,,
729e51aa-d4b6-498a-ac42-850df1b555ec,wikimedia_foundation,1.0,1.0,,,,,,,,,,,,,,,,,,,,,,,,,,,,,,,,,,,,
729ebf79-5ec2-4126-afd2-9ad9fe20ca1f,,,,,,,,,,,,,,,,,,,,,,,,,,,,,,,,,,,,,,,
72aacad3-6cf1-479d-9019-e2758dc2794a,,,,,,,,,,,,,,,,,,,,,,,,,,,,,,,,,,,,,,,
72af289a-50f2-4133-a4f8-52763fed1fc1,,,,,,,,,,,,,,,,,,,,,,,,,,,,,,,,,,,,,,,
72b38844-f4fb-4986-97e1-d9e4a1e28ab5,,,,,,,,,,,,,,,,,,,,,,,,,,,,,,,,,,,,,,,
72b39f9d-d462-42db-84bf-540a2882f1f5,,,,,,,,,,,,,,,,,,,,,,,,,,,,,,,,,,,,,,,
72b550a2-7f71-4068-8340-244bb5c3e63b,,,,,,,,,,,,,,,,,,,,,,,,,,,,,,,,,,,,,,,
72b85749-8917-4da4-8e9a-288d769b884a,,,,,,,,,,,,,,,,,,,,,,,,,,,,,,,,,,,,,,,
72bb8403-0087-4f6b-87d2-8c76e0427aaa,,,,,,,,,,,,,,,,,,,,,,,,,,,,,,,,,,,,,,,
72c7402c-9752-410c-befc-57e137dfce38,,,,,,,,,,,,,,,,,,,,,,,,,,,,,,,,,,,,,,,
72cfdbf9-2137-4482-a05b-5c276f8e1865,,,,,,,,,,,,,,,,,,,,,,,,,,,,,,,,,,,,,,,
72dfdd97-02a1-424a-a7a9-c7c11ef7ed8a,,,,,,,,,,,,,,,,,,,,,,,,,,,,,,,,,,,,,,,
72e3660b-2056-48bd-b883-1980767aab3c,,,,,,,,,,,,,,,,,,,,,,,,,,,,,,,,,,,,,,,
72ea6dc6-e5c9-46db-b71c-9c40209b7606,,,,,,,,,,,,,,,,,,,,,,,,,,,,,,,,,,,,,,,
72ef0b9b-3644-4dc8-9577-60c7c0e9b8a0,,,,,,,,,,,,,,,,,,,,,,,,,,,,,,,,,,,,,,,
72f2fa5b-3cb8-4c2b-868e-c6434b2ba76b,usercentrics,1.0,1.0,,,,,,,,,,,,,,,,,,,,,,,,,,,,,,,,,,,,
72f5b063-6723-4bd6-93e2-7593cea7c2d5,,,,,,,,,,,,,,,,,,,,,,,,,,,,,,,,,,,,,,,
730ee9a5-bab2-42b5-a37b-bf7551f855ef,,,,,,,,,,,,,,,,,,,,,,,,,,,,,,,,,,,,,,,
7311e8e5-490d-40ad-8b88-69b5830463bb,,,,,,,,,,,,,,,,,,,,,,,,,,,,,,,,,,,,,,,
731473e9-6961-4c31-a8f9-998d83562537,,,,,,,,,,,,,,,,,,,,,,,,,,,,,,,,,,,,,,,
731c2fd7-01fa-41a2-ba64-c613de65b31a,,,,,,,,,,,,,,,,,,,,,,,,,,,,,,,,,,,,,,,
73207757-f49c-46ff-8ae4-9d66fc5049a4,,,,,,,,,,,,,,,,,,,,,,,,,,,,,,,,,,,,,,,
7327ed0f-e2d7-4777-b671-9495fe5ab419,launch_darkly,1.0,1.0,,,,,,,,,,,,,,,,,,,,,,,,,,,,,,,,,,,,
73352c73-6f3a-46f2-aa6b-179e940aceb0,,,,,,,,,,,,,,,,,,,,,,,,,,,,,,,,,,,,,,,
73399d8a-1765-435e-b21b-205fe6412770,amplitude,1.0,1.0,,,,,,,,,,,,,,,,,,,,,,,,,,,,,,,,,,,,
733b39f1-477d-4e4f-be43-cded30d71130,,,,,,,,,,,,,,,,,,,,,,,,,,,,,,,,,,,,,,,
733b61b4-0d05-4456-868a-d87874a293a6,,,,,,,,,,,,,,,,,,,,,,,,,,,,,,,,,,,,,,,
7348d280-c576-4406-b0b9-b6ec235e7046,,,,,,,,,,,,,,,,,,,,,,,,,,,,,,,,,,,,,,,
734f569c-8f24-4839-932a-e43850b856c4,,,,,,,,,,,,,,,,,,,,,,,,,,,,,,,,,,,,,,,
7350911e-b3e7-44b7-b48e-9fd1f13ded38,,,,,,,,,,,,,,,,,,,,,,,,,,,,,,,,,,,,,,,
735bc7d8-235b-4e2e-89a1-c6cbc5ce6035,,,,,,,,,,,,,,,,,,,,,,,,,,,,,,,,,,,,,,,
7364ab1a-2608-4c19-9047-5dd4b7f12690,,,,,,,,,,,,,,,,,,,,,,,,,,,,,,,,,,,,,,,
7364e35e-50fe-4107-b987-707a21f38734,,,,,,,,,,,,,,,,,,,,,,,,,,,,,,,,,,,,,,,
7366403f-b1c6-4047-b542-3e1090eb49f0,,,,,,,,,,,,,,,,,,,,,,,,,,,,,,,,,,,,,,,
736827c1-2017-4a07-ab16-ad8a9683dad8,,,,,,,,,,,,,,,,,,,,,,,,,,,,,,,,,,,,,,,
73744744-b4be-46e0-aa26-44986539c0b9,,,,,,,,,,,,,,,,,,,,,,,,,,,,,,,,,,,,,,,
737637fb-76cf-488c-91e3-ab99cfab116c,,,,,,,,,,,,,,,,,,,,,,,,,,,,,,,,,,,,,,,
737abc57-258a-44de-94bd-c67e3bfb63e3,naver,1.0,1.0,,,,,,,,,,,,,,,,,,,,,,,,,,,,,,,,,,,,
737e50ed-3a2a-4dbc-9115-a6fb59b3a05e,,,,,,,,,,,,,,,,,,,,,,,,,,,,,,,,,,,,,,,
737eee97-3ee1-437c-bd4b-0988e520dc21,,,,,,,,,,,,,,,,,,,,,,,,,,,,,,,,,,,,,,,
738410c3-6182-4cfb-9e3e-a0e00fccb15b,,,,,,,,,,,,,,,,,,,,,,,,,,,,,,,,,,,,,,,
7390390f-fc84-4611-92ae-619a6c731679,qualtrics,1.0,1.0,,,,,,,,,,,,,,,,,,,,,,,,,,,,,,,,,,,,
7399b5f2-fab1-4fd6-99b2-b9200026f87a,,,,,,,,,,,,,,,,,,,,,,,,,,,,,,,,,,,,,,,
739bd919-0445-45aa-bf91-ebf96a5ac758,,,,,,,,,,,,,,,,,,,,,,,,,,,,,,,,,,,,,,,
73a94852-5ca9-406b-96a4-d6d8bc904c70,,,,,,,,,,,,,,,,,,,,,,,,,,,,,,,,,,,,,,,
73bc0d3f-c143-401b-bf10-c92ec797feb8,,,,,,,,,,,,,,,,,,,,,,,,,,,,,,,,,,,,,,,
73d517b3-4a72-489c-b3b9-42318097001a,,,,,,,,,,,,,,,,,,,,,,,,,,,,,,,,,,,,,,,
73d6d7b3-7bfa-4cbf-8627-e93abf4cbb23,,,,,,,,,,,,,,,,,,,,,,,,,,,,,,,,,,,,,,,
73e6420d-ee60-422f-b376-f4e6554b1a85,,,,,,,,,,,,,,,,,,,,,,,,,,,,,,,,,,,,,,,
73e7b71c-986c-44b1-b809-23e0703ee853,microsoft,1.0,1.0,,,,,,,,,,,,,,,,,,,,,,,,,,,,,,,,,,,,
73ec5f05-6ff2-40ea-b3d4-9c882c700d1c,,,,,,,,,,,,,,,,,,,,,,,,,,,,,,,,,,,,,,,
73ef8652-efb1-4690-9903-3d3828ee3874,,,,,,,,,,,,,,,,,,,,,,,,,,,,,,,,,,,,,,,
73f0f42a-657a-4475-b648-f64f323f60ca,yotpo,1.0,1.0,,,,,,,,,,,,,,,,,,,,,,,,,,,,,,,,,,,,
73f12b44-76f2-435e-8d16-7d5a96e962d2,,,,,,,,,,,,,,,,,,,,,,,,,,,,,,,,,,,,,,,
73fd5b96-33e3-41be-8e89-0b87725fec54,,,,,,,,,,,,,,,,,,,,,,,,,,,,,,,,,,,,,,,
74021afe-eb2e-471d-bc41-8c7c4ad7fce6,,,,,,,,,,,,,,,,,,,,,,,,,,,,,,,,,,,,,,,
740250c6-1bc9-4a57-986d-934bddc1f8a5,,,,,,,,,,,,,,,,,,,,,,,,,,,,,,,,,,,,,,,
740c79c5-7827-4e6c-ab60-c33b8e2fcf50,,,,,,,,,,,,,,,,,,,,,,,,,,,,,,,,,,,,,,,
740f1786-bd88-486e-a76a-edc77ceff6f9,,,,,,,,,,,,,,,,,,,,,,,,,,,,,,,,,,,,,,,
74194964-d555-45f8-b21a-664fd39fca36,,,,,,,,,,,,,,,,,,,,,,,,,,,,,,,,,,,,,,,
741963e7-6c72-4526-9777-49caf8bca93b,,,,,,,,,,,,,,,,,,,,,,,,,,,,,,,,,,,,,,,
7422ae15-6261-4882-845a-9c1b24bb3a12,,,,,,,,,,,,,,,,,,,,,,,,,,,,,,,,,,,,,,,
74246546-0722-49a6-8311-2cadcd0ecaf6,,,,,,,,,,,,,,,,,,,,,,,,,,,,,,,,,,,,,,,
742e2a18-1d48-4d13-8f4c-293e874b64d4,,,,,,,,,,,,,,,,,,,,,,,,,,,,,,,,,,,,,,,
743a4e4d-16d1-4a8c-bc48-8cf689f08361,,,,,,,,,,,,,,,,,,,,,,,,,,,,,,,,,,,,,,,
743b8da7-edd9-47b1-b311-c80597405078,,,,,,,,,,,,,,,,,,,,,,,,,,,,,,,,,,,,,,,
74444ba8-513d-4682-a417-941eac02a713,,,,,,,,,,,,,,,,,,,,,,,,,,,,,,,,,,,,,,,
744630ac-a5d6-4bab-8b5c-c4ed0755af35,,,,,,,,,,,,,,,,,,,,,,,,,,,,,,,,,,,,,,,
7449d693-66fc-478b-bb85-418e391f61b3,,,,,,,,,,,,,,,,,,,,,,,,,,,,,,,,,,,,,,,
74553df9-38f0-4ca1-839d-62aeb47e5907,,,,,,,,,,,,,,,,,,,,,,,,,,,,,,,,,,,,,,,
745a42af-a9de-4887-94f3-8bf15229a1d8,,,,,,,,,,,,,,,,,,,,,,,,,,,,,,,,,,,,,,,
74668c7a-d1c2-44e3-958b-1cc0d002081d,,,,,,,,,,,,,,,,,,,,,,,,,,,,,,,,,,,,,,,
747138e3-f544-4305-8798-54263b403918,,,,,,,,,,,,,,,,,,,,,,,,,,,,,,,,,,,,,,,
74727561-9b32-487b-aaba-b8a9bd780946,,,,,,,,,,,,,,,,,,,,,,,,,,,,,,,,,,,,,,,
74746cd8-662a-4084-8348-fc17b7f5f222,,,,,,,,,,,,,,,,,,,,,,,,,,,,,,,,,,,,,,,
747607b1-95bc-4118-93bb-6a831401612b,,,,,,,,,,,,,,,,,,,,,,,,,,,,,,,,,,,,,,,
747d987f-97d6-42bd-9605-54b5ea5fc3a9,,,,,,,,,,,,,,,,,,,,,,,,,,,,,,,,,,,,,,,
74806adc-53db-46c4-a56a-57cd86848ccf,,,,,,,,,,,,,,,,,,,,,,,,,,,,,,,,,,,,,,,
748adedb-1580-40dd-8de7-ccc1acf4aa4b,,,,,,,,,,,,,,,,,,,,,,,,,,,,,,,,,,,,,,,
7496b759-c0c0-40b9-9d9b-8ff0b7a69c56,,,,,,,,,,,,,,,,,,,,,,,,,,,,,,,,,,,,,,,
749b03b8-5db3-4eed-bd76-50dde02b0b1a,,,,,,,,,,,,,,,,,,,,,,,,,,,,,,,,,,,,,,,
749fc9aa-0955-4743-8ac5-ea6f4d222ecb,,,,,,,,,,,,,,,,,,,,,,,,,,,,,,,,,,,,,,,
74a7d4b4-07e6-4785-991d-cf8c32e241dd,,,,,,,,,,,,,,,,,,,,,,,,,,,,,,,,,,,,,,,
74a984fe-6f74-40f4-b682-32d46e13f453,,,,,,,,,,,,,,,,,,,,,,,,,,,,,,,,,,,,,,,
74aaa241-3063-425d-8d38-5d322a50e822,,,,,,,,,,,,,,,,,,,,,,,,,,,,,,,,,,,,,,,
74ab481a-c397-4387-b8cd-7cfaa7213d0b,,,,,,,,,,,,,,,,,,,,,,,,,,,,,,,,,,,,,,,
74abbcdc-d27e-43fa-88fe-207e249edaef,,,,,,,,,,,,,,,,,,,,,,,,,,,,,,,,,,,,,,,
74b57aa2-d171-4cd8-9f9d-b866417076f3,,,,,,,,,,,,,,,,,,,,,,,,,,,,,,,,,,,,,,,
74bde09a-0550-4f13-b866-137f0126c78a,,,,,,,,,,,,,,,,,,,,,,,,,,,,,,,,,,,,,,,
74c5ec07-da6b-4c53-9eb8-b6a556a642de,,,,,,,,,,,,,,,,,,,,,,,,,,,,,,,,,,,,,,,
74c900c7-ddde-4a33-8332-798175955f2a,,,,,,,,,,,,,,,,,,,,,,,,,,,,,,,,,,,,,,,
74d14ffd-7150-451d-a811-b0b9d5c14b01,,,,,,,,,,,,,,,,,,,,,,,,,,,,,,,,,,,,,,,
74d205fa-5876-4935-814b-d1842305f675,,,,,,,,,,,,,,,,,,,,,,,,,,,,,,,,,,,,,,,
74d519cb-5e08-47e9-90dc-c2ff6d30abb1,,,,,,,,,,,,,,,,,,,,,,,,,,,,,,,,,,,,,,,
74d97768-1cb4-44d3-81f8-5f0cfee181d2,,,,,,,,,,,,,,,,,,,,,,,,,,,,,,,,,,,,,,,
74dc1396-bd6f-4240-8365-17c30f0445d9,,,,,,,,,,,,,,,,,,,,,,,,,,,,,,,,,,,,,,,
74ebcd8b-873e-4081-865d-60bb77d3cd08,,,,,,,,,,,,,,,,,,,,,,,,,,,,,,,,,,,,,,,
74f36dba-a465-45ef-b8b0-a3c412bbbf3f,,,,,,,,,,,,,,,,,,,,,,,,,,,,,,,,,,,,,,,
74f579a2-41a0-475b-a0ec-641adbf2eebf,,,,,,,,,,,,,,,,,,,,,,,,,,,,,,,,,,,,,,,
74f644c8-530e-46b5-94c8-5d867179b1fd,,,,,,,,,,,,,,,,,,,,,,,,,,,,,,,,,,,,,,,
750332d1-59b5-4846-a1b6-e9af4116474d,,,,,,,,,,,,,,,,,,,,,,,,,,,,,,,,,,,,,,,
750ca767-1d7f-46b8-8f68-19dd04bc8a81,,,,,,,,,,,,,,,,,,,,,,,,,,,,,,,,,,,,,,,
7511a934-bff9-45bb-893a-c7de34d2d517,microsoft,1.0,1.0,,,,,,,,,,,,,,,,,,,,,,,,,,,,,,,,,,,,
75152ca5-4395-4f58-89fc-54d289ccca12,,,,,,,,,,,,,,,,,,,,,,,,,,,,,,,,,,,,,,,
7521aa19-19ad-4138-9aa5-c3d544f02630,,,,,,,,,,,,,,,,,,,,,,,,,,,,,,,,,,,,,,,
7528fb60-07cd-48c7-b45a-98cbbeb58dd5,,,,,,,,,,,,,,,,,,,,,,,,,,,,,,,,,,,,,,,
7529e310-3069-441c-8391-a33dc7b40d37,,,,,,,,,,,,,,,,,,,,,,,,,,,,,,,,,,,,,,,
752eca04-ae30-4ac6-bca8-294c9a34d42a,,,,,,,,,,,,,,,,,,,,,,,,,,,,,,,,,,,,,,,
75359b01-863d-4401-8a48-47dcc8ec6e24,,,,,,,,,,,,,,,,,,,,,,,,,,,,,,,,,,,,,,,
753769f9-1e7c-4bcc-911a-f5886c664818,,,,,,,,,,,,,,,,,,,,,,,,,,,,,,,,,,,,,,,
7538d99b-1b99-43ae-a7ce-15f42bc43903,,,,,,,,,,,,,,,,,,,,,,,,,,,,,,,,,,,,,,,
753add05-703d-48fa-a40e-0f13a5af5f0f,,,,,,,,,,,,,,,,,,,,,,,,,,,,,,,,,,,,,,,
753db7ba-0bbc-4051-9a19-989111506d24,,,,,,,,,,,,,,,,,,,,,,,,,,,,,,,,,,,,,,,
75448831-5c37-4c87-a21f-c312f66a7c4b,,,,,,,,,,,,,,,,,,,,,,,,,,,,,,,,,,,,,,,
75545ce9-b820-4012-b556-2462fabe7ee3,,,,,,,,,,,,,,,,,,,,,,,,,,,,,,,,,,,,,,,
7555690c-4918-4adb-8f82-723d98d6875a,,,,,,,,,,,,,,,,,,,,,,,,,,,,,,,,,,,,,,,
75563fda-4d22-4f6a-b9f1-d61ae09c6a8f,,,,,,,,,,,,,,,,,,,,,,,,,,,,,,,,,,,,,,,
755b7b6c-a99f-4613-a875-25185b75a389,,,,,,,,,,,,,,,,,,,,,,,,,,,,,,,,,,,,,,,
755cac04-d4bd-47ec-be20-b8e3be405a7d,strava,1.0,1.0,,,,,,,,,,,,,,,,,,,,,,,,,,,,,,,,,,,,
75666261-ec54-49b9-9ddb-24d197bafbb1,,,,,,,,,,,,,,,,,,,,,,,,,,,,,,,,,,,,,,,
756f564b-3146-472c-95f7-8e37f888a3a8,,,,,,,,,,,,,,,,,,,,,,,,,,,,,,,,,,,,,,,
75763bc8-5344-4ba2-9cd3-25d579ad0584,,,,,,,,,,,,,,,,,,,,,,,,,,,,,,,,,,,,,,,
757e1f6f-148a-436d-abee-f9d4a5053222,,,,,,,,,,,,,,,,,,,,,,,,,,,,,,,,,,,,,,,
7586ad64-f967-4b89-8579-8e5da6656262,,,,,,,,,,,,,,,,,,,,,,,,,,,,,,,,,,,,,,,
758bea25-1aef-4029-b3b4-3e3359250bd9,,,,,,,,,,,,,,,,,,,,,,,,,,,,,,,,,,,,,,,
75917b78-ca4a-4421-ba06-85fbf8f8396f,,,,,,,,,,,,,,,,,,,,,,,,,,,,,,,,,,,,,,,
75952fed-fd61-4fcf-8e3c-9da7d07f888a,,,,,,,,,,,,,,,,,,,,,,,,,,,,,,,,,,,,,,,
759a5706-6060-47ce-b1d4-90c1ec461535,,,,,,,,,,,,,,,,,,,,,,,,,,,,,,,,,,,,,,,
75a68a5e-3c80-4411-9242-9d79c219d26c,,,,,,,,,,,,,,,,,,,,,,,,,,,,,,,,,,,,,,,
75ad0274-03f9-467c-b41b-9ffdfa6c4900,,,,,,,,,,,,,,,,,,,,,,,,,,,,,,,,,,,,,,,
75b03246-61d0-4fec-9c46-e5b647e9436e,,,,,,,,,,,,,,,,,,,,,,,,,,,,,,,,,,,,,,,
75b4bf9c-b6fc-44ee-95fe-28178b0d8e4a,,,,,,,,,,,,,,,,,,,,,,,,,,,,,,,,,,,,,,,
75bca0ca-d27e-4dd9-b44b-978d67775b3a,,,,,,,,,,,,,,,,,,,,,,,,,,,,,,,,,,,,,,,
75bf0c4e-dadf-4054-8544-65841bfc6156,,,,,,,,,,,,,,,,,,,,,,,,,,,,,,,,,,,,,,,
75bf923f-50f5-46cf-b780-8002ed00d29b,,,,,,,,,,,,,,,,,,,,,,,,,,,,,,,,,,,,,,,
75c43e1c-f417-4f94-b426-cda8056ff4b9,,,,,,,,,,,,,,,,,,,,,,,,,,,,,,,,,,,,,,,
75cca180-f779-4802-bdc0-e32fdbf22c6c,qq.com,1.0,1.0,,,,,,,,,,,,,,,,,,,,,,,,,,,,,,,,,,,,
75ccad85-813c-41d6-9191-ea9463ff245c,,,,,,,,,,,,,,,,,,,,,,,,,,,,,,,,,,,,,,,
75d7e62d-1d8f-452d-b0d3-2c9e9e166f8e,wikimedia_foundation,1.0,1.0,,,,,,,,,,,,,,,,,,,,,,,,,,,,,,,,,,,,
75d85bac-faa6-41bd-814d-03accf691015,,,,,,,,,,,,,,,,,,,,,,,,,,,,,,,,,,,,,,,
75dfa9d7-a4bb-4211-a502-689e4bb4aa5d,,,,,,,,,,,,,,,,,,,,,,,,,,,,,,,,,,,,,,,
75e522fe-2c9b-42b2-b736-6b3933dc473d,trustpilot,1.0,1.0,,,,,,,,,,,,,,,,,,,,,,,,,,,,,,,,,,,,
75e6faca-b453-45f4-9441-64d835987cc1,,,,,,,,,,,,,,,,,,,,,,,,,,,,,,,,,,,,,,,
75eb3800-414d-4fdc-91ce-25c13aaf3566,,,,,,,,,,,,,,,,,,,,,,,,,,,,,,,,,,,,,,,
75ebeb84-7310-4960-86dd-ee46627209cd,,,,,,,,,,,,,,,,,,,,,,,,,,,,,,,,,,,,,,,
75ecc28a-9dff-41e1-be80-80cb58d5cdd8,,,,,,,,,,,,,,,,,,,,,,,,,,,,,,,,,,,,,,,
75f2dc56-2aa1-462b-a9d2-de3df1e553fc,,,,,,,,,,,,,,,,,,,,,,,,,,,,,,,,,,,,,,,
75fb8c40-85f2-43a9-862b-fc2aa772e3cc,,,,,,,,,,,,,,,,,,,,,,,,,,,,,,,,,,,,,,,
76015789-9125-4165-a57b-2051011b6deb,,,,,,,,,,,,,,,,,,,,,,,,,,,,,,,,,,,,,,,
76032c8b-6765-46f2-8f4a-75e87b684679,,,,,,,,,,,,,,,,,,,,,,,,,,,,,,,,,,,,,,,
760de30e-b73f-4c5b-800c-aa2402a4c3a4,,,,,,,,,,,,,,,,,,,,,,,,,,,,,,,,,,,,,,,
760f79b3-ffaa-4421-8662-78b98b9ff59d,,,,,,,,,,,,,,,,,,,,,,,,,,,,,,,,,,,,,,,
76126f70-e517-43e7-9dae-000550a65f8c,,,,,,,,,,,,,,,,,,,,,,,,,,,,,,,,,,,,,,,
76133335-0315-4cac-acc0-9f5ede25141d,,,,,,,,,,,,,,,,,,,,,,,,,,,,,,,,,,,,,,,
761508eb-997d-4b95-91b8-bfed526aaee5,,,,,,,,,,,,,,,,,,,,,,,,,,,,,,,,,,,,,,,
7615d80b-dca9-4b1f-8e6a-ea1a84cea9cd,,,,,,,,,,,,,,,,,,,,,,,,,,,,,,,,,,,,,,,
761b068d-aec4-43d2-80be-614218e99cb6,,,,,,,,,,,,,,,,,,,,,,,,,,,,,,,,,,,,,,,
761d4700-ac03-46a4-a26f-2f3f509e0b64,vimeo,1.0,1.0,,,,,,,,,,,,,,,,,,,,,,,,,,,,,,,,,,,,
76226630-9314-4060-909b-4e8c343d5c24,,,,,,,,,,,,,,,,,,,,,,,,,,,,,,,,,,,,,,,
76261469-a3bb-45cb-854a-9671129299e0,,,,,,,,,,,,,,,,,,,,,,,,,,,,,,,,,,,,,,,
762dc70c-f384-4587-ba29-097bb65f95bc,,,,,,,,,,,,,,,,,,,,,,,,,,,,,,,,,,,,,,,
762def3f-194f-4624-aa41-302d7d2b2720,,,,,,,,,,,,,,,,,,,,,,,,,,,,,,,,,,,,,,,
762fb3bb-833d-4528-84ac-ae03bb9044b2,,,,,,,,,,,,,,,,,,,,,,,,,,,,,,,,,,,,,,,
7630dd1f-31e9-4762-b0c4-365e4c9c177e,,,,,,,,,,,,,,,,,,,,,,,,,,,,,,,,,,,,,,,
76319324-cf4c-42d5-940b-ff355cee3a6a,,,,,,,,,,,,,,,,,,,,,,,,,,,,,,,,,,,,,,,
7636df86-6cb2-4f08-a7b5-e6170d1f01e5,,,,,,,,,,,,,,,,,,,,,,,,,,,,,,,,,,,,,,,
763fbdf7-924b-4808-a4d7-abf64822e0d8,,,,,,,,,,,,,,,,,,,,,,,,,,,,,,,,,,,,,,,
764f34af-9ce4-438f-8e8d-0769c95dfde3,,,,,,,,,,,,,,,,,,,,,,,,,,,,,,,,,,,,,,,
76589065-ae28-4c35-b28c-e324c4f34b3c,,,,,,,,,,,,,,,,,,,,,,,,,,,,,,,,,,,,,,,
765adf02-0b84-4f4b-bfc7-84b51f4ff0bf,,,,,,,,,,,,,,,,,,,,,,,,,,,,,,,,,,,,,,,
765b4b4e-ca4c-423f-8a2f-212e44281245,,,,,,,,,,,,,,,,,,,,,,,,,,,,,,,,,,,,,,,
765f0151-bae5-4258-8cb6-2bbcc59f1857,,,,,,,,,,,,,,,,,,,,,,,,,,,,,,,,,,,,,,,
7662e1c9-bad8-4558-bbd0-d25cbfc8ef2a,cloudflare,1.0,1.0,,,,,,,,,,,,,,,,,,,,,,,,,,,,,,,,,,,,
7662f63e-f567-4943-ba2d-c04498b87f7d,,,,,,,,,,,,,,,,,,,,,,,,,,,,,,,,,,,,,,,
76643154-48a7-4f3d-99e1-bdbe9d554bdf,,,,,,,,,,,,,,,,,,,,,,,,,,,,,,,,,,,,,,,
76666609-9079-41d0-8514-8a218041f20d,,,,,,,,,,,,,,,,,,,,,,,,,,,,,,,,,,,,,,,
766d1ccb-d43a-4fa9-b7c1-2cf182921956,,,,,,,,,,,,,,,,,,,,,,,,,,,,,,,,,,,,,,,
76777b92-2456-47b7-8f91-b42391a48e1e,,,,,,,,,,,,,,,,,,,,,,,,,,,,,,,,,,,,,,,
767a0269-b54f-4a00-8cec-75f04817c312,,,,,,,,,,,,,,,,,,,,,,,,,,,,,,,,,,,,,,,
767b7fda-d951-4dcd-9775-e3f148f0d967,,,,,,,,,,,,,,,,,,,,,,,,,,,,,,,,,,,,,,,
768f911c-86c0-4baf-9395-26c51e7e19eb,,,,,,,,,,,,,,,,,,,,,,,,,,,,,,,,,,,,,,,
769078c3-3e01-4c74-bab2-47f20e27e609,,,,,,,,,,,,,,,,,,,,,,,,,,,,,,,,,,,,,,,
7692b634-9e74-4246-bdc3-8a050c9b7cbf,,,,,,,,,,,,,,,,,,,,,,,,,,,,,,,,,,,,,,,
7692e2c9-6714-40ba-ab26-24e7df6589eb,,,,,,,,,,,,,,,,,,,,,,,,,,,,,,,,,,,,,,,
7692fe6a-f98f-4aec-b516-866eb6660633,,,,,,,,,,,,,,,,,,,,,,,,,,,,,,,,,,,,,,,
769bc51e-6861-4bea-9339-42346019cf43,,,,,,,,,,,,,,,,,,,,,,,,,,,,,,,,,,,,,,,
769c869e-9ac3-46a9-95fb-057b0527da7b,,,,,,,,,,,,,,,,,,,,,,,,,,,,,,,,,,,,,,,
76a41407-a757-4ab9-ac08-89ac1713bb2a,,,,,,,,,,,,,,,,,,,,,,,,,,,,,,,,,,,,,,,
76a5ba8e-b97f-46a8-bbb6-3ea2b92bbb43,,,,,,,,,,,,,,,,,,,,,,,,,,,,,,,,,,,,,,,
76ad3c55-39b8-4fd7-88f4-9633dd639b59,,,,,,,,,,,,,,,,,,,,,,,,,,,,,,,,,,,,,,,
76b0a7c3-b5eb-44a2-80d2-9bc907898f3c,,,,,,,,,,,,,,,,,,,,,,,,,,,,,,,,,,,,,,,
76b7ce4a-dba5-478e-9a2a-7d75962b95be,,,,,,,,,,,,,,,,,,,,,,,,,,,,,,,,,,,,,,,
76b8f7cd-64f8-4594-8265-9d8eca1a6259,,,,,,,,,,,,,,,,,,,,,,,,,,,,,,,,,,,,,,,
76c32855-3bbc-48f4-88a5-8da37eaacfe7,,,,,,,,,,,,,,,,,,,,,,,,,,,,,,,,,,,,,,,
76ca8e31-564e-4c22-a81e-2cfd8a155443,,,,,,,,,,,,,,,,,,,,,,,,,,,,,,,,,,,,,,,
76d3f1fc-f410-4695-81bc-f15e57cf54e1,,,,,,,,,,,,,,,,,,,,,,,,,,,,,,,,,,,,,,,
76da5fb0-298a-429b-9c16-6b8d317a6a4e,,,,,,,,,,,,,,,,,,,,,,,,,,,,,,,,,,,,,,,
76e0b05b-9a5d-4b53-b38f-e1306e32dfaf,,,,,,,,,,,,,,,,,,,,,,,,,,,,,,,,,,,,,,,
76ed8cfb-dd42-41e0-b7d0-fc8ed91aa31a,,,,,,,,,,,,,,,,,,,,,,,,,,,,,,,,,,,,,,,
76f56844-8383-4881-8fd1-1e233dacb9b3,,,,,,,,,,,,,,,,,,,,,,,,,,,,,,,,,,,,,,,
76fa298d-a9cc-4121-9626-6dc94886e4bc,,,,,,,,,,,,,,,,,,,,,,,,,,,,,,,,,,,,,,,
76fe742b-8e96-42c8-8e59-3db63f91ff7f,,,,,,,,,,,,,,,,,,,,,,,,,,,,,,,,,,,,,,,
77036d89-4ef3-436c-969e-5ce7968e1f15,,,,,,,,,,,,,,,,,,,,,,,,,,,,,,,,,,,,,,,
7705af91-36b8-4d12-bcd4-1364dbdd605b,,,,,,,,,,,,,,,,,,,,,,,,,,,,,,,,,,,,,,,
7707f451-e22b-41ca-b07c-93af9177631c,,,,,,,,,,,,,,,,,,,,,,,,,,,,,,,,,,,,,,,
770a5072-76e6-4950-acb2-778d0e1434e7,,,,,,,,,,,,,,,,,,,,,,,,,,,,,,,,,,,,,,,
7716cd37-227b-481e-b4b3-ab3eb0c9e85e,,,,,,,,,,,,,,,,,,,,,,,,,,,,,,,,,,,,,,,
77182532-86d6-4e8d-b761-fc0a4a501363,,,,,,,,,,,,,,,,,,,,,,,,,,,,,,,,,,,,,,,
77259583-eadf-4020-a5ce-d190682c4c30,,,,,,,,,,,,,,,,,,,,,,,,,,,,,,,,,,,,,,,
7726faca-4c28-45b8-8928-dec84fc90530,the_sun,1.0,1.0,,,,,,,,,,,,,,,,,,,,,,,,,,,,,,,,,,,,
772bac04-4971-4979-a1fc-18caa2f8bf00,,,,,,,,,,,,,,,,,,,,,,,,,,,,,,,,,,,,,,,
772f06b2-3e69-45d6-b677-c5b4bcd35e9e,,,,,,,,,,,,,,,,,,,,,,,,,,,,,,,,,,,,,,,
77336c55-e88a-48a6-99c9-7599ceb7e15d,,,,,,,,,,,,,,,,,,,,,,,,,,,,,,,,,,,,,,,
7737d72c-43bb-4a8a-9c3f-288afdaf9ba0,,,,,,,,,,,,,,,,,,,,,,,,,,,,,,,,,,,,,,,
77499052-c1c9-4d61-8e6b-2a44bbc53b76,,,,,,,,,,,,,,,,,,,,,,,,,,,,,,,,,,,,,,,
774db33a-cab2-4ebc-8926-d43df73b8734,,,,,,,,,,,,,,,,,,,,,,,,,,,,,,,,,,,,,,,
774dcba8-b63e-41e2-8c8b-f91c222b608e,,,,,,,,,,,,,,,,,,,,,,,,,,,,,,,,,,,,,,,
774fc3c1-87a1-404e-834f-3c4f63d955d1,,,,,,,,,,,,,,,,,,,,,,,,,,,,,,,,,,,,,,,
77620729-d3f8-43ec-b5ff-628dc9dea6d4,,,,,,,,,,,,,,,,,,,,,,,,,,,,,,,,,,,,,,,
776abeeb-ab49-432b-a1e5-3a5ec26a664c,,,,,,,,,,,,,,,,,,,,,,,,,,,,,,,,,,,,,,,
776c745c-ea2d-4e8a-b82f-3cf21ed38049,,,,,,,,,,,,,,,,,,,,,,,,,,,,,,,,,,,,,,,
77723930-6b3a-4340-b6e0-7e87cb32aa1a,,,,,,,,,,,,,,,,,,,,,,,,,,,,,,,,,,,,,,,
7784b024-7cc6-4117-be52-482953fb0c16,,,,,,,,,,,,,,,,,,,,,,,,,,,,,,,,,,,,,,,
7787088e-729c-4210-86b6-f716a1ca77aa,,,,,,,,,,,,,,,,,,,,,,,,,,,,,,,,,,,,,,,
779043dd-2796-48af-b118-3bf8f32727dd,,,,,,,,,,,,,,,,,,,,,,,,,,,,,,,,,,,,,,,
77937de3-ebfb-479f-b5ff-e4171ccbbf49,,,,,,,,,,,,,,,,,,,,,,,,,,,,,,,,,,,,,,,
7794bd51-a824-471e-8a72-5a71952bebbb,,,,,,,,,,,,,,,,,,,,,,,,,,,,,,,,,,,,,,,
7797ab86-e798-4766-98a8-156287e2e4b1,,,,,,,,,,,,,,,,,,,,,,,,,,,,,,,,,,,,,,,
779edb20-02f0-40ef-b56d-94394fe1cbd3,,,,,,,,,,,,,,,,,,,,,,,,,,,,,,,,,,,,,,,
77ae83f1-071f-4637-a0be-b29c9abaac63,,,,,,,,,,,,,,,,,,,,,,,,,,,,,,,,,,,,,,,
77b5876a-ada5-40fe-8487-3b61186cbab1,,,,,,,,,,,,,,,,,,,,,,,,,,,,,,,,,,,,,,,
77ba3de4-58dd-4701-a4e9-1f1ca2ac3d7e,,,,,,,,,,,,,,,,,,,,,,,,,,,,,,,,,,,,,,,
77ba82c6-a62c-486d-aaa8-09ec42a8a042,,,,,,,,,,,,,,,,,,,,,,,,,,,,,,,,,,,,,,,
77bc2b79-a055-4751-9082-8ef549662279,,,,,,,,,,,,,,,,,,,,,,,,,,,,,,,,,,,,,,,
77bd7003-0f00-4430-925f-13d183e49609,,,,,,,,,,,,,,,,,,,,,,,,,,,,,,,,,,,,,,,
77c2d2c8-257f-46d1-bdc7-f1d94f729bfa,,,,,,,,,,,,,,,,,,,,,,,,,,,,,,,,,,,,,,,
77c9130e-bf8c-4c08-b5f5-473495a49da1,,,,,,,,,,,,,,,,,,,,,,,,,,,,,,,,,,,,,,,
77ccff16-f9c6-41ee-b9a6-82be45c56ceb,,,,,,,,,,,,,,,,,,,,,,,,,,,,,,,,,,,,,,,
77d026ef-dec7-4035-b3a1-d7c640796758,the_sun,1.0,1.0,,,,,,,,,,,,,,,,,,,,,,,,,,,,,,,,,,,,
77d3c75f-5959-48ca-8a34-cb665887fa8e,,,,,,,,,,,,,,,,,,,,,,,,,,,,,,,,,,,,,,,
77d88754-38ac-40c1-bac4-9bba15418e53,,,,,,,,,,,,,,,,,,,,,,,,,,,,,,,,,,,,,,,
77db511b-a3be-460a-b860-191f35ce1c12,,,,,,,,,,,,,,,,,,,,,,,,,,,,,,,,,,,,,,,
77facb03-483b-441d-95fa-323391bd37c0,,,,,,,,,,,,,,,,,,,,,,,,,,,,,,,,,,,,,,,
78083433-925d-4134-8198-1f2a02d4f1a6,,,,,,,,,,,,,,,,,,,,,,,,,,,,,,,,,,,,,,,
780cfa07-d7c9-499c-b6ba-5cc03cac0823,,,,,,,,,,,,,,,,,,,,,,,,,,,,,,,,,,,,,,,
782261d9-163a-494b-95a7-ed00daaf02e7,,,,,,,,,,,,,,,,,,,,,,,,,,,,,,,,,,,,,,,
7824f7cf-fbac-4eef-b83b-3c5272837547,microsoft,1.0,1.0,,,,,,,,,,,,,,,,,,,,,,,,,,,,,,,,,,,,
78275bed-8e83-4de9-aeb7-f324a32334ae,,,,,,,,,,,,,,,,,,,,,,,,,,,,,,,,,,,,,,,
7827a359-29ac-4561-b35e-c635c29898ea,,,,,,,,,,,,,,,,,,,,,,,,,,,,,,,,,,,,,,,
782930dc-3b08-4de4-ace5-f0f8768b24c1,,,,,,,,,,,,,,,,,,,,,,,,,,,,,,,,,,,,,,,
782e3220-124c-4a60-84f1-f864d124a0d2,,,,,,,,,,,,,,,,,,,,,,,,,,,,,,,,,,,,,,,
783157d9-525d-4690-a4e8-0583b5c32a52,,,,,,,,,,,,,,,,,,,,,,,,,,,,,,,,,,,,,,,
7833875b-a021-450b-8660-349ec7b68bb8,,,,,,,,,,,,,,,,,,,,,,,,,,,,,,,,,,,,,,,
783bb036-2516-429a-b7ae-ca3b6b9ec12f,,,,,,,,,,,,,,,,,,,,,,,,,,,,,,,,,,,,,,,
78423ea0-b1ef-48e6-8314-44369c8e4934,,,,,,,,,,,,,,,,,,,,,,,,,,,,,,,,,,,,,,,
7848dbe1-9c02-4472-af2c-0490100da39d,twilio,1.0,0.16666666666666666,verizon,1.0,0.16666666666666666,clickup,1.0,0.16666666666666666,dynatrace,1.0,0.16666666666666666,algolia,1.0,0.16666666666666666,yotpo,1.0,0.16666666666666666,,,,,,,,,,,,,,,,,,,,,
784a9a57-30f5-49d8-9d2c-c845c6ea7b49,,,,,,,,,,,,,,,,,,,,,,,,,,,,,,,,,,,,,,,
785b0fd3-4cb5-44a1-8d2c-168c852288bb,,,,,,,,,,,,,,,,,,,,,,,,,,,,,,,,,,,,,,,
785f0040-1875-447b-ae42-96e48694fe45,,,,,,,,,,,,,,,,,,,,,,,,,,,,,,,,,,,,,,,
785f16ff-31fe-41aa-a9ba-e1cdaf7a7abc,,,,,,,,,,,,,,,,,,,,,,,,,,,,,,,,,,,,,,,
7862f170-0397-4ea4-9faf-9c0109a77850,,,,,,,,,,,,,,,,,,,,,,,,,,,,,,,,,,,,,,,
786b4c01-ccb7-48b6-adb4-bb7ab473f994,,,,,,,,,,,,,,,,,,,,,,,,,,,,,,,,,,,,,,,
7872f53a-bbef-4b36-86f5-32e6a531d7bb,,,,,,,,,,,,,,,,,,,,,,,,,,,,,,,,,,,,,,,
7873e735-f05f-412a-aaf8-c4396017aefc,,,,,,,,,,,,,,,,,,,,,,,,,,,,,,,,,,,,,,,
78783d67-fe6c-41b1-9c4b-2f7f95406442,,,,,,,,,,,,,,,,,,,,,,,,,,,,,,,,,,,,,,,
787a52f9-68fb-4869-b21e-5925553c872e,,,,,,,,,,,,,,,,,,,,,,,,,,,,,,,,,,,,,,,
787b5114-bf68-4c7e-b6fd-b1fd7e7c5e87,,,,,,,,,,,,,,,,,,,,,,,,,,,,,,,,,,,,,,,
7880af6e-8afd-4134-8c3f-b1cf97db0641,,,,,,,,,,,,,,,,,,,,,,,,,,,,,,,,,,,,,,,
7885bd8a-0ba7-4390-9eaf-2ac90f18d949,,,,,,,,,,,,,,,,,,,,,,,,,,,,,,,,,,,,,,,
7885e22f-5662-4a89-a6a0-7a107d8ad187,,,,,,,,,,,,,,,,,,,,,,,,,,,,,,,,,,,,,,,
7887e50f-cf39-4b8a-a168-2fdf721b87f0,,,,,,,,,,,,,,,,,,,,,,,,,,,,,,,,,,,,,,,
78904db4-367d-4573-8600-00ca3870db81,,,,,,,,,,,,,,,,,,,,,,,,,,,,,,,,,,,,,,,
78922ec6-ca85-4795-8b34-65a087f8b007,,,,,,,,,,,,,,,,,,,,,,,,,,,,,,,,,,,,,,,
78923ad4-1336-4870-8bbb-97b308f8575d,,,,,,,,,,,,,,,,,,,,,,,,,,,,,,,,,,,,,,,
789c93d8-ae9e-486a-a1e1-676eba2591af,,,,,,,,,,,,,,,,,,,,,,,,,,,,,,,,,,,,,,,
789d8e85-0434-43f7-acc1-ef7ec20d5d50,,,,,,,,,,,,,,,,,,,,,,,,,,,,,,,,,,,,,,,
789fa360-6839-41bf-b47f-95c706ad628e,,,,,,,,,,,,,,,,,,,,,,,,,,,,,,,,,,,,,,,
78a15173-0d4f-4f5d-abc3-573b104e5361,,,,,,,,,,,,,,,,,,,,,,,,,,,,,,,,,,,,,,,
78a74530-e0c1-4e2b-8fcc-af1da406317a,wp,1.0,1.0,,,,,,,,,,,,,,,,,,,,,,,,,,,,,,,,,,,,
78aa07c8-ed51-46c0-ac32-a9764779ced1,,,,,,,,,,,,,,,,,,,,,,,,,,,,,,,,,,,,,,,
78ad76d1-68c3-499d-8292-3f7f1a854d99,,,,,,,,,,,,,,,,,,,,,,,,,,,,,,,,,,,,,,,
78aefbd9-8cc2-4bbb-8468-9681a39184df,,,,,,,,,,,,,,,,,,,,,,,,,,,,,,,,,,,,,,,
78b73990-ee86-4489-ae82-04f205db7e24,,,,,,,,,,,,,,,,,,,,,,,,,,,,,,,,,,,,,,,
78b7eb72-8bc4-46d0-beeb-9ad6afd3ba02,,,,,,,,,,,,,,,,,,,,,,,,,,,,,,,,,,,,,,,
78c4c76c-2e93-4ab1-a3af-e97345c4fa71,,,,,,,,,,,,,,,,,,,,,,,,,,,,,,,,,,,,,,,
78c580e8-7d7d-4b18-9efb-349c016f97f3,,,,,,,,,,,,,,,,,,,,,,,,,,,,,,,,,,,,,,,
78c704d1-5478-4626-85f2-2caff8b183c6,,,,,,,,,,,,,,,,,,,,,,,,,,,,,,,,,,,,,,,
78c733ff-cb7f-44aa-8705-32bc3125b277,,,,,,,,,,,,,,,,,,,,,,,,,,,,,,,,,,,,,,,
78c8d20e-8d4c-4f22-87c8-79eb715fdd55,usercentrics,1.0,1.0,,,,,,,,,,,,,,,,,,,,,,,,,,,,,,,,,,,,
78cf0ce4-8a2b-4751-8be1-d397e497dc53,,,,,,,,,,,,,,,,,,,,,,,,,,,,,,,,,,,,,,,
78d01c2a-6781-4e0e-a00a-bdfcbd59a36d,,,,,,,,,,,,,,,,,,,,,,,,,,,,,,,,,,,,,,,
78d1b4db-24db-404f-8d49-e2915519c21f,,,,,,,,,,,,,,,,,,,,,,,,,,,,,,,,,,,,,,,
78d4d06a-a37a-412a-9fe4-2e7a7c76cfa7,,,,,,,,,,,,,,,,,,,,,,,,,,,,,,,,,,,,,,,
78e0c5e3-850b-4b83-b9b8-50dc09fb14cb,,,,,,,,,,,,,,,,,,,,,,,,,,,,,,,,,,,,,,,
78e65487-4e70-44c2-bf6c-c12e25c3d408,,,,,,,,,,,,,,,,,,,,,,,,,,,,,,,,,,,,,,,
78e8a3d0-76b1-4b17-9e77-c01a6a1e732c,,,,,,,,,,,,,,,,,,,,,,,,,,,,,,,,,,,,,,,
78ed7c47-e312-475a-b624-37cf1f6a7a8b,,,,,,,,,,,,,,,,,,,,,,,,,,,,,,,,,,,,,,,
78f241b2-f025-44dc-ae97-f479aabcfc51,,,,,,,,,,,,,,,,,,,,,,,,,,,,,,,,,,,,,,,
790524f6-ec04-4637-8d7b-8e651e5e3eab,,,,,,,,,,,,,,,,,,,,,,,,,,,,,,,,,,,,,,,
7906f4a5-7cb6-4703-8c04-892008ee14fe,,,,,,,,,,,,,,,,,,,,,,,,,,,,,,,,,,,,,,,
79087282-033b-45a5-8077-5659797583c9,,,,,,,,,,,,,,,,,,,,,,,,,,,,,,,,,,,,,,,
7908d36f-9016-4a58-ba3f-a47e13fff152,,,,,,,,,,,,,,,,,,,,,,,,,,,,,,,,,,,,,,,
790e60e8-ba61-4489-b770-3e2c23165fee,,,,,,,,,,,,,,,,,,,,,,,,,,,,,,,,,,,,,,,
791e692a-704b-48d0-80dc-47d743c2cc9d,,,,,,,,,,,,,,,,,,,,,,,,,,,,,,,,,,,,,,,
791edca8-76a9-4b8b-bd9c-360f36027005,,,,,,,,,,,,,,,,,,,,,,,,,,,,,,,,,,,,,,,
79267729-01aa-4f50-8a98-b37eba8d6133,,,,,,,,,,,,,,,,,,,,,,,,,,,,,,,,,,,,,,,
792777be-936a-4bff-a882-df6dc62bb54d,,,,,,,,,,,,,,,,,,,,,,,,,,,,,,,,,,,,,,,
79330d08-d2ec-4b03-ba70-9bfc219ae76b,civicscience,1.0,1.0,,,,,,,,,,,,,,,,,,,,,,,,,,,,,,,,,,,,
7934d471-2c4f-4f7f-bd5c-56a6077c5f14,,,,,,,,,,,,,,,,,,,,,,,,,,,,,,,,,,,,,,,
79372f70-7a8a-4277-9cb0-b20833449ed6,,,,,,,,,,,,,,,,,,,,,,,,,,,,,,,,,,,,,,,
7939c19f-db1b-4247-aefb-8ae811842095,,,,,,,,,,,,,,,,,,,,,,,,,,,,,,,,,,,,,,,
79429707-dec3-406b-91fa-5de8b1dd0db7,zalando,1.0,1.0,,,,,,,,,,,,,,,,,,,,,,,,,,,,,,,,,,,,
79454911-1e71-4bd4-924a-76e6ce55bb8e,,,,,,,,,,,,,,,,,,,,,,,,,,,,,,,,,,,,,,,
794803b6-2e28-4485-bda7-0acc0c116d40,,,,,,,,,,,,,,,,,,,,,,,,,,,,,,,,,,,,,,,
79486b0d-f509-433f-bfbe-cd6123dbbad1,,,,,,,,,,,,,,,,,,,,,,,,,,,,,,,,,,,,,,,
794f00b5-a60b-4bc7-898d-1551b31def7f,,,,,,,,,,,,,,,,,,,,,,,,,,,,,,,,,,,,,,,
7956c67f-5f5b-4d97-977b-a79fdae259a1,,,,,,,,,,,,,,,,,,,,,,,,,,,,,,,,,,,,,,,
7961ddd3-7e0e-42e9-b357-87a6dc37efa0,,,,,,,,,,,,,,,,,,,,,,,,,,,,,,,,,,,,,,,
7963ea9c-f8e2-424b-87a3-eaa4ca5b90f2,,,,,,,,,,,,,,,,,,,,,,,,,,,,,,,,,,,,,,,
7970af39-a2e0-404f-aae4-8bf1b833f41a,,,,,,,,,,,,,,,,,,,,,,,,,,,,,,,,,,,,,,,
797a9514-d0af-4392-a542-52f96650a8f7,,,,,,,,,,,,,,,,,,,,,,,,,,,,,,,,,,,,,,,
798009d7-f721-4823-bfd0-7f38ae3b830a,,,,,,,,,,,,,,,,,,,,,,,,,,,,,,,,,,,,,,,
7982653e-b863-48a6-aead-98d5f304e633,,,,,,,,,,,,,,,,,,,,,,,,,,,,,,,,,,,,,,,
798314c4-b0a8-467c-ae74-c7235d22442a,,,,,,,,,,,,,,,,,,,,,,,,,,,,,,,,,,,,,,,
7985d8d0-8de0-4292-9022-29170671ad25,,,,,,,,,,,,,,,,,,,,,,,,,,,,,,,,,,,,,,,
79873423-47f2-4e51-afbd-68bbe7f67652,,,,,,,,,,,,,,,,,,,,,,,,,,,,,,,,,,,,,,,
79890b71-90e7-44f3-b91c-b9ccee5de988,,,,,,,,,,,,,,,,,,,,,,,,,,,,,,,,,,,,,,,
798b73b3-7c14-4cbf-a681-da885f764bfc,,,,,,,,,,,,,,,,,,,,,,,,,,,,,,,,,,,,,,,
798c62fe-fcdb-4441-990a-ff7da3f31397,,,,,,,,,,,,,,,,,,,,,,,,,,,,,,,,,,,,,,,
798ceb3c-c6be-435d-aafa-d2fae964ff13,arm,1.0,1.0,,,,,,,,,,,,,,,,,,,,,,,,,,,,,,,,,,,,
799a3a0f-2db6-4640-85b1-b57adc1339f3,,,,,,,,,,,,,,,,,,,,,,,,,,,,,,,,,,,,,,,
799e4f2f-2701-4b5b-bff8-2393eee04130,,,,,,,,,,,,,,,,,,,,,,,,,,,,,,,,,,,,,,,
79a680e8-f863-44a0-b0d5-40ed37a6d55f,,,,,,,,,,,,,,,,,,,,,,,,,,,,,,,,,,,,,,,
79a6a558-2c8a-481c-b324-51a603a1159f,,,,,,,,,,,,,,,,,,,,,,,,,,,,,,,,,,,,,,,
79a82284-973b-4e74-83bf-b5a8fe1c97cb,,,,,,,,,,,,,,,,,,,,,,,,,,,,,,,,,,,,,,,
79b49150-0d0b-487b-8d19-67a63615dc9f,apple,1.0,1.0,,,,,,,,,,,,,,,,,,,,,,,,,,,,,,,,,,,,
79ba12a9-6f13-47b6-8fa0-9ad4799f1661,,,,,,,,,,,,,,,,,,,,,,,,,,,,,,,,,,,,,,,
79bb0a51-5d81-4270-a221-6afc204c2cef,,,,,,,,,,,,,,,,,,,,,,,,,,,,,,,,,,,,,,,
79c6070a-fe8e-4da3-a9ad-15d1e594a60c,,,,,,,,,,,,,,,,,,,,,,,,,,,,,,,,,,,,,,,
79cdecf0-0382-4f8e-847a-b82f540704a9,,,,,,,,,,,,,,,,,,,,,,,,,,,,,,,,,,,,,,,
79ce7042-a5ea-436f-a308-c5026bf2385c,salesforce,1.0,1.0,,,,,,,,,,,,,,,,,,,,,,,,,,,,,,,,,,,,
79cfc080-d47d-4568-b288-c36240dfc6f7,,,,,,,,,,,,,,,,,,,,,,,,,,,,,,,,,,,,,,,
79d146e1-c5ee-4385-bbf9-ad47cd48b56d,,,,,,,,,,,,,,,,,,,,,,,,,,,,,,,,,,,,,,,
79da9a1c-1eea-44c9-9ef1-d695b31b6d4d,,,,,,,,,,,,,,,,,,,,,,,,,,,,,,,,,,,,,,,
79dd137b-1512-46f7-b2c8-b22e1d2d32e7,,,,,,,,,,,,,,,,,,,,,,,,,,,,,,,,,,,,,,,
79f03376-9730-4627-903a-2cbbc82162bf,,,,,,,,,,,,,,,,,,,,,,,,,,,,,,,,,,,,,,,
7a08d011-9db3-44ef-a989-c1ad834eeea0,,,,,,,,,,,,,,,,,,,,,,,,,,,,,,,,,,,,,,,
7a1b6f04-4cfd-4955-b4c7-67a54de0bf33,,,,,,,,,,,,,,,,,,,,,,,,,,,,,,,,,,,,,,,
7a1efb51-6248-4bb1-9c6d-0dc8f006b349,,,,,,,,,,,,,,,,,,,,,,,,,,,,,,,,,,,,,,,
7a1febac-c6ec-45a8-9a00-f5f8f89fe4df,,,,,,,,,,,,,,,,,,,,,,,,,,,,,,,,,,,,,,,
7a283ec1-5c0a-4c41-8064-09d6fb8b627d,,,,,,,,,,,,,,,,,,,,,,,,,,,,,,,,,,,,,,,
7a342c19-cd95-48c2-946a-78086df1987f,,,,,,,,,,,,,,,,,,,,,,,,,,,,,,,,,,,,,,,
7a363aff-7660-45d6-9ea3-6cb8819e8433,,,,,,,,,,,,,,,,,,,,,,,,,,,,,,,,,,,,,,,
7a381f5b-b9ac-49c7-85ad-24d39050ee27,qq.com,1.0,1.0,,,,,,,,,,,,,,,,,,,,,,,,,,,,,,,,,,,,
7a3a6fd9-463a-44ac-b39a-8a3b10d42a29,,,,,,,,,,,,,,,,,,,,,,,,,,,,,,,,,,,,,,,
7a3d6069-1d18-4104-ab79-aec68f10276c,,,,,,,,,,,,,,,,,,,,,,,,,,,,,,,,,,,,,,,
7a40d2be-c5da-4366-8e0f-e32d80b0e363,,,,,,,,,,,,,,,,,,,,,,,,,,,,,,,,,,,,,,,
7a41d66c-b5ba-4596-b8db-6e84acc2bd42,,,,,,,,,,,,,,,,,,,,,,,,,,,,,,,,,,,,,,,
7a4adee5-4032-47b9-ae03-218a3ecb14b8,,,,,,,,,,,,,,,,,,,,,,,,,,,,,,,,,,,,,,,
7a6392c9-4908-4b02-b76e-8c5ecdbc7ecf,,,,,,,,,,,,,,,,,,,,,,,,,,,,,,,,,,,,,,,
7a6b6dde-797b-45fe-abca-04e942d838dd,,,,,,,,,,,,,,,,,,,,,,,,,,,,,,,,,,,,,,,
7a72d1ce-2854-4ea8-80ea-b6cb7de2a3e9,,,,,,,,,,,,,,,,,,,,,,,,,,,,,,,,,,,,,,,
7a76f9b0-0edd-49c4-8d19-21b4a39c6c05,,,,,,,,,,,,,,,,,,,,,,,,,,,,,,,,,,,,,,,
7a7e3003-5f7d-4caa-9e7e-55dac40ff31f,,,,,,,,,,,,,,,,,,,,,,,,,,,,,,,,,,,,,,,
7a850ba8-f460-4fa1-b32c-03303f293640,,,,,,,,,,,,,,,,,,,,,,,,,,,,,,,,,,,,,,,
7a873d55-4646-4beb-a6c2-958504ba0a7e,,,,,,,,,,,,,,,,,,,,,,,,,,,,,,,,,,,,,,,
7a8c0255-9d5f-422d-8638-d6122c5a9a74,,,,,,,,,,,,,,,,,,,,,,,,,,,,,,,,,,,,,,,
7a8c8f36-57db-46f1-ba30-1ff2c3ba634f,,,,,,,,,,,,,,,,,,,,,,,,,,,,,,,,,,,,,,,
7a9db2a1-0e3d-4e22-8ab0-2a97bc7b8038,,,,,,,,,,,,,,,,,,,,,,,,,,,,,,,,,,,,,,,
7aa0c7d4-ab93-493e-93a9-e5076933c80d,,,,,,,,,,,,,,,,,,,,,,,,,,,,,,,,,,,,,,,
7aaaa16e-3d9f-4ed4-8fa0-5fbbb5136a34,,,,,,,,,,,,,,,,,,,,,,,,,,,,,,,,,,,,,,,
7ab1ec64-3024-47bd-bbf6-3848b7557947,,,,,,,,,,,,,,,,,,,,,,,,,,,,,,,,,,,,,,,
7ab3f6b9-a4e8-4f95-923e-832bac6d7dae,,,,,,,,,,,,,,,,,,,,,,,,,,,,,,,,,,,,,,,
7ab8e94b-71c6-4037-909a-25e0409e7d40,,,,,,,,,,,,,,,,,,,,,,,,,,,,,,,,,,,,,,,
7aba6cb3-4416-4459-9d39-5994b8881b4b,,,,,,,,,,,,,,,,,,,,,,,,,,,,,,,,,,,,,,,
7abca531-1311-45a4-91fd-47a8a75ca29b,,,,,,,,,,,,,,,,,,,,,,,,,,,,,,,,,,,,,,,
7ac1b217-e4c4-4523-8127-ad24405546e9,,,,,,,,,,,,,,,,,,,,,,,,,,,,,,,,,,,,,,,
7ac4252e-17a4-4005-9902-7e66dcd16b0d,,,,,,,,,,,,,,,,,,,,,,,,,,,,,,,,,,,,,,,
7ad3b739-93ff-48ea-89ea-b17bec04b330,,,,,,,,,,,,,,,,,,,,,,,,,,,,,,,,,,,,,,,
7ad4e96a-ca15-4faa-ae36-5676f4f2cc2f,baidu,1.0,1.0,,,,,,,,,,,,,,,,,,,,,,,,,,,,,,,,,,,,
7ad7ba9c-1ee0-41b2-9fa6-db00618c26ab,,,,,,,,,,,,,,,,,,,,,,,,,,,,,,,,,,,,,,,
7adf251b-15e9-4c57-be0d-4fb2c85ef268,,,,,,,,,,,,,,,,,,,,,,,,,,,,,,,,,,,,,,,
7ae76cd1-ed49-4c70-ab66-e711d2e4be61,microsoft,1.0,1.0,,,,,,,,,,,,,,,,,,,,,,,,,,,,,,,,,,,,
7af0e7dc-68d1-460b-9da1-1b17ff51e920,,,,,,,,,,,,,,,,,,,,,,,,,,,,,,,,,,,,,,,
7af3716e-2371-40ba-82fd-f67a6028334f,,,,,,,,,,,,,,,,,,,,,,,,,,,,,,,,,,,,,,,
7af4499e-83ba-4c62-9b77-d6606fb94876,,,,,,,,,,,,,,,,,,,,,,,,,,,,,,,,,,,,,,,
7afb3305-e941-4653-af21-1805e7b205e0,,,,,,,,,,,,,,,,,,,,,,,,,,,,,,,,,,,,,,,
7b05fff0-d9f3-4278-861b-f01b5faf86b9,,,,,,,,,,,,,,,,,,,,,,,,,,,,,,,,,,,,,,,
7b08fdc4-b92e-4cc4-9283-45176b2db2a9,,,,,,,,,,,,,,,,,,,,,,,,,,,,,,,,,,,,,,,
7b1339e6-f0a4-40c5-8847-22968730481e,,,,,,,,,,,,,,,,,,,,,,,,,,,,,,,,,,,,,,,
7b143f2b-7a8d-4d8f-990d-e3d416abf554,,,,,,,,,,,,,,,,,,,,,,,,,,,,,,,,,,,,,,,
7b1e1c03-f22d-485f-8f6b-9e49db3cbc7b,,,,,,,,,,,,,,,,,,,,,,,,,,,,,,,,,,,,,,,
7b212b39-1dd0-42f3-97f1-29f841228e1e,,,,,,,,,,,,,,,,,,,,,,,,,,,,,,,,,,,,,,,
7b231c90-c1f6-404f-a7a3-a66acc86f01c,,,,,,,,,,,,,,,,,,,,,,,,,,,,,,,,,,,,,,,
7b23bf54-9956-4b09-b0c8-059ebea24e18,,,,,,,,,,,,,,,,,,,,,,,,,,,,,,,,,,,,,,,
7b262fc1-8ee1-4b28-a362-ad6c7565f596,,,,,,,,,,,,,,,,,,,,,,,,,,,,,,,,,,,,,,,
7b2c4505-1668-492f-83d8-ebb705c5ce70,,,,,,,,,,,,,,,,,,,,,,,,,,,,,,,,,,,,,,,
7b3a1bc7-aac6-48ee-9554-874f1986e0d1,,,,,,,,,,,,,,,,,,,,,,,,,,,,,,,,,,,,,,,
7b3b74c5-001d-41a4-832a-fd5049845e2a,,,,,,,,,,,,,,,,,,,,,,,,,,,,,,,,,,,,,,,
7b47c9df-bd18-46eb-9771-d89074b4d83c,,,,,,,,,,,,,,,,,,,,,,,,,,,,,,,,,,,,,,,
7b55619c-b200-40be-9d49-84961e94e914,,,,,,,,,,,,,,,,,,,,,,,,,,,,,,,,,,,,,,,
7b5899fc-865e-453b-92a8-9a55dfaa8b26,,,,,,,,,,,,,,,,,,,,,,,,,,,,,,,,,,,,,,,
7b5a23d1-6fae-4ccc-a20b-a2241ba26983,,,,,,,,,,,,,,,,,,,,,,,,,,,,,,,,,,,,,,,
7b6080a2-9cfe-4c08-a661-5b62a3c8d1de,,,,,,,,,,,,,,,,,,,,,,,,,,,,,,,,,,,,,,,
7b6623ca-09a8-4c36-824f-4dbdf9d9d0d7,,,,,,,,,,,,,,,,,,,,,,,,,,,,,,,,,,,,,,,
7b7010a4-1980-492c-a577-f639a3b7ccef,,,,,,,,,,,,,,,,,,,,,,,,,,,,,,,,,,,,,,,
7b74159d-7efa-4941-ad30-3d26da20a52f,,,,,,,,,,,,,,,,,,,,,,,,,,,,,,,,,,,,,,,
7b7bc3d8-a8e3-4d60-b4c7-f953668d6ad1,,,,,,,,,,,,,,,,,,,,,,,,,,,,,,,,,,,,,,,
7b7d5a55-3504-436e-a120-746fa67eda17,,,,,,,,,,,,,,,,,,,,,,,,,,,,,,,,,,,,,,,
7b9badd5-adc9-4a4f-a86b-085d4f1b3c54,,,,,,,,,,,,,,,,,,,,,,,,,,,,,,,,,,,,,,,
7ba339a2-af0e-459d-9419-f2463488fd96,,,,,,,,,,,,,,,,,,,,,,,,,,,,,,,,,,,,,,,
7ba95e76-7cb2-436b-9d4d-7796965cde69,,,,,,,,,,,,,,,,,,,,,,,,,,,,,,,,,,,,,,,
7ba9875d-e253-4751-a697-4ee130242d53,,,,,,,,,,,,,,,,,,,,,,,,,,,,,,,,,,,,,,,
7bbabd3d-864c-41f5-9422-ef2fda2149d7,,,,,,,,,,,,,,,,,,,,,,,,,,,,,,,,,,,,,,,
7bc0da2c-f57a-48a7-a922-7b1760eeca6f,,,,,,,,,,,,,,,,,,,,,,,,,,,,,,,,,,,,,,,
7bc187b5-8de4-4ca4-ac0b-97713863e472,,,,,,,,,,,,,,,,,,,,,,,,,,,,,,,,,,,,,,,
7bc6523b-5fb5-48b4-ab3b-cd9cd1ae29ea,,,,,,,,,,,,,,,,,,,,,,,,,,,,,,,,,,,,,,,
7bceb1f7-1e29-45dd-8cf6-82f80a0e083e,,,,,,,,,,,,,,,,,,,,,,,,,,,,,,,,,,,,,,,
7bd109df-c927-4073-b793-773be5b93bf4,squarespace,1.0,1.0,,,,,,,,,,,,,,,,,,,,,,,,,,,,,,,,,,,,
7bd99a22-f521-4b6b-846a-363b79042799,,,,,,,,,,,,,,,,,,,,,,,,,,,,,,,,,,,,,,,
7be7eab1-e625-4e12-a76c-7d3af17e0451,,,,,,,,,,,,,,,,,,,,,,,,,,,,,,,,,,,,,,,
7bea9051-c9b9-4fc7-8eae-fb3cfbc0c99d,,,,,,,,,,,,,,,,,,,,,,,,,,,,,,,,,,,,,,,
7bf04fbb-78fa-4d1a-8709-3ae321996be0,,,,,,,,,,,,,,,,,,,,,,,,,,,,,,,,,,,,,,,
7bfda83e-dab9-41c3-94cd-1150201fb1b1,,,,,,,,,,,,,,,,,,,,,,,,,,,,,,,,,,,,,,,
7c00dc0b-0f7d-4892-8a0b-3c524f46d1a1,,,,,,,,,,,,,,,,,,,,,,,,,,,,,,,,,,,,,,,
7c04ff4a-0727-48b9-8ade-77a7e5cd1c77,,,,,,,,,,,,,,,,,,,,,,,,,,,,,,,,,,,,,,,
7c0a8c8e-cc18-4ebf-afc1-08004fb7d0fa,,,,,,,,,,,,,,,,,,,,,,,,,,,,,,,,,,,,,,,
7c0de1a0-d307-43e6-b3f0-82aedb47ec0a,,,,,,,,,,,,,,,,,,,,,,,,,,,,,,,,,,,,,,,
7c0f0918-1bf8-4f40-9011-e7d68cf70641,,,,,,,,,,,,,,,,,,,,,,,,,,,,,,,,,,,,,,,
7c10a1df-ad33-453b-9d3e-c3b36db83bd9,,,,,,,,,,,,,,,,,,,,,,,,,,,,,,,,,,,,,,,
7c1394d8-0f42-4c46-baf5-ed57f6d2206c,cloudflare,1.0,1.0,,,,,,,,,,,,,,,,,,,,,,,,,,,,,,,,,,,,
7c139780-d2b3-41db-9bc2-9479712dc280,,,,,,,,,,,,,,,,,,,,,,,,,,,,,,,,,,,,,,,
7c1522f1-99b0-458d-aa16-c6d1ba41e372,,,,,,,,,,,,,,,,,,,,,,,,,,,,,,,,,,,,,,,
7c19c588-e366-433a-b547-fd8971779af4,,,,,,,,,,,,,,,,,,,,,,,,,,,,,,,,,,,,,,,
7c1aa321-5d64-4541-b31c-d57a8e3880d7,,,,,,,,,,,,,,,,,,,,,,,,,,,,,,,,,,,,,,,
7c1c4541-167e-4a5d-b17c-0ba2552f9741,,,,,,,,,,,,,,,,,,,,,,,,,,,,,,,,,,,,,,,
7c219ec3-ea09-46c1-91f9-021d7a1e95f8,,,,,,,,,,,,,,,,,,,,,,,,,,,,,,,,,,,,,,,
7c2458d1-957b-4383-b3f9-3a899a3f0170,,,,,,,,,,,,,,,,,,,,,,,,,,,,,,,,,,,,,,,
7c3178e0-7ae8-4b9a-938b-82669a28d195,,,,,,,,,,,,,,,,,,,,,,,,,,,,,,,,,,,,,,,
7c366c4e-7ac9-400b-856d-84045f45aace,,,,,,,,,,,,,,,,,,,,,,,,,,,,,,,,,,,,,,,
7c3f8787-d77d-491e-aa42-2d0fd936c2a4,,,,,,,,,,,,,,,,,,,,,,,,,,,,,,,,,,,,,,,
7c4de41d-85a5-4688-beb8-e5ae36968dea,,,,,,,,,,,,,,,,,,,,,,,,,,,,,,,,,,,,,,,
7c4fe3e5-0fae-4950-8b0c-86428042b343,,,,,,,,,,,,,,,,,,,,,,,,,,,,,,,,,,,,,,,
7c54a8c0-015d-4bc7-bcb3-e852a6a0c75d,,,,,,,,,,,,,,,,,,,,,,,,,,,,,,,,,,,,,,,
7c5925a6-1ab9-44b0-b13b-1f6fcef6786b,,,,,,,,,,,,,,,,,,,,,,,,,,,,,,,,,,,,,,,
7c6401b6-db9d-4841-8531-8e40a2c96451,,,,,,,,,,,,,,,,,,,,,,,,,,,,,,,,,,,,,,,
7c678e6b-715b-4e50-92f1-0064604969da,,,,,,,,,,,,,,,,,,,,,,,,,,,,,,,,,,,,,,,
7c7ecca8-173d-4445-a5e4-338711407164,,,,,,,,,,,,,,,,,,,,,,,,,,,,,,,,,,,,,,,
7c882f59-8c66-4bb1-a3de-44fd02e58dd5,,,,,,,,,,,,,,,,,,,,,,,,,,,,,,,,,,,,,,,
7c8af9a1-f836-4df4-b04e-a3cc77fa4f1c,microsoft,1.0,1.0,,,,,,,,,,,,,,,,,,,,,,,,,,,,,,,,,,,,
7c949d5d-9ea3-4006-9553-f6651ee8e7c8,,,,,,,,,,,,,,,,,,,,,,,,,,,,,,,,,,,,,,,
7c9974e8-5436-4192-8c7c-b5aebf0f3e05,,,,,,,,,,,,,,,,,,,,,,,,,,,,,,,,,,,,,,,
7c99e39a-d249-45c4-b0d7-9734e2f7d468,,,,,,,,,,,,,,,,,,,,,,,,,,,,,,,,,,,,,,,
7ca6a8ce-2096-4cc0-a146-a31badf89fde,,,,,,,,,,,,,,,,,,,,,,,,,,,,,,,,,,,,,,,
7cab4e41-3995-4497-a758-41ba6877b7cf,,,,,,,,,,,,,,,,,,,,,,,,,,,,,,,,,,,,,,,
7cb0f088-e7e1-475c-a0f9-3b81fc6ca83b,,,,,,,,,,,,,,,,,,,,,,,,,,,,,,,,,,,,,,,
7cb22b29-094d-48c9-a532-34862602ec12,,,,,,,,,,,,,,,,,,,,,,,,,,,,,,,,,,,,,,,
7cc16cb4-a7ef-43a5-ba64-b6f8e0009b90,,,,,,,,,,,,,,,,,,,,,,,,,,,,,,,,,,,,,,,
7cd4d267-7967-4f9f-a899-8f4cfb5b1706,,,,,,,,,,,,,,,,,,,,,,,,,,,,,,,,,,,,,,,
7cd80514-e024-4e60-98e8-3f749a13198d,,,,,,,,,,,,,,,,,,,,,,,,,,,,,,,,,,,,,,,
7ce2d568-f2fc-4f1b-bad1-67090920f9bc,,,,,,,,,,,,,,,,,,,,,,,,,,,,,,,,,,,,,,,
7ce43390-b998-4826-bbcc-18c407095221,,,,,,,,,,,,,,,,,,,,,,,,,,,,,,,,,,,,,,,
7ce61d23-af24-462d-a8e9-f64baf88a9a6,,,,,,,,,,,,,,,,,,,,,,,,,,,,,,,,,,,,,,,
7ce92569-9e5f-4ad3-ba88-42f5f86916fe,,,,,,,,,,,,,,,,,,,,,,,,,,,,,,,,,,,,,,,
7cecc99e-5c24-4bfd-8a7a-d59ca4f92676,,,,,,,,,,,,,,,,,,,,,,,,,,,,,,,,,,,,,,,
7ced6888-271b-4089-944b-5c78e65e3c5f,taboola,1.0,1.0,,,,,,,,,,,,,,,,,,,,,,,,,,,,,,,,,,,,
7cee9a36-83a0-420b-935f-1ea976e77357,trackjs,1.0,1.0,,,,,,,,,,,,,,,,,,,,,,,,,,,,,,,,,,,,
7cfb37dd-f65b-42fc-9e14-fb4244ed0fe2,,,,,,,,,,,,,,,,,,,,,,,,,,,,,,,,,,,,,,,
7cfbcc0a-e056-4fd1-b3a4-7aeca7fc219b,,,,,,,,,,,,,,,,,,,,,,,,,,,,,,,,,,,,,,,
7cfee337-ead4-4c07-8d4d-0d0f0fc73cab,,,,,,,,,,,,,,,,,,,,,,,,,,,,,,,,,,,,,,,
7d067e38-ebf5-424a-962d-92afca95d4be,,,,,,,,,,,,,,,,,,,,,,,,,,,,,,,,,,,,,,,
7d087317-51d5-4621-b48c-3e19a4cbea37,,,,,,,,,,,,,,,,,,,,,,,,,,,,,,,,,,,,,,,
7d12fe40-e734-4e65-9c7d-66aa0581803b,,,,,,,,,,,,,,,,,,,,,,,,,,,,,,,,,,,,,,,
7d194932-643f-42c5-bf58-2cbe18b1c235,,,,,,,,,,,,,,,,,,,,,,,,,,,,,,,,,,,,,,,
7d274b49-a1bb-49c6-bb26-189539afee2b,,,,,,,,,,,,,,,,,,,,,,,,,,,,,,,,,,,,,,,
7d2bbc79-7e1f-4530-8bdb-dd4cb1e2e26a,,,,,,,,,,,,,,,,,,,,,,,,,,,,,,,,,,,,,,,
7d2ed9d3-4153-4b2e-97fb-d191975fbb17,,,,,,,,,,,,,,,,,,,,,,,,,,,,,,,,,,,,,,,
7d346f61-e84e-474f-86dd-ba660c8526e6,,,,,,,,,,,,,,,,,,,,,,,,,,,,,,,,,,,,,,,
7d39cb9a-c42a-4992-aa33-b791830489da,,,,,,,,,,,,,,,,,,,,,,,,,,,,,,,,,,,,,,,
7d3cdcea-7f02-4ae2-910e-c957e3dafa8a,,,,,,,,,,,,,,,,,,,,,,,,,,,,,,,,,,,,,,,
7d41c83a-1304-425c-937e-22740b04e4b6,,,,,,,,,,,,,,,,,,,,,,,,,,,,,,,,,,,,,,,
7d421623-c477-4e97-8a1b-3803422a16e4,outbrain,1.0,1.0,,,,,,,,,,,,,,,,,,,,,,,,,,,,,,,,,,,,
7d447e44-9222-4d20-be80-b56fac45462b,,,,,,,,,,,,,,,,,,,,,,,,,,,,,,,,,,,,,,,
7d54f1e8-338d-49a4-9350-92a93591bef1,,,,,,,,,,,,,,,,,,,,,,,,,,,,,,,,,,,,,,,
7d6491e3-8033-494a-94c7-646d4137fda7,,,,,,,,,,,,,,,,,,,,,,,,,,,,,,,,,,,,,,,
7d67cc3d-6fbf-441c-8bb2-5eebb736689f,,,,,,,,,,,,,,,,,,,,,,,,,,,,,,,,,,,,,,,
7d6f4278-ab0a-447c-b7a4-72115e1f66fd,,,,,,,,,,,,,,,,,,,,,,,,,,,,,,,,,,,,,,,
7d73f9c1-9261-4d2c-acbc-818a70cad849,,,,,,,,,,,,,,,,,,,,,,,,,,,,,,,,,,,,,,,
7d77e877-4e19-45f3-80be-27891836be61,,,,,,,,,,,,,,,,,,,,,,,,,,,,,,,,,,,,,,,
7d7a0ffe-759e-4fb4-b7fe-50809e14b678,,,,,,,,,,,,,,,,,,,,,,,,,,,,,,,,,,,,,,,
7d7d9440-971f-47cd-bfd0-312aafb6d7f0,qualtrics,1.0,1.0,,,,,,,,,,,,,,,,,,,,,,,,,,,,,,,,,,,,
7d7f4994-725c-4f12-9008-61c99a03bcb7,,,,,,,,,,,,,,,,,,,,,,,,,,,,,,,,,,,,,,,
7d8975b5-417a-4440-9396-a474c59f9451,,,,,,,,,,,,,,,,,,,,,,,,,,,,,,,,,,,,,,,
7d8b8934-504d-4d48-8d6a-a70ba4dc4a17,,,,,,,,,,,,,,,,,,,,,,,,,,,,,,,,,,,,,,,
7d913c9a-cb2a-4a2f-ad5e-b2ca786b97ad,,,,,,,,,,,,,,,,,,,,,,,,,,,,,,,,,,,,,,,
7d9c7c74-9151-4cf0-82f0-d42e3f22b705,,,,,,,,,,,,,,,,,,,,,,,,,,,,,,,,,,,,,,,
7d9d8965-41be-4047-a7c1-a37f7618fe51,,,,,,,,,,,,,,,,,,,,,,,,,,,,,,,,,,,,,,,
7da73fba-6327-4f7e-8795-fc0380611b2d,,,,,,,,,,,,,,,,,,,,,,,,,,,,,,,,,,,,,,,
7da7a171-8399-4680-94f0-19615d4b4504,,,,,,,,,,,,,,,,,,,,,,,,,,,,,,,,,,,,,,,
7daa6a6c-fc1c-473f-9668-d49c3a38a4a5,,,,,,,,,,,,,,,,,,,,,,,,,,,,,,,,,,,,,,,
7dab9320-c928-453e-84c8-670ff0c88baf,,,,,,,,,,,,,,,,,,,,,,,,,,,,,,,,,,,,,,,
7dced16f-15eb-421a-a976-f753f64646d3,,,,,,,,,,,,,,,,,,,,,,,,,,,,,,,,,,,,,,,
7de02bb8-12f6-461e-a581-4b0fe4330be1,,,,,,,,,,,,,,,,,,,,,,,,,,,,,,,,,,,,,,,
7dee9fa3-bc5b-4e70-bcdf-58d3ff12257d,,,,,,,,,,,,,,,,,,,,,,,,,,,,,,,,,,,,,,,
7def7497-b405-47d2-9463-d43d1d8ea14d,wp_engine,1.0,1.0,,,,,,,,,,,,,,,,,,,,,,,,,,,,,,,,,,,,
7deffbca-dcd0-4302-a524-16d40c4ed953,,,,,,,,,,,,,,,,,,,,,,,,,,,,,,,,,,,,,,,
7df27612-30de-497a-986e-be1c951b39ca,,,,,,,,,,,,,,,,,,,,,,,,,,,,,,,,,,,,,,,
7df49783-c9e7-405e-8260-38e27d6e6773,,,,,,,,,,,,,,,,,,,,,,,,,,,,,,,,,,,,,,,
7e01fb1d-7f86-43cf-95a8-2bdf5279e3f1,,,,,,,,,,,,,,,,,,,,,,,,,,,,,,,,,,,,,,,
7e022a03-ed03-437e-bb95-58e7f0ac80c0,,,,,,,,,,,,,,,,,,,,,,,,,,,,,,,,,,,,,,,
7e0db952-a282-46e1-8dc2-9e46f6789715,adjust,1.0,1.0,,,,,,,,,,,,,,,,,,,,,,,,,,,,,,,,,,,,
7e1114d0-442a-4464-8683-67d01955d10c,,,,,,,,,,,,,,,,,,,,,,,,,,,,,,,,,,,,,,,
7e11bcb3-7295-4488-96b6-39360645b500,,,,,,,,,,,,,,,,,,,,,,,,,,,,,,,,,,,,,,,
7e1c2cfb-0257-4482-9788-544e1cf73fb1,,,,,,,,,,,,,,,,,,,,,,,,,,,,,,,,,,,,,,,
7e1cb165-8d7d-41c3-8ed0-e99e2952ee1c,,,,,,,,,,,,,,,,,,,,,,,,,,,,,,,,,,,,,,,
7e1cd965-5d69-4331-bc40-888618fa611d,,,,,,,,,,,,,,,,,,,,,,,,,,,,,,,,,,,,,,,
7e222cd4-ee96-4047-b5bb-d5c8b48b7714,,,,,,,,,,,,,,,,,,,,,,,,,,,,,,,,,,,,,,,
7e22d9f4-1c4f-42e0-9574-503f95f27a71,,,,,,,,,,,,,,,,,,,,,,,,,,,,,,,,,,,,,,,
7e2372e0-46a3-4e1a-bfa3-18d8bf9f8f5a,,,,,,,,,,,,,,,,,,,,,,,,,,,,,,,,,,,,,,,
7e244d3b-2536-496f-805a-a15077065703,,,,,,,,,,,,,,,,,,,,,,,,,,,,,,,,,,,,,,,
7e2641dc-b7f5-4468-b1b0-de2d1794df7c,,,,,,,,,,,,,,,,,,,,,,,,,,,,,,,,,,,,,,,
7e2a0b6f-4bb4-4aca-a2db-e21abafc2699,,,,,,,,,,,,,,,,,,,,,,,,,,,,,,,,,,,,,,,
7e42811c-54b6-4b66-a380-50cc057ae778,,,,,,,,,,,,,,,,,,,,,,,,,,,,,,,,,,,,,,,
7e43a1ce-7ed6-4798-9264-98d6d68c9d8d,,,,,,,,,,,,,,,,,,,,,,,,,,,,,,,,,,,,,,,
7e4d6b22-2cd1-4f54-b8a3-7937cf969d8f,,,,,,,,,,,,,,,,,,,,,,,,,,,,,,,,,,,,,,,
7e52c08a-cbdd-45ab-87e7-1fb33c017612,,,,,,,,,,,,,,,,,,,,,,,,,,,,,,,,,,,,,,,
7e579501-0450-409d-9f7a-f7c83c160d74,,,,,,,,,,,,,,,,,,,,,,,,,,,,,,,,,,,,,,,
7e656393-3417-4dd8-894b-e5e17a472b10,,,,,,,,,,,,,,,,,,,,,,,,,,,,,,,,,,,,,,,
7e65d605-c7cd-4328-baca-1ee747a7a0d5,,,,,,,,,,,,,,,,,,,,,,,,,,,,,,,,,,,,,,,
7e668c24-718f-40a1-956e-7a33949b8df0,,,,,,,,,,,,,,,,,,,,,,,,,,,,,,,,,,,,,,,
7e69663c-1542-40a1-992f-4252eb19e21d,seedtag,1.0,0.5,hubspot,1.0,0.5,,,,,,,,,,,,,,,,,,,,,,,,,,,,,,,,,
7e6b0aed-0558-4f46-926c-98da0f782316,,,,,,,,,,,,,,,,,,,,,,,,,,,,,,,,,,,,,,,
7e6d8399-02c5-4eb6-9293-40a2ad2c2b81,,,,,,,,,,,,,,,,,,,,,,,,,,,,,,,,,,,,,,,
7e6ede16-423e-4b87-aa76-862db836df9c,,,,,,,,,,,,,,,,,,,,,,,,,,,,,,,,,,,,,,,
7e7e912d-984a-4def-a6b8-e5502ac2a42b,,,,,,,,,,,,,,,,,,,,,,,,,,,,,,,,,,,,,,,
7e8bab3c-19a3-4bf5-bbc3-9e61a5b1c2bc,,,,,,,,,,,,,,,,,,,,,,,,,,,,,,,,,,,,,,,
7e8f2822-ad47-41f2-9525-5071519a567c,,,,,,,,,,,,,,,,,,,,,,,,,,,,,,,,,,,,,,,
7e96ff91-a424-449a-8e28-b5df869445d6,mntn,1.0,1.0,,,,,,,,,,,,,,,,,,,,,,,,,,,,,,,,,,,,
7e989457-da67-466f-a4ae-878bd0dd918a,,,,,,,,,,,,,,,,,,,,,,,,,,,,,,,,,,,,,,,
7e9f81f9-29fb-4c24-9223-e8f8995628c6,,,,,,,,,,,,,,,,,,,,,,,,,,,,,,,,,,,,,,,
7ea04925-6035-4883-994a-147db936c334,,,,,,,,,,,,,,,,,,,,,,,,,,,,,,,,,,,,,,,
7ea28897-c346-4894-9286-1976dcd06556,,,,,,,,,,,,,,,,,,,,,,,,,,,,,,,,,,,,,,,
7ea65601-9c71-4e78-8ef3-b5b3dae4e09e,,,,,,,,,,,,,,,,,,,,,,,,,,,,,,,,,,,,,,,
7ec2cd04-52a6-4f23-a619-1b8a633d07c7,,,,,,,,,,,,,,,,,,,,,,,,,,,,,,,,,,,,,,,
7ec77c75-3436-4da2-9848-5261a6ee8795,,,,,,,,,,,,,,,,,,,,,,,,,,,,,,,,,,,,,,,
7ec87912-bd22-4d36-9c14-f49111347299,,,,,,,,,,,,,,,,,,,,,,,,,,,,,,,,,,,,,,,
7ed39f1e-eade-457b-9e18-2866fb3a184a,,,,,,,,,,,,,,,,,,,,,,,,,,,,,,,,,,,,,,,
7ed75d03-a194-4332-b171-995dd7643100,,,,,,,,,,,,,,,,,,,,,,,,,,,,,,,,,,,,,,,
7ee9825e-9ed5-42c3-afa1-a37965936766,,,,,,,,,,,,,,,,,,,,,,,,,,,,,,,,,,,,,,,
7ef53b3f-db66-4bdf-a550-e537d31ccffc,,,,,,,,,,,,,,,,,,,,,,,,,,,,,,,,,,,,,,,
7ef5f25b-20cc-48da-8c8b-e86f001f1f31,,,,,,,,,,,,,,,,,,,,,,,,,,,,,,,,,,,,,,,
7efabdfa-f74a-45b4-8795-2e17d3238065,,,,,,,,,,,,,,,,,,,,,,,,,,,,,,,,,,,,,,,
7efccdeb-01d0-40b9-8d75-f2543540331a,,,,,,,,,,,,,,,,,,,,,,,,,,,,,,,,,,,,,,,
7efce004-38c6-4681-82e8-a83ff6c30545,,,,,,,,,,,,,,,,,,,,,,,,,,,,,,,,,,,,,,,
7f00a1e6-42c6-4a8e-8938-70dac006f860,,,,,,,,,,,,,,,,,,,,,,,,,,,,,,,,,,,,,,,
7f0118f7-c398-4ff3-9c2e-7e70e7366a99,,,,,,,,,,,,,,,,,,,,,,,,,,,,,,,,,,,,,,,
7f053993-34f1-463d-bf3d-ffd7d89d9cc1,,,,,,,,,,,,,,,,,,,,,,,,,,,,,,,,,,,,,,,
7f11cd0e-6417-445f-aa5a-4a4455755f44,,,,,,,,,,,,,,,,,,,,,,,,,,,,,,,,,,,,,,,
7f183c1d-7800-4098-950b-507ce8d057e8,,,,,,,,,,,,,,,,,,,,,,,,,,,,,,,,,,,,,,,
7f204598-57d8-4a98-a71b-b0e0dc462cb0,,,,,,,,,,,,,,,,,,,,,,,,,,,,,,,,,,,,,,,
7f24033c-87cd-45a6-a331-eb822495ca98,,,,,,,,,,,,,,,,,,,,,,,,,,,,,,,,,,,,,,,
7f241281-2540-4e44-ab08-f310805aea59,,,,,,,,,,,,,,,,,,,,,,,,,,,,,,,,,,,,,,,
7f2e680e-efb5-4dbf-9b84-bf9b5eb07b69,,,,,,,,,,,,,,,,,,,,,,,,,,,,,,,,,,,,,,,
7f309598-fa9f-44a5-a4cb-661e4e478e55,,,,,,,,,,,,,,,,,,,,,,,,,,,,,,,,,,,,,,,
7f34f1f8-23b9-4357-a7ce-329a74f4234d,,,,,,,,,,,,,,,,,,,,,,,,,,,,,,,,,,,,,,,
7f38c094-b219-4cce-a8d6-a29a07c2eb56,,,,,,,,,,,,,,,,,,,,,,,,,,,,,,,,,,,,,,,
7f38c510-611b-46c0-9702-7ceb65eb64a1,,,,,,,,,,,,,,,,,,,,,,,,,,,,,,,,,,,,,,,
7f395d15-dbb4-4660-b644-2ceb7ad8a7c9,,,,,,,,,,,,,,,,,,,,,,,,,,,,,,,,,,,,,,,
7f3ac2ec-0f31-4ccb-96fc-a72630ddf26a,,,,,,,,,,,,,,,,,,,,,,,,,,,,,,,,,,,,,,,
7f3de6f5-9141-479f-ba7a-825592497f6e,,,,,,,,,,,,,,,,,,,,,,,,,,,,,,,,,,,,,,,
7f45bafe-3bd2-4de1-a2d0-8eee9b4dc0bd,,,,,,,,,,,,,,,,,,,,,,,,,,,,,,,,,,,,,,,
7f4f5e5f-a688-4ac5-bc0d-f35617db2aaa,,,,,,,,,,,,,,,,,,,,,,,,,,,,,,,,,,,,,,,
7f54b103-de5d-49e8-a024-1c671be058f1,,,,,,,,,,,,,,,,,,,,,,,,,,,,,,,,,,,,,,,
7f561120-9c2c-498e-b48a-ecefb0414a73,,,,,,,,,,,,,,,,,,,,,,,,,,,,,,,,,,,,,,,
7f562a47-f776-46c3-9dfe-636561fad4ad,squarespace,1.0,1.0,,,,,,,,,,,,,,,,,,,,,,,,,,,,,,,,,,,,
7f594c7a-43dd-4dde-b929-2ffed3ce6770,,,,,,,,,,,,,,,,,,,,,,,,,,,,,,,,,,,,,,,
7f64a380-8115-40f9-a0ce-aba7a6227b63,,,,,,,,,,,,,,,,,,,,,,,,,,,,,,,,,,,,,,,
7f66c991-bed3-4421-9abe-3bf81c30a47e,,,,,,,,,,,,,,,,,,,,,,,,,,,,,,,,,,,,,,,
7f6759fd-2bb1-421a-b83d-de0a0b90c656,,,,,,,,,,,,,,,,,,,,,,,,,,,,,,,,,,,,,,,
7f6981bc-c391-44af-8121-835e1590d8ec,,,,,,,,,,,,,,,,,,,,,,,,,,,,,,,,,,,,,,,
7f71a700-bfcd-4ec3-9740-3af8126beaa1,,,,,,,,,,,,,,,,,,,,,,,,,,,,,,,,,,,,,,,
7f78381a-5e57-4392-86ed-ca13789ef745,,,,,,,,,,,,,,,,,,,,,,,,,,,,,,,,,,,,,,,
7f825dd6-841e-425b-929d-e6aa6ad0d698,,,,,,,,,,,,,,,,,,,,,,,,,,,,,,,,,,,,,,,
7f848053-c76e-4caf-ab2d-a8b39ff2672a,,,,,,,,,,,,,,,,,,,,,,,,,,,,,,,,,,,,,,,
7f8c3499-72f2-430c-ac4d-71ddaf9b94be,,,,,,,,,,,,,,,,,,,,,,,,,,,,,,,,,,,,,,,
7f9155bf-8f35-4094-98cf-42132f1bcf81,wp,1.0,1.0,,,,,,,,,,,,,,,,,,,,,,,,,,,,,,,,,,,,
7f919ef1-97ec-4d36-bb69-188d2a4c0de0,,,,,,,,,,,,,,,,,,,,,,,,,,,,,,,,,,,,,,,
7f9b5921-46ef-42a1-b180-3ca5373dde11,,,,,,,,,,,,,,,,,,,,,,,,,,,,,,,,,,,,,,,
7fa01c4b-8c4b-41fa-90dd-b227794b582b,,,,,,,,,,,,,,,,,,,,,,,,,,,,,,,,,,,,,,,
7fa675b4-d7aa-48cf-bfb1-2a019281b616,,,,,,,,,,,,,,,,,,,,,,,,,,,,,,,,,,,,,,,
7fa72cc8-dd6c-46b2-8aed-301150c19b77,,,,,,,,,,,,,,,,,,,,,,,,,,,,,,,,,,,,,,,
7faa777f-46ab-4c93-a6cf-a5764055d310,,,,,,,,,,,,,,,,,,,,,,,,,,,,,,,,,,,,,,,
7fb67baf-8270-4f17-a0fb-7ef21b2f1a71,,,,,,,,,,,,,,,,,,,,,,,,,,,,,,,,,,,,,,,
7fc8fc33-405f-41a6-9cee-0ecb5449eb2b,,,,,,,,,,,,,,,,,,,,,,,,,,,,,,,,,,,,,,,
7fd882c9-38be-45ba-b640-6c9bf205dd4d,,,,,,,,,,,,,,,,,,,,,,,,,,,,,,,,,,,,,,,
7fde2753-3e24-460d-a425-59d7768a3c89,,,,,,,,,,,,,,,,,,,,,,,,,,,,,,,,,,,,,,,
7fe0887e-4539-45d3-a59a-de4f16d68024,,,,,,,,,,,,,,,,,,,,,,,,,,,,,,,,,,,,,,,
7fe1199c-2d1c-400d-8e3a-ca4230a2966b,,,,,,,,,,,,,,,,,,,,,,,,,,,,,,,,,,,,,,,
7fe82100-361c-44ff-8c7c-664255003db9,,,,,,,,,,,,,,,,,,,,,,,,,,,,,,,,,,,,,,,
7fe9cc0a-f744-43c0-a9c8-4e0a19f94916,,,,,,,,,,,,,,,,,,,,,,,,,,,,,,,,,,,,,,,
7febb7e2-1188-46a1-bfe7-d72c38473027,,,,,,,,,,,,,,,,,,,,,,,,,,,,,,,,,,,,,,,
7ff675fc-9da1-4912-aa72-b914795b9d82,,,,,,,,,,,,,,,,,,,,,,,,,,,,,,,,,,,,,,,
8005e3d2-89ae-49d4-b864-c83e658b3ae6,,,,,,,,,,,,,,,,,,,,,,,,,,,,,,,,,,,,,,,
800820a5-f3c0-419b-b47d-a95c0c5d98fd,,,,,,,,,,,,,,,,,,,,,,,,,,,,,,,,,,,,,,,
8032fbd3-55d0-48ba-8af8-115ff89972c8,,,,,,,,,,,,,,,,,,,,,,,,,,,,,,,,,,,,,,,
80342887-c372-41ad-99fb-18ea91ef46ae,,,,,,,,,,,,,,,,,,,,,,,,,,,,,,,,,,,,,,,
803706e4-20ae-425f-a7fb-d89877ea96a4,,,,,,,,,,,,,,,,,,,,,,,,,,,,,,,,,,,,,,,
803b2ff8-7f40-4411-b279-5c21f58833c1,,,,,,,,,,,,,,,,,,,,,,,,,,,,,,,,,,,,,,,
803f9813-3a9e-4375-90be-c350d55fbeb0,,,,,,,,,,,,,,,,,,,,,,,,,,,,,,,,,,,,,,,
8040cde4-7d7d-47ba-aecd-fd5767f2d466,,,,,,,,,,,,,,,,,,,,,,,,,,,,,,,,,,,,,,,
804a7c96-9c40-4c7e-9976-243cbf6aa053,,,,,,,,,,,,,,,,,,,,,,,,,,,,,,,,,,,,,,,
80518bae-379a-4cef-a34c-c9d5229ad9f2,,,,,,,,,,,,,,,,,,,,,,,,,,,,,,,,,,,,,,,
8058f2ca-3c01-4992-995a-44b7a0c1ad85,,,,,,,,,,,,,,,,,,,,,,,,,,,,,,,,,,,,,,,
805cc910-1485-43ec-a0cf-106273241386,,,,,,,,,,,,,,,,,,,,,,,,,,,,,,,,,,,,,,,
806015cf-1c8b-4fd5-a21e-19e6c61f655c,,,,,,,,,,,,,,,,,,,,,,,,,,,,,,,,,,,,,,,
806856fc-2674-46ae-9252-2611a8457a69,,,,,,,,,,,,,,,,,,,,,,,,,,,,,,,,,,,,,,,
806d657a-e473-46fa-ac92-ee719bdb608b,,,,,,,,,,,,,,,,,,,,,,,,,,,,,,,,,,,,,,,
8072b123-a4b6-4bc6-8d79-b7acd606ad25,,,,,,,,,,,,,,,,,,,,,,,,,,,,,,,,,,,,,,,
807badbe-b325-4e5c-b1c3-e56df7fd0665,,,,,,,,,,,,,,,,,,,,,,,,,,,,,,,,,,,,,,,
80830ea2-353f-489b-b2e0-8af05ecf3945,,,,,,,,,,,,,,,,,,,,,,,,,,,,,,,,,,,,,,,
808893ca-1085-4480-9f98-0c3eac3f01bd,,,,,,,,,,,,,,,,,,,,,,,,,,,,,,,,,,,,,,,
80966385-1693-4fd5-80b7-63f423a51ae4,,,,,,,,,,,,,,,,,,,,,,,,,,,,,,,,,,,,,,,
8097ead0-5ac8-4ec1-8933-109e0c9679e4,,,,,,,,,,,,,,,,,,,,,,,,,,,,,,,,,,,,,,,
8099c14a-a67b-460f-977f-1e2400ee797e,,,,,,,,,,,,,,,,,,,,,,,,,,,,,,,,,,,,,,,
80a18a4e-71e1-42b3-85cb-b7b1e45bea2d,,,,,,,,,,,,,,,,,,,,,,,,,,,,,,,,,,,,,,,
80a210a9-a47a-4cd5-9932-054ec7f6d0ce,,,,,,,,,,,,,,,,,,,,,,,,,,,,,,,,,,,,,,,
80b38a38-861f-465f-83b8-f2b9d55bf5e8,,,,,,,,,,,,,,,,,,,,,,,,,,,,,,,,,,,,,,,
80bd7c50-3010-4c6c-9809-4b70c7e9ee04,,,,,,,,,,,,,,,,,,,,,,,,,,,,,,,,,,,,,,,
80d45b76-5525-4fe9-b418-efd75cf58621,,,,,,,,,,,,,,,,,,,,,,,,,,,,,,,,,,,,,,,
80d493af-ed28-4865-816f-464a65230377,,,,,,,,,,,,,,,,,,,,,,,,,,,,,,,,,,,,,,,
80d524f9-ca73-441c-bd84-4306ec27f11b,,,,,,,,,,,,,,,,,,,,,,,,,,,,,,,,,,,,,,,
80d6a409-ebf3-4dc6-b9ba-d36f73480d91,,,,,,,,,,,,,,,,,,,,,,,,,,,,,,,,,,,,,,,
80d6b8e0-3762-4314-ae55-3a8579b2e079,,,,,,,,,,,,,,,,,,,,,,,,,,,,,,,,,,,,,,,
80d6c6d6-e765-4242-a415-a017ed931b49,,,,,,,,,,,,,,,,,,,,,,,,,,,,,,,,,,,,,,,
80e4c0e7-d613-44c5-9144-f3b6bf8a4c66,,,,,,,,,,,,,,,,,,,,,,,,,,,,,,,,,,,,,,,
80e8cdb0-062d-457a-9a1c-a3493d58ea61,,,,,,,,,,,,,,,,,,,,,,,,,,,,,,,,,,,,,,,
80ea7597-a644-49cb-88a3-aa4a9c1c6e90,,,,,,,,,,,,,,,,,,,,,,,,,,,,,,,,,,,,,,,
80ebd31a-99fe-4316-aeaf-9aff32c68c68,squarespace,1.0,1.0,,,,,,,,,,,,,,,,,,,,,,,,,,,,,,,,,,,,
80f084fc-cc4f-415d-b607-a1902423ec2f,,,,,,,,,,,,,,,,,,,,,,,,,,,,,,,,,,,,,,,
80f8fb13-35ef-42ec-882e-a3d26d4961e8,,,,,,,,,,,,,,,,,,,,,,,,,,,,,,,,,,,,,,,
80f94534-787b-4464-bde2-dc98ca6cbd63,,,,,,,,,,,,,,,,,,,,,,,,,,,,,,,,,,,,,,,
80fbb383-0b77-44ea-90a3-fff305d64088,,,,,,,,,,,,,,,,,,,,,,,,,,,,,,,,,,,,,,,
80ff6916-4233-448e-ae54-a0acbcde89c9,,,,,,,,,,,,,,,,,,,,,,,,,,,,,,,,,,,,,,,
81002d5a-67e1-4bf9-9386-89eec8d4f450,,,,,,,,,,,,,,,,,,,,,,,,,,,,,,,,,,,,,,,
810665a1-57d8-46c7-b591-b9f8824f1576,,,,,,,,,,,,,,,,,,,,,,,,,,,,,,,,,,,,,,,
81079a04-95bd-4daa-8e71-eac362664aea,,,,,,,,,,,,,,,,,,,,,,,,,,,,,,,,,,,,,,,
810a3955-30fc-49aa-9a53-4483dc987466,,,,,,,,,,,,,,,,,,,,,,,,,,,,,,,,,,,,,,,
810c0dab-fe9e-491a-95b4-3f0aa0d7570c,,,,,,,,,,,,,,,,,,,,,,,,,,,,,,,,,,,,,,,
8115df1f-4870-4391-af8f-2a912f062e34,,,,,,,,,,,,,,,,,,,,,,,,,,,,,,,,,,,,,,,
8116cb20-d55f-47a1-83e4-2fef7e8fd326,,,,,,,,,,,,,,,,,,,,,,,,,,,,,,,,,,,,,,,
81175c67-909a-4d9d-ab65-b0f1ea8d45eb,,,,,,,,,,,,,,,,,,,,,,,,,,,,,,,,,,,,,,,
811b614d-00c8-4318-994c-97b56a454266,line,1.0,1.0,,,,,,,,,,,,,,,,,,,,,,,,,,,,,,,,,,,,
81204324-3519-4426-9ad1-44a207c4cdb3,baidu,1.0,1.0,,,,,,,,,,,,,,,,,,,,,,,,,,,,,,,,,,,,
8120cb07-3f21-484b-b841-2a3e26470eb6,,,,,,,,,,,,,,,,,,,,,,,,,,,,,,,,,,,,,,,
8121891a-5c08-46d9-9c30-7f9c70e63925,monster_worldwide,1.0,1.0,,,,,,,,,,,,,,,,,,,,,,,,,,,,,,,,,,,,
8128c2c0-b52e-4c3e-b610-29285a33ba8c,,,,,,,,,,,,,,,,,,,,,,,,,,,,,,,,,,,,,,,
812b0a3d-a786-41ae-8799-a53a221ab0c7,,,,,,,,,,,,,,,,,,,,,,,,,,,,,,,,,,,,,,,
812c2d86-7794-4777-9069-76177a4e1c69,,,,,,,,,,,,,,,,,,,,,,,,,,,,,,,,,,,,,,,
812e465f-e207-41f6-9a37-df39b448b899,,,,,,,,,,,,,,,,,,,,,,,,,,,,,,,,,,,,,,,
813f6818-cd19-40b4-aa01-f712bd59b843,,,,,,,,,,,,,,,,,,,,,,,,,,,,,,,,,,,,,,,
8141c0fb-02b6-4f4d-8dca-6ad6ca4df1a4,,,,,,,,,,,,,,,,,,,,,,,,,,,,,,,,,,,,,,,
8142c214-0ee4-47b7-9740-e92dcfa376ea,,,,,,,,,,,,,,,,,,,,,,,,,,,,,,,,,,,,,,,
81491d44-6dcf-4506-a4bd-72c364417e87,,,,,,,,,,,,,,,,,,,,,,,,,,,,,,,,,,,,,,,
814d3ccf-6d8a-472f-ac30-76f7d86b54d9,,,,,,,,,,,,,,,,,,,,,,,,,,,,,,,,,,,,,,,
814e4798-efcd-4fec-b8c3-4f8af8c05b8c,,,,,,,,,,,,,,,,,,,,,,,,,,,,,,,,,,,,,,,
8151491e-f5ad-4cab-a227-880e68ab2522,,,,,,,,,,,,,,,,,,,,,,,,,,,,,,,,,,,,,,,
815672af-137f-4a3a-8bba-c249745e5b54,,,,,,,,,,,,,,,,,,,,,,,,,,,,,,,,,,,,,,,
81593c36-c7ea-4429-86db-9fc24afed17a,,,,,,,,,,,,,,,,,,,,,,,,,,,,,,,,,,,,,,,
815fdf30-a5e5-4460-86d9-ce94e8dd2dce,,,,,,,,,,,,,,,,,,,,,,,,,,,,,,,,,,,,,,,
816ac0d0-5c29-4b8b-9eeb-054b9f102669,,,,,,,,,,,,,,,,,,,,,,,,,,,,,,,,,,,,,,,
816f631e-0858-42d8-9322-5ddbf6d24cbd,,,,,,,,,,,,,,,,,,,,,,,,,,,,,,,,,,,,,,,
8170686c-d195-4ec5-8942-984535399478,,,,,,,,,,,,,,,,,,,,,,,,,,,,,,,,,,,,,,,
817a2908-b41c-4a88-b717-bb81c75a9125,,,,,,,,,,,,,,,,,,,,,,,,,,,,,,,,,,,,,,,
817dfe2d-d706-4be2-b223-6919d3374cfc,,,,,,,,,,,,,,,,,,,,,,,,,,,,,,,,,,,,,,,
817fe3df-1096-432f-8b90-2bba053f3737,,,,,,,,,,,,,,,,,,,,,,,,,,,,,,,,,,,,,,,
818a49b1-b49e-4c53-bdb4-01e2a5d10694,,,,,,,,,,,,,,,,,,,,,,,,,,,,,,,,,,,,,,,
818f71e8-87c6-456e-a0ec-b414aca8c29b,,,,,,,,,,,,,,,,,,,,,,,,,,,,,,,,,,,,,,,
8190ab9f-1597-4228-bf75-676782e2ed57,,,,,,,,,,,,,,,,,,,,,,,,,,,,,,,,,,,,,,,
8191476a-7745-4bf6-84ad-1fe324d92bc7,,,,,,,,,,,,,,,,,,,,,,,,,,,,,,,,,,,,,,,
8199c29c-cf12-48b6-b162-fbcc388585cb,,,,,,,,,,,,,,,,,,,,,,,,,,,,,,,,,,,,,,,
819ba1d6-e00a-4184-94de-27c222475417,,,,,,,,,,,,,,,,,,,,,,,,,,,,,,,,,,,,,,,
819fbb03-9ba1-4739-9ca2-dc7dc76e51e6,,,,,,,,,,,,,,,,,,,,,,,,,,,,,,,,,,,,,,,
81ad3caf-af88-4ea9-9162-35999db78253,,,,,,,,,,,,,,,,,,,,,,,,,,,,,,,,,,,,,,,
81af183f-148d-4b46-8499-9289a62f9b5a,,,,,,,,,,,,,,,,,,,,,,,,,,,,,,,,,,,,,,,
81af3b53-d9aa-459e-aa6b-7493e89d8be5,,,,,,,,,,,,,,,,,,,,,,,,,,,,,,,,,,,,,,,
81b56499-7b22-4d03-b04a-dff9b7027249,,,,,,,,,,,,,,,,,,,,,,,,,,,,,,,,,,,,,,,
81ba680c-2beb-4595-b5e3-ba1e98c41a9f,,,,,,,,,,,,,,,,,,,,,,,,,,,,,,,,,,,,,,,
81bd80a8-6b30-40c7-9a69-d32f184015ae,,,,,,,,,,,,,,,,,,,,,,,,,,,,,,,,,,,,,,,
81e8a6e8-90d7-4da2-8f22-e55c5c6299dd,,,,,,,,,,,,,,,,,,,,,,,,,,,,,,,,,,,,,,,
81eb2bd6-8ce1-449b-8982-a584a98f3b8f,,,,,,,,,,,,,,,,,,,,,,,,,,,,,,,,,,,,,,,
81eef863-16bc-4e4c-b830-479b6b4626a0,,,,,,,,,,,,,,,,,,,,,,,,,,,,,,,,,,,,,,,
81eefea2-2b40-4ca6-8601-49e2ed073c7c,,,,,,,,,,,,,,,,,,,,,,,,,,,,,,,,,,,,,,,
81efe49a-fe83-4bfe-b3e4-facb761ab6f6,,,,,,,,,,,,,,,,,,,,,,,,,,,,,,,,,,,,,,,
81f2d103-7dd3-4bdb-ab6e-33dc985332cb,,,,,,,,,,,,,,,,,,,,,,,,,,,,,,,,,,,,,,,
81f2f7a1-1455-4797-badc-b9b4215e22b4,,,,,,,,,,,,,,,,,,,,,,,,,,,,,,,,,,,,,,,
81f39bba-a61c-4c54-9e18-4504966eb0f2,,,,,,,,,,,,,,,,,,,,,,,,,,,,,,,,,,,,,,,
8200b07e-5b16-4a56-8783-5e83e69b48fe,,,,,,,,,,,,,,,,,,,,,,,,,,,,,,,,,,,,,,,
8205c4f1-5597-495c-8cf9-b31b415480f6,,,,,,,,,,,,,,,,,,,,,,,,,,,,,,,,,,,,,,,
820dbd2e-a923-45e0-8161-939b3b34da43,,,,,,,,,,,,,,,,,,,,,,,,,,,,,,,,,,,,,,,
8219ceac-15d9-489a-b1b2-e99b6dbd0156,,,,,,,,,,,,,,,,,,,,,,,,,,,,,,,,,,,,,,,
821a5db5-ca76-4261-8322-5423b26da719,,,,,,,,,,,,,,,,,,,,,,,,,,,,,,,,,,,,,,,
821bbc18-c900-4fe4-bf0d-5a2908ca684c,,,,,,,,,,,,,,,,,,,,,,,,,,,,,,,,,,,,,,,
821d8892-974d-47c2-b282-279bbfc35655,,,,,,,,,,,,,,,,,,,,,,,,,,,,,,,,,,,,,,,
82266688-97a6-4c86-851c-e094262f0c83,,,,,,,,,,,,,,,,,,,,,,,,,,,,,,,,,,,,,,,
822965ef-98fb-4695-9b87-5c3013ef7183,,,,,,,,,,,,,,,,,,,,,,,,,,,,,,,,,,,,,,,
822e4d59-af64-4a0f-b1ba-38e80bcb6055,,,,,,,,,,,,,,,,,,,,,,,,,,,,,,,,,,,,,,,
8233cfb8-2ff5-45c4-ab25-e128dee680d1,,,,,,,,,,,,,,,,,,,,,,,,,,,,,,,,,,,,,,,
823d62a8-6aae-4f9c-8292-4dcb4178a659,,,,,,,,,,,,,,,,,,,,,,,,,,,,,,,,,,,,,,,
823e2bb0-316b-4b27-8569-70b6163ec37c,,,,,,,,,,,,,,,,,,,,,,,,,,,,,,,,,,,,,,,
823fd21a-22db-4f6f-b32a-2d7fbb3b1f2f,,,,,,,,,,,,,,,,,,,,,,,,,,,,,,,,,,,,,,,
82680d96-6194-4454-83ab-0ff9a78b9957,,,,,,,,,,,,,,,,,,,,,,,,,,,,,,,,,,,,,,,
826f0a97-55a3-4247-b479-80289b963c5d,,,,,,,,,,,,,,,,,,,,,,,,,,,,,,,,,,,,,,,
826f331d-2832-4767-88e6-7450a8fe2c4f,,,,,,,,,,,,,,,,,,,,,,,,,,,,,,,,,,,,,,,
8278691b-efa9-46d4-897a-efaa7f71b294,,,,,,,,,,,,,,,,,,,,,,,,,,,,,,,,,,,,,,,
8280437b-c008-4bd9-a9ee-8c8785f45062,,,,,,,,,,,,,,,,,,,,,,,,,,,,,,,,,,,,,,,
82825b44-2b43-4524-a42d-3a955ba79f03,,,,,,,,,,,,,,,,,,,,,,,,,,,,,,,,,,,,,,,
828c3e45-24d1-4f92-b132-ffbbb1d279ee,,,,,,,,,,,,,,,,,,,,,,,,,,,,,,,,,,,,,,,
8292bbc3-2c6d-41a9-875b-a0589394d62a,,,,,,,,,,,,,,,,,,,,,,,,,,,,,,,,,,,,,,,
8292e7cf-7d80-419e-8f4e-d70a994d1711,,,,,,,,,,,,,,,,,,,,,,,,,,,,,,,,,,,,,,,
829a2a23-f50f-4d92-ba3b-c37b528c8450,,,,,,,,,,,,,,,,,,,,,,,,,,,,,,,,,,,,,,,
829dd797-f51e-40bb-b896-7d5be90178a7,,,,,,,,,,,,,,,,,,,,,,,,,,,,,,,,,,,,,,,
82ac517a-5009-4905-a50a-315f84c7989c,,,,,,,,,,,,,,,,,,,,,,,,,,,,,,,,,,,,,,,
82b4860f-b233-42e7-b87b-3a85dbfca8c0,,,,,,,,,,,,,,,,,,,,,,,,,,,,,,,,,,,,,,,
82b6e473-ff64-45fc-a87c-2622ea183969,,,,,,,,,,,,,,,,,,,,,,,,,,,,,,,,,,,,,,,
82b84248-1bbb-43e6-8f1e-7431babf2617,,,,,,,,,,,,,,,,,,,,,,,,,,,,,,,,,,,,,,,
82b87c53-3515-48d6-892b-b3d5a672c864,,,,,,,,,,,,,,,,,,,,,,,,,,,,,,,,,,,,,,,
82bb30b9-8d32-467b-9d66-b4bc463801fa,,,,,,,,,,,,,,,,,,,,,,,,,,,,,,,,,,,,,,,
82bc4efc-0df4-483c-858a-eff5b8eba6ee,,,,,,,,,,,,,,,,,,,,,,,,,,,,,,,,,,,,,,,
82be1ec3-12ab-46f6-8b58-806364a99267,iubenda,1.0,1.0,,,,,,,,,,,,,,,,,,,,,,,,,,,,,,,,,,,,
82be9d1f-3243-4e95-9c99-7f1066cb548a,,,,,,,,,,,,,,,,,,,,,,,,,,,,,,,,,,,,,,,
82c2e2dd-40a3-4e65-a553-3d37a15ee3e6,,,,,,,,,,,,,,,,,,,,,,,,,,,,,,,,,,,,,,,
82c50977-66c7-4a24-8854-20c3ba5665eb,,,,,,,,,,,,,,,,,,,,,,,,,,,,,,,,,,,,,,,
82cfaa54-daaf-474b-b2ff-38d6f4c075db,,,,,,,,,,,,,,,,,,,,,,,,,,,,,,,,,,,,,,,
82dde421-08a0-4506-a999-b7f9c58b28d4,wikimedia_foundation,1.0,1.0,,,,,,,,,,,,,,,,,,,,,,,,,,,,,,,,,,,,
82e27732-1252-4cd8-9248-79af4dc95532,,,,,,,,,,,,,,,,,,,,,,,,,,,,,,,,,,,,,,,
82ec4d41-e0a5-4fb5-a5a5-a21ad858b21a,heap,1.0,1.0,,,,,,,,,,,,,,,,,,,,,,,,,,,,,,,,,,,,
82f043d4-4b7d-42db-a05e-34f19fd07b17,,,,,,,,,,,,,,,,,,,,,,,,,,,,,,,,,,,,,,,
82f1950c-8f44-4381-ba4f-bf3be280d4e7,,,,,,,,,,,,,,,,,,,,,,,,,,,,,,,,,,,,,,,
82f7a467-257b-4555-8bd8-a729bbc5d5ac,,,,,,,,,,,,,,,,,,,,,,,,,,,,,,,,,,,,,,,
82f821e5-49e1-4b70-b6bc-eb82a36b56e4,squarespace,1.0,1.0,,,,,,,,,,,,,,,,,,,,,,,,,,,,,,,,,,,,
82f8fb75-0248-44cb-8581-0405af033351,,,,,,,,,,,,,,,,,,,,,,,,,,,,,,,,,,,,,,,
82f9b17e-f89b-414e-ac6d-0e97fd4f7dcc,,,,,,,,,,,,,,,,,,,,,,,,,,,,,,,,,,,,,,,
82fdf1bf-d450-426a-8c82-503fbee3cc46,,,,,,,,,,,,,,,,,,,,,,,,,,,,,,,,,,,,,,,
82feddcd-2d4c-41e2-a749-2ba9ba89a2ab,,,,,,,,,,,,,,,,,,,,,,,,,,,,,,,,,,,,,,,
82ffcf3c-1e16-4e90-a628-d71f610c5911,,,,,,,,,,,,,,,,,,,,,,,,,,,,,,,,,,,,,,,
830771a7-88b2-47fe-9291-fb37944c1737,,,,,,,,,,,,,,,,,,,,,,,,,,,,,,,,,,,,,,,
830917f2-c8ac-49ee-86cd-846efee04539,,,,,,,,,,,,,,,,,,,,,,,,,,,,,,,,,,,,,,,
831563da-ef9e-48f6-b1d2-76bcb3c8eaf6,,,,,,,,,,,,,,,,,,,,,,,,,,,,,,,,,,,,,,,
83178953-cafd-43dd-8caa-58d6b2b11475,,,,,,,,,,,,,,,,,,,,,,,,,,,,,,,,,,,,,,,
83189ce3-ddf3-490a-a94d-de8f4ccddeba,,,,,,,,,,,,,,,,,,,,,,,,,,,,,,,,,,,,,,,
83201483-fc12-4cd3-9f7e-4c7b5bc94b41,,,,,,,,,,,,,,,,,,,,,,,,,,,,,,,,,,,,,,,
83223481-cd09-4646-b8e3-7c6fa356d596,,,,,,,,,,,,,,,,,,,,,,,,,,,,,,,,,,,,,,,
8327eb10-94c3-4776-a81a-1ba819456bcb,,,,,,,,,,,,,,,,,,,,,,,,,,,,,,,,,,,,,,,
8329e768-e6f0-49a9-9b89-be376811e169,,,,,,,,,,,,,,,,,,,,,,,,,,,,,,,,,,,,,,,
832fbf1f-0802-4315-a23e-2f8a68e375e8,,,,,,,,,,,,,,,,,,,,,,,,,,,,,,,,,,,,,,,
83325cbe-2f29-442d-b3fb-5d929fa719da,,,,,,,,,,,,,,,,,,,,,,,,,,,,,,,,,,,,,,,
833426d5-072b-4d23-bd66-f0db5db87c3d,,,,,,,,,,,,,,,,,,,,,,,,,,,,,,,,,,,,,,,
8336bfe9-7d41-4081-b7c6-311fe77e5b05,,,,,,,,,,,,,,,,,,,,,,,,,,,,,,,,,,,,,,,
833ea096-0003-496d-b968-7480ccf0a1d9,,,,,,,,,,,,,,,,,,,,,,,,,,,,,,,,,,,,,,,
83424b7b-d0a3-41ed-a368-049094265d1c,,,,,,,,,,,,,,,,,,,,,,,,,,,,,,,,,,,,,,,
8345d01e-b7cd-4899-a1bb-24c055c51f8c,,,,,,,,,,,,,,,,,,,,,,,,,,,,,,,,,,,,,,,
834e7ade-f611-49bc-b52a-6da89e368e09,,,,,,,,,,,,,,,,,,,,,,,,,,,,,,,,,,,,,,,
8352a999-931c-44c8-a49e-5e6a0eb8271d,,,,,,,,,,,,,,,,,,,,,,,,,,,,,,,,,,,,,,,
8356229d-e8e6-4985-8a7f-602b759f8d2c,,,,,,,,,,,,,,,,,,,,,,,,,,,,,,,,,,,,,,,
8356c72c-1064-43df-b3bf-8c8c410168db,,,,,,,,,,,,,,,,,,,,,,,,,,,,,,,,,,,,,,,
835bf70d-dbba-48f1-9a24-35e6fc2525f6,,,,,,,,,,,,,,,,,,,,,,,,,,,,,,,,,,,,,,,
835e20fa-218f-4384-a337-8f1268dfb153,,,,,,,,,,,,,,,,,,,,,,,,,,,,,,,,,,,,,,,
836335fc-ed02-45cc-b65b-c97ad331e9be,,,,,,,,,,,,,,,,,,,,,,,,,,,,,,,,,,,,,,,
837a7ac7-a0cd-4b67-abfd-a7a822079e87,,,,,,,,,,,,,,,,,,,,,,,,,,,,,,,,,,,,,,,
837f35ee-04d3-44b9-9b06-de918cb3f755,,,,,,,,,,,,,,,,,,,,,,,,,,,,,,,,,,,,,,,
83886512-e5cd-45f0-b8d7-e424bc4e3942,,,,,,,,,,,,,,,,,,,,,,,,,,,,,,,,,,,,,,,
838e170f-3645-4e6e-ba75-8d46ac7eeee9,,,,,,,,,,,,,,,,,,,,,,,,,,,,,,,,,,,,,,,
838ef206-69a9-4fbe-9315-b85570625b49,,,,,,,,,,,,,,,,,,,,,,,,,,,,,,,,,,,,,,,
83930d9e-bfc7-425a-aa17-2758e3d58fad,,,,,,,,,,,,,,,,,,,,,,,,,,,,,,,,,,,,,,,
83933276-344b-4ae0-9bec-878e3b7ed87f,,,,,,,,,,,,,,,,,,,,,,,,,,,,,,,,,,,,,,,
8394d7ac-2680-4fe1-97e6-452c644c39ac,,,,,,,,,,,,,,,,,,,,,,,,,,,,,,,,,,,,,,,
839bb9ff-4c1c-465c-99b9-6ddf6dbd2b91,,,,,,,,,,,,,,,,,,,,,,,,,,,,,,,,,,,,,,,
839d6c61-fada-4a38-b6f2-c11d35247ff8,,,,,,,,,,,,,,,,,,,,,,,,,,,,,,,,,,,,,,,
839fa548-c0f9-4bdc-a78f-4d5fc3e17536,,,,,,,,,,,,,,,,,,,,,,,,,,,,,,,,,,,,,,,
83a0d661-8442-476a-8a69-099a0feb32ef,,,,,,,,,,,,,,,,,,,,,,,,,,,,,,,,,,,,,,,
83a536f2-ce90-4248-aba9-8df1f5c870f0,,,,,,,,,,,,,,,,,,,,,,,,,,,,,,,,,,,,,,,
83a8772c-969e-4269-ba67-dfb2cf8e4f49,,,,,,,,,,,,,,,,,,,,,,,,,,,,,,,,,,,,,,,
83afe119-3d74-4165-8e9c-f5f1e915f0b8,,,,,,,,,,,,,,,,,,,,,,,,,,,,,,,,,,,,,,,
83be5a18-1560-4de0-986f-9ab7f8fa05bc,,,,,,,,,,,,,,,,,,,,,,,,,,,,,,,,,,,,,,,
83d38914-208d-4f5f-b0b2-f4c74e961c26,,,,,,,,,,,,,,,,,,,,,,,,,,,,,,,,,,,,,,,
83d5a8a0-5e19-4db3-b70e-8e58620b27c9,,,,,,,,,,,,,,,,,,,,,,,,,,,,,,,,,,,,,,,
83dbdbd7-0a1d-4b6d-a8f1-c47e08507ea1,,,,,,,,,,,,,,,,,,,,,,,,,,,,,,,,,,,,,,,
83df050c-2c99-4a08-9014-60bae85cb1af,,,,,,,,,,,,,,,,,,,,,,,,,,,,,,,,,,,,,,,
83e24896-0628-4445-9251-d507f5eaceab,,,,,,,,,,,,,,,,,,,,,,,,,,,,,,,,,,,,,,,
83e831bf-aae4-4309-b2ee-ebc6cd478300,,,,,,,,,,,,,,,,,,,,,,,,,,,,,,,,,,,,,,,
83ed8a0c-5354-4aa4-9647-3de63f6453ac,,,,,,,,,,,,,,,,,,,,,,,,,,,,,,,,,,,,,,,
83f7314b-251b-44e0-8a79-aa5cfdbd317b,,,,,,,,,,,,,,,,,,,,,,,,,,,,,,,,,,,,,,,
83fa613d-65b4-4527-8e8e-9d780b76ca03,,,,,,,,,,,,,,,,,,,,,,,,,,,,,,,,,,,,,,,
840551c0-4d37-4a79-be47-636a84bdcf8d,microsoft,1.0,1.0,,,,,,,,,,,,,,,,,,,,,,,,,,,,,,,,,,,,
840d468a-8c8d-4c9c-8e4a-7f491715a1c7,,,,,,,,,,,,,,,,,,,,,,,,,,,,,,,,,,,,,,,
84140fe1-7491-42f4-b231-028bd12af456,,,,,,,,,,,,,,,,,,,,,,,,,,,,,,,,,,,,,,,
841feba9-2914-4406-bf0e-f2f97a7b4f98,,,,,,,,,,,,,,,,,,,,,,,,,,,,,,,,,,,,,,,
8421f7af-e2ac-49df-8c20-14ba59579005,,,,,,,,,,,,,,,,,,,,,,,,,,,,,,,,,,,,,,,
842e01ef-1948-4867-a627-d9831559f60d,,,,,,,,,,,,,,,,,,,,,,,,,,,,,,,,,,,,,,,
84309426-4b35-448e-99d4-09c3e453f660,,,,,,,,,,,,,,,,,,,,,,,,,,,,,,,,,,,,,,,
84380224-75e5-4555-9b5a-9019709cebc9,,,,,,,,,,,,,,,,,,,,,,,,,,,,,,,,,,,,,,,
844175ef-d4a9-4471-bd8d-9bb8c3a8c67a,,,,,,,,,,,,,,,,,,,,,,,,,,,,,,,,,,,,,,,
8449bc07-e569-4b9b-af41-63bb8fa63341,,,,,,,,,,,,,,,,,,,,,,,,,,,,,,,,,,,,,,,
844bb76c-ba7c-4aea-90bf-3b7cc5dfa929,,,,,,,,,,,,,,,,,,,,,,,,,,,,,,,,,,,,,,,
844cd1dc-0cf2-49d1-b32d-7bb774673775,,,,,,,,,,,,,,,,,,,,,,,,,,,,,,,,,,,,,,,
84546cce-13d9-468d-9f64-8da1b9c92650,,,,,,,,,,,,,,,,,,,,,,,,,,,,,,,,,,,,,,,
8463667b-c019-4405-8132-d59019f02eb3,,,,,,,,,,,,,,,,,,,,,,,,,,,,,,,,,,,,,,,
846ed02c-3729-4050-b277-608db8d8d32a,,,,,,,,,,,,,,,,,,,,,,,,,,,,,,,,,,,,,,,
847a0e3b-5b0b-43fd-990d-f057c14d4f75,,,,,,,,,,,,,,,,,,,,,,,,,,,,,,,,,,,,,,,
847f675a-9c10-4e84-9f42-2673e7871195,,,,,,,,,,,,,,,,,,,,,,,,,,,,,,,,,,,,,,,
8482d048-8047-4239-b494-cb8fc7d71ecd,,,,,,,,,,,,,,,,,,,,,,,,,,,,,,,,,,,,,,,
8483524c-5222-48d1-a341-7d7cbc9ff473,,,,,,,,,,,,,,,,,,,,,,,,,,,,,,,,,,,,,,,
8485b5ea-b662-487f-a344-145c42f7baeb,,,,,,,,,,,,,,,,,,,,,,,,,,,,,,,,,,,,,,,
8486b542-a3dc-48e4-a6cb-5a2225ee3624,,,,,,,,,,,,,,,,,,,,,,,,,,,,,,,,,,,,,,,
848894c7-1e16-40b8-af63-7f154f1b6556,,,,,,,,,,,,,,,,,,,,,,,,,,,,,,,,,,,,,,,
8488bc33-8cda-4e59-a51e-353cd3b09661,,,,,,,,,,,,,,,,,,,,,,,,,,,,,,,,,,,,,,,
84917f6a-888a-42ff-9ea0-e6426006084c,,,,,,,,,,,,,,,,,,,,,,,,,,,,,,,,,,,,,,,
849607ab-233d-4355-9997-a1164b341e9f,,,,,,,,,,,,,,,,,,,,,,,,,,,,,,,,,,,,,,,
8496138f-c61f-4fe5-8136-ee042ee6fc14,,,,,,,,,,,,,,,,,,,,,,,,,,,,,,,,,,,,,,,
84991423-b010-4222-8758-8e9b069d6aa6,,,,,,,,,,,,,,,,,,,,,,,,,,,,,,,,,,,,,,,
84a25fa0-c775-463d-a211-a010de281a73,qq.com,1.0,1.0,,,,,,,,,,,,,,,,,,,,,,,,,,,,,,,,,,,,
84a3de25-5911-4a16-bcae-fc4bd735f658,,,,,,,,,,,,,,,,,,,,,,,,,,,,,,,,,,,,,,,
84a7facc-daf1-4f51-8342-066f0512e63c,,,,,,,,,,,,,,,,,,,,,,,,,,,,,,,,,,,,,,,
84b21415-1447-4089-ac0d-aa4d3bff2868,,,,,,,,,,,,,,,,,,,,,,,,,,,,,,,,,,,,,,,
84b3fdef-0019-42bc-aa71-2aece24c9718,,,,,,,,,,,,,,,,,,,,,,,,,,,,,,,,,,,,,,,
84b70ef2-c74e-48f2-af42-33f5596786b8,,,,,,,,,,,,,,,,,,,,,,,,,,,,,,,,,,,,,,,
84ba401c-b278-4280-9146-6aa119f70b6d,,,,,,,,,,,,,,,,,,,,,,,,,,,,,,,,,,,,,,,
84d0c728-f207-43e6-b1ad-9ae0bb611220,,,,,,,,,,,,,,,,,,,,,,,,,,,,,,,,,,,,,,,
84d11a76-07f5-467f-9de2-185de58da8a3,,,,,,,,,,,,,,,,,,,,,,,,,,,,,,,,,,,,,,,
84d20560-7241-47b7-9d92-9528f8a4333d,,,,,,,,,,,,,,,,,,,,,,,,,,,,,,,,,,,,,,,
84d4d152-bdf7-4e2e-ab28-1645b54f47c4,typeform,1.0,1.0,,,,,,,,,,,,,,,,,,,,,,,,,,,,,,,,,,,,
84dc45d5-7325-4cbe-8297-0b674d91b53c,,,,,,,,,,,,,,,,,,,,,,,,,,,,,,,,,,,,,,,
84ddb492-f765-4cf5-bcb3-9bff6a046bbe,,,,,,,,,,,,,,,,,,,,,,,,,,,,,,,,,,,,,,,
84e78a89-1b95-4e04-81a4-356f6c64922d,,,,,,,,,,,,,,,,,,,,,,,,,,,,,,,,,,,,,,,
84eb01e4-5544-404e-a343-e220e1e4e1de,,,,,,,,,,,,,,,,,,,,,,,,,,,,,,,,,,,,,,,
84f33193-0650-4a88-bebf-8215388847cf,,,,,,,,,,,,,,,,,,,,,,,,,,,,,,,,,,,,,,,
84f54026-8df9-4cec-bb51-d50fbf61d96b,,,,,,,,,,,,,,,,,,,,,,,,,,,,,,,,,,,,,,,
84f5c1ef-1bdb-4663-ba9e-a298aef1feb9,,,,,,,,,,,,,,,,,,,,,,,,,,,,,,,,,,,,,,,
8509f0ba-aca5-4eb5-8d2f-1e13f0eff9ae,,,,,,,,,,,,,,,,,,,,,,,,,,,,,,,,,,,,,,,
850b66b3-3a99-4a60-8bbb-c169adb199ab,,,,,,,,,,,,,,,,,,,,,,,,,,,,,,,,,,,,,,,
850cea8b-3f7a-42e0-9f3f-f1a1e9878c25,,,,,,,,,,,,,,,,,,,,,,,,,,,,,,,,,,,,,,,
85104701-8410-4f0e-be80-9a45f709805d,,,,,,,,,,,,,,,,,,,,,,,,,,,,,,,,,,,,,,,
8510ff4e-0ef5-47ed-b8a7-8af29f68d90a,,,,,,,,,,,,,,,,,,,,,,,,,,,,,,,,,,,,,,,
8513cde4-c915-403a-9b03-cd533f0dc6d8,,,,,,,,,,,,,,,,,,,,,,,,,,,,,,,,,,,,,,,
85184704-ec3e-4db5-8827-59da4015cd74,,,,,,,,,,,,,,,,,,,,,,,,,,,,,,,,,,,,,,,
851b313d-e918-4dd1-962b-e47aada79702,,,,,,,,,,,,,,,,,,,,,,,,,,,,,,,,,,,,,,,
851cd062-d1db-4314-9a41-ba8c83e1afac,,,,,,,,,,,,,,,,,,,,,,,,,,,,,,,,,,,,,,,
85268989-0b90-424c-8fc1-06a9f3a91ecf,,,,,,,,,,,,,,,,,,,,,,,,,,,,,,,,,,,,,,,
8528507b-b546-4f42-ae37-649c3205f77f,,,,,,,,,,,,,,,,,,,,,,,,,,,,,,,,,,,,,,,
85330103-9c2e-41b9-86c9-a1cfa5b647eb,the_new_york_times,1.0,1.0,,,,,,,,,,,,,,,,,,,,,,,,,,,,,,,,,,,,
853582f1-46b5-4ac7-9f50-932a146a01fe,,,,,,,,,,,,,,,,,,,,,,,,,,,,,,,,,,,,,,,
85362f6a-f261-4925-8aad-219a1f555c25,,,,,,,,,,,,,,,,,,,,,,,,,,,,,,,,,,,,,,,
8542fdcc-2a8b-43ad-85e2-b7d184660449,,,,,,,,,,,,,,,,,,,,,,,,,,,,,,,,,,,,,,,
8544af0f-b23c-4fe5-a05e-797e4ebf588c,,,,,,,,,,,,,,,,,,,,,,,,,,,,,,,,,,,,,,,
854529ae-558e-4d2a-810c-0ecfd43fdb77,,,,,,,,,,,,,,,,,,,,,,,,,,,,,,,,,,,,,,,
85460700-167d-4883-9758-6a1606fdc2a4,,,,,,,,,,,,,,,,,,,,,,,,,,,,,,,,,,,,,,,
8547191c-535f-45bd-a088-da2e40201930,,,,,,,,,,,,,,,,,,,,,,,,,,,,,,,,,,,,,,,
8548a2e2-fab2-4428-a769-2b629b27184d,,,,,,,,,,,,,,,,,,,,,,,,,,,,,,,,,,,,,,,
854a0ff8-7ab8-41c5-96a6-b6ddfc3902a9,,,,,,,,,,,,,,,,,,,,,,,,,,,,,,,,,,,,,,,
854bfc34-41ea-4df0-9d76-1436345bd521,,,,,,,,,,,,,,,,,,,,,,,,,,,,,,,,,,,,,,,
854d7400-a61b-446f-a061-45e3865936b6,,,,,,,,,,,,,,,,,,,,,,,,,,,,,,,,,,,,,,,
855197a7-d613-4375-b8ed-878252ba44e0,,,,,,,,,,,,,,,,,,,,,,,,,,,,,,,,,,,,,,,
85576edd-e680-40cf-adbc-00abb07881b3,,,,,,,,,,,,,,,,,,,,,,,,,,,,,,,,,,,,,,,
8568a06c-eb85-4892-bc48-b5892c4af703,,,,,,,,,,,,,,,,,,,,,,,,,,,,,,,,,,,,,,,
8570b3d1-b9d2-4faa-bedd-f17c94558d89,,,,,,,,,,,,,,,,,,,,,,,,,,,,,,,,,,,,,,,
85761e21-f9c8-4159-bacb-065edcabe8c1,,,,,,,,,,,,,,,,,,,,,,,,,,,,,,,,,,,,,,,
857a9b0b-ba95-4c8b-b7ee-3201fb19d78c,,,,,,,,,,,,,,,,,,,,,,,,,,,,,,,,,,,,,,,
85845bf0-c4d8-48b3-bfeb-79403d294c03,,,,,,,,,,,,,,,,,,,,,,,,,,,,,,,,,,,,,,,
858776bc-ed09-41bb-a90b-2f797a755978,,,,,,,,,,,,,,,,,,,,,,,,,,,,,,,,,,,,,,,
858e3a0e-dfa0-4604-8770-5ad93595c186,,,,,,,,,,,,,,,,,,,,,,,,,,,,,,,,,,,,,,,
859b0c25-4482-4735-be22-d59313bde51f,,,,,,,,,,,,,,,,,,,,,,,,,,,,,,,,,,,,,,,
85a1694a-22dc-4462-a337-718b3c0352c8,,,,,,,,,,,,,,,,,,,,,,,,,,,,,,,,,,,,,,,
85a42fba-cefd-46c7-80ed-587b15b10ead,,,,,,,,,,,,,,,,,,,,,,,,,,,,,,,,,,,,,,,
85a77e4f-9ec2-4dce-ab35-623cd13f8476,vimeo,1.0,1.0,,,,,,,,,,,,,,,,,,,,,,,,,,,,,,,,,,,,
85b18d72-9b2f-4ebf-a7f7-2ebb07d1db25,,,,,,,,,,,,,,,,,,,,,,,,,,,,,,,,,,,,,,,
85b6000a-4aa6-4488-8702-f440c95631b4,,,,,,,,,,,,,,,,,,,,,,,,,,,,,,,,,,,,,,,
85cf1cc0-893f-4e7c-b698-38e7e4739fe7,,,,,,,,,,,,,,,,,,,,,,,,,,,,,,,,,,,,,,,
85d4ff3c-4418-4f77-815b-f021a8307487,,,,,,,,,,,,,,,,,,,,,,,,,,,,,,,,,,,,,,,
85de1398-44f5-4595-959b-0452e30602e1,,,,,,,,,,,,,,,,,,,,,,,,,,,,,,,,,,,,,,,
85e0fa42-6793-4b14-9b1a-22c5edbef31c,,,,,,,,,,,,,,,,,,,,,,,,,,,,,,,,,,,,,,,
85ec12ba-b801-46ef-99a9-5dd3dff4a699,deep_intent,1.0,1.0,,,,,,,,,,,,,,,,,,,,,,,,,,,,,,,,,,,,
85eea26e-380c-42d2-9a60-3598e66d383b,,,,,,,,,,,,,,,,,,,,,,,,,,,,,,,,,,,,,,,
85f0a284-31c7-4ecc-8b3d-7a2f9fbebc83,,,,,,,,,,,,,,,,,,,,,,,,,,,,,,,,,,,,,,,
85f2d51b-4e78-4e61-9ff6-cdef36e15585,,,,,,,,,,,,,,,,,,,,,,,,,,,,,,,,,,,,,,,
85fa1497-dc2c-4290-b6f3-8756ff4fd634,,,,,,,,,,,,,,,,,,,,,,,,,,,,,,,,,,,,,,,
85fce764-dc5c-4048-8b19-6e8468874808,,,,,,,,,,,,,,,,,,,,,,,,,,,,,,,,,,,,,,,
8604e4f7-a740-4135-92bd-8bc362ef8a08,,,,,,,,,,,,,,,,,,,,,,,,,,,,,,,,,,,,,,,
8605d7ef-21fc-4c57-b458-29bd125bde47,,,,,,,,,,,,,,,,,,,,,,,,,,,,,,,,,,,,,,,
86079c93-0e40-494a-bbe3-1ddc06b15e32,,,,,,,,,,,,,,,,,,,,,,,,,,,,,,,,,,,,,,,
860b831b-7ff3-43b6-9b71-a36824a635e6,,,,,,,,,,,,,,,,,,,,,,,,,,,,,,,,,,,,,,,
860e13a7-e71f-4abd-8fd7-91854c3b7629,wikimedia_foundation,2.0,1.0,,,,,,,,,,,,,,,,,,,,,,,,,,,,,,,,,,,,
86111c69-49a5-42d1-8582-e72619c7d44a,,,,,,,,,,,,,,,,,,,,,,,,,,,,,,,,,,,,,,,
861a31be-bb27-4f2b-bf95-29a10f060af8,,,,,,,,,,,,,,,,,,,,,,,,,,,,,,,,,,,,,,,
861dfe96-883f-4c8c-b661-ab305f86e741,,,,,,,,,,,,,,,,,,,,,,,,,,,,,,,,,,,,,,,
86221d60-2b80-4889-8267-88a6378b8672,,,,,,,,,,,,,,,,,,,,,,,,,,,,,,,,,,,,,,,
8628b400-9832-400c-a64c-33bd3309b890,,,,,,,,,,,,,,,,,,,,,,,,,,,,,,,,,,,,,,,
862ffad7-c697-4116-bd89-c117c7f2682c,,,,,,,,,,,,,,,,,,,,,,,,,,,,,,,,,,,,,,,
863aeb66-2948-4356-9e64-19a27c3e9033,,,,,,,,,,,,,,,,,,,,,,,,,,,,,,,,,,,,,,,
8646f499-127e-4b90-a686-30b88825c72e,,,,,,,,,,,,,,,,,,,,,,,,,,,,,,,,,,,,,,,
86518306-459c-4ad9-9036-f0388167da5f,mparticle,1.0,1.0,,,,,,,,,,,,,,,,,,,,,,,,,,,,,,,,,,,,
865764bc-cddf-420d-b6e0-8a1889004707,,,,,,,,,,,,,,,,,,,,,,,,,,,,,,,,,,,,,,,
86615077-edc3-4b03-8a2f-d60f94626640,,,,,,,,,,,,,,,,,,,,,,,,,,,,,,,,,,,,,,,
86636ad1-8904-426e-9856-fef5682c5430,,,,,,,,,,,,,,,,,,,,,,,,,,,,,,,,,,,,,,,
86649f8e-cbac-4622-8660-965af3739281,wikimedia_foundation,1.0,1.0,,,,,,,,,,,,,,,,,,,,,,,,,,,,,,,,,,,,
866f2378-2b58-49d7-8e1e-670310b451a2,google,1.0,1.0,,,,,,,,,,,,,,,,,,,,,,,,,,,,,,,,,,,,
86775444-1f79-4446-b9af-a7a41408ed4c,,,,,,,,,,,,,,,,,,,,,,,,,,,,,,,,,,,,,,,
867931fb-efe4-490e-8558-9f400b358665,,,,,,,,,,,,,,,,,,,,,,,,,,,,,,,,,,,,,,,
867b3efd-b8f7-473d-84ce-fed7f6abcef0,,,,,,,,,,,,,,,,,,,,,,,,,,,,,,,,,,,,,,,
8681c129-a09c-470f-ba71-dbdb2678bc08,,,,,,,,,,,,,,,,,,,,,,,,,,,,,,,,,,,,,,,
8684732f-a521-41ce-8471-54484c1fd331,,,,,,,,,,,,,,,,,,,,,,,,,,,,,,,,,,,,,,,
868aa22c-7dee-49e1-827f-e3dd0d129c8a,,,,,,,,,,,,,,,,,,,,,,,,,,,,,,,,,,,,,,,
868b65de-e832-492d-a9e4-daffe181ea70,,,,,,,,,,,,,,,,,,,,,,,,,,,,,,,,,,,,,,,
868bf798-84f4-49e8-8032-adde36ddf099,,,,,,,,,,,,,,,,,,,,,,,,,,,,,,,,,,,,,,,
869146e2-c35d-456c-8e15-dbe1896ca3d8,,,,,,,,,,,,,,,,,,,,,,,,,,,,,,,,,,,,,,,
86914df3-0b9f-4d0b-baca-b71b47b86f4a,,,,,,,,,,,,,,,,,,,,,,,,,,,,,,,,,,,,,,,
86925bd6-523e-4815-8949-44524026f02d,51.la,1.0,1.0,,,,,,,,,,,,,,,,,,,,,,,,,,,,,,,,,,,,
86959c6f-09f4-48c5-a664-91d95d888a9d,,,,,,,,,,,,,,,,,,,,,,,,,,,,,,,,,,,,,,,
86a0277c-f05e-453a-97b9-5bf001644291,,,,,,,,,,,,,,,,,,,,,,,,,,,,,,,,,,,,,,,
86a84924-a592-410d-92e4-dd58625f24d4,,,,,,,,,,,,,,,,,,,,,,,,,,,,,,,,,,,,,,,
86ac134e-0f09-48c5-b828-3c58cead04b6,,,,,,,,,,,,,,,,,,,,,,,,,,,,,,,,,,,,,,,
86b2cd5d-c0b4-4043-af73-0bf8caf7aab5,auth0,1.0,1.0,,,,,,,,,,,,,,,,,,,,,,,,,,,,,,,,,,,,
86b5ae9e-6d4c-46b4-b447-44309b99be9d,,,,,,,,,,,,,,,,,,,,,,,,,,,,,,,,,,,,,,,
86ba030f-4a45-46e7-8ae2-71f24f957551,,,,,,,,,,,,,,,,,,,,,,,,,,,,,,,,,,,,,,,
86be4508-a341-454c-9d72-e5c7b6c814d5,taboola,1.0,1.0,,,,,,,,,,,,,,,,,,,,,,,,,,,,,,,,,,,,
86c2b850-b04a-4672-aeb2-872d4fc17ccb,,,,,,,,,,,,,,,,,,,,,,,,,,,,,,,,,,,,,,,
86c2ba22-4007-4162-974d-a2811f43c6d7,,,,,,,,,,,,,,,,,,,,,,,,,,,,,,,,,,,,,,,
86c67251-b294-40ad-8df4-46831ddb407c,,,,,,,,,,,,,,,,,,,,,,,,,,,,,,,,,,,,,,,
86c7aa05-dc38-47ac-a21e-9a5dcb6eb982,,,,,,,,,,,,,,,,,,,,,,,,,,,,,,,,,,,,,,,
86cae766-00f9-4fbb-bdeb-04516d4b5e2d,,,,,,,,,,,,,,,,,,,,,,,,,,,,,,,,,,,,,,,
86d06ccd-2064-4abc-8d6f-bb6b22420594,,,,,,,,,,,,,,,,,,,,,,,,,,,,,,,,,,,,,,,
86d699b5-f9a5-4642-94a9-52ecb46e7caa,,,,,,,,,,,,,,,,,,,,,,,,,,,,,,,,,,,,,,,
86d80468-9867-4642-94c2-4f9104373318,,,,,,,,,,,,,,,,,,,,,,,,,,,,,,,,,,,,,,,
86e5990c-77c7-4a62-9567-89c1029bbd00,,,,,,,,,,,,,,,,,,,,,,,,,,,,,,,,,,,,,,,
86e88c3b-e344-431e-b23c-325538ec036c,,,,,,,,,,,,,,,,,,,,,,,,,,,,,,,,,,,,,,,
86ed3462-1248-42c4-8e87-331371f5d3f6,,,,,,,,,,,,,,,,,,,,,,,,,,,,,,,,,,,,,,,
86fc91b2-170e-4b93-a398-fb9b5da75f83,,,,,,,,,,,,,,,,,,,,,,,,,,,,,,,,,,,,,,,
86fe1d06-9c34-42a3-bb27-6b842dee155a,,,,,,,,,,,,,,,,,,,,,,,,,,,,,,,,,,,,,,,
86fee3f7-892d-43aa-82b8-1d41912ea957,,,,,,,,,,,,,,,,,,,,,,,,,,,,,,,,,,,,,,,
87014be4-1049-45fe-950b-b6d6cc86a7fc,,,,,,,,,,,,,,,,,,,,,,,,,,,,,,,,,,,,,,,
8705eb6c-5b2b-4490-b858-cd7e0525be01,,,,,,,,,,,,,,,,,,,,,,,,,,,,,,,,,,,,,,,
8707613e-a121-45ea-adb3-4b857102b7ca,,,,,,,,,,,,,,,,,,,,,,,,,,,,,,,,,,,,,,,
870e0546-6997-45a6-a495-ed1377677820,,,,,,,,,,,,,,,,,,,,,,,,,,,,,,,,,,,,,,,
87101c95-4193-435a-aa13-bdb481e51b72,,,,,,,,,,,,,,,,,,,,,,,,,,,,,,,,,,,,,,,
87227f02-d5a7-4693-878c-e1b959badeb6,,,,,,,,,,,,,,,,,,,,,,,,,,,,,,,,,,,,,,,
872bd974-b984-468b-a801-37ce02ab9c2e,,,,,,,,,,,,,,,,,,,,,,,,,,,,,,,,,,,,,,,
872c6fc6-446d-4b88-8193-df3c561f8f32,,,,,,,,,,,,,,,,,,,,,,,,,,,,,,,,,,,,,,,
873d140f-cac9-4658-97fb-68130ffc3733,,,,,,,,,,,,,,,,,,,,,,,,,,,,,,,,,,,,,,,
873f10a4-d810-492e-9c4e-f3baea4b952d,,,,,,,,,,,,,,,,,,,,,,,,,,,,,,,,,,,,,,,
87439295-b426-4daf-902f-17401e3070e6,,,,,,,,,,,,,,,,,,,,,,,,,,,,,,,,,,,,,,,
87518979-6861-48c8-b011-1c85e7b31dd1,,,,,,,,,,,,,,,,,,,,,,,,,,,,,,,,,,,,,,,
8751eca5-c26e-4273-9905-3e3eb4d5ebef,,,,,,,,,,,,,,,,,,,,,,,,,,,,,,,,,,,,,,,
87533111-6b8c-4554-8f66-2bc714737974,baidu,1.0,1.0,,,,,,,,,,,,,,,,,,,,,,,,,,,,,,,,,,,,
8758430e-0f11-44a8-bc67-4376192eb9db,,,,,,,,,,,,,,,,,,,,,,,,,,,,,,,,,,,,,,,
875fed7f-473a-4af2-9e74-16fc6851c790,,,,,,,,,,,,,,,,,,,,,,,,,,,,,,,,,,,,,,,
8764f4c4-17a8-4483-87ee-ac93ed061eab,,,,,,,,,,,,,,,,,,,,,,,,,,,,,,,,,,,,,,,
87653909-5ef7-42c0-9577-3c75da5b2626,,,,,,,,,,,,,,,,,,,,,,,,,,,,,,,,,,,,,,,
87853d0f-2db1-42ac-8b73-644dad69357b,,,,,,,,,,,,,,,,,,,,,,,,,,,,,,,,,,,,,,,
87866f45-dfe4-4a59-b2fc-c8cc8b3aaed5,,,,,,,,,,,,,,,,,,,,,,,,,,,,,,,,,,,,,,,
8786c9d3-5588-4088-87ed-2ed098100b4c,,,,,,,,,,,,,,,,,,,,,,,,,,,,,,,,,,,,,,,
879121d9-789c-4f2e-8575-deb50edd019f,,,,,,,,,,,,,,,,,,,,,,,,,,,,,,,,,,,,,,,
87a205f0-85f8-48c4-b012-30405121f546,,,,,,,,,,,,,,,,,,,,,,,,,,,,,,,,,,,,,,,
87a44ab1-1296-4299-8457-6c1a07fd329e,,,,,,,,,,,,,,,,,,,,,,,,,,,,,,,,,,,,,,,
87ac2bf5-3957-4c62-9bc2-3c80c24aa1fb,,,,,,,,,,,,,,,,,,,,,,,,,,,,,,,,,,,,,,,
87b79620-fb42-4c13-b57f-1a127b2770fb,,,,,,,,,,,,,,,,,,,,,,,,,,,,,,,,,,,,,,,
87bbafe7-1dcd-4537-ac49-f8d30a8a0293,,,,,,,,,,,,,,,,,,,,,,,,,,,,,,,,,,,,,,,
87bdb031-64c3-4e17-8424-f59c287d308a,amplitude,1.0,1.0,,,,,,,,,,,,,,,,,,,,,,,,,,,,,,,,,,,,
87c48639-9fef-4e31-92f8-a5b2a1ef27b9,strava,1.0,1.0,,,,,,,,,,,,,,,,,,,,,,,,,,,,,,,,,,,,
87cd4869-3d84-4b3b-beef-405160b922fb,,,,,,,,,,,,,,,,,,,,,,,,,,,,,,,,,,,,,,,
87d7931c-df91-4217-9ea3-14a3d24b694f,,,,,,,,,,,,,,,,,,,,,,,,,,,,,,,,,,,,,,,
87d7accd-fda6-46bc-9b58-b1d145a5c495,,,,,,,,,,,,,,,,,,,,,,,,,,,,,,,,,,,,,,,
87d8872e-4b30-43f1-b8b1-774b2dcd64f3,,,,,,,,,,,,,,,,,,,,,,,,,,,,,,,,,,,,,,,
87df11dc-dfcd-40a6-8836-6b72a08f960e,,,,,,,,,,,,,,,,,,,,,,,,,,,,,,,,,,,,,,,
87e1ae37-27ff-4d84-a6ab-37de0d17b49e,,,,,,,,,,,,,,,,,,,,,,,,,,,,,,,,,,,,,,,
87e9baa1-ebf5-4136-b902-46d8acbe06e1,,,,,,,,,,,,,,,,,,,,,,,,,,,,,,,,,,,,,,,
87ea9396-aafa-449a-96e5-8a1b5df92d94,,,,,,,,,,,,,,,,,,,,,,,,,,,,,,,,,,,,,,,
87f270a4-6b18-469f-95b4-285e97da52cd,,,,,,,,,,,,,,,,,,,,,,,,,,,,,,,,,,,,,,,
87f39168-ba35-4b1a-8a2f-739e255d50f1,microsoft,1.0,1.0,,,,,,,,,,,,,,,,,,,,,,,,,,,,,,,,,,,,
8806fc2d-e06e-4eda-87d0-bf653f211066,,,,,,,,,,,,,,,,,,,,,,,,,,,,,,,,,,,,,,,
880c0a94-4cd8-473f-a1bb-98184bce37a8,,,,,,,,,,,,,,,,,,,,,,,,,,,,,,,,,,,,,,,
880d6fb4-94f3-41b0-8c0c-4e983b5b3319,,,,,,,,,,,,,,,,,,,,,,,,,,,,,,,,,,,,,,,
881c01ee-2037-4489-a3fd-187dfc2dbac2,,,,,,,,,,,,,,,,,,,,,,,,,,,,,,,,,,,,,,,
881fa0c8-9792-40a8-8c3d-1f54aa147f7f,,,,,,,,,,,,,,,,,,,,,,,,,,,,,,,,,,,,,,,
8821088b-eb67-43bc-a890-9ac8cd724255,,,,,,,,,,,,,,,,,,,,,,,,,,,,,,,,,,,,,,,
882431d6-668c-41f4-81ed-4e034758d428,,,,,,,,,,,,,,,,,,,,,,,,,,,,,,,,,,,,,,,
88317724-eb78-475b-a06e-ae8c6d965fce,,,,,,,,,,,,,,,,,,,,,,,,,,,,,,,,,,,,,,,
88329a4e-6f2e-44ca-9f29-4d0f7fb1bbf7,,,,,,,,,,,,,,,,,,,,,,,,,,,,,,,,,,,,,,,
88392a88-b651-4a11-b812-534eefd09a5f,,,,,,,,,,,,,,,,,,,,,,,,,,,,,,,,,,,,,,,
883d99fc-adfc-4054-b713-f16e09fba915,squarespace,1.0,1.0,,,,,,,,,,,,,,,,,,,,,,,,,,,,,,,,,,,,
884132e1-652a-4779-91c5-9af41fd25ceb,apple,1.0,1.0,,,,,,,,,,,,,,,,,,,,,,,,,,,,,,,,,,,,
88444d8b-ae02-49bd-8290-50f76f476bfe,,,,,,,,,,,,,,,,,,,,,,,,,,,,,,,,,,,,,,,
88458e40-34e8-4bd1-b295-545c0ba97a11,,,,,,,,,,,,,,,,,,,,,,,,,,,,,,,,,,,,,,,
884bbf6a-4c1b-4f22-81a4-d86bab23d4a0,,,,,,,,,,,,,,,,,,,,,,,,,,,,,,,,,,,,,,,
8852c22b-089a-4a2d-bdbf-28d4214799c1,,,,,,,,,,,,,,,,,,,,,,,,,,,,,,,,,,,,,,,
885aba6d-d5ee-4c9b-823d-c6107512ebf4,,,,,,,,,,,,,,,,,,,,,,,,,,,,,,,,,,,,,,,
886ed4e2-288b-4dc9-9b4c-9125b5c58d03,,,,,,,,,,,,,,,,,,,,,,,,,,,,,,,,,,,,,,,
886f9db9-b12e-459d-971c-2e92fe257d71,,,,,,,,,,,,,,,,,,,,,,,,,,,,,,,,,,,,,,,
887436c7-eb8d-4453-9d75-4f107715efa8,,,,,,,,,,,,,,,,,,,,,,,,,,,,,,,,,,,,,,,
887a5da7-4952-400c-b8b6-27af55bba042,,,,,,,,,,,,,,,,,,,,,,,,,,,,,,,,,,,,,,,
887f406d-72f9-4086-a67a-25a64dba431f,,,,,,,,,,,,,,,,,,,,,,,,,,,,,,,,,,,,,,,
88860e0e-233c-4dbc-b278-2fee165bb017,,,,,,,,,,,,,,,,,,,,,,,,,,,,,,,,,,,,,,,
888bd4af-0a35-4797-98f7-67ba618c2786,,,,,,,,,,,,,,,,,,,,,,,,,,,,,,,,,,,,,,,
888ef48f-4cdc-4b1e-bbca-39d7dca2a9ce,,,,,,,,,,,,,,,,,,,,,,,,,,,,,,,,,,,,,,,
88977701-6587-44bc-8d75-3fe4bbbbe3d9,,,,,,,,,,,,,,,,,,,,,,,,,,,,,,,,,,,,,,,
88a1ada6-5512-4d16-9c7e-0fa5186f270d,,,,,,,,,,,,,,,,,,,,,,,,,,,,,,,,,,,,,,,
88b57202-a204-4f32-981d-077862961474,,,,,,,,,,,,,,,,,,,,,,,,,,,,,,,,,,,,,,,
88bc1ed6-4baa-4f90-9dc2-943b579dc139,51.la,1.0,1.0,,,,,,,,,,,,,,,,,,,,,,,,,,,,,,,,,,,,
88c2673d-f215-4905-bd7d-47f7edbfc4f2,wikimedia_foundation,1.0,1.0,,,,,,,,,,,,,,,,,,,,,,,,,,,,,,,,,,,,
88c33c6b-c85f-463a-abe3-e97851f0d267,,,,,,,,,,,,,,,,,,,,,,,,,,,,,,,,,,,,,,,
88cbff04-6420-4dea-9b00-dd76c069a178,,,,,,,,,,,,,,,,,,,,,,,,,,,,,,,,,,,,,,,
88e46636-cb10-437b-8c3e-3029d14c23bd,,,,,,,,,,,,,,,,,,,,,,,,,,,,,,,,,,,,,,,
88e6fcac-d12d-422c-8ce5-ca3692a71248,mailchimp,1.0,1.0,,,,,,,,,,,,,,,,,,,,,,,,,,,,,,,,,,,,
88f6aeca-92c5-4b00-8b3f-829fb4bc02ce,hubspot,1.0,1.0,,,,,,,,,,,,,,,,,,,,,,,,,,,,,,,,,,,,
88f88bb9-7c22-4303-8ab0-85ca7d1fc683,,,,,,,,,,,,,,,,,,,,,,,,,,,,,,,,,,,,,,,
88f8f3aa-1635-446f-9447-a276247d39cc,,,,,,,,,,,,,,,,,,,,,,,,,,,,,,,,,,,,,,,
88fa1b55-6b6d-4236-b96a-5cef09e6efff,,,,,,,,,,,,,,,,,,,,,,,,,,,,,,,,,,,,,,,
890c43a1-9f5e-4ef2-a488-95f51c4feb31,,,,,,,,,,,,,,,,,,,,,,,,,,,,,,,,,,,,,,,
8910fc88-93d4-41c6-b239-c389355023e9,marketgid_usa,1.0,1.0,,,,,,,,,,,,,,,,,,,,,,,,,,,,,,,,,,,,
891d85ad-3f62-4c90-9765-b28c0b2efec1,,,,,,,,,,,,,,,,,,,,,,,,,,,,,,,,,,,,,,,
89234df2-7812-4714-8129-10498c3c2976,,,,,,,,,,,,,,,,,,,,,,,,,,,,,,,,,,,,,,,
892c3cda-b420-4b45-8969-510addc052b7,,,,,,,,,,,,,,,,,,,,,,,,,,,,,,,,,,,,,,,
892d2bd4-440c-41de-8e30-db92c585ce12,,,,,,,,,,,,,,,,,,,,,,,,,,,,,,,,,,,,,,,
8930b853-31b4-4983-910f-dea64ac7dd28,,,,,,,,,,,,,,,,,,,,,,,,,,,,,,,,,,,,,,,
89344980-0a9a-4830-8c4a-23dfb3f5eeac,rambler,1.0,1.0,,,,,,,,,,,,,,,,,,,,,,,,,,,,,,,,,,,,
89351f73-1f2f-4dcf-9c9b-e3b8c2fa2e72,,,,,,,,,,,,,,,,,,,,,,,,,,,,,,,,,,,,,,,
893826fb-67ba-43a5-887c-85a9daa68be5,,,,,,,,,,,,,,,,,,,,,,,,,,,,,,,,,,,,,,,
893b4826-e948-433a-a227-b33723f7fabd,,,,,,,,,,,,,,,,,,,,,,,,,,,,,,,,,,,,,,,
89499f52-9a74-4f46-b1de-26a4e56447a0,,,,,,,,,,,,,,,,,,,,,,,,,,,,,,,,,,,,,,,
894d0dd8-f7c7-4dd3-9317-17712f85b363,,,,,,,,,,,,,,,,,,,,,,,,,,,,,,,,,,,,,,,
894e977a-610c-4149-ac89-2d56192da623,,,,,,,,,,,,,,,,,,,,,,,,,,,,,,,,,,,,,,,
8958f59c-07e7-447f-bc32-3d9f3e9b56d1,,,,,,,,,,,,,,,,,,,,,,,,,,,,,,,,,,,,,,,
895f5cc2-9394-4d3c-acb1-e64bb365c28b,,,,,,,,,,,,,,,,,,,,,,,,,,,,,,,,,,,,,,,
8963599b-655a-4489-b856-75279d8ffc05,,,,,,,,,,,,,,,,,,,,,,,,,,,,,,,,,,,,,,,
89650b80-48c1-44a7-9041-cc9a55dfd113,,,,,,,,,,,,,,,,,,,,,,,,,,,,,,,,,,,,,,,
896c42b2-4095-4d85-b09c-c5536e7c53b8,,,,,,,,,,,,,,,,,,,,,,,,,,,,,,,,,,,,,,,
896d4f88-fc2b-4fb3-89cf-9cf6b8432685,,,,,,,,,,,,,,,,,,,,,,,,,,,,,,,,,,,,,,,
896d653e-95be-49bb-9699-4d5c55e36d44,,,,,,,,,,,,,,,,,,,,,,,,,,,,,,,,,,,,,,,
8972a139-8f53-416b-b113-4405756e2379,,,,,,,,,,,,,,,,,,,,,,,,,,,,,,,,,,,,,,,
89799852-8c4b-49e1-9d6a-04bace18645a,,,,,,,,,,,,,,,,,,,,,,,,,,,,,,,,,,,,,,,
897cc58a-162f-4a2b-8669-90b7cfb51201,,,,,,,,,,,,,,,,,,,,,,,,,,,,,,,,,,,,,,,
898af1d1-0ec7-4a83-b0c3-1e2894df29d3,,,,,,,,,,,,,,,,,,,,,,,,,,,,,,,,,,,,,,,
898ce501-1863-4a5b-b949-1a2310064500,,,,,,,,,,,,,,,,,,,,,,,,,,,,,,,,,,,,,,,
89932917-ce92-4684-802c-c41613b1cfe6,,,,,,,,,,,,,,,,,,,,,,,,,,,,,,,,,,,,,,,
8998160e-45cb-446d-ba35-82be8e629a9e,,,,,,,,,,,,,,,,,,,,,,,,,,,,,,,,,,,,,,,
899d4fa8-138a-4da0-897b-103e9f048a87,,,,,,,,,,,,,,,,,,,,,,,,,,,,,,,,,,,,,,,
89a13b09-b24f-4ec0-9636-11a662830a3e,,,,,,,,,,,,,,,,,,,,,,,,,,,,,,,,,,,,,,,
89a1c616-0a3f-470c-8d3c-bb14cab76cce,,,,,,,,,,,,,,,,,,,,,,,,,,,,,,,,,,,,,,,
89ab5929-e81d-4e56-8b42-3c3b06682b6f,,,,,,,,,,,,,,,,,,,,,,,,,,,,,,,,,,,,,,,
89b0db86-6e6c-4d3c-973b-357841d47343,apple,1.0,1.0,,,,,,,,,,,,,,,,,,,,,,,,,,,,,,,,,,,,
89b3c9d5-f2e3-4b35-b175-2eb436333b22,,,,,,,,,,,,,,,,,,,,,,,,,,,,,,,,,,,,,,,
89b77871-6165-4e43-9027-71b2d52a5db0,,,,,,,,,,,,,,,,,,,,,,,,,,,,,,,,,,,,,,,
89d129ab-6882-4bdd-9f78-74814227fdb1,,,,,,,,,,,,,,,,,,,,,,,,,,,,,,,,,,,,,,,
89d6bf26-bd4f-4c37-ab8f-c61a62a31841,naver,1.0,1.0,,,,,,,,,,,,,,,,,,,,,,,,,,,,,,,,,,,,
89d98952-d5ba-49d2-8634-9b9709fd9198,,,,,,,,,,,,,,,,,,,,,,,,,,,,,,,,,,,,,,,
89e10f48-e35d-4a0c-a2e9-214dbb20d63a,,,,,,,,,,,,,,,,,,,,,,,,,,,,,,,,,,,,,,,
89e3c341-c736-4bd1-841c-1ccb9d774026,,,,,,,,,,,,,,,,,,,,,,,,,,,,,,,,,,,,,,,
89e4706c-1c4b-470a-9d37-a2959fb44a32,,,,,,,,,,,,,,,,,,,,,,,,,,,,,,,,,,,,,,,
89ea0fe0-4b17-4f12-9099-4b3292465b7a,,,,,,,,,,,,,,,,,,,,,,,,,,,,,,,,,,,,,,,
89f6ac25-c01b-4110-bda0-224dff0a014f,,,,,,,,,,,,,,,,,,,,,,,,,,,,,,,,,,,,,,,
8a0d415a-2324-4414-ac20-924f6fc6ed70,,,,,,,,,,,,,,,,,,,,,,,,,,,,,,,,,,,,,,,
8a132196-4fad-4831-aa7b-cc44a551f5a1,salesforce,1.0,1.0,,,,,,,,,,,,,,,,,,,,,,,,,,,,,,,,,,,,
8a1587e2-326b-4b51-9154-c16461da8e59,,,,,,,,,,,,,,,,,,,,,,,,,,,,,,,,,,,,,,,
8a1af84f-ccfe-4865-a415-d684dcc0ecf6,,,,,,,,,,,,,,,,,,,,,,,,,,,,,,,,,,,,,,,
8a1e7ed8-d38a-4a0b-b803-a713a4d6cb90,,,,,,,,,,,,,,,,,,,,,,,,,,,,,,,,,,,,,,,
8a221aee-c1d3-4956-bed5-14a0d054660d,,,,,,,,,,,,,,,,,,,,,,,,,,,,,,,,,,,,,,,
8a2ce71b-7601-4a72-ba24-ac1890553315,,,,,,,,,,,,,,,,,,,,,,,,,,,,,,,,,,,,,,,
8a3bf3e3-4391-4ad8-8242-caa0c6436b72,,,,,,,,,,,,,,,,,,,,,,,,,,,,,,,,,,,,,,,
8a452939-08a0-464a-81a9-c155f5467bc1,,,,,,,,,,,,,,,,,,,,,,,,,,,,,,,,,,,,,,,
8a4b4698-479a-4fa4-9872-48671b092783,,,,,,,,,,,,,,,,,,,,,,,,,,,,,,,,,,,,,,,
8a5167f6-6d2a-46aa-a44a-e45280f3bdcf,,,,,,,,,,,,,,,,,,,,,,,,,,,,,,,,,,,,,,,
8a5770d3-57c0-4a62-9f7a-286b6dfbfe82,,,,,,,,,,,,,,,,,,,,,,,,,,,,,,,,,,,,,,,
8a593fb0-4ab9-473a-8a1e-fe72f378e3e2,,,,,,,,,,,,,,,,,,,,,,,,,,,,,,,,,,,,,,,
8a59a732-91f2-4b81-a345-70ad055d33e8,,,,,,,,,,,,,,,,,,,,,,,,,,,,,,,,,,,,,,,
8a5e90f4-52b6-4773-8152-2ad3886a342e,,,,,,,,,,,,,,,,,,,,,,,,,,,,,,,,,,,,,,,
8a687293-c9a0-4629-b3ad-b17ca7b98982,,,,,,,,,,,,,,,,,,,,,,,,,,,,,,,,,,,,,,,
8a6b1a66-d2f1-4480-b5cd-891f7557f569,,,,,,,,,,,,,,,,,,,,,,,,,,,,,,,,,,,,,,,
8a6b4df2-fdcf-4968-a3a5-f7fabb6a6341,,,,,,,,,,,,,,,,,,,,,,,,,,,,,,,,,,,,,,,
8a6dc38d-9848-4477-bf02-a4dc7eee7b0e,,,,,,,,,,,,,,,,,,,,,,,,,,,,,,,,,,,,,,,
8a6dce45-b9fd-4bc6-a909-957ac5ac5f9c,,,,,,,,,,,,,,,,,,,,,,,,,,,,,,,,,,,,,,,
8a731db6-70a9-4d68-817d-57a9309ed9f2,,,,,,,,,,,,,,,,,,,,,,,,,,,,,,,,,,,,,,,
8a7662e9-7db0-4c90-aec5-8cf28ae98739,,,,,,,,,,,,,,,,,,,,,,,,,,,,,,,,,,,,,,,
8a79581a-6d9c-4636-bd64-8e934c9c010e,,,,,,,,,,,,,,,,,,,,,,,,,,,,,,,,,,,,,,,
8a7cebed-7bc0-404a-b97a-19598629523b,,,,,,,,,,,,,,,,,,,,,,,,,,,,,,,,,,,,,,,
8a824c38-2f02-46c7-9d63-2fb9fe2ee24d,,,,,,,,,,,,,,,,,,,,,,,,,,,,,,,,,,,,,,,
8a92337d-3d48-4e60-95ac-6cc64f996691,,,,,,,,,,,,,,,,,,,,,,,,,,,,,,,,,,,,,,,
8a9398ef-c43c-4e49-8eba-03ba15636542,,,,,,,,,,,,,,,,,,,,,,,,,,,,,,,,,,,,,,,
8a987567-9f15-461e-a8f7-5e696c80e2d4,,,,,,,,,,,,,,,,,,,,,,,,,,,,,,,,,,,,,,,
8a999705-7e1a-4f0c-959d-8eb88898a1ba,,,,,,,,,,,,,,,,,,,,,,,,,,,,,,,,,,,,,,,
8a9fe836-07fb-4adc-a2f0-67a7f22be033,,,,,,,,,,,,,,,,,,,,,,,,,,,,,,,,,,,,,,,
8aabeeb9-f48f-4920-baf6-6ed61cb41681,,,,,,,,,,,,,,,,,,,,,,,,,,,,,,,,,,,,,,,
8aac2d7a-ed6d-49ea-a2f5-236c3abea7df,,,,,,,,,,,,,,,,,,,,,,,,,,,,,,,,,,,,,,,
8aaf8f89-f915-434a-bb33-cfe7dacd9f1d,,,,,,,,,,,,,,,,,,,,,,,,,,,,,,,,,,,,,,,
8ab41f25-84cf-457e-83c2-15bcd72700b1,,,,,,,,,,,,,,,,,,,,,,,,,,,,,,,,,,,,,,,
8ab7cd50-22ed-4acc-9dd7-7e69cbb8ec55,,,,,,,,,,,,,,,,,,,,,,,,,,,,,,,,,,,,,,,
8ab99edb-6498-4834-8960-6374e438bf2c,,,,,,,,,,,,,,,,,,,,,,,,,,,,,,,,,,,,,,,
8abb61a8-83f0-4195-8e51-5bb8e7293d00,,,,,,,,,,,,,,,,,,,,,,,,,,,,,,,,,,,,,,,
8abe906a-6933-4d9c-9bde-5c94ff4ae991,,,,,,,,,,,,,,,,,,,,,,,,,,,,,,,,,,,,,,,
8abfce12-ea3f-4cd9-bb86-6eedd4a0609d,baidu,1.0,1.0,,,,,,,,,,,,,,,,,,,,,,,,,,,,,,,,,,,,
8ac4f981-5c39-4796-8482-0f5b069cda92,,,,,,,,,,,,,,,,,,,,,,,,,,,,,,,,,,,,,,,
8ac6e2a0-dcf9-4ac9-8b94-814b2a8cc096,,,,,,,,,,,,,,,,,,,,,,,,,,,,,,,,,,,,,,,
8acd8a0b-84e6-41ad-ae89-851efbf12876,,,,,,,,,,,,,,,,,,,,,,,,,,,,,,,,,,,,,,,
8ace81f6-9ddf-4575-ba02-786d240a47de,,,,,,,,,,,,,,,,,,,,,,,,,,,,,,,,,,,,,,,
8acefaa2-0391-4444-9d58-b34961d36378,,,,,,,,,,,,,,,,,,,,,,,,,,,,,,,,,,,,,,,
8ad58943-53fe-4277-a517-49e40504abce,,,,,,,,,,,,,,,,,,,,,,,,,,,,,,,,,,,,,,,
8ad7d153-1de6-4bff-bfbd-f22316a506a5,,,,,,,,,,,,,,,,,,,,,,,,,,,,,,,,,,,,,,,
8ad87d34-b341-43e7-8fae-c9f37040e0d3,,,,,,,,,,,,,,,,,,,,,,,,,,,,,,,,,,,,,,,
8ae4be3a-d6a3-4ca3-bd21-9bfa40fe3d09,,,,,,,,,,,,,,,,,,,,,,,,,,,,,,,,,,,,,,,
8aea950c-2895-4d9a-b28c-cb6cc969bc62,,,,,,,,,,,,,,,,,,,,,,,,,,,,,,,,,,,,,,,
8aec93e5-71fa-4653-9998-4ef20ac2a0c3,,,,,,,,,,,,,,,,,,,,,,,,,,,,,,,,,,,,,,,
8aeda487-e86a-474e-bddd-9f3cfa8e13d0,,,,,,,,,,,,,,,,,,,,,,,,,,,,,,,,,,,,,,,
8aedfb7c-2137-4987-9b56-41b8b351ae7b,,,,,,,,,,,,,,,,,,,,,,,,,,,,,,,,,,,,,,,
8aeecb72-8fac-4340-ba99-12437fde1d20,,,,,,,,,,,,,,,,,,,,,,,,,,,,,,,,,,,,,,,
8af01d26-be8e-4c4e-9a7c-cd792790bf08,zoominfo,1.0,1.0,,,,,,,,,,,,,,,,,,,,,,,,,,,,,,,,,,,,
8af3f841-c248-40d5-a6e8-f0062b64053d,,,,,,,,,,,,,,,,,,,,,,,,,,,,,,,,,,,,,,,
8af5ce84-baf6-4c0c-9566-511bdecb34be,,,,,,,,,,,,,,,,,,,,,,,,,,,,,,,,,,,,,,,
8b07cf13-abef-4f1d-869c-d93d1af10853,,,,,,,,,,,,,,,,,,,,,,,,,,,,,,,,,,,,,,,
8b087078-e776-4c6d-b4af-dc5e451047ab,,,,,,,,,,,,,,,,,,,,,,,,,,,,,,,,,,,,,,,
8b12741b-0f66-405c-833e-06cdf0c0226a,,,,,,,,,,,,,,,,,,,,,,,,,,,,,,,,,,,,,,,
8b29527b-21b4-4b95-bff0-ad75c969ac33,,,,,,,,,,,,,,,,,,,,,,,,,,,,,,,,,,,,,,,
8b2ab7fc-3d5e-4e8e-bfae-454f81819581,,,,,,,,,,,,,,,,,,,,,,,,,,,,,,,,,,,,,,,
8b340b4e-4f75-45af-baa0-8212f1307f9a,,,,,,,,,,,,,,,,,,,,,,,,,,,,,,,,,,,,,,,
8b3d3575-22a7-454d-9adf-b6210f4bac11,vimeo,1.0,0.5,cloudflare,1.0,0.5,,,,,,,,,,,,,,,,,,,,,,,,,,,,,,,,,
8b41bdac-f899-41cb-b7a3-4fdf811544b3,,,,,,,,,,,,,,,,,,,,,,,,,,,,,,,,,,,,,,,
8b46bad4-8ff5-45ee-8966-3102f7364cf5,,,,,,,,,,,,,,,,,,,,,,,,,,,,,,,,,,,,,,,
8b4b0066-9b04-4068-92d1-770c77b4d6d5,,,,,,,,,,,,,,,,,,,,,,,,,,,,,,,,,,,,,,,
8b5e666a-cb7f-4262-8855-e7bfdc4c61b8,,,,,,,,,,,,,,,,,,,,,,,,,,,,,,,,,,,,,,,
8b5fe94c-a8fb-4435-ab7c-af7f70f84ba7,,,,,,,,,,,,,,,,,,,,,,,,,,,,,,,,,,,,,,,
8b68b690-6704-42a1-be55-79ba9500e2eb,,,,,,,,,,,,,,,,,,,,,,,,,,,,,,,,,,,,,,,
8b69feb5-bc2b-44d5-a199-e40fb2792701,,,,,,,,,,,,,,,,,,,,,,,,,,,,,,,,,,,,,,,
8b6a1552-8895-4a81-98a2-0045b6e8e305,,,,,,,,,,,,,,,,,,,,,,,,,,,,,,,,,,,,,,,
8b76eb62-8e0e-4beb-aa51-4f37fced5726,,,,,,,,,,,,,,,,,,,,,,,,,,,,,,,,,,,,,,,
8b778df5-f908-4b08-af09-1cdd3e50ec7d,,,,,,,,,,,,,,,,,,,,,,,,,,,,,,,,,,,,,,,
8b832bf3-6cd4-4773-ac85-e6dbb3f48529,,,,,,,,,,,,,,,,,,,,,,,,,,,,,,,,,,,,,,,
8b933b80-a678-49bf-bd1d-9e67d7a928c5,,,,,,,,,,,,,,,,,,,,,,,,,,,,,,,,,,,,,,,
8b93d740-ab3a-417a-a13f-f2763ef4bf33,,,,,,,,,,,,,,,,,,,,,,,,,,,,,,,,,,,,,,,
8b97e257-ca9b-4394-a2a4-f013fcfef675,,,,,,,,,,,,,,,,,,,,,,,,,,,,,,,,,,,,,,,
8b9cf919-0342-4e74-8d86-ccbf9be2c318,,,,,,,,,,,,,,,,,,,,,,,,,,,,,,,,,,,,,,,
8b9d2134-3ae0-4941-9d25-f23ca881ef50,,,,,,,,,,,,,,,,,,,,,,,,,,,,,,,,,,,,,,,
8ba50740-5a2b-4096-9a66-ef1c1702a2cf,,,,,,,,,,,,,,,,,,,,,,,,,,,,,,,,,,,,,,,
8ba91598-5b1e-432c-a1fc-1a48c6eb36d2,yotpo,1.0,1.0,,,,,,,,,,,,,,,,,,,,,,,,,,,,,,,,,,,,
8bacc6ce-10ca-47c0-9431-357c75b46370,,,,,,,,,,,,,,,,,,,,,,,,,,,,,,,,,,,,,,,
8baed896-58e3-4c42-a2a1-d5375f6af328,pushwoosh,1.0,1.0,,,,,,,,,,,,,,,,,,,,,,,,,,,,,,,,,,,,
8baf93de-2003-4390-926f-5cdfe40ad448,,,,,,,,,,,,,,,,,,,,,,,,,,,,,,,,,,,,,,,
8bb5fe1f-dfba-4d6a-b07a-2998cf1efeef,,,,,,,,,,,,,,,,,,,,,,,,,,,,,,,,,,,,,,,
8bc40ae6-d5e4-40e3-8c0a-1c34f21a25fe,,,,,,,,,,,,,,,,,,,,,,,,,,,,,,,,,,,,,,,
8bc967ec-f79c-4117-b6e1-364d9611eae7,,,,,,,,,,,,,,,,,,,,,,,,,,,,,,,,,,,,,,,
8bcd84f3-ae31-4c56-b151-174a73cc757b,,,,,,,,,,,,,,,,,,,,,,,,,,,,,,,,,,,,,,,
8bcf1f5d-3fd7-493c-8514-f324938e87af,,,,,,,,,,,,,,,,,,,,,,,,,,,,,,,,,,,,,,,
8bd66913-2070-4fc4-b67f-f5df4c82fba7,ad_lightning,1.0,1.0,,,,,,,,,,,,,,,,,,,,,,,,,,,,,,,,,,,,
8bd720d8-a94b-4fae-a66a-4aa7f1092dbf,,,,,,,,,,,,,,,,,,,,,,,,,,,,,,,,,,,,,,,
8bda9784-c288-4ff8-9ee1-61d71f7c8df0,,,,,,,,,,,,,,,,,,,,,,,,,,,,,,,,,,,,,,,
8bdc335a-53da-436d-abd1-37a4cdccada1,,,,,,,,,,,,,,,,,,,,,,,,,,,,,,,,,,,,,,,
8be4739d-3551-436c-a5d5-f375c9eff87b,,,,,,,,,,,,,,,,,,,,,,,,,,,,,,,,,,,,,,,
8be5f394-2ed4-452b-829f-e5e07ec11321,,,,,,,,,,,,,,,,,,,,,,,,,,,,,,,,,,,,,,,
8be66314-5245-4f3b-82fe-54d137a8bee3,,,,,,,,,,,,,,,,,,,,,,,,,,,,,,,,,,,,,,,
8be792d2-bc1a-4184-be9c-fd770357b999,,,,,,,,,,,,,,,,,,,,,,,,,,,,,,,,,,,,,,,
8bea11e3-94c7-4959-994c-1efca554c9fb,,,,,,,,,,,,,,,,,,,,,,,,,,,,,,,,,,,,,,,
8bf43541-e4e0-4cc9-af93-efb2a002efca,,,,,,,,,,,,,,,,,,,,,,,,,,,,,,,,,,,,,,,
8bf5f1b8-7b47-4697-b3a8-8c3a6bba2a57,zalando,1.0,1.0,,,,,,,,,,,,,,,,,,,,,,,,,,,,,,,,,,,,
8bf8ef57-5622-45d8-832e-a2aa4cb65d84,,,,,,,,,,,,,,,,,,,,,,,,,,,,,,,,,,,,,,,
8c128136-7f72-44ff-aacf-a904a640c8de,,,,,,,,,,,,,,,,,,,,,,,,,,,,,,,,,,,,,,,
8c155c6d-929a-4870-b2a2-c707355bcfc1,,,,,,,,,,,,,,,,,,,,,,,,,,,,,,,,,,,,,,,
8c15a321-67b2-4f99-9683-6b331ac158b8,naver,1.0,1.0,,,,,,,,,,,,,,,,,,,,,,,,,,,,,,,,,,,,
8c18f924-26ff-4f8d-8276-bc8e1bc2825d,,,,,,,,,,,,,,,,,,,,,,,,,,,,,,,,,,,,,,,
8c198e9a-f36a-4113-a1ce-b3bd2be92444,,,,,,,,,,,,,,,,,,,,,,,,,,,,,,,,,,,,,,,
8c1a4772-8fdb-4bee-8aac-7ec1278497fc,salesforce,1.0,1.0,,,,,,,,,,,,,,,,,,,,,,,,,,,,,,,,,,,,
8c2dc296-f489-4d5a-b552-350812555949,,,,,,,,,,,,,,,,,,,,,,,,,,,,,,,,,,,,,,,
8c2e3cd2-b533-49cc-98e4-c7a12cae132d,,,,,,,,,,,,,,,,,,,,,,,,,,,,,,,,,,,,,,,
8c397926-3a72-4d7d-ba3d-0d4607c15818,,,,,,,,,,,,,,,,,,,,,,,,,,,,,,,,,,,,,,,
8c3e45d3-5a2c-40b5-98b4-775cc1937a40,,,,,,,,,,,,,,,,,,,,,,,,,,,,,,,,,,,,,,,
8c42d1d8-5b55-4f32-9e4e-5479dbc97b19,,,,,,,,,,,,,,,,,,,,,,,,,,,,,,,,,,,,,,,
8c47b180-866c-480f-9b9c-a632d34f9099,,,,,,,,,,,,,,,,,,,,,,,,,,,,,,,,,,,,,,,
8c48180a-02e5-4828-96cf-696bf3a2d54a,,,,,,,,,,,,,,,,,,,,,,,,,,,,,,,,,,,,,,,
8c55d885-83a5-4cfa-bc91-ec5650ae0534,,,,,,,,,,,,,,,,,,,,,,,,,,,,,,,,,,,,,,,
8c5fe68e-3a82-4a0b-be87-d98156e1edc5,,,,,,,,,,,,,,,,,,,,,,,,,,,,,,,,,,,,,,,
8c62b1d9-e178-4b0b-8910-3886afc6bbbd,,,,,,,,,,,,,,,,,,,,,,,,,,,,,,,,,,,,,,,
8c6818ce-9b1b-432d-a076-bdfc830eb953,,,,,,,,,,,,,,,,,,,,,,,,,,,,,,,,,,,,,,,
8c6e2f66-7353-4472-bb83-2f8fcaf4d33f,,,,,,,,,,,,,,,,,,,,,,,,,,,,,,,,,,,,,,,
8c812d5e-c728-48cd-9d19-b5dd2cb20e2d,,,,,,,,,,,,,,,,,,,,,,,,,,,,,,,,,,,,,,,
8c82422a-e4f4-4dce-9604-76aa641e00de,,,,,,,,,,,,,,,,,,,,,,,,,,,,,,,,,,,,,,,
8c86ad8b-5cdd-4029-b21e-12b53674c5f4,naver,1.0,1.0,,,,,,,,,,,,,,,,,,,,,,,,,,,,,,,,,,,,
8c93a100-9933-4780-91f2-c4b00503847d,,,,,,,,,,,,,,,,,,,,,,,,,,,,,,,,,,,,,,,
8c975d5d-db62-497e-8474-62dcc8ee480e,wikimedia_foundation,1.0,1.0,,,,,,,,,,,,,,,,,,,,,,,,,,,,,,,,,,,,
8ca90192-31e6-4ffc-b53a-833e0eda4912,,,,,,,,,,,,,,,,,,,,,,,,,,,,,,,,,,,,,,,
8cb171e3-5c29-4d1c-8f74-f19a1430ee4a,acint,1.0,1.0,,,,,,,,,,,,,,,,,,,,,,,,,,,,,,,,,,,,
8cb2e4b5-00ec-462c-a717-ba61390452e0,,,,,,,,,,,,,,,,,,,,,,,,,,,,,,,,,,,,,,,
8cb2e721-b14a-4664-b39a-80b673fb14a6,,,,,,,,,,,,,,,,,,,,,,,,,,,,,,,,,,,,,,,
8cb39c4f-8c30-4fc6-8403-c8c94a50894c,,,,,,,,,,,,,,,,,,,,,,,,,,,,,,,,,,,,,,,
8cb5e58a-7300-4036-acfc-f058411866a4,,,,,,,,,,,,,,,,,,,,,,,,,,,,,,,,,,,,,,,
8cc97c80-eaff-445b-9465-730f07bba5a2,,,,,,,,,,,,,,,,,,,,,,,,,,,,,,,,,,,,,,,
8cca48f1-e735-4cc4-ba59-334d15f0ac2d,,,,,,,,,,,,,,,,,,,,,,,,,,,,,,,,,,,,,,,
8cccfbb2-f86f-40da-9821-83e65c5c46a0,,,,,,,,,,,,,,,,,,,,,,,,,,,,,,,,,,,,,,,
8cd7fa04-6cde-4033-a265-032c46f638d6,,,,,,,,,,,,,,,,,,,,,,,,,,,,,,,,,,,,,,,
8cdb397b-ecb7-409b-97b9-89c40b4eec74,,,,,,,,,,,,,,,,,,,,,,,,,,,,,,,,,,,,,,,
8cdc9d28-b935-4445-a66d-09ab1bebfdbf,,,,,,,,,,,,,,,,,,,,,,,,,,,,,,,,,,,,,,,
8ce02c0a-41e9-4290-9a14-83c522f0cf5e,,,,,,,,,,,,,,,,,,,,,,,,,,,,,,,,,,,,,,,
8ce2f408-79a4-45ba-b6f7-10fae64cdb0b,,,,,,,,,,,,,,,,,,,,,,,,,,,,,,,,,,,,,,,
8cf10dca-1d3c-48a8-a451-51f972e05aef,,,,,,,,,,,,,,,,,,,,,,,,,,,,,,,,,,,,,,,
8cf9e400-a174-414f-809e-870057d424cb,,,,,,,,,,,,,,,,,,,,,,,,,,,,,,,,,,,,,,,
8cfe6c04-98a6-4fad-88ab-157ec5120ff3,,,,,,,,,,,,,,,,,,,,,,,,,,,,,,,,,,,,,,,
8d03fb23-30ee-428e-b72f-e329b9f9cc1e,,,,,,,,,,,,,,,,,,,,,,,,,,,,,,,,,,,,,,,
8d08ff7a-74b1-4d4d-817b-c2de77054908,,,,,,,,,,,,,,,,,,,,,,,,,,,,,,,,,,,,,,,
8d0c0504-bf4b-4bf7-afa2-6933a1ffc8ee,,,,,,,,,,,,,,,,,,,,,,,,,,,,,,,,,,,,,,,
8d0e75f5-1294-41e5-ba21-8981ad8766f8,strava,1.0,1.0,,,,,,,,,,,,,,,,,,,,,,,,,,,,,,,,,,,,
8d16dcc4-ab14-4044-99f8-66ea8f14b687,,,,,,,,,,,,,,,,,,,,,,,,,,,,,,,,,,,,,,,
8d180eaf-ce1e-4d8e-b253-1af0dbca1595,,,,,,,,,,,,,,,,,,,,,,,,,,,,,,,,,,,,,,,
8d205c48-8232-47c3-b824-eb06fb380455,,,,,,,,,,,,,,,,,,,,,,,,,,,,,,,,,,,,,,,
8d206aad-05c2-49f1-98b0-b5b14dfd93bc,,,,,,,,,,,,,,,,,,,,,,,,,,,,,,,,,,,,,,,
8d2cdb94-59b3-46a8-a117-3a1268ad86d4,,,,,,,,,,,,,,,,,,,,,,,,,,,,,,,,,,,,,,,
8d2d1616-7617-4e3d-a18f-f30107c87032,,,,,,,,,,,,,,,,,,,,,,,,,,,,,,,,,,,,,,,
8d3a7cbd-f2be-40a2-85ac-2c1591a58dd5,,,,,,,,,,,,,,,,,,,,,,,,,,,,,,,,,,,,,,,
8d46789f-ea0e-4831-b536-0a18e5498bdd,,,,,,,,,,,,,,,,,,,,,,,,,,,,,,,,,,,,,,,
8d49c568-c221-48b2-ae95-6be16613bc0d,,,,,,,,,,,,,,,,,,,,,,,,,,,,,,,,,,,,,,,
8d4a0c6f-a985-4ded-8993-94dd874700ce,,,,,,,,,,,,,,,,,,,,,,,,,,,,,,,,,,,,,,,
8d4ea439-7c50-4b34-afea-60fca1072b3e,,,,,,,,,,,,,,,,,,,,,,,,,,,,,,,,,,,,,,,
8d584d22-1e01-481c-ac75-e356b238cf15,,,,,,,,,,,,,,,,,,,,,,,,,,,,,,,,,,,,,,,
8d5a4701-8a3d-4c6b-9f6c-a52b4769abe8,,,,,,,,,,,,,,,,,,,,,,,,,,,,,,,,,,,,,,,
8d5d950a-4ecc-43ba-8141-b2ec1d1820e6,,,,,,,,,,,,,,,,,,,,,,,,,,,,,,,,,,,,,,,
8d67582c-c85f-4d4d-ba80-e3c5778613de,,,,,,,,,,,,,,,,,,,,,,,,,,,,,,,,,,,,,,,
8d7096d6-a834-43b9-8434-101bfd1e2505,,,,,,,,,,,,,,,,,,,,,,,,,,,,,,,,,,,,,,,
8d718873-6631-43da-861f-ba429a3482f9,ibm,1.0,1.0,,,,,,,,,,,,,,,,,,,,,,,,,,,,,,,,,,,,
8d71fc38-5676-4ecf-938e-ff3971321973,squarespace,1.0,1.0,,,,,,,,,,,,,,,,,,,,,,,,,,,,,,,,,,,,
8d730ebf-0e99-4c0a-80bf-49b14a18f3e5,,,,,,,,,,,,,,,,,,,,,,,,,,,,,,,,,,,,,,,
8d73ed82-d8a1-4f4f-9a71-f180689850ea,,,,,,,,,,,,,,,,,,,,,,,,,,,,,,,,,,,,,,,
8d861baa-0ca6-4e33-ab3a-411d18a6dce3,,,,,,,,,,,,,,,,,,,,,,,,,,,,,,,,,,,,,,,
8d9403b2-f3e7-47f6-b88b-d6320f33f172,,,,,,,,,,,,,,,,,,,,,,,,,,,,,,,,,,,,,,,
8d97946b-05b8-4940-ac9a-109522cc6169,,,,,,,,,,,,,,,,,,,,,,,,,,,,,,,,,,,,,,,
8d9c640a-ffb4-4b35-9f3e-f00ca13310cf,trustpilot,1.0,1.0,,,,,,,,,,,,,,,,,,,,,,,,,,,,,,,,,,,,
8d9eb904-12c9-4083-90d2-17394bb7956a,,,,,,,,,,,,,,,,,,,,,,,,,,,,,,,,,,,,,,,
8da0a820-94b0-48c7-9795-95e8713aabac,,,,,,,,,,,,,,,,,,,,,,,,,,,,,,,,,,,,,,,
8daab6db-210f-4bcd-a5e2-b7021d97bab8,,,,,,,,,,,,,,,,,,,,,,,,,,,,,,,,,,,,,,,
8dbae4eb-f52d-4b2b-988f-05215c67631a,,,,,,,,,,,,,,,,,,,,,,,,,,,,,,,,,,,,,,,
8dbd5981-e86c-4945-9959-c1d64676f05f,,,,,,,,,,,,,,,,,,,,,,,,,,,,,,,,,,,,,,,
8dbe022a-9c0c-42ad-b47a-a9505549cdf7,,,,,,,,,,,,,,,,,,,,,,,,,,,,,,,,,,,,,,,
8dc4bc6e-9dd1-4f1e-a879-b7a619423a6b,,,,,,,,,,,,,,,,,,,,,,,,,,,,,,,,,,,,,,,
8dd21713-6600-4bf8-ab6b-b8de219b617c,,,,,,,,,,,,,,,,,,,,,,,,,,,,,,,,,,,,,,,
8de45e06-9a5d-4d2d-b854-9c2d8c070e6a,,,,,,,,,,,,,,,,,,,,,,,,,,,,,,,,,,,,,,,
8de4ce2a-5293-4b20-8aa1-fcbc99dfddf1,wp_engine,1.0,1.0,,,,,,,,,,,,,,,,,,,,,,,,,,,,,,,,,,,,
8de9aa23-8102-423f-b51e-77271204f984,,,,,,,,,,,,,,,,,,,,,,,,,,,,,,,,,,,,,,,
8def7494-7239-4e71-8ec4-5cc687a77451,,,,,,,,,,,,,,,,,,,,,,,,,,,,,,,,,,,,,,,
8dfe573d-c6f8-4480-8245-0e11052a0b1d,wikimedia_foundation,1.0,1.0,,,,,,,,,,,,,,,,,,,,,,,,,,,,,,,,,,,,
8e004998-cf50-48b9-b0d7-5b02a56293b9,,,,,,,,,,,,,,,,,,,,,,,,,,,,,,,,,,,,,,,
8e01db16-5f25-4d62-9d1e-3c1254d4d6e1,,,,,,,,,,,,,,,,,,,,,,,,,,,,,,,,,,,,,,,
8e0619a0-cd1d-4557-8ecc-e2a7819f3d7d,,,,,,,,,,,,,,,,,,,,,,,,,,,,,,,,,,,,,,,
8e087d38-fdcc-4ce5-b619-7a69cfa53af6,,,,,,,,,,,,,,,,,,,,,,,,,,,,,,,,,,,,,,,
8e09c1e8-9cc5-4878-b4fa-741d47af927f,,,,,,,,,,,,,,,,,,,,,,,,,,,,,,,,,,,,,,,
8e109523-a2e3-4eaf-aff8-c487894b6439,,,,,,,,,,,,,,,,,,,,,,,,,,,,,,,,,,,,,,,
8e111bd5-c35f-4169-827a-6f1f7e269658,,,,,,,,,,,,,,,,,,,,,,,,,,,,,,,,,,,,,,,
8e12f57d-8c88-4652-bbdf-e3e09b3b3068,,,,,,,,,,,,,,,,,,,,,,,,,,,,,,,,,,,,,,,
8e161502-9690-49f3-a16b-feaddc5862d6,,,,,,,,,,,,,,,,,,,,,,,,,,,,,,,,,,,,,,,
8e1921e4-5cf6-48cf-95aa-1b7a8ba51c1b,,,,,,,,,,,,,,,,,,,,,,,,,,,,,,,,,,,,,,,
8e1b7a7f-a463-4bcc-851f-c2a77bfb1740,,,,,,,,,,,,,,,,,,,,,,,,,,,,,,,,,,,,,,,
8e224be5-ec63-474c-8343-6477ba57cb5c,,,,,,,,,,,,,,,,,,,,,,,,,,,,,,,,,,,,,,,
8e271089-24d4-4e83-a7df-3cf66a1c795e,,,,,,,,,,,,,,,,,,,,,,,,,,,,,,,,,,,,,,,
8e271751-60ec-430e-8c43-30c604881584,,,,,,,,,,,,,,,,,,,,,,,,,,,,,,,,,,,,,,,
8e2e8b58-7dc5-4c83-9e7a-8484c93b7e77,,,,,,,,,,,,,,,,,,,,,,,,,,,,,,,,,,,,,,,
8e34fd6a-a9b6-4a91-bcdd-8b4b0b89013b,,,,,,,,,,,,,,,,,,,,,,,,,,,,,,,,,,,,,,,
8e3ca45c-70b3-48f2-bd62-db95727397d3,,,,,,,,,,,,,,,,,,,,,,,,,,,,,,,,,,,,,,,
8e48281a-1c66-432d-9bfd-d99c0576db26,,,,,,,,,,,,,,,,,,,,,,,,,,,,,,,,,,,,,,,
8e486336-c3dc-4d20-8c11-c370491e31c8,,,,,,,,,,,,,,,,,,,,,,,,,,,,,,,,,,,,,,,
8e4a4a97-3b2f-4906-90f0-0c18c6b7b870,,,,,,,,,,,,,,,,,,,,,,,,,,,,,,,,,,,,,,,
8e4ab44b-a20c-4d35-bf41-8b157d2ddc3e,,,,,,,,,,,,,,,,,,,,,,,,,,,,,,,,,,,,,,,
8e4f3454-363d-49fd-a7d3-99a7a07e4642,,,,,,,,,,,,,,,,,,,,,,,,,,,,,,,,,,,,,,,
8e4fdd83-91ae-42be-91a5-92c6541545eb,typeform,1.0,1.0,,,,,,,,,,,,,,,,,,,,,,,,,,,,,,,,,,,,
8e54e578-22b5-4580-a369-abe134047472,,,,,,,,,,,,,,,,,,,,,,,,,,,,,,,,,,,,,,,
8e5506d9-5beb-4838-8ff0-1a5940463fff,,,,,,,,,,,,,,,,,,,,,,,,,,,,,,,,,,,,,,,
8e5c8513-04be-41c3-bde4-7e1d28138a96,,,,,,,,,,,,,,,,,,,,,,,,,,,,,,,,,,,,,,,
8e5eba6d-8ccc-4255-ac4b-4758e9aee6bc,,,,,,,,,,,,,,,,,,,,,,,,,,,,,,,,,,,,,,,
8e6128d5-aa24-4653-9e38-a5717e8db028,,,,,,,,,,,,,,,,,,,,,,,,,,,,,,,,,,,,,,,
8e63c73c-ef74-45ec-b1a8-3aab7b4ca189,,,,,,,,,,,,,,,,,,,,,,,,,,,,,,,,,,,,,,,
8e6ba687-57d8-49dd-8c1a-c0eefc59b4e9,,,,,,,,,,,,,,,,,,,,,,,,,,,,,,,,,,,,,,,
8e72b861-6d84-43fa-adba-f8490cc34207,,,,,,,,,,,,,,,,,,,,,,,,,,,,,,,,,,,,,,,
8e7b9fa2-2490-44dd-9a90-765643d4364d,,,,,,,,,,,,,,,,,,,,,,,,,,,,,,,,,,,,,,,
8e7bd231-7b2d-4bdd-aafd-b97da6c9ef0c,,,,,,,,,,,,,,,,,,,,,,,,,,,,,,,,,,,,,,,
8e7e0615-229b-47f1-b6fc-677057fe9b26,,,,,,,,,,,,,,,,,,,,,,,,,,,,,,,,,,,,,,,
8e84fc89-b9fa-45bf-a5f8-01e0d8ba493b,cloudflare,1.0,1.0,,,,,,,,,,,,,,,,,,,,,,,,,,,,,,,,,,,,
8e86de5d-f686-4971-9c1d-5eb646daa886,squarespace,1.0,1.0,,,,,,,,,,,,,,,,,,,,,,,,,,,,,,,,,,,,
8e8afae9-9458-4453-a38b-848f35305d8e,,,,,,,,,,,,,,,,,,,,,,,,,,,,,,,,,,,,,,,
8e8c513a-5cba-471c-a159-273337b95eaf,,,,,,,,,,,,,,,,,,,,,,,,,,,,,,,,,,,,,,,
8e964feb-c979-4cc7-931f-c3704cac4092,,,,,,,,,,,,,,,,,,,,,,,,,,,,,,,,,,,,,,,
8ea1aaaf-c992-46b8-91c1-da906bdd90fd,,,,,,,,,,,,,,,,,,,,,,,,,,,,,,,,,,,,,,,
8ea8bc1c-b2fc-484b-b372-435ed60a8cd7,netease,1.0,1.0,,,,,,,,,,,,,,,,,,,,,,,,,,,,,,,,,,,,
8eabbac8-1ab2-411e-87a5-1c5dd5cd7eb0,,,,,,,,,,,,,,,,,,,,,,,,,,,,,,,,,,,,,,,
8ead9251-5da7-46ce-8ba3-c425d15f5861,,,,,,,,,,,,,,,,,,,,,,,,,,,,,,,,,,,,,,,
8eadca45-c71e-4b18-9ed4-6ccb7e8d175f,,,,,,,,,,,,,,,,,,,,,,,,,,,,,,,,,,,,,,,
8eb9b067-a69d-40a2-8179-fad1aa8e8ab1,olark,1.0,1.0,,,,,,,,,,,,,,,,,,,,,,,,,,,,,,,,,,,,
8ebf8939-f008-4b1c-99ad-0fd39088dd0a,verizon,1.0,1.0,,,,,,,,,,,,,,,,,,,,,,,,,,,,,,,,,,,,
8ec254d9-2e17-4a12-8806-2d3505445e75,,,,,,,,,,,,,,,,,,,,,,,,,,,,,,,,,,,,,,,
8ed055b5-a7d4-4b4a-896c-aabcedaa777c,,,,,,,,,,,,,,,,,,,,,,,,,,,,,,,,,,,,,,,
8ed5916c-1981-4f0e-9cc3-e0172f765cb6,,,,,,,,,,,,,,,,,,,,,,,,,,,,,,,,,,,,,,,
8ee15308-3d0c-4c82-9bb0-36ae1c968145,,,,,,,,,,,,,,,,,,,,,,,,,,,,,,,,,,,,,,,
8ee854ae-13b2-49c1-b2c3-f75b404af232,,,,,,,,,,,,,,,,,,,,,,,,,,,,,,,,,,,,,,,
8ef0ce29-8c0a-496d-857a-29619efaa088,,,,,,,,,,,,,,,,,,,,,,,,,,,,,,,,,,,,,,,
8ef6ce85-3e97-4aeb-969b-39b391066e61,,,,,,,,,,,,,,,,,,,,,,,,,,,,,,,,,,,,,,,
8efa75fb-c262-44c2-bf7d-7924d71917be,,,,,,,,,,,,,,,,,,,,,,,,,,,,,,,,,,,,,,,
8f0246ee-1c74-4f40-b351-7e9d9c7a6505,,,,,,,,,,,,,,,,,,,,,,,,,,,,,,,,,,,,,,,
8f061a81-929f-43fa-a6f5-eeaa204862de,,,,,,,,,,,,,,,,,,,,,,,,,,,,,,,,,,,,,,,
8f1240d0-1502-4e3e-b770-0c06d410310c,,,,,,,,,,,,,,,,,,,,,,,,,,,,,,,,,,,,,,,
8f144ebc-76ae-4f92-b194-cd8ad0fda5c7,,,,,,,,,,,,,,,,,,,,,,,,,,,,,,,,,,,,,,,
8f16904b-3349-47f4-9c9d-c5da69bc9514,,,,,,,,,,,,,,,,,,,,,,,,,,,,,,,,,,,,,,,
8f1bbb7e-b2fd-4fb7-ad0c-ba2a86ea3b3c,,,,,,,,,,,,,,,,,,,,,,,,,,,,,,,,,,,,,,,
8f1fdda1-e9bd-4e7d-9715-a516d0dc0fa1,,,,,,,,,,,,,,,,,,,,,,,,,,,,,,,,,,,,,,,
8f271294-9970-4d72-b808-02259cc5c36c,,,,,,,,,,,,,,,,,,,,,,,,,,,,,,,,,,,,,,,
8f2fbca3-3ca7-4c86-a2e5-76d967cba9c1,,,,,,,,,,,,,,,,,,,,,,,,,,,,,,,,,,,,,,,
8f3c535d-5334-4c5c-9f31-7f88b5ed3e30,,,,,,,,,,,,,,,,,,,,,,,,,,,,,,,,,,,,,,,
8f4e10bf-1030-494b-ad16-810c67e4c303,,,,,,,,,,,,,,,,,,,,,,,,,,,,,,,,,,,,,,,
8f515deb-da8d-4281-b4d2-2c618f56c850,,,,,,,,,,,,,,,,,,,,,,,,,,,,,,,,,,,,,,,
8f5e71af-04bb-4c24-9c13-b1da73ab51d9,,,,,,,,,,,,,,,,,,,,,,,,,,,,,,,,,,,,,,,
8f63aaea-a8af-4cc7-8473-a63a359f3980,,,,,,,,,,,,,,,,,,,,,,,,,,,,,,,,,,,,,,,
8f6a233a-9afc-4bd0-be58-717008dec7ff,,,,,,,,,,,,,,,,,,,,,,,,,,,,,,,,,,,,,,,
8f6bafd1-ff96-400a-8fc2-a9dc94dde4a0,,,,,,,,,,,,,,,,,,,,,,,,,,,,,,,,,,,,,,,
8f71e183-3bf2-48ea-aba3-867f419aaeb2,,,,,,,,,,,,,,,,,,,,,,,,,,,,,,,,,,,,,,,
8f71e413-f61d-453f-91a7-468298518d61,,,,,,,,,,,,,,,,,,,,,,,,,,,,,,,,,,,,,,,
8f73ad7f-c49b-4931-80d9-c43481789179,,,,,,,,,,,,,,,,,,,,,,,,,,,,,,,,,,,,,,,
8f762b9d-041e-4ce1-92d8-f19eddeea980,,,,,,,,,,,,,,,,,,,,,,,,,,,,,,,,,,,,,,,
8f7d1d7d-7706-42c5-88d2-8b2a070696e1,,,,,,,,,,,,,,,,,,,,,,,,,,,,,,,,,,,,,,,
8f7d98a8-6e18-4343-8d5d-734bc29c7462,,,,,,,,,,,,,,,,,,,,,,,,,,,,,,,,,,,,,,,
8f9c70ce-9320-415c-9e86-c0583cc8e62b,trustarc,1.0,1.0,,,,,,,,,,,,,,,,,,,,,,,,,,,,,,,,,,,,
8f9ec352-185e-4ce5-a773-43ab7e308d38,,,,,,,,,,,,,,,,,,,,,,,,,,,,,,,,,,,,,,,
8fa2c236-955c-4835-94f1-fb28b2fb8a7b,,,,,,,,,,,,,,,,,,,,,,,,,,,,,,,,,,,,,,,
8fad4f38-b1b2-403c-a241-f352c89460ef,,,,,,,,,,,,,,,,,,,,,,,,,,,,,,,,,,,,,,,
8fafc038-fe56-4070-95ad-1a876cf8d7e0,,,,,,,,,,,,,,,,,,,,,,,,,,,,,,,,,,,,,,,
8fb96810-630d-47fa-b828-602fc967f717,,,,,,,,,,,,,,,,,,,,,,,,,,,,,,,,,,,,,,,
8fba3d6f-d482-486b-b77d-165614a99bf5,,,,,,,,,,,,,,,,,,,,,,,,,,,,,,,,,,,,,,,
8fc47ac9-8ec3-46d1-b792-5f150784a8cf,,,,,,,,,,,,,,,,,,,,,,,,,,,,,,,,,,,,,,,
8fd09bfe-dc0e-4a78-b521-05c8cd8f9e7c,,,,,,,,,,,,,,,,,,,,,,,,,,,,,,,,,,,,,,,
8fdb5122-d0a9-4f56-a840-792f9495a89a,baidu,1.0,1.0,,,,,,,,,,,,,,,,,,,,,,,,,,,,,,,,,,,,
8fe0715b-3f20-4ad9-9ab6-f7b1c2286858,,,,,,,,,,,,,,,,,,,,,,,,,,,,,,,,,,,,,,,
8fe17c57-d481-486c-8eab-05766d553a22,,,,,,,,,,,,,,,,,,,,,,,,,,,,,,,,,,,,,,,
8fe4c48e-255c-42d3-abc7-c32195ca719e,,,,,,,,,,,,,,,,,,,,,,,,,,,,,,,,,,,,,,,
8fe89b45-5f48-4f9d-aae0-b88db6fa7e41,,,,,,,,,,,,,,,,,,,,,,,,,,,,,,,,,,,,,,,
8feac7f9-1de2-444a-98c7-775d75e2063b,,,,,,,,,,,,,,,,,,,,,,,,,,,,,,,,,,,,,,,
8fed5b25-bb8b-471d-963c-aece0cf9b129,,,,,,,,,,,,,,,,,,,,,,,,,,,,,,,,,,,,,,,
8ff88f09-4178-43e5-9c74-8ed299c20f94,,,,,,,,,,,,,,,,,,,,,,,,,,,,,,,,,,,,,,,
8ffb0a99-a501-4f47-9bf7-747a52cce4ae,,,,,,,,,,,,,,,,,,,,,,,,,,,,,,,,,,,,,,,
8ffb69ec-ac57-411a-85e0-7ee6de860789,,,,,,,,,,,,,,,,,,,,,,,,,,,,,,,,,,,,,,,
900665b5-6f43-4273-b488-9b2af1ee0321,,,,,,,,,,,,,,,,,,,,,,,,,,,,,,,,,,,,,,,
900baed3-1960-42e9-b5e0-eeb82409b3de,,,,,,,,,,,,,,,,,,,,,,,,,,,,,,,,,,,,,,,
90299b3b-2727-4045-9432-17e4e8cae1dc,,,,,,,,,,,,,,,,,,,,,,,,,,,,,,,,,,,,,,,
9033d6a9-8216-4e2c-befe-27dc67b2fb33,,,,,,,,,,,,,,,,,,,,,,,,,,,,,,,,,,,,,,,
90367357-a310-4f11-ad10-e4f160201b2c,,,,,,,,,,,,,,,,,,,,,,,,,,,,,,,,,,,,,,,
90374bd3-4819-4f21-9557-5a774169b451,,,,,,,,,,,,,,,,,,,,,,,,,,,,,,,,,,,,,,,
90528193-c168-412a-b743-f53b13734c7b,,,,,,,,,,,,,,,,,,,,,,,,,,,,,,,,,,,,,,,
905a75e7-d2ea-4509-9289-2f5065de4843,,,,,,,,,,,,,,,,,,,,,,,,,,,,,,,,,,,,,,,
905aee82-f33c-4f7d-a031-403d8f538028,,,,,,,,,,,,,,,,,,,,,,,,,,,,,,,,,,,,,,,
905c2669-dd8e-45e2-ad09-60aafb79150f,,,,,,,,,,,,,,,,,,,,,,,,,,,,,,,,,,,,,,,
905ee6fb-9c0d-4310-a46d-87941f99a332,,,,,,,,,,,,,,,,,,,,,,,,,,,,,,,,,,,,,,,
90617b84-aee0-4632-8513-a969c7b56be5,,,,,,,,,,,,,,,,,,,,,,,,,,,,,,,,,,,,,,,
906653f2-65a0-45ee-8704-00a4dfae4e99,,,,,,,,,,,,,,,,,,,,,,,,,,,,,,,,,,,,,,,
906b1fe2-15d4-487b-a45d-84e346d07d46,,,,,,,,,,,,,,,,,,,,,,,,,,,,,,,,,,,,,,,
9070c103-7de4-41b1-85c1-52322921969f,,,,,,,,,,,,,,,,,,,,,,,,,,,,,,,,,,,,,,,
907eb8fd-cc17-41e6-9b2e-f9a63fe50065,,,,,,,,,,,,,,,,,,,,,,,,,,,,,,,,,,,,,,,
907ebfb9-1a16-490a-a03b-5f00d8127b0b,,,,,,,,,,,,,,,,,,,,,,,,,,,,,,,,,,,,,,,
907fc43a-a53e-445c-861a-616f68dbe3ed,,,,,,,,,,,,,,,,,,,,,,,,,,,,,,,,,,,,,,,
9080bf20-e695-4caf-bc61-cf189a13c0d4,,,,,,,,,,,,,,,,,,,,,,,,,,,,,,,,,,,,,,,
9080e10c-43e9-497b-82af-33b87a6246b1,,,,,,,,,,,,,,,,,,,,,,,,,,,,,,,,,,,,,,,
908eb281-fbdd-4d6f-940c-33ac3d08e9c3,baidu,1.0,1.0,,,,,,,,,,,,,,,,,,,,,,,,,,,,,,,,,,,,
908fbfe3-e6c7-4634-86fc-7543ada607fc,,,,,,,,,,,,,,,,,,,,,,,,,,,,,,,,,,,,,,,
9098e499-c117-48bc-a003-a0d4b5beba0d,,,,,,,,,,,,,,,,,,,,,,,,,,,,,,,,,,,,,,,
90a86593-9bb8-4497-aeaf-5ecd2284b07d,,,,,,,,,,,,,,,,,,,,,,,,,,,,,,,,,,,,,,,
90ab56fc-bd27-47a3-b6a3-1a88c9e8c7f3,,,,,,,,,,,,,,,,,,,,,,,,,,,,,,,,,,,,,,,
90abb807-be82-4c17-8e8d-a78de88179c3,,,,,,,,,,,,,,,,,,,,,,,,,,,,,,,,,,,,,,,
90c3db10-02cd-4073-b62d-b8ef09b0c08a,,,,,,,,,,,,,,,,,,,,,,,,,,,,,,,,,,,,,,,
90df0535-ebe1-4796-8960-1c2d5fcd8617,,,,,,,,,,,,,,,,,,,,,,,,,,,,,,,,,,,,,,,
90e14739-1712-47c4-9d79-d6233966dfdb,,,,,,,,,,,,,,,,,,,,,,,,,,,,,,,,,,,,,,,
90e3f403-febb-492f-9dc8-5b5e747d3c39,,,,,,,,,,,,,,,,,,,,,,,,,,,,,,,,,,,,,,,
90ea205d-f894-40c7-919f-59b037dd7487,,,,,,,,,,,,,,,,,,,,,,,,,,,,,,,,,,,,,,,
90f0f39d-0135-4a98-939c-3138839d9481,,,,,,,,,,,,,,,,,,,,,,,,,,,,,,,,,,,,,,,
90f15f4b-fed6-40e0-8159-87f2b99f6774,,,,,,,,,,,,,,,,,,,,,,,,,,,,,,,,,,,,,,,
90f629c7-6c07-40b2-8986-336119643da3,,,,,,,,,,,,,,,,,,,,,,,,,,,,,,,,,,,,,,,
9101f5b7-1128-4bab-ae3d-17896b0826b1,,,,,,,,,,,,,,,,,,,,,,,,,,,,,,,,,,,,,,,
9108aa11-0aaf-49b8-b668-e6ea3193d315,,,,,,,,,,,,,,,,,,,,,,,,,,,,,,,,,,,,,,,
91096886-89b1-4102-bf22-3c609b922072,,,,,,,,,,,,,,,,,,,,,,,,,,,,,,,,,,,,,,,
910d1861-1258-4091-bea5-7b1f716bc40f,,,,,,,,,,,,,,,,,,,,,,,,,,,,,,,,,,,,,,,
910dfa97-0bcd-4495-8104-f02f06886a42,,,,,,,,,,,,,,,,,,,,,,,,,,,,,,,,,,,,,,,
910ee043-5df4-4f3a-a753-827ef47a81b6,,,,,,,,,,,,,,,,,,,,,,,,,,,,,,,,,,,,,,,
91115610-7e74-47da-8e34-5252a738d62e,,,,,,,,,,,,,,,,,,,,,,,,,,,,,,,,,,,,,,,
91125f3d-7826-4a9e-b94a-0b9de7181450,,,,,,,,,,,,,,,,,,,,,,,,,,,,,,,,,,,,,,,
91130527-35b3-4b06-90a0-51c2a4c7f4ad,,,,,,,,,,,,,,,,,,,,,,,,,,,,,,,,,,,,,,,
911cdc9a-231a-4505-9b86-82ff1e9ed79a,,,,,,,,,,,,,,,,,,,,,,,,,,,,,,,,,,,,,,,
911d6047-8b9a-4aea-bfc9-94992f778d6e,,,,,,,,,,,,,,,,,,,,,,,,,,,,,,,,,,,,,,,
911f4992-44dd-49dc-b804-df0e044d52a4,,,,,,,,,,,,,,,,,,,,,,,,,,,,,,,,,,,,,,,
9123a3db-96d6-4d31-9129-ec774cdb1a74,atlassian,1.0,1.0,,,,,,,,,,,,,,,,,,,,,,,,,,,,,,,,,,,,
912611b2-358d-470a-8483-97fa788a10bb,,,,,,,,,,,,,,,,,,,,,,,,,,,,,,,,,,,,,,,
912df0d3-8128-4b92-9226-160cd4c48365,,,,,,,,,,,,,,,,,,,,,,,,,,,,,,,,,,,,,,,
9138cb9d-c861-4e2a-87b6-e47b4fd718de,,,,,,,,,,,,,,,,,,,,,,,,,,,,,,,,,,,,,,,
9139c33d-30d5-4c13-8a9a-6318f15abafd,,,,,,,,,,,,,,,,,,,,,,,,,,,,,,,,,,,,,,,
9150273e-5785-4dba-92f7-ee1fcd276824,,,,,,,,,,,,,,,,,,,,,,,,,,,,,,,,,,,,,,,
91513200-a3f7-48a9-b8c0-1b0b334d5985,,,,,,,,,,,,,,,,,,,,,,,,,,,,,,,,,,,,,,,
91588d70-d52c-432a-9ad1-35a2d23af7da,,,,,,,,,,,,,,,,,,,,,,,,,,,,,,,,,,,,,,,
916654f0-d386-4d32-b7dc-dd1648eb63a2,,,,,,,,,,,,,,,,,,,,,,,,,,,,,,,,,,,,,,,
91690f71-a746-4a35-bd8d-a446bf0c42d6,,,,,,,,,,,,,,,,,,,,,,,,,,,,,,,,,,,,,,,
91803686-9c2b-400e-b4d5-093099066a76,,,,,,,,,,,,,,,,,,,,,,,,,,,,,,,,,,,,,,,
91873f85-2f49-4e59-af11-86373b23821f,baidu,1.0,1.0,,,,,,,,,,,,,,,,,,,,,,,,,,,,,,,,,,,,
9190a1da-c040-4568-b06a-fecb29f6ec32,,,,,,,,,,,,,,,,,,,,,,,,,,,,,,,,,,,,,,,
9192cc98-44f5-43c7-aaae-f8476758c63d,,,,,,,,,,,,,,,,,,,,,,,,,,,,,,,,,,,,,,,
919be28e-ba7a-42a2-b11c-f44665e7371b,,,,,,,,,,,,,,,,,,,,,,,,,,,,,,,,,,,,,,,
91a2b4da-0679-4551-a8f1-e779c3e073af,,,,,,,,,,,,,,,,,,,,,,,,,,,,,,,,,,,,,,,
91a55896-7f0f-4863-a51a-6798562aa0bb,,,,,,,,,,,,,,,,,,,,,,,,,,,,,,,,,,,,,,,
91a8b8e0-640f-4b12-ad6d-3a2ad4a2e3b2,,,,,,,,,,,,,,,,,,,,,,,,,,,,,,,,,,,,,,,
91ac5617-c4c0-4ae5-86ea-e85172a068e2,,,,,,,,,,,,,,,,,,,,,,,,,,,,,,,,,,,,,,,
91b1b64f-165f-4f8e-8e4f-c90235767666,,,,,,,,,,,,,,,,,,,,,,,,,,,,,,,,,,,,,,,
91b1fd2e-10e7-4225-b241-5972ee7d75e8,,,,,,,,,,,,,,,,,,,,,,,,,,,,,,,,,,,,,,,
91ba07dc-bd23-49a3-92de-41fecbe83005,,,,,,,,,,,,,,,,,,,,,,,,,,,,,,,,,,,,,,,
91bb0318-f49f-4feb-8c24-536083c471e5,,,,,,,,,,,,,,,,,,,,,,,,,,,,,,,,,,,,,,,
91c71b53-1538-4382-9ee2-2e815042c5d9,,,,,,,,,,,,,,,,,,,,,,,,,,,,,,,,,,,,,,,
91c79db5-4044-4282-bb50-91b5e37b72a4,,,,,,,,,,,,,,,,,,,,,,,,,,,,,,,,,,,,,,,
91cf4e1b-10a8-42f2-bf62-c92a688ef838,,,,,,,,,,,,,,,,,,,,,,,,,,,,,,,,,,,,,,,
91cf8c95-c9d1-4b1d-83bf-4d2ccaff2b18,,,,,,,,,,,,,,,,,,,,,,,,,,,,,,,,,,,,,,,
91d5322a-199d-4450-b281-e415a62f5bc7,,,,,,,,,,,,,,,,,,,,,,,,,,,,,,,,,,,,,,,
91d986c1-5c72-4726-aee0-483d024d2c40,,,,,,,,,,,,,,,,,,,,,,,,,,,,,,,,,,,,,,,
91e1b677-cb89-4ada-8862-00c111696e16,,,,,,,,,,,,,,,,,,,,,,,,,,,,,,,,,,,,,,,
91e28c5a-331e-467c-ab9f-d1b4ef58c8ef,,,,,,,,,,,,,,,,,,,,,,,,,,,,,,,,,,,,,,,
91e36e72-e24f-45c8-92cb-b8ad44aa9960,,,,,,,,,,,,,,,,,,,,,,,,,,,,,,,,,,,,,,,
91e770a6-71d3-43fb-a0ca-7f4d5e4af068,,,,,,,,,,,,,,,,,,,,,,,,,,,,,,,,,,,,,,,
91ee0490-5867-44e5-baed-40bcaf64a439,,,,,,,,,,,,,,,,,,,,,,,,,,,,,,,,,,,,,,,
91fc5520-5fd9-45ab-89dd-ff790cec27c6,,,,,,,,,,,,,,,,,,,,,,,,,,,,,,,,,,,,,,,
9205f3fc-dbef-422b-8d95-6e73f3c907c6,,,,,,,,,,,,,,,,,,,,,,,,,,,,,,,,,,,,,,,
920ba486-bd3e-4859-8ad7-5a318a3a9d41,,,,,,,,,,,,,,,,,,,,,,,,,,,,,,,,,,,,,,,
920da519-6563-4373-8fde-6783e0f3c67b,,,,,,,,,,,,,,,,,,,,,,,,,,,,,,,,,,,,,,,
921088c5-1208-4aab-92f6-d46579ff673e,,,,,,,,,,,,,,,,,,,,,,,,,,,,,,,,,,,,,,,
9215d5d6-264a-4c4e-b76b-cb4dbcf80892,,,,,,,,,,,,,,,,,,,,,,,,,,,,,,,,,,,,,,,
9217414b-5fb6-4022-bb04-f3b83e4753c6,,,,,,,,,,,,,,,,,,,,,,,,,,,,,,,,,,,,,,,
921961ba-75a3-47a1-a027-1f442b8a1036,,,,,,,,,,,,,,,,,,,,,,,,,,,,,,,,,,,,,,,
921b26e6-3626-4dfc-81d5-500a6732f6e9,,,,,,,,,,,,,,,,,,,,,,,,,,,,,,,,,,,,,,,
921f979f-6646-42a9-8fcb-c35ebe4caafe,wikimedia_foundation,1.0,1.0,,,,,,,,,,,,,,,,,,,,,,,,,,,,,,,,,,,,
9222da90-7bb2-4294-a087-855074010c61,,,,,,,,,,,,,,,,,,,,,,,,,,,,,,,,,,,,,,,
92275f13-f461-4a9a-a962-9e84ff197495,,,,,,,,,,,,,,,,,,,,,,,,,,,,,,,,,,,,,,,
922d3126-ab8d-43a2-83b3-6f763ad2432e,arm,1.0,1.0,,,,,,,,,,,,,,,,,,,,,,,,,,,,,,,,,,,,
9238dc91-d332-4f5d-8cb8-93ea7b56195e,,,,,,,,,,,,,,,,,,,,,,,,,,,,,,,,,,,,,,,
923df515-2c34-4a1f-b284-9033623acbe5,,,,,,,,,,,,,,,,,,,,,,,,,,,,,,,,,,,,,,,
924028ad-4479-4126-898b-4de1c26949a9,,,,,,,,,,,,,,,,,,,,,,,,,,,,,,,,,,,,,,,
92408cdc-6343-49da-8972-30807824f1e1,,,,,,,,,,,,,,,,,,,,,,,,,,,,,,,,,,,,,,,
9241bc5d-43b3-4b8f-91c9-245f490f21e5,,,,,,,,,,,,,,,,,,,,,,,,,,,,,,,,,,,,,,,
9246aa0f-0fc5-4bbe-9e4c-851cec1e60d0,,,,,,,,,,,,,,,,,,,,,,,,,,,,,,,,,,,,,,,
924c2a61-1a17-43ac-9e4e-670e11e9c672,,,,,,,,,,,,,,,,,,,,,,,,,,,,,,,,,,,,,,,
924e27fc-0326-42de-a29d-0c32a2ad7648,,,,,,,,,,,,,,,,,,,,,,,,,,,,,,,,,,,,,,,
92550198-3ac5-4c10-9da5-6427d6bccf5e,,,,,,,,,,,,,,,,,,,,,,,,,,,,,,,,,,,,,,,
9257c1a5-14b2-4e63-a0ad-0d7f3b3f9545,,,,,,,,,,,,,,,,,,,,,,,,,,,,,,,,,,,,,,,
925b248a-45e0-4b50-9d7d-a773c11c718b,,,,,,,,,,,,,,,,,,,,,,,,,,,,,,,,,,,,,,,
925b551c-ae8d-4ae6-af03-6a9462ea42ca,,,,,,,,,,,,,,,,,,,,,,,,,,,,,,,,,,,,,,,
92667731-6268-4f0b-a6a0-0226b69e4351,,,,,,,,,,,,,,,,,,,,,,,,,,,,,,,,,,,,,,,
926ed775-185d-4ea8-9d25-d7693144f544,,,,,,,,,,,,,,,,,,,,,,,,,,,,,,,,,,,,,,,
92709769-4038-4962-9781-c1f04904e262,,,,,,,,,,,,,,,,,,,,,,,,,,,,,,,,,,,,,,,
9279e18b-66dc-4e45-a6f2-6b7b2feb9164,,,,,,,,,,,,,,,,,,,,,,,,,,,,,,,,,,,,,,,
9281764d-a2c3-4ac8-9603-0ef755e1811f,,,,,,,,,,,,,,,,,,,,,,,,,,,,,,,,,,,,,,,
92874209-b371-4ed9-9429-4833a377a892,,,,,,,,,,,,,,,,,,,,,,,,,,,,,,,,,,,,,,,
928aea5b-4af2-4d55-8409-0ab9160d012c,,,,,,,,,,,,,,,,,,,,,,,,,,,,,,,,,,,,,,,
928b7b84-a58e-4776-b10e-49db721f7a66,,,,,,,,,,,,,,,,,,,,,,,,,,,,,,,,,,,,,,,
9298969e-a913-490a-b1db-7825a260ec5e,,,,,,,,,,,,,,,,,,,,,,,,,,,,,,,,,,,,,,,
9299d968-7a48-4736-a3b6-dd394626edff,,,,,,,,,,,,,,,,,,,,,,,,,,,,,,,,,,,,,,,
929bc3e1-1127-4699-9bdf-b5ece4757b7a,,,,,,,,,,,,,,,,,,,,,,,,,,,,,,,,,,,,,,,
929eb10c-7459-45e8-864b-ce4ab9308c61,,,,,,,,,,,,,,,,,,,,,,,,,,,,,,,,,,,,,,,
92a0fd05-b438-4f4a-b67f-ae8df45206a1,,,,,,,,,,,,,,,,,,,,,,,,,,,,,,,,,,,,,,,
92a87d3d-8913-4206-b59a-3970af4f7c26,,,,,,,,,,,,,,,,,,,,,,,,,,,,,,,,,,,,,,,
92a8a7d2-5968-47d9-bf6a-ea9cb41335a4,,,,,,,,,,,,,,,,,,,,,,,,,,,,,,,,,,,,,,,
92b76952-c11b-4e0f-bbe5-1266bd4b549c,,,,,,,,,,,,,,,,,,,,,,,,,,,,,,,,,,,,,,,
92b9b1aa-ff39-4e68-b649-e4afaf889bdd,,,,,,,,,,,,,,,,,,,,,,,,,,,,,,,,,,,,,,,
92c104e1-7c50-427c-bcab-e29ec7ebd5c3,,,,,,,,,,,,,,,,,,,,,,,,,,,,,,,,,,,,,,,
92d09f5e-a2df-4e24-8e7e-4a9543ea9e0c,,,,,,,,,,,,,,,,,,,,,,,,,,,,,,,,,,,,,,,
92d0ea7e-bff1-400c-9960-33ac2a71d3b1,,,,,,,,,,,,,,,,,,,,,,,,,,,,,,,,,,,,,,,
92dcddbb-1515-40ed-a831-b378281c8c67,,,,,,,,,,,,,,,,,,,,,,,,,,,,,,,,,,,,,,,
92e09c65-beb8-442b-b9a8-4458528ad307,,,,,,,,,,,,,,,,,,,,,,,,,,,,,,,,,,,,,,,
92e296cb-ee61-4bb4-94b4-75787f5de245,,,,,,,,,,,,,,,,,,,,,,,,,,,,,,,,,,,,,,,
92e426b4-6e91-493b-9446-b809890019e7,,,,,,,,,,,,,,,,,,,,,,,,,,,,,,,,,,,,,,,
92e7873d-cf52-46a9-83e3-b96837a7cf58,,,,,,,,,,,,,,,,,,,,,,,,,,,,,,,,,,,,,,,
92ed0444-3442-40cd-b95e-588cd31ca6ed,,,,,,,,,,,,,,,,,,,,,,,,,,,,,,,,,,,,,,,
92f0e1ea-9f41-407f-8822-eea3acbf10aa,,,,,,,,,,,,,,,,,,,,,,,,,,,,,,,,,,,,,,,
92fa3be3-5953-47c7-a7c9-c3253ad0de16,,,,,,,,,,,,,,,,,,,,,,,,,,,,,,,,,,,,,,,
92ff345b-abe9-4990-8d66-b5bb23ad9546,,,,,,,,,,,,,,,,,,,,,,,,,,,,,,,,,,,,,,,
93081337-590c-4dbc-8e5b-0479aaea5480,apple,1.0,1.0,,,,,,,,,,,,,,,,,,,,,,,,,,,,,,,,,,,,
930cd9a6-f341-42d8-a244-bebd0994b614,,,,,,,,,,,,,,,,,,,,,,,,,,,,,,,,,,,,,,,
930d1d91-0eb0-4cf6-b4b3-94aaac2f619f,,,,,,,,,,,,,,,,,,,,,,,,,,,,,,,,,,,,,,,
930f01cc-7131-4116-82d1-e728f0c8d952,,,,,,,,,,,,,,,,,,,,,,,,,,,,,,,,,,,,,,,
931b2796-6cf7-475f-985f-b1a4187db8b1,,,,,,,,,,,,,,,,,,,,,,,,,,,,,,,,,,,,,,,
931ef021-21a7-4094-bb84-810e7ebbc03a,,,,,,,,,,,,,,,,,,,,,,,,,,,,,,,,,,,,,,,
931fea77-880b-4ea7-af9d-b282d4e149ad,,,,,,,,,,,,,,,,,,,,,,,,,,,,,,,,,,,,,,,
93288c46-32bd-4e9d-ac3c-a255cfddbcca,,,,,,,,,,,,,,,,,,,,,,,,,,,,,,,,,,,,,,,
932caaad-84f8-4e57-abfc-e9502818056f,,,,,,,,,,,,,,,,,,,,,,,,,,,,,,,,,,,,,,,
9332bd65-6a0b-4b9a-a296-1c732a482c06,,,,,,,,,,,,,,,,,,,,,,,,,,,,,,,,,,,,,,,
9334aa8e-6f0b-40a1-a782-37bbf7807705,,,,,,,,,,,,,,,,,,,,,,,,,,,,,,,,,,,,,,,
9334d600-fa02-4ff5-8d4c-f911a7c24c1f,,,,,,,,,,,,,,,,,,,,,,,,,,,,,,,,,,,,,,,
9338aa07-d19f-470c-9270-3726fe36351e,,,,,,,,,,,,,,,,,,,,,,,,,,,,,,,,,,,,,,,
934fea46-427c-4de4-9d5f-38bcf3772b7d,,,,,,,,,,,,,,,,,,,,,,,,,,,,,,,,,,,,,,,
9350e49d-eef5-4d74-b231-5e12ec8669be,,,,,,,,,,,,,,,,,,,,,,,,,,,,,,,,,,,,,,,
9364ae71-c6b5-421b-82cd-5a9b777594af,,,,,,,,,,,,,,,,,,,,,,,,,,,,,,,,,,,,,,,
93658be9-b060-43e9-ad19-b563b1798b92,,,,,,,,,,,,,,,,,,,,,,,,,,,,,,,,,,,,,,,
93680593-9f4a-4063-9bf8-8eae01972e69,,,,,,,,,,,,,,,,,,,,,,,,,,,,,,,,,,,,,,,
9368356a-67a3-4399-ba09-c35d55bca2c9,,,,,,,,,,,,,,,,,,,,,,,,,,,,,,,,,,,,,,,
936df36c-3e13-4d37-9079-0d9d97201bd8,,,,,,,,,,,,,,,,,,,,,,,,,,,,,,,,,,,,,,,
937766fc-14fb-4ff8-bf68-c1ad3cfee0b4,,,,,,,,,,,,,,,,,,,,,,,,,,,,,,,,,,,,,,,
93893fc1-dbaf-420c-8a7c-3de755096c46,,,,,,,,,,,,,,,,,,,,,,,,,,,,,,,,,,,,,,,
938daeb3-6f3a-451d-a0b4-6e8023a59240,,,,,,,,,,,,,,,,,,,,,,,,,,,,,,,,,,,,,,,
93a874f3-652e-4b10-af44-bcef81882222,,,,,,,,,,,,,,,,,,,,,,,,,,,,,,,,,,,,,,,
93b1977d-ab0b-4d88-9b44-5dc6479c1398,,,,,,,,,,,,,,,,,,,,,,,,,,,,,,,,,,,,,,,
93b7404f-8fe4-4015-a1b2-e33062ea4208,,,,,,,,,,,,,,,,,,,,,,,,,,,,,,,,,,,,,,,
93b7e2b6-e58a-46a0-ab45-b5137b11c815,,,,,,,,,,,,,,,,,,,,,,,,,,,,,,,,,,,,,,,
93bd6f77-3209-48ec-8a5c-614c80dbd03d,,,,,,,,,,,,,,,,,,,,,,,,,,,,,,,,,,,,,,,
93c20a4e-f34c-4534-988e-11f4179112b2,,,,,,,,,,,,,,,,,,,,,,,,,,,,,,,,,,,,,,,
93c56e49-c654-4e02-91c4-ccf8bdff6059,,,,,,,,,,,,,,,,,,,,,,,,,,,,,,,,,,,,,,,
93c7ee1c-4d44-4bd0-a7b1-e556b341127b,,,,,,,,,,,,,,,,,,,,,,,,,,,,,,,,,,,,,,,
93d01a10-d2fb-4f73-9ebf-586ed5d4e64d,,,,,,,,,,,,,,,,,,,,,,,,,,,,,,,,,,,,,,,
93d03bb6-a28d-43c3-b964-f8fdfedd5fee,,,,,,,,,,,,,,,,,,,,,,,,,,,,,,,,,,,,,,,
93d14f6f-c217-4f80-bc9a-743e5f68a4b5,,,,,,,,,,,,,,,,,,,,,,,,,,,,,,,,,,,,,,,
93d407e5-cc89-49f7-ae6d-1fcbb3bf9050,,,,,,,,,,,,,,,,,,,,,,,,,,,,,,,,,,,,,,,
93d9fc79-690a-434a-87df-cb1144f9c313,,,,,,,,,,,,,,,,,,,,,,,,,,,,,,,,,,,,,,,
93e09c65-329a-4b2e-901c-2cdcc7cae76b,,,,,,,,,,,,,,,,,,,,,,,,,,,,,,,,,,,,,,,
93e27869-3e32-4383-8b75-b81102e02160,,,,,,,,,,,,,,,,,,,,,,,,,,,,,,,,,,,,,,,
93ee0ced-6164-4af3-bb60-73134dcaabd2,,,,,,,,,,,,,,,,,,,,,,,,,,,,,,,,,,,,,,,
93f0bea7-8e00-4e67-a805-81f3d302cc69,,,,,,,,,,,,,,,,,,,,,,,,,,,,,,,,,,,,,,,
93f55525-43a0-4fc8-9dae-53109185bf9e,,,,,,,,,,,,,,,,,,,,,,,,,,,,,,,,,,,,,,,
93f777d1-7652-439c-bdcb-d74adf466d65,,,,,,,,,,,,,,,,,,,,,,,,,,,,,,,,,,,,,,,
94027843-be38-44bd-baab-abcd6e34d84e,,,,,,,,,,,,,,,,,,,,,,,,,,,,,,,,,,,,,,,
9405b2df-53c8-4146-91f1-d4479eee1194,,,,,,,,,,,,,,,,,,,,,,,,,,,,,,,,,,,,,,,
941be6e5-378e-4cae-a7a5-107017433044,,,,,,,,,,,,,,,,,,,,,,,,,,,,,,,,,,,,,,,
9424dcc3-59b1-4db2-bd92-6e691fb96106,,,,,,,,,,,,,,,,,,,,,,,,,,,,,,,,,,,,,,,
942a3dc9-0dcf-46e5-be17-674d4760f3fb,,,,,,,,,,,,,,,,,,,,,,,,,,,,,,,,,,,,,,,
942c5754-c223-4321-ab61-5135f76a21c0,,,,,,,,,,,,,,,,,,,,,,,,,,,,,,,,,,,,,,,
942d47f6-701b-40ad-aeed-54c61f7019df,,,,,,,,,,,,,,,,,,,,,,,,,,,,,,,,,,,,,,,
942decb3-04e6-4a0a-a96f-d0c957324bef,,,,,,,,,,,,,,,,,,,,,,,,,,,,,,,,,,,,,,,
942dfe0d-c100-424d-9d1b-abf857e894c8,,,,,,,,,,,,,,,,,,,,,,,,,,,,,,,,,,,,,,,
94337ada-cc62-49ee-8e8c-67f374d497c4,,,,,,,,,,,,,,,,,,,,,,,,,,,,,,,,,,,,,,,
943eb840-d43f-4f3b-aadf-c21856123966,,,,,,,,,,,,,,,,,,,,,,,,,,,,,,,,,,,,,,,
94418b25-69f1-44ba-b36d-c7ee57e93667,,,,,,,,,,,,,,,,,,,,,,,,,,,,,,,,,,,,,,,
9444cff5-76db-45f0-8467-2e510a1a507c,,,,,,,,,,,,,,,,,,,,,,,,,,,,,,,,,,,,,,,
9449d31b-edf1-4d42-8d17-aa4eb709e27a,,,,,,,,,,,,,,,,,,,,,,,,,,,,,,,,,,,,,,,
944ac4b6-c51c-458d-bb03-11574986754d,,,,,,,,,,,,,,,,,,,,,,,,,,,,,,,,,,,,,,,
94547e4c-221c-4bac-b14f-22077d104416,qq.com,1.0,1.0,,,,,,,,,,,,,,,,,,,,,,,,,,,,,,,,,,,,
945735ae-bf57-4cb9-a5ed-b84bfba6c5cb,wp,1.0,0.5,o2.pl,1.0,0.5,,,,,,,,,,,,,,,,,,,,,,,,,,,,,,,,,
945cab31-c06f-4d3d-9961-e6a25cf78d14,,,,,,,,,,,,,,,,,,,,,,,,,,,,,,,,,,,,,,,
946533b9-e710-4b94-a4f5-df7d5fd1b93d,,,,,,,,,,,,,,,,,,,,,,,,,,,,,,,,,,,,,,,
946884a8-e6b4-4cc0-bedd-ac897f01326c,,,,,,,,,,,,,,,,,,,,,,,,,,,,,,,,,,,,,,,
946ba91c-3e33-4b4c-848e-2d5f319acbd2,,,,,,,,,,,,,,,,,,,,,,,,,,,,,,,,,,,,,,,
946bf74f-8ecc-41d7-9735-ecb45eca2828,,,,,,,,,,,,,,,,,,,,,,,,,,,,,,,,,,,,,,,
946d97f2-1d9a-459a-8839-4c1af12f5fb7,,,,,,,,,,,,,,,,,,,,,,,,,,,,,,,,,,,,,,,
946df42e-6250-4314-a20b-0f9962d41b0d,,,,,,,,,,,,,,,,,,,,,,,,,,,,,,,,,,,,,,,
947f2d04-c0af-4754-b9b2-306c98796970,,,,,,,,,,,,,,,,,,,,,,,,,,,,,,,,,,,,,,,
947f8adc-b8be-4d63-9dbc-f8b12f6baa91,,,,,,,,,,,,,,,,,,,,,,,,,,,,,,,,,,,,,,,
947f8d04-3e21-4c33-9d11-d65382cd5d4c,,,,,,,,,,,,,,,,,,,,,,,,,,,,,,,,,,,,,,,
9484ea28-d0f3-48ff-9422-726c2bfa727e,,,,,,,,,,,,,,,,,,,,,,,,,,,,,,,,,,,,,,,
9486d188-7334-48d4-9c7d-37ef07e3d203,,,,,,,,,,,,,,,,,,,,,,,,,,,,,,,,,,,,,,,
9488ac4e-600b-4d9e-b44d-f95f353cdcda,,,,,,,,,,,,,,,,,,,,,,,,,,,,,,,,,,,,,,,
94898bd9-4101-4ea4-a9e9-48c26e8289d4,,,,,,,,,,,,,,,,,,,,,,,,,,,,,,,,,,,,,,,
949c5770-3f20-4d75-a09d-4700ff194521,,,,,,,,,,,,,,,,,,,,,,,,,,,,,,,,,,,,,,,
949d0edf-78eb-43ab-af27-f9fb91c39e27,,,,,,,,,,,,,,,,,,,,,,,,,,,,,,,,,,,,,,,
94b79a64-fcf4-4196-8fa3-df694c5a3ff0,,,,,,,,,,,,,,,,,,,,,,,,,,,,,,,,,,,,,,,
94ba1dd0-c65a-44ff-977d-2113219b6a3f,,,,,,,,,,,,,,,,,,,,,,,,,,,,,,,,,,,,,,,
94bc013d-db8a-4233-870b-1d9c2d1a3482,,,,,,,,,,,,,,,,,,,,,,,,,,,,,,,,,,,,,,,
94c5fe81-d3a4-4d53-bdfd-0d177046621d,,,,,,,,,,,,,,,,,,,,,,,,,,,,,,,,,,,,,,,
94cb5833-b015-4414-a7c8-8c3896566b1e,,,,,,,,,,,,,,,,,,,,,,,,,,,,,,,,,,,,,,,
94cc354d-a7fb-4800-a8a9-4b76c2f3e3ac,,,,,,,,,,,,,,,,,,,,,,,,,,,,,,,,,,,,,,,
94d39d85-4854-4986-8e46-61f71a5d4c11,,,,,,,,,,,,,,,,,,,,,,,,,,,,,,,,,,,,,,,
94d5b79e-d2be-4dfe-8164-0f83ff43dc39,,,,,,,,,,,,,,,,,,,,,,,,,,,,,,,,,,,,,,,
94d73ee5-75eb-4ff6-bc75-d8249328bd29,,,,,,,,,,,,,,,,,,,,,,,,,,,,,,,,,,,,,,,
94dcaf6a-0920-4f3c-9671-0b4698a63345,,,,,,,,,,,,,,,,,,,,,,,,,,,,,,,,,,,,,,,
94f1c4db-f474-44ff-b04c-d806684dcb88,,,,,,,,,,,,,,,,,,,,,,,,,,,,,,,,,,,,,,,
94f4ad10-d90a-4ce1-964e-d7a43e6a9fa5,,,,,,,,,,,,,,,,,,,,,,,,,,,,,,,,,,,,,,,
94f82ecb-9f86-4410-a515-335936e398ac,,,,,,,,,,,,,,,,,,,,,,,,,,,,,,,,,,,,,,,
950f51a3-a14a-4f36-8ceb-7f5ddc248123,,,,,,,,,,,,,,,,,,,,,,,,,,,,,,,,,,,,,,,
9513bd80-b08a-4206-adcc-730242cbe491,,,,,,,,,,,,,,,,,,,,,,,,,,,,,,,,,,,,,,,
951938e5-f502-4a3c-b826-207413910d7c,,,,,,,,,,,,,,,,,,,,,,,,,,,,,,,,,,,,,,,
9520f318-76f8-4ec7-8581-da216123615f,aniview,1.0,1.0,,,,,,,,,,,,,,,,,,,,,,,,,,,,,,,,,,,,
9525d46d-eaf1-42b9-bafb-80f9f35b9eb3,,,,,,,,,,,,,,,,,,,,,,,,,,,,,,,,,,,,,,,
952fe481-f789-43d5-b097-f435e30f4d06,,,,,,,,,,,,,,,,,,,,,,,,,,,,,,,,,,,,,,,
9531dd26-a5bb-447d-9497-a0e89f6b7fe4,,,,,,,,,,,,,,,,,,,,,,,,,,,,,,,,,,,,,,,
9539a3b7-7d1d-4718-8be1-9c6a6dc578b8,,,,,,,,,,,,,,,,,,,,,,,,,,,,,,,,,,,,,,,
953a6012-8429-4e91-92d3-2ad8eb8db952,,,,,,,,,,,,,,,,,,,,,,,,,,,,,,,,,,,,,,,
953bdccf-0e61-4840-afef-d7026eede21c,,,,,,,,,,,,,,,,,,,,,,,,,,,,,,,,,,,,,,,
9542653b-ae50-4c97-b5fb-010272347142,,,,,,,,,,,,,,,,,,,,,,,,,,,,,,,,,,,,,,,
9552c0a0-9460-446d-88eb-e3342725d46e,,,,,,,,,,,,,,,,,,,,,,,,,,,,,,,,,,,,,,,
9559790b-3bda-491a-b8f6-288e5cf5d0a4,,,,,,,,,,,,,,,,,,,,,,,,,,,,,,,,,,,,,,,
955d5cf7-ea32-4e52-b4ea-0e7bc30d7f1c,wikimedia_foundation,1.0,1.0,,,,,,,,,,,,,,,,,,,,,,,,,,,,,,,,,,,,
9561c378-3cd2-4fe6-88c4-3eb6cde8f293,,,,,,,,,,,,,,,,,,,,,,,,,,,,,,,,,,,,,,,
9569fb53-57ee-4bd1-bd0f-86deb33e6833,,,,,,,,,,,,,,,,,,,,,,,,,,,,,,,,,,,,,,,
956ed3cb-2215-4477-862c-f21136aac6c2,,,,,,,,,,,,,,,,,,,,,,,,,,,,,,,,,,,,,,,
957c0d57-f566-45f0-a879-953566b9ebac,,,,,,,,,,,,,,,,,,,,,,,,,,,,,,,,,,,,,,,
957e5f88-4716-4026-b9b9-29b041fd9ce3,,,,,,,,,,,,,,,,,,,,,,,,,,,,,,,,,,,,,,,
95847ba8-0061-43cf-94a6-efbb2750d469,,,,,,,,,,,,,,,,,,,,,,,,,,,,,,,,,,,,,,,
958e5691-497a-41ae-9eb9-1b02b7f3f072,,,,,,,,,,,,,,,,,,,,,,,,,,,,,,,,,,,,,,,
95972c8b-9499-4b35-bcbb-68bd53eef67b,,,,,,,,,,,,,,,,,,,,,,,,,,,,,,,,,,,,,,,
959aca73-ef45-4ddf-bffe-6aed5c306010,,,,,,,,,,,,,,,,,,,,,,,,,,,,,,,,,,,,,,,
95a1a5bc-0ab1-43f0-814e-37cc03dd71ad,,,,,,,,,,,,,,,,,,,,,,,,,,,,,,,,,,,,,,,
95a7f4cf-472c-4dc6-9bc1-86d5aeadf72f,,,,,,,,,,,,,,,,,,,,,,,,,,,,,,,,,,,,,,,
95a88c90-afec-4386-a4bd-eba0cde1150e,,,,,,,,,,,,,,,,,,,,,,,,,,,,,,,,,,,,,,,
95aee89e-f5f9-418c-809e-22e0f3422a26,,,,,,,,,,,,,,,,,,,,,,,,,,,,,,,,,,,,,,,
95bc9cff-cdf5-46ea-b2e3-c402b39a8344,,,,,,,,,,,,,,,,,,,,,,,,,,,,,,,,,,,,,,,
95bd8644-bcd8-47b2-8669-395aba072d5d,,,,,,,,,,,,,,,,,,,,,,,,,,,,,,,,,,,,,,,
95c021ec-3dcd-444b-a242-60b4cee3ad2a,,,,,,,,,,,,,,,,,,,,,,,,,,,,,,,,,,,,,,,
95c279b0-f1b0-4e05-8646-d8155e17866c,,,,,,,,,,,,,,,,,,,,,,,,,,,,,,,,,,,,,,,
95c521f2-e6e7-4040-9be2-5bfd56fbf314,,,,,,,,,,,,,,,,,,,,,,,,,,,,,,,,,,,,,,,
95c8966b-384f-4117-8cb8-f97906db0750,,,,,,,,,,,,,,,,,,,,,,,,,,,,,,,,,,,,,,,
95d2d3d7-9d4b-4780-a192-b1ae1021a61a,microsoft,1.0,1.0,,,,,,,,,,,,,,,,,,,,,,,,,,,,,,,,,,,,
95d47838-1f75-4812-bcae-1c4fd92ae5f5,,,,,,,,,,,,,,,,,,,,,,,,,,,,,,,,,,,,,,,
95d64cfc-47a4-4b72-af05-40a9ad740aee,,,,,,,,,,,,,,,,,,,,,,,,,,,,,,,,,,,,,,,
95db73bc-8e54-4f4c-94c5-d76ef5f5a027,,,,,,,,,,,,,,,,,,,,,,,,,,,,,,,,,,,,,,,
95e898c0-6134-4b7e-9090-3cda484c5093,,,,,,,,,,,,,,,,,,,,,,,,,,,,,,,,,,,,,,,
95eb6935-45ea-44f4-9ef7-bc60a1663c1f,,,,,,,,,,,,,,,,,,,,,,,,,,,,,,,,,,,,,,,
95f289b0-03ed-414d-9724-cdce487aede9,,,,,,,,,,,,,,,,,,,,,,,,,,,,,,,,,,,,,,,
95f3b174-1d79-4d0c-84f1-b5761140ab55,,,,,,,,,,,,,,,,,,,,,,,,,,,,,,,,,,,,,,,
95f6d262-a2ee-4b0e-97de-f5a85e35379a,,,,,,,,,,,,,,,,,,,,,,,,,,,,,,,,,,,,,,,
95fa1036-43ea-464a-b521-5a6a84be7a32,,,,,,,,,,,,,,,,,,,,,,,,,,,,,,,,,,,,,,,
96013461-6b90-45c1-b1d9-e6740b9cbbfc,,,,,,,,,,,,,,,,,,,,,,,,,,,,,,,,,,,,,,,
9602d7cc-613a-48a0-bb84-23e8ab9a44ad,,,,,,,,,,,,,,,,,,,,,,,,,,,,,,,,,,,,,,,
96032b0c-8671-4af0-bd38-90d621212e01,,,,,,,,,,,,,,,,,,,,,,,,,,,,,,,,,,,,,,,
9604afcc-12d8-4781-9128-d948a1e601d7,microsoft,1.0,1.0,,,,,,,,,,,,,,,,,,,,,,,,,,,,,,,,,,,,
960690b0-18ea-4c0b-8fca-f06918844b8e,,,,,,,,,,,,,,,,,,,,,,,,,,,,,,,,,,,,,,,
96069f07-48a0-4e06-8add-7f5c2f9476d9,,,,,,,,,,,,,,,,,,,,,,,,,,,,,,,,,,,,,,,
960769e8-bf2e-49c2-94c0-b678781adfc2,,,,,,,,,,,,,,,,,,,,,,,,,,,,,,,,,,,,,,,
960948cc-fdbf-42fc-b58b-a61416017dcb,,,,,,,,,,,,,,,,,,,,,,,,,,,,,,,,,,,,,,,
9611365f-b61e-4a2b-9f5b-c152aa6e7487,,,,,,,,,,,,,,,,,,,,,,,,,,,,,,,,,,,,,,,
961256b8-728a-43e6-ae0c-fa02fc3307ea,,,,,,,,,,,,,,,,,,,,,,,,,,,,,,,,,,,,,,,
96143f95-384e-4409-8618-0ecb87e29bdc,,,,,,,,,,,,,,,,,,,,,,,,,,,,,,,,,,,,,,,
961c5f41-b986-4dc2-8fa0-0fea55661f20,,,,,,,,,,,,,,,,,,,,,,,,,,,,,,,,,,,,,,,
9624c9b6-df91-4bc7-8b83-c4e93db2cf17,,,,,,,,,,,,,,,,,,,,,,,,,,,,,,,,,,,,,,,
9626e6fb-4b80-4baa-a503-923cb7672cb4,,,,,,,,,,,,,,,,,,,,,,,,,,,,,,,,,,,,,,,
964139a9-a6cd-4cbd-96c3-206f60871ae3,,,,,,,,,,,,,,,,,,,,,,,,,,,,,,,,,,,,,,,
9643077e-4b04-4eb9-a215-25c4b7df08c8,,,,,,,,,,,,,,,,,,,,,,,,,,,,,,,,,,,,,,,
9648fa2b-e30e-428e-b215-e12948e7a47d,,,,,,,,,,,,,,,,,,,,,,,,,,,,,,,,,,,,,,,
964a19dd-78d3-4c5a-a0f4-970c441032fd,,,,,,,,,,,,,,,,,,,,,,,,,,,,,,,,,,,,,,,
96512923-67c1-4a7f-86c6-5407d6a9c1cc,,,,,,,,,,,,,,,,,,,,,,,,,,,,,,,,,,,,,,,
96568c4c-abb2-4290-bea0-a661942490d8,,,,,,,,,,,,,,,,,,,,,,,,,,,,,,,,,,,,,,,
96597260-e1ce-4dfe-b8da-b8df09b80d5f,,,,,,,,,,,,,,,,,,,,,,,,,,,,,,,,,,,,,,,
965fcaa3-f32b-4d31-9186-c40b7f188341,,,,,,,,,,,,,,,,,,,,,,,,,,,,,,,,,,,,,,,
966c1737-0eb2-4a7c-a9a8-3f7ae0d486e0,,,,,,,,,,,,,,,,,,,,,,,,,,,,,,,,,,,,,,,
9671f505-18e5-4561-ab5e-9995f5762fbb,,,,,,,,,,,,,,,,,,,,,,,,,,,,,,,,,,,,,,,
96741555-016f-4a01-9d5f-603aca8738c9,,,,,,,,,,,,,,,,,,,,,,,,,,,,,,,,,,,,,,,
9674eab4-4cf4-43e7-8991-ef16826ddfa1,,,,,,,,,,,,,,,,,,,,,,,,,,,,,,,,,,,,,,,
967a938c-a105-4f9b-947d-4581efcf52ad,,,,,,,,,,,,,,,,,,,,,,,,,,,,,,,,,,,,,,,
96810548-29d3-4f62-8f29-d28a89fa8d73,,,,,,,,,,,,,,,,,,,,,,,,,,,,,,,,,,,,,,,
9685a615-8f87-41e8-ac92-0e426cf1723d,,,,,,,,,,,,,,,,,,,,,,,,,,,,,,,,,,,,,,,
96877f06-ee7c-4056-96b2-0c92f9460e14,,,,,,,,,,,,,,,,,,,,,,,,,,,,,,,,,,,,,,,
968c58f2-a11a-4521-9e85-2b1324a26ff6,,,,,,,,,,,,,,,,,,,,,,,,,,,,,,,,,,,,,,,
969a4ca8-5fb7-4e22-a2f0-06c6fe09cc64,,,,,,,,,,,,,,,,,,,,,,,,,,,,,,,,,,,,,,,
96a07325-07cd-4cce-aeb1-ba81554dcd66,,,,,,,,,,,,,,,,,,,,,,,,,,,,,,,,,,,,,,,
96a48127-4dbd-452d-bf74-8c03bb49af93,,,,,,,,,,,,,,,,,,,,,,,,,,,,,,,,,,,,,,,
96a7983e-b280-4d16-91ac-d6506e4ce37d,,,,,,,,,,,,,,,,,,,,,,,,,,,,,,,,,,,,,,,
96acf5f5-4f96-4b26-a763-da886fd2c67f,,,,,,,,,,,,,,,,,,,,,,,,,,,,,,,,,,,,,,,
96b3cdc3-6bf1-4c26-9d31-ab7fa2d40787,,,,,,,,,,,,,,,,,,,,,,,,,,,,,,,,,,,,,,,
96beff36-3106-46bf-ba60-1ef7f3db3a53,,,,,,,,,,,,,,,,,,,,,,,,,,,,,,,,,,,,,,,
96cf19b1-8ae0-43fc-92d0-69cc80c202ca,,,,,,,,,,,,,,,,,,,,,,,,,,,,,,,,,,,,,,,
96d7d869-c3ac-4a9b-90b7-b57fcdbf4bec,,,,,,,,,,,,,,,,,,,,,,,,,,,,,,,,,,,,,,,
96dadf9e-bc78-4b8d-8aa1-b714eca30ce3,,,,,,,,,,,,,,,,,,,,,,,,,,,,,,,,,,,,,,,
96e2a53b-21fa-4fb7-9bfb-af58c24c2da0,,,,,,,,,,,,,,,,,,,,,,,,,,,,,,,,,,,,,,,
96e2add3-364d-47d3-9d60-e96ff92e1b14,,,,,,,,,,,,,,,,,,,,,,,,,,,,,,,,,,,,,,,
96e57b59-7f52-4354-bd4c-5e3b05723c6e,,,,,,,,,,,,,,,,,,,,,,,,,,,,,,,,,,,,,,,
96e79926-ec67-4c01-8a78-fb6bf2eb4999,,,,,,,,,,,,,,,,,,,,,,,,,,,,,,,,,,,,,,,
96f988ad-a1e7-4cce-a197-25b338ebd8e0,,,,,,,,,,,,,,,,,,,,,,,,,,,,,,,,,,,,,,,
97092c0e-f85d-4823-80e4-c16f15e25b2c,,,,,,,,,,,,,,,,,,,,,,,,,,,,,,,,,,,,,,,
97097a3b-2d2c-4fb2-9fff-afc93a36ba35,,,,,,,,,,,,,,,,,,,,,,,,,,,,,,,,,,,,,,,
97125ab7-7ff0-4c60-b302-0cc84ea9dc06,,,,,,,,,,,,,,,,,,,,,,,,,,,,,,,,,,,,,,,
9712ffba-a72c-441d-8a42-10d384b41501,,,,,,,,,,,,,,,,,,,,,,,,,,,,,,,,,,,,,,,
9716c294-f512-4684-859c-f1f15b571da0,baidu,1.0,1.0,,,,,,,,,,,,,,,,,,,,,,,,,,,,,,,,,,,,
9719a088-e9ee-49fa-99db-69bec19e9d57,,,,,,,,,,,,,,,,,,,,,,,,,,,,,,,,,,,,,,,
97208ee0-b43b-4848-9a6b-5eb1d5b66e9e,,,,,,,,,,,,,,,,,,,,,,,,,,,,,,,,,,,,,,,
97238e94-0145-46da-a182-1c186fdb1737,,,,,,,,,,,,,,,,,,,,,,,,,,,,,,,,,,,,,,,
972ef0c0-dd44-4918-9ac8-db12414d68ac,,,,,,,,,,,,,,,,,,,,,,,,,,,,,,,,,,,,,,,
97331b1a-84fb-4023-a59f-25170ab1e736,,,,,,,,,,,,,,,,,,,,,,,,,,,,,,,,,,,,,,,
97361e43-bb7b-480f-ba2e-5207f14b1ae2,,,,,,,,,,,,,,,,,,,,,,,,,,,,,,,,,,,,,,,
97478e4b-5eff-43d8-9553-3c88270b2d57,,,,,,,,,,,,,,,,,,,,,,,,,,,,,,,,,,,,,,,
9756345d-23c6-43aa-90b0-369958de38bf,amazon_associates,1.0,1.0,,,,,,,,,,,,,,,,,,,,,,,,,,,,,,,,,,,,
975b5ec0-de07-46e6-9711-b989e6756050,,,,,,,,,,,,,,,,,,,,,,,,,,,,,,,,,,,,,,,
9760b2e9-158a-422d-b996-b042c570cc92,,,,,,,,,,,,,,,,,,,,,,,,,,,,,,,,,,,,,,,
9777060f-10bb-48f7-9cc4-e9380d486242,,,,,,,,,,,,,,,,,,,,,,,,,,,,,,,,,,,,,,,
9790beb7-b8ce-407e-944b-e2b8db08c235,,,,,,,,,,,,,,,,,,,,,,,,,,,,,,,,,,,,,,,
979553ed-f5d0-45e5-9d64-53a62f31b0ef,,,,,,,,,,,,,,,,,,,,,,,,,,,,,,,,,,,,,,,
97978fdd-e692-44d1-ba52-b12ce25a81b8,,,,,,,,,,,,,,,,,,,,,,,,,,,,,,,,,,,,,,,
9798aee5-f208-4751-b1eb-a11ac650af20,,,,,,,,,,,,,,,,,,,,,,,,,,,,,,,,,,,,,,,
97a5e8b7-9380-4b8a-a5ad-448cc5749bc2,,,,,,,,,,,,,,,,,,,,,,,,,,,,,,,,,,,,,,,
97b0b3ef-06cc-400a-81ff-56623bca5fd0,,,,,,,,,,,,,,,,,,,,,,,,,,,,,,,,,,,,,,,
97b32c61-08f0-495d-8560-71547b69f31b,,,,,,,,,,,,,,,,,,,,,,,,,,,,,,,,,,,,,,,
97b760f2-1b4b-4be9-8574-c86f023ea322,,,,,,,,,,,,,,,,,,,,,,,,,,,,,,,,,,,,,,,
97be5057-dafc-4705-9c75-676bceb0ef2c,,,,,,,,,,,,,,,,,,,,,,,,,,,,,,,,,,,,,,,
97c1b668-7fca-4b59-8061-90583f45566b,,,,,,,,,,,,,,,,,,,,,,,,,,,,,,,,,,,,,,,
97c42ab2-7227-4ba2-8d2e-9439f4b7d143,hotjar,1.0,1.0,,,,,,,,,,,,,,,,,,,,,,,,,,,,,,,,,,,,
97cd690b-2057-47cf-b734-7a123956955a,wp,1.0,1.0,,,,,,,,,,,,,,,,,,,,,,,,,,,,,,,,,,,,
97d29b03-82e7-41f1-8211-f073bbc7a9a0,,,,,,,,,,,,,,,,,,,,,,,,,,,,,,,,,,,,,,,
97d4d69c-aab5-4600-8535-7e4ec6dcac14,,,,,,,,,,,,,,,,,,,,,,,,,,,,,,,,,,,,,,,
97da9348-3839-4397-ac3e-71778973801d,,,,,,,,,,,,,,,,,,,,,,,,,,,,,,,,,,,,,,,
97db1150-02d1-469f-b622-e05132bcce9f,,,,,,,,,,,,,,,,,,,,,,,,,,,,,,,,,,,,,,,
97e211c8-7e61-41a9-a2ac-bb7f6368d4e9,,,,,,,,,,,,,,,,,,,,,,,,,,,,,,,,,,,,,,,
97e48ac3-55b3-4063-b1c3-44bcebf23f9e,,,,,,,,,,,,,,,,,,,,,,,,,,,,,,,,,,,,,,,
97e8f4b7-980c-4c61-b4c0-11d5f1a136f1,,,,,,,,,,,,,,,,,,,,,,,,,,,,,,,,,,,,,,,
97f570c7-198e-4d5d-ace8-bb39885e3306,,,,,,,,,,,,,,,,,,,,,,,,,,,,,,,,,,,,,,,
98076ccf-b467-4057-8864-28f1fb82c4a2,,,,,,,,,,,,,,,,,,,,,,,,,,,,,,,,,,,,,,,
9808da86-6225-43de-a20c-20fe260c5988,,,,,,,,,,,,,,,,,,,,,,,,,,,,,,,,,,,,,,,
980b8615-60e9-469e-9498-f1d56483104c,,,,,,,,,,,,,,,,,,,,,,,,,,,,,,,,,,,,,,,
980deb51-75a6-4a15-9fa4-0e33351e24e7,,,,,,,,,,,,,,,,,,,,,,,,,,,,,,,,,,,,,,,
9819fe2a-2ad6-4bee-a49e-358a24162070,,,,,,,,,,,,,,,,,,,,,,,,,,,,,,,,,,,,,,,
981a8775-6a16-4ee6-bf6d-6143152ded33,,,,,,,,,,,,,,,,,,,,,,,,,,,,,,,,,,,,,,,
981db55a-be80-4fc5-b9b1-eeb3032cc82c,,,,,,,,,,,,,,,,,,,,,,,,,,,,,,,,,,,,,,,
98247228-53ad-4a70-9b92-ae5a35be89ab,,,,,,,,,,,,,,,,,,,,,,,,,,,,,,,,,,,,,,,
982510c4-974d-4701-bf40-6d35188634d2,,,,,,,,,,,,,,,,,,,,,,,,,,,,,,,,,,,,,,,
982689fc-9190-4c3e-9bf8-e9342fe40739,,,,,,,,,,,,,,,,,,,,,,,,,,,,,,,,,,,,,,,
98279991-cd89-4f61-9055-64d276c3ff1c,,,,,,,,,,,,,,,,,,,,,,,,,,,,,,,,,,,,,,,
9837f692-4484-4ae8-b439-b711d3c45db5,,,,,,,,,,,,,,,,,,,,,,,,,,,,,,,,,,,,,,,
983f505a-5c31-4c7f-ba30-89c3001779ba,,,,,,,,,,,,,,,,,,,,,,,,,,,,,,,,,,,,,,,
983f5894-b185-47b1-809d-5d071f030099,,,,,,,,,,,,,,,,,,,,,,,,,,,,,,,,,,,,,,,
984113c7-4ced-445d-999a-59dbef90bc42,,,,,,,,,,,,,,,,,,,,,,,,,,,,,,,,,,,,,,,
9841a69b-c4fb-46be-9c51-01ae0baddbe8,,,,,,,,,,,,,,,,,,,,,,,,,,,,,,,,,,,,,,,
98423730-1e9f-45c5-adbd-74735bea5aa8,,,,,,,,,,,,,,,,,,,,,,,,,,,,,,,,,,,,,,,
9844b522-6932-470b-816e-9f997c76497a,,,,,,,,,,,,,,,,,,,,,,,,,,,,,,,,,,,,,,,
9855c6eb-e4e3-4dfe-b74a-e5b29c3b706f,,,,,,,,,,,,,,,,,,,,,,,,,,,,,,,,,,,,,,,
98565422-edde-4719-9fbe-a348153540c7,,,,,,,,,,,,,,,,,,,,,,,,,,,,,,,,,,,,,,,
985c1e14-81d9-453c-9d80-d5d5a77e694a,,,,,,,,,,,,,,,,,,,,,,,,,,,,,,,,,,,,,,,
9867d8e3-1cd0-4314-93d4-87dd67cdf552,,,,,,,,,,,,,,,,,,,,,,,,,,,,,,,,,,,,,,,
98693d98-8ed4-49b3-8754-4fc073a840aa,,,,,,,,,,,,,,,,,,,,,,,,,,,,,,,,,,,,,,,
9877346e-fa2d-4fd2-9499-b40dc8456dc0,,,,,,,,,,,,,,,,,,,,,,,,,,,,,,,,,,,,,,,
987e44d8-9b3a-4f4f-8565-9a245d80af5d,,,,,,,,,,,,,,,,,,,,,,,,,,,,,,,,,,,,,,,
98808222-c5dd-4b23-bf13-6e1652ddc2b2,,,,,,,,,,,,,,,,,,,,,,,,,,,,,,,,,,,,,,,
98832582-978a-431c-9f33-77eb042b6f11,,,,,,,,,,,,,,,,,,,,,,,,,,,,,,,,,,,,,,,
988513f1-0a45-4776-bfc7-f7faed86544e,,,,,,,,,,,,,,,,,,,,,,,,,,,,,,,,,,,,,,,
9892399e-b743-43a1-b424-396782788561,,,,,,,,,,,,,,,,,,,,,,,,,,,,,,,,,,,,,,,
9893c771-053e-49da-9a66-a00a825b87db,,,,,,,,,,,,,,,,,,,,,,,,,,,,,,,,,,,,,,,
989cf6ce-7e5f-49be-aa4e-70b84def3b78,,,,,,,,,,,,,,,,,,,,,,,,,,,,,,,,,,,,,,,
989e21c1-6dd2-4078-b005-34a57ff551f7,,,,,,,,,,,,,,,,,,,,,,,,,,,,,,,,,,,,,,,
98a9b6af-b6ca-41d5-a27d-49208adced23,,,,,,,,,,,,,,,,,,,,,,,,,,,,,,,,,,,,,,,
98a9f43e-7aa7-4303-8f9a-117366985bf2,,,,,,,,,,,,,,,,,,,,,,,,,,,,,,,,,,,,,,,
98ab1a8c-3902-4122-b8f4-f7c2755287f9,,,,,,,,,,,,,,,,,,,,,,,,,,,,,,,,,,,,,,,
98abe4b1-bb35-4e32-9796-09376614f8f5,,,,,,,,,,,,,,,,,,,,,,,,,,,,,,,,,,,,,,,
98ad43a8-1dca-4fbb-b865-72c0519c161e,,,,,,,,,,,,,,,,,,,,,,,,,,,,,,,,,,,,,,,
98be8a0f-09cc-4312-8ae4-bd074c7196db,,,,,,,,,,,,,,,,,,,,,,,,,,,,,,,,,,,,,,,
98c2cc5a-30b5-4774-9217-0b90aa923b2a,,,,,,,,,,,,,,,,,,,,,,,,,,,,,,,,,,,,,,,
98cfd01c-c8e2-45e3-a5f6-984068f7fee6,,,,,,,,,,,,,,,,,,,,,,,,,,,,,,,,,,,,,,,
98db6a1d-ac7f-4e52-a8d0-3004542515b1,,,,,,,,,,,,,,,,,,,,,,,,,,,,,,,,,,,,,,,
98ea0069-7b93-40cf-b1c5-7563e6c73ffe,,,,,,,,,,,,,,,,,,,,,,,,,,,,,,,,,,,,,,,
98ea8465-5917-4cf8-a73f-deffcb41f46e,,,,,,,,,,,,,,,,,,,,,,,,,,,,,,,,,,,,,,,
98ec1596-63e2-40c8-8530-c285a1ccdc4f,,,,,,,,,,,,,,,,,,,,,,,,,,,,,,,,,,,,,,,
98f3acb1-ed8e-4714-b175-5c796a97744b,amplitude,1.0,1.0,,,,,,,,,,,,,,,,,,,,,,,,,,,,,,,,,,,,
98f4c510-072e-4cc3-a800-7027d34cf8f9,feefo,1.0,0.1111111111111111,seedtag,1.0,0.1111111111111111,buysellads.com,1.0,0.1111111111111111,hubspot,1.0,0.1111111111111111,e-planning,1.0,0.1111111111111111,taboola,1.0,0.1111111111111111,revcontent,1.0,0.1111111111111111,zeta,1.0,0.1111111111111111,triton_digital,1.0,0.1111111111111111,,,,,,,,,,,,
990715ab-a26d-4a67-ab05-0729c22c0e5e,,,,,,,,,,,,,,,,,,,,,,,,,,,,,,,,,,,,,,,
990815c5-8beb-4805-87dd-2cb22510ca2f,,,,,,,,,,,,,,,,,,,,,,,,,,,,,,,,,,,,,,,
992114f0-c29c-46d8-a45a-332085751c3c,,,,,,,,,,,,,,,,,,,,,,,,,,,,,,,,,,,,,,,
99214b65-1bd2-4f95-8f64-8bd4e7eb1d73,,,,,,,,,,,,,,,,,,,,,,,,,,,,,,,,,,,,,,,
992e5b28-03be-48fd-8757-2cea24760ebc,,,,,,,,,,,,,,,,,,,,,,,,,,,,,,,,,,,,,,,
992ffe83-3a6e-4b6b-9524-f40014dab85c,,,,,,,,,,,,,,,,,,,,,,,,,,,,,,,,,,,,,,,
99353b0f-b461-4be6-aa36-3dbd2c197d16,,,,,,,,,,,,,,,,,,,,,,,,,,,,,,,,,,,,,,,
993974f4-57f1-4eb3-a10d-4f86785c07c9,,,,,,,,,,,,,,,,,,,,,,,,,,,,,,,,,,,,,,,
993deee0-52cd-4b31-9df5-c908a753aebf,,,,,,,,,,,,,,,,,,,,,,,,,,,,,,,,,,,,,,,
99427fec-a41c-493f-bb3a-04789fc1a27a,,,,,,,,,,,,,,,,,,,,,,,,,,,,,,,,,,,,,,,
9946bd5d-6065-4eb5-a0c7-1e24fbeaf0bc,,,,,,,,,,,,,,,,,,,,,,,,,,,,,,,,,,,,,,,
994a4541-2f80-4321-909f-5948418d11f1,,,,,,,,,,,,,,,,,,,,,,,,,,,,,,,,,,,,,,,
995b9762-ed7b-4e7d-90cd-5588d75f0e2e,,,,,,,,,,,,,,,,,,,,,,,,,,,,,,,,,,,,,,,
996c9902-efcc-4382-9449-97080b684180,,,,,,,,,,,,,,,,,,,,,,,,,,,,,,,,,,,,,,,
997a7758-6440-413a-8567-1b8816f67faf,,,,,,,,,,,,,,,,,,,,,,,,,,,,,,,,,,,,,,,
997cee52-c3f1-425f-986b-ce17b5662223,,,,,,,,,,,,,,,,,,,,,,,,,,,,,,,,,,,,,,,
997e27b3-61e0-4936-b2b2-c59020a37dba,,,,,,,,,,,,,,,,,,,,,,,,,,,,,,,,,,,,,,,
997ec740-8907-42a7-aeb6-7592d68c9b19,,,,,,,,,,,,,,,,,,,,,,,,,,,,,,,,,,,,,,,
9985c51b-85b3-4204-ace5-6072b0ed5de7,,,,,,,,,,,,,,,,,,,,,,,,,,,,,,,,,,,,,,,
99890600-e9d1-4bfb-998e-602229f22c93,,,,,,,,,,,,,,,,,,,,,,,,,,,,,,,,,,,,,,,
9989efc9-2115-4fb8-8459-4103e01a5891,,,,,,,,,,,,,,,,,,,,,,,,,,,,,,,,,,,,,,,
998adad9-e2fe-455a-a5ac-f299515e1026,,,,,,,,,,,,,,,,,,,,,,,,,,,,,,,,,,,,,,,
9995d2eb-89df-4ea3-ac02-2216a75537ec,rakuten,1.0,1.0,,,,,,,,,,,,,,,,,,,,,,,,,,,,,,,,,,,,
999bb521-d370-416a-901b-5297405df5a2,,,,,,,,,,,,,,,,,,,,,,,,,,,,,,,,,,,,,,,
99a21180-48f4-409b-83ff-af6b329d6e1f,,,,,,,,,,,,,,,,,,,,,,,,,,,,,,,,,,,,,,,
99ab880d-40e4-48a9-a8f8-17c3cafad142,,,,,,,,,,,,,,,,,,,,,,,,,,,,,,,,,,,,,,,
99afa20f-2f4e-40fc-a730-b1110a56eaeb,,,,,,,,,,,,,,,,,,,,,,,,,,,,,,,,,,,,,,,
99b432f9-e92c-4ee4-a748-ef736244d294,,,,,,,,,,,,,,,,,,,,,,,,,,,,,,,,,,,,,,,
99b9ff9d-8b04-4964-a4e4-8843d1280e0d,,,,,,,,,,,,,,,,,,,,,,,,,,,,,,,,,,,,,,,
99c4bbe4-4edf-46cc-a120-e7c2cfd4c6d3,,,,,,,,,,,,,,,,,,,,,,,,,,,,,,,,,,,,,,,
99c64160-e4b2-47ed-925a-8d0bab5b225d,,,,,,,,,,,,,,,,,,,,,,,,,,,,,,,,,,,,,,,
99d2206f-35e7-4c2f-96fd-1bfa211e3ff6,,,,,,,,,,,,,,,,,,,,,,,,,,,,,,,,,,,,,,,
99d29245-9d30-463c-b928-128edaf65e29,,,,,,,,,,,,,,,,,,,,,,,,,,,,,,,,,,,,,,,
99e02938-203e-4e24-9960-ae61e7303fbc,,,,,,,,,,,,,,,,,,,,,,,,,,,,,,,,,,,,,,,
99e17810-0d63-405b-a81e-5ff15f3fdf9a,,,,,,,,,,,,,,,,,,,,,,,,,,,,,,,,,,,,,,,
99e2bd91-7921-4d26-a835-173dbc79add2,,,,,,,,,,,,,,,,,,,,,,,,,,,,,,,,,,,,,,,
99edbe3c-94c2-4fba-a933-b39ffbda2822,,,,,,,,,,,,,,,,,,,,,,,,,,,,,,,,,,,,,,,
99f4c051-bc10-4949-a22d-c60767f9a125,,,,,,,,,,,,,,,,,,,,,,,,,,,,,,,,,,,,,,,
99f598e9-c6e5-4219-9692-edab9048a586,,,,,,,,,,,,,,,,,,,,,,,,,,,,,,,,,,,,,,,
99f70ca8-3e24-42c0-983c-e99c30029cb2,,,,,,,,,,,,,,,,,,,,,,,,,,,,,,,,,,,,,,,
99f8c94b-5005-429f-b5c2-07dbbb8bac24,,,,,,,,,,,,,,,,,,,,,,,,,,,,,,,,,,,,,,,
99faac3c-81fa-45e0-a6b7-be8c4b891266,,,,,,,,,,,,,,,,,,,,,,,,,,,,,,,,,,,,,,,
99fff7e6-d74f-49e0-94c5-e641b9ec9540,,,,,,,,,,,,,,,,,,,,,,,,,,,,,,,,,,,,,,,
9a021d4b-909b-40e3-be34-f87048dd16c6,,,,,,,,,,,,,,,,,,,,,,,,,,,,,,,,,,,,,,,
9a051947-b878-4363-9b8e-5609761fc373,,,,,,,,,,,,,,,,,,,,,,,,,,,,,,,,,,,,,,,
9a0c6feb-7ebb-4d80-860e-22b5088aa559,,,,,,,,,,,,,,,,,,,,,,,,,,,,,,,,,,,,,,,
9a0c8550-8ecb-48ca-89be-f2f53e5e7637,,,,,,,,,,,,,,,,,,,,,,,,,,,,,,,,,,,,,,,
9a0e311e-fae0-4cd5-baa4-667cc5ea8c7d,,,,,,,,,,,,,,,,,,,,,,,,,,,,,,,,,,,,,,,
9a103cef-2345-4cb4-b1ba-3d361c6596d2,,,,,,,,,,,,,,,,,,,,,,,,,,,,,,,,,,,,,,,
9a159fc2-a502-4a56-b54c-af405586d293,,,,,,,,,,,,,,,,,,,,,,,,,,,,,,,,,,,,,,,
9a1b24a7-25b8-42a0-b76b-cfb06666fb33,,,,,,,,,,,,,,,,,,,,,,,,,,,,,,,,,,,,,,,
9a1d45dc-5b60-4a52-acbb-12c6296fcfdc,,,,,,,,,,,,,,,,,,,,,,,,,,,,,,,,,,,,,,,
9a28ddf0-2b51-4fef-9e55-e31b01f2e8e6,,,,,,,,,,,,,,,,,,,,,,,,,,,,,,,,,,,,,,,
9a317074-b40e-4b8b-89fb-0c56b85e3750,,,,,,,,,,,,,,,,,,,,,,,,,,,,,,,,,,,,,,,
9a3b3d6b-74b4-44a3-9cfa-d8dfc9008798,,,,,,,,,,,,,,,,,,,,,,,,,,,,,,,,,,,,,,,
9a40f460-342e-4e9d-923f-d011ff431c11,,,,,,,,,,,,,,,,,,,,,,,,,,,,,,,,,,,,,,,
9a44d773-14cd-49a6-94d8-f76fb682b479,,,,,,,,,,,,,,,,,,,,,,,,,,,,,,,,,,,,,,,
9a4c168e-aad5-4ff5-88af-47740350c5ce,,,,,,,,,,,,,,,,,,,,,,,,,,,,,,,,,,,,,,,
9a568ffb-fcbc-4f65-8385-92936e3a0ce6,,,,,,,,,,,,,,,,,,,,,,,,,,,,,,,,,,,,,,,
9a5a40aa-c545-4d55-a2ca-af820f0ca054,,,,,,,,,,,,,,,,,,,,,,,,,,,,,,,,,,,,,,,
9a7b81e0-b8ba-41f0-be9f-06bdbd2fec4d,,,,,,,,,,,,,,,,,,,,,,,,,,,,,,,,,,,,,,,
9a8372a2-e6a8-43fb-a67f-7d1533e6f6a7,,,,,,,,,,,,,,,,,,,,,,,,,,,,,,,,,,,,,,,
9a87cfda-bcfa-463a-a72c-b0b45fcef897,,,,,,,,,,,,,,,,,,,,,,,,,,,,,,,,,,,,,,,
9a8f8e51-d281-4d4f-b884-e5511b312aa1,,,,,,,,,,,,,,,,,,,,,,,,,,,,,,,,,,,,,,,
9a901f5e-3b2d-4f9d-9f2e-b0a797fe861f,,,,,,,,,,,,,,,,,,,,,,,,,,,,,,,,,,,,,,,
9a93cdf8-3ddd-4339-b0c4-ca6d864f6492,,,,,,,,,,,,,,,,,,,,,,,,,,,,,,,,,,,,,,,
9a9e0769-6707-42a7-bedf-63379459bc33,trip_com,5.0,1.0,,,,,,,,,,,,,,,,,,,,,,,,,,,,,,,,,,,,
9aa978f9-a0db-4d46-a093-8698faaf4e95,,,,,,,,,,,,,,,,,,,,,,,,,,,,,,,,,,,,,,,
9aba6712-181f-4b55-a463-a22f424c5b13,,,,,,,,,,,,,,,,,,,,,,,,,,,,,,,,,,,,,,,
9abd9821-77bf-40e1-8004-b64df5785848,,,,,,,,,,,,,,,,,,,,,,,,,,,,,,,,,,,,,,,
9acf75a7-0b0e-4e87-87fb-556af19d4d57,naver,1.0,1.0,,,,,,,,,,,,,,,,,,,,,,,,,,,,,,,,,,,,
9acf9f96-8ef3-42d3-b1fb-166a7b2d948e,,,,,,,,,,,,,,,,,,,,,,,,,,,,,,,,,,,,,,,
9ad6aa70-6bc9-4b74-8c40-9406eb4d9656,,,,,,,,,,,,,,,,,,,,,,,,,,,,,,,,,,,,,,,
9ad9db98-4975-4e6b-8178-715fbc932643,,,,,,,,,,,,,,,,,,,,,,,,,,,,,,,,,,,,,,,
9adbc783-8974-4987-84ce-05e81350f958,,,,,,,,,,,,,,,,,,,,,,,,,,,,,,,,,,,,,,,
9adbce2c-90de-418a-bc51-0d9bd9acaee5,,,,,,,,,,,,,,,,,,,,,,,,,,,,,,,,,,,,,,,
9ade12d7-94c3-4bea-93de-8e4c19a8bd68,,,,,,,,,,,,,,,,,,,,,,,,,,,,,,,,,,,,,,,
9ade945a-ad7c-45ed-9edd-5c360893c75c,,,,,,,,,,,,,,,,,,,,,,,,,,,,,,,,,,,,,,,
9ae3dd2b-54a4-4818-b67c-4508800b4a33,,,,,,,,,,,,,,,,,,,,,,,,,,,,,,,,,,,,,,,
9ae5e842-4a92-4395-8abf-3f8f43093d0e,,,,,,,,,,,,,,,,,,,,,,,,,,,,,,,,,,,,,,,
9aeef90c-5a91-4601-a2c6-cf4e829aacc1,,,,,,,,,,,,,,,,,,,,,,,,,,,,,,,,,,,,,,,
9af4bd9a-0ab6-4ecf-b521-b87b05446415,,,,,,,,,,,,,,,,,,,,,,,,,,,,,,,,,,,,,,,
9af5c802-896f-4510-ab2a-10a1689096f3,,,,,,,,,,,,,,,,,,,,,,,,,,,,,,,,,,,,,,,
9afe1c11-aabb-4def-8d30-e8c0db2be1df,,,,,,,,,,,,,,,,,,,,,,,,,,,,,,,,,,,,,,,
9affb86d-5a2f-465e-9e32-edc45598c1f0,,,,,,,,,,,,,,,,,,,,,,,,,,,,,,,,,,,,,,,
9b01ba08-5e21-4364-a9bd-d86ffcd46e7e,,,,,,,,,,,,,,,,,,,,,,,,,,,,,,,,,,,,,,,
9b08da49-23a0-4422-8d0c-14072a12d28f,,,,,,,,,,,,,,,,,,,,,,,,,,,,,,,,,,,,,,,
9b0db8fd-a63f-4212-81ef-df130796b2d3,,,,,,,,,,,,,,,,,,,,,,,,,,,,,,,,,,,,,,,
9b145cf3-94b3-465a-b690-186e4e4619b6,,,,,,,,,,,,,,,,,,,,,,,,,,,,,,,,,,,,,,,
9b147778-3ca9-4b1f-bc29-68e30b7daac6,,,,,,,,,,,,,,,,,,,,,,,,,,,,,,,,,,,,,,,
9b184a66-c400-43a8-a367-e7ef28b70aef,,,,,,,,,,,,,,,,,,,,,,,,,,,,,,,,,,,,,,,
9b1a3ccc-1f98-48b2-9c04-31ebbb093283,,,,,,,,,,,,,,,,,,,,,,,,,,,,,,,,,,,,,,,
9b1a47e6-8e71-4b93-aa76-ae0674aa02ba,,,,,,,,,,,,,,,,,,,,,,,,,,,,,,,,,,,,,,,
9b21bd27-4f3e-47da-ab15-ac629baedfbb,,,,,,,,,,,,,,,,,,,,,,,,,,,,,,,,,,,,,,,
9b313949-8072-4211-b967-453451f21af6,,,,,,,,,,,,,,,,,,,,,,,,,,,,,,,,,,,,,,,
9b3278f0-a6ce-416b-bbe4-6570dd9b36e1,,,,,,,,,,,,,,,,,,,,,,,,,,,,,,,,,,,,,,,
9b3ba446-2425-40d5-aec3-66e6ba7689f3,medallia,1.0,1.0,,,,,,,,,,,,,,,,,,,,,,,,,,,,,,,,,,,,
9b3f24b9-d433-48d5-9eb3-8da8b7743cad,,,,,,,,,,,,,,,,,,,,,,,,,,,,,,,,,,,,,,,
9b405713-4448-4d2b-9aa9-4ced6b94b6f1,,,,,,,,,,,,,,,,,,,,,,,,,,,,,,,,,,,,,,,
9b4065ed-93dd-440e-a877-e19dcb969c37,,,,,,,,,,,,,,,,,,,,,,,,,,,,,,,,,,,,,,,
9b413c33-f00d-4278-9155-b409f523bd41,wikimedia_foundation,1.0,1.0,,,,,,,,,,,,,,,,,,,,,,,,,,,,,,,,,,,,
9b432dd6-701f-43c6-bd22-b067eb7f38b0,,,,,,,,,,,,,,,,,,,,,,,,,,,,,,,,,,,,,,,
9b46c6ac-3b56-4b07-afe8-bb3f29a86f7e,,,,,,,,,,,,,,,,,,,,,,,,,,,,,,,,,,,,,,,
9b48233b-0999-4190-a529-3745137362ab,,,,,,,,,,,,,,,,,,,,,,,,,,,,,,,,,,,,,,,
9b4ce5a6-628f-466b-821b-9ec1d40c1ed2,,,,,,,,,,,,,,,,,,,,,,,,,,,,,,,,,,,,,,,
9b5c8c8f-4de1-4395-b8ec-89c701c9b093,,,,,,,,,,,,,,,,,,,,,,,,,,,,,,,,,,,,,,,
9b6520f4-11f5-4e66-be95-4196785bd2df,,,,,,,,,,,,,,,,,,,,,,,,,,,,,,,,,,,,,,,
9b6dc446-016b-4720-86c0-f01ce577d0d3,,,,,,,,,,,,,,,,,,,,,,,,,,,,,,,,,,,,,,,
9b70be0b-771c-45d6-bf4b-62489d298873,,,,,,,,,,,,,,,,,,,,,,,,,,,,,,,,,,,,,,,
9b76a6ef-b07d-47c7-91e7-bb8766ee1686,,,,,,,,,,,,,,,,,,,,,,,,,,,,,,,,,,,,,,,
9b7f8e17-bc29-4413-98af-dc1fb3029b4a,,,,,,,,,,,,,,,,,,,,,,,,,,,,,,,,,,,,,,,
9b802b61-76d8-4f14-9ff4-643bbe31a291,,,,,,,,,,,,,,,,,,,,,,,,,,,,,,,,,,,,,,,
9b81249b-bc45-4289-948b-abebd101dadd,,,,,,,,,,,,,,,,,,,,,,,,,,,,,,,,,,,,,,,
9b824178-a4dd-4570-b453-6c7d1527b692,,,,,,,,,,,,,,,,,,,,,,,,,,,,,,,,,,,,,,,
9b832c0a-5018-492a-b08a-d3678baaf4e9,,,,,,,,,,,,,,,,,,,,,,,,,,,,,,,,,,,,,,,
9b88f9cc-3358-4509-b8d3-4931c10c2a03,,,,,,,,,,,,,,,,,,,,,,,,,,,,,,,,,,,,,,,
9b915ace-4797-40f0-99c7-5d1e5c963631,,,,,,,,,,,,,,,,,,,,,,,,,,,,,,,,,,,,,,,
9b97dc31-d84a-4291-b1b6-baefda9c4699,,,,,,,,,,,,,,,,,,,,,,,,,,,,,,,,,,,,,,,
9b9d94fc-5916-492f-9e58-62b739757577,,,,,,,,,,,,,,,,,,,,,,,,,,,,,,,,,,,,,,,
9ba75058-f337-4736-92c8-18446ec988cc,,,,,,,,,,,,,,,,,,,,,,,,,,,,,,,,,,,,,,,
9baa65b6-4e9c-4148-80c3-81e369a368a5,,,,,,,,,,,,,,,,,,,,,,,,,,,,,,,,,,,,,,,
9baa8d6b-c6f2-4188-bf52-bdcead43a6bb,,,,,,,,,,,,,,,,,,,,,,,,,,,,,,,,,,,,,,,
9bbd40e8-feed-4514-9970-5b4a45c7c193,,,,,,,,,,,,,,,,,,,,,,,,,,,,,,,,,,,,,,,
9bd3e2c8-5693-44fb-8521-1d5c4a7b2dff,,,,,,,,,,,,,,,,,,,,,,,,,,,,,,,,,,,,,,,
9be04506-b60c-471c-8e28-1809a6fd3539,,,,,,,,,,,,,,,,,,,,,,,,,,,,,,,,,,,,,,,
9be84b7e-e8ff-48ba-a7c8-8990c9bc0561,,,,,,,,,,,,,,,,,,,,,,,,,,,,,,,,,,,,,,,
9bec9ff3-a50a-4626-aee0-0963654d31ed,,,,,,,,,,,,,,,,,,,,,,,,,,,,,,,,,,,,,,,
9bf37acc-34e9-49ab-8c17-9a4ce63931e7,,,,,,,,,,,,,,,,,,,,,,,,,,,,,,,,,,,,,,,
9bf590ee-14e9-47f0-a45b-e599ad6e9f79,,,,,,,,,,,,,,,,,,,,,,,,,,,,,,,,,,,,,,,
9bf783fd-7f76-4c03-9723-0251ef6f0d65,,,,,,,,,,,,,,,,,,,,,,,,,,,,,,,,,,,,,,,
9bf8a0a0-af43-4423-9dc5-d74fb089b1d4,,,,,,,,,,,,,,,,,,,,,,,,,,,,,,,,,,,,,,,
9bfaf38f-766b-482d-8915-e3d48e0bad94,,,,,,,,,,,,,,,,,,,,,,,,,,,,,,,,,,,,,,,
9bff8ca8-cf37-4c4b-b863-37f8b8b0c090,,,,,,,,,,,,,,,,,,,,,,,,,,,,,,,,,,,,,,,
9c037c4b-f249-4f36-81ec-cffd40f4ee0a,,,,,,,,,,,,,,,,,,,,,,,,,,,,,,,,,,,,,,,
9c168a98-4313-4307-994d-a6bf874e1e1b,zalando,1.0,1.0,,,,,,,,,,,,,,,,,,,,,,,,,,,,,,,,,,,,
9c1aa957-5b7e-43ee-8d51-21eb9d5e1655,atlassian,1.0,1.0,,,,,,,,,,,,,,,,,,,,,,,,,,,,,,,,,,,,
9c1d7e38-3d22-4bd3-b72f-884dedf437d4,,,,,,,,,,,,,,,,,,,,,,,,,,,,,,,,,,,,,,,
9c200ade-9679-4ae5-ae01-47e06ced969a,,,,,,,,,,,,,,,,,,,,,,,,,,,,,,,,,,,,,,,
9c201ffa-c628-4d1a-aa18-b5f648378f26,,,,,,,,,,,,,,,,,,,,,,,,,,,,,,,,,,,,,,,
9c22f13b-06f9-4f10-b6cf-82e83d7fe06f,,,,,,,,,,,,,,,,,,,,,,,,,,,,,,,,,,,,,,,
9c26d6a3-db67-4a3d-b2e4-17c791459f2f,,,,,,,,,,,,,,,,,,,,,,,,,,,,,,,,,,,,,,,
9c310b79-440d-4ec9-ad63-5339855cedb8,,,,,,,,,,,,,,,,,,,,,,,,,,,,,,,,,,,,,,,
9c38e499-2c1c-43c0-94c0-2078665ae986,,,,,,,,,,,,,,,,,,,,,,,,,,,,,,,,,,,,,,,
9c3b8d92-805a-498e-a2bb-d6dcd50f1361,,,,,,,,,,,,,,,,,,,,,,,,,,,,,,,,,,,,,,,
9c3cbf1a-91e1-42e3-99a7-866db21e5d80,,,,,,,,,,,,,,,,,,,,,,,,,,,,,,,,,,,,,,,
9c41661b-bf4d-4911-b9a7-497fcbc76938,,,,,,,,,,,,,,,,,,,,,,,,,,,,,,,,,,,,,,,
9c490a2f-2a46-4c83-b412-d2a561898992,,,,,,,,,,,,,,,,,,,,,,,,,,,,,,,,,,,,,,,
9c4a4266-7b49-4460-8c36-35d292e083b1,,,,,,,,,,,,,,,,,,,,,,,,,,,,,,,,,,,,,,,
9c4ab0ef-ae34-4f9c-bc47-4e0dc752c16b,,,,,,,,,,,,,,,,,,,,,,,,,,,,,,,,,,,,,,,
9c4cd8f3-dffc-4ba7-b1a6-b3895f1ebeea,,,,,,,,,,,,,,,,,,,,,,,,,,,,,,,,,,,,,,,
9c4d67dc-4346-4d21-9cc4-639346b77de1,,,,,,,,,,,,,,,,,,,,,,,,,,,,,,,,,,,,,,,
9c553b8d-d590-4c3c-906a-619c4d916f61,,,,,,,,,,,,,,,,,,,,,,,,,,,,,,,,,,,,,,,
9c55d45c-0d4b-4bda-8f88-95d6f2254e5b,,,,,,,,,,,,,,,,,,,,,,,,,,,,,,,,,,,,,,,
9c60cc98-c84b-44a6-a5c6-de8ca417ccd5,,,,,,,,,,,,,,,,,,,,,,,,,,,,,,,,,,,,,,,
9c71edd7-f824-450b-8b75-5f3075dd8333,,,,,,,,,,,,,,,,,,,,,,,,,,,,,,,,,,,,,,,
9c730c5a-b537-43a5-8412-eca5e58d3c29,,,,,,,,,,,,,,,,,,,,,,,,,,,,,,,,,,,,,,,
9c748446-698c-4a96-826b-5f267e62f214,,,,,,,,,,,,,,,,,,,,,,,,,,,,,,,,,,,,,,,
9c753cd2-fbf4-4fc4-8e9b-695653125fa0,,,,,,,,,,,,,,,,,,,,,,,,,,,,,,,,,,,,,,,
9c76008f-16d9-475d-a2be-fdc70f33a605,,,,,,,,,,,,,,,,,,,,,,,,,,,,,,,,,,,,,,,
9c7fa5dc-9eb8-4137-9473-3e8503e51b72,,,,,,,,,,,,,,,,,,,,,,,,,,,,,,,,,,,,,,,
9c8b9dfc-adfa-4b23-ae18-7bb18db17960,,,,,,,,,,,,,,,,,,,,,,,,,,,,,,,,,,,,,,,
9c8c94ea-3dd0-4600-8a77-bc4f53b17361,,,,,,,,,,,,,,,,,,,,,,,,,,,,,,,,,,,,,,,
9c8dfa10-71ec-4f32-b457-c3a78d9d7fde,,,,,,,,,,,,,,,,,,,,,,,,,,,,,,,,,,,,,,,
9c9776fa-a574-488a-8a0d-f79675377069,,,,,,,,,,,,,,,,,,,,,,,,,,,,,,,,,,,,,,,
9c97e20d-a1cc-4709-9820-887282d5b464,,,,,,,,,,,,,,,,,,,,,,,,,,,,,,,,,,,,,,,
9c992957-3b7a-4ae7-a036-4ed5a14612c6,singtel,1.0,1.0,,,,,,,,,,,,,,,,,,,,,,,,,,,,,,,,,,,,
9ca1fe18-e720-42fb-b9cc-ef02a6997336,,,,,,,,,,,,,,,,,,,,,,,,,,,,,,,,,,,,,,,
9ca30093-9a9e-4dff-beb2-9485eb03326d,microsoft,1.0,1.0,,,,,,,,,,,,,,,,,,,,,,,,,,,,,,,,,,,,
9ca4da33-d8f4-4c22-a786-799579f9e398,,,,,,,,,,,,,,,,,,,,,,,,,,,,,,,,,,,,,,,
9ca6bab0-d29d-4078-91a3-6dff1b050f2f,,,,,,,,,,,,,,,,,,,,,,,,,,,,,,,,,,,,,,,
9ca8a58e-f969-4fb1-9985-d8338908c721,,,,,,,,,,,,,,,,,,,,,,,,,,,,,,,,,,,,,,,
9ca95f16-e265-491a-b9dc-8c15d35a0160,,,,,,,,,,,,,,,,,,,,,,,,,,,,,,,,,,,,,,,
9cb1546d-62cd-4d31-9d08-744ea95eaeda,,,,,,,,,,,,,,,,,,,,,,,,,,,,,,,,,,,,,,,
9cb6b1c3-7195-44a5-916c-df325fc5eaf5,,,,,,,,,,,,,,,,,,,,,,,,,,,,,,,,,,,,,,,
9cb9cf24-634b-4bd9-9613-61a8254cc2d7,taboola,1.0,1.0,,,,,,,,,,,,,,,,,,,,,,,,,,,,,,,,,,,,
9cbb71c1-0446-4beb-9dea-57537d51cf6b,,,,,,,,,,,,,,,,,,,,,,,,,,,,,,,,,,,,,,,
9cc3b2d1-f19a-46fe-9808-762e19d1e38c,,,,,,,,,,,,,,,,,,,,,,,,,,,,,,,,,,,,,,,
9cc91b3c-dca7-4b1a-bf77-17ac51eb22e2,,,,,,,,,,,,,,,,,,,,,,,,,,,,,,,,,,,,,,,
9ccd2852-549d-40fb-8c61-c87b6b3af714,,,,,,,,,,,,,,,,,,,,,,,,,,,,,,,,,,,,,,,
9cd1e6a0-9b37-463a-ae48-19168e9b4926,,,,,,,,,,,,,,,,,,,,,,,,,,,,,,,,,,,,,,,
9cd940c7-ad63-43f4-93b9-481392515108,,,,,,,,,,,,,,,,,,,,,,,,,,,,,,,,,,,,,,,
9cda51eb-3677-4cae-9fd1-b8b939c773c6,,,,,,,,,,,,,,,,,,,,,,,,,,,,,,,,,,,,,,,
9ce56a11-4c23-4929-933d-544e64fdbf5a,,,,,,,,,,,,,,,,,,,,,,,,,,,,,,,,,,,,,,,
9ced14e4-5b52-496c-8347-8c44d6e258c2,,,,,,,,,,,,,,,,,,,,,,,,,,,,,,,,,,,,,,,
9cedb825-67aa-42b2-9a26-3ce4760cfc46,,,,,,,,,,,,,,,,,,,,,,,,,,,,,,,,,,,,,,,
9cef5218-ebe7-467d-8413-d25e0ebd3f0c,,,,,,,,,,,,,,,,,,,,,,,,,,,,,,,,,,,,,,,
9cf1460a-e616-478b-81b5-39d730d38d77,,,,,,,,,,,,,,,,,,,,,,,,,,,,,,,,,,,,,,,
9cf32afe-af10-4743-9d81-2f75cb678428,,,,,,,,,,,,,,,,,,,,,,,,,,,,,,,,,,,,,,,
9cf7a93c-cb16-42dc-9f56-fc4d8db21b9a,,,,,,,,,,,,,,,,,,,,,,,,,,,,,,,,,,,,,,,
9cf9827a-65d5-4c01-8ebe-aedc922c42d9,,,,,,,,,,,,,,,,,,,,,,,,,,,,,,,,,,,,,,,
9d001568-2a08-4f4d-a73f-b781a62f6998,,,,,,,,,,,,,,,,,,,,,,,,,,,,,,,,,,,,,,,
9d0108eb-50a2-4408-b878-902cd88ffff5,,,,,,,,,,,,,,,,,,,,,,,,,,,,,,,,,,,,,,,
9d0282c8-dd52-4b5b-b7ae-dc65e01221db,,,,,,,,,,,,,,,,,,,,,,,,,,,,,,,,,,,,,,,
9d09b450-b7b1-4bcb-9465-e10747dea1c0,,,,,,,,,,,,,,,,,,,,,,,,,,,,,,,,,,,,,,,
9d0fa443-d6dd-47b3-8eef-9ceefa97597f,,,,,,,,,,,,,,,,,,,,,,,,,,,,,,,,,,,,,,,
9d1997dc-4855-45d9-b0c1-126631a6b397,,,,,,,,,,,,,,,,,,,,,,,,,,,,,,,,,,,,,,,
9d200722-a3b6-44cc-8053-d2a7fdde9309,skimlinks,2.0,1.0,,,,,,,,,,,,,,,,,,,,,,,,,,,,,,,,,,,,
9d231221-f310-4ee1-9491-90aecfd8ceeb,,,,,,,,,,,,,,,,,,,,,,,,,,,,,,,,,,,,,,,
9d245577-f4ec-4f5c-be9a-0f3bc1bc938d,,,,,,,,,,,,,,,,,,,,,,,,,,,,,,,,,,,,,,,
9d267ad0-3c54-4be4-a3f3-a120100f43ed,,,,,,,,,,,,,,,,,,,,,,,,,,,,,,,,,,,,,,,
9d28003b-560f-4e3d-a65c-3ac8edc2dede,,,,,,,,,,,,,,,,,,,,,,,,,,,,,,,,,,,,,,,
9d2ab073-c9c2-41f7-bbb3-a21814aa600f,,,,,,,,,,,,,,,,,,,,,,,,,,,,,,,,,,,,,,,
9d3c6a5d-7e05-4d3a-af0e-34ae2c3f31e1,,,,,,,,,,,,,,,,,,,,,,,,,,,,,,,,,,,,,,,
9d40ac03-a679-4706-8a51-461a05ddb056,,,,,,,,,,,,,,,,,,,,,,,,,,,,,,,,,,,,,,,
9d4c9041-d83f-433a-848b-38974c730de2,,,,,,,,,,,,,,,,,,,,,,,,,,,,,,,,,,,,,,,
9d53ddcc-907c-4b2c-a51b-b883289cc7f8,squarespace,1.0,1.0,,,,,,,,,,,,,,,,,,,,,,,,,,,,,,,,,,,,
9d55f80b-9aef-44ae-af43-99882903bb6c,,,,,,,,,,,,,,,,,,,,,,,,,,,,,,,,,,,,,,,
9d56cae0-8266-4aa5-ae5b-03c8da1a246b,,,,,,,,,,,,,,,,,,,,,,,,,,,,,,,,,,,,,,,
9d5cdc5f-1db0-4e9c-b2da-c3cd39bf228a,,,,,,,,,,,,,,,,,,,,,,,,,,,,,,,,,,,,,,,
9d63f282-8f58-4db9-97eb-b4004bfb3d8e,,,,,,,,,,,,,,,,,,,,,,,,,,,,,,,,,,,,,,,
9d651004-97d9-4d41-835d-dc1dfffbb2bd,,,,,,,,,,,,,,,,,,,,,,,,,,,,,,,,,,,,,,,
9d6dc396-eecc-4061-bd75-66e05f72d0c7,,,,,,,,,,,,,,,,,,,,,,,,,,,,,,,,,,,,,,,
9d72be89-3f7f-489d-8591-bd5ac2627569,,,,,,,,,,,,,,,,,,,,,,,,,,,,,,,,,,,,,,,
9d7d1305-6c6f-4763-aaff-f6d630fc5516,,,,,,,,,,,,,,,,,,,,,,,,,,,,,,,,,,,,,,,
9d836370-fe9a-4f97-837b-fe3424bfbbf2,,,,,,,,,,,,,,,,,,,,,,,,,,,,,,,,,,,,,,,
9d86c3a1-5440-46d3-84c8-68917a9b130c,,,,,,,,,,,,,,,,,,,,,,,,,,,,,,,,,,,,,,,
9d87300c-6eb4-4ec9-b3ad-75c98462bcb4,,,,,,,,,,,,,,,,,,,,,,,,,,,,,,,,,,,,,,,
9d873e85-ab48-42a3-bcfe-637e63f50876,,,,,,,,,,,,,,,,,,,,,,,,,,,,,,,,,,,,,,,
9d8961d6-9352-41ed-87f4-9ba40160d2ea,,,,,,,,,,,,,,,,,,,,,,,,,,,,,,,,,,,,,,,
9d89a03c-f760-48ce-aa95-b37ae6c711b7,,,,,,,,,,,,,,,,,,,,,,,,,,,,,,,,,,,,,,,
9d89a8b8-5a4b-46db-8595-668c5cd609e9,,,,,,,,,,,,,,,,,,,,,,,,,,,,,,,,,,,,,,,
9d89f47e-442a-4864-a642-73ca6277d10f,,,,,,,,,,,,,,,,,,,,,,,,,,,,,,,,,,,,,,,
9d8b9e98-8e85-4a73-9b68-e737d50dbc47,,,,,,,,,,,,,,,,,,,,,,,,,,,,,,,,,,,,,,,
9d9154c4-049f-47c4-ad29-a5a7c83c57f9,,,,,,,,,,,,,,,,,,,,,,,,,,,,,,,,,,,,,,,
9da17f70-1037-468b-89f9-463e8b5bf944,,,,,,,,,,,,,,,,,,,,,,,,,,,,,,,,,,,,,,,
9daa73b7-4ee1-49cf-bd21-12f04e483cb9,,,,,,,,,,,,,,,,,,,,,,,,,,,,,,,,,,,,,,,
9dac7ee1-5698-4bab-8dcb-30d724c00d95,,,,,,,,,,,,,,,,,,,,,,,,,,,,,,,,,,,,,,,
9db0f7dd-611c-46e4-ac87-fe58883bcdbf,,,,,,,,,,,,,,,,,,,,,,,,,,,,,,,,,,,,,,,
9db3d3bc-1e75-46d0-bceb-3035c1e18d37,,,,,,,,,,,,,,,,,,,,,,,,,,,,,,,,,,,,,,,
9db84b88-a5db-4bb2-9f1c-75486c039fe6,,,,,,,,,,,,,,,,,,,,,,,,,,,,,,,,,,,,,,,
9dc17c07-fcd0-4e44-b292-99a3243df1de,mailchimp,1.0,1.0,,,,,,,,,,,,,,,,,,,,,,,,,,,,,,,,,,,,
9dc730b6-30b6-483a-95c2-b83fc3c5d045,,,,,,,,,,,,,,,,,,,,,,,,,,,,,,,,,,,,,,,
9dcc2894-0cf0-4069-8a1d-495f3486783c,,,,,,,,,,,,,,,,,,,,,,,,,,,,,,,,,,,,,,,
9dd0e050-c154-4a0a-b547-66cb55e2df31,,,,,,,,,,,,,,,,,,,,,,,,,,,,,,,,,,,,,,,
9dd1409a-77b7-44e5-b535-31a383a4adce,qq.com,1.0,1.0,,,,,,,,,,,,,,,,,,,,,,,,,,,,,,,,,,,,
9dd75914-f453-42d9-9f56-934964662728,,,,,,,,,,,,,,,,,,,,,,,,,,,,,,,,,,,,,,,
9ddb0cdf-23df-4764-ad41-8106038bf288,,,,,,,,,,,,,,,,,,,,,,,,,,,,,,,,,,,,,,,
9df426bc-f27f-4b65-8ca6-5b982d07ca07,,,,,,,,,,,,,,,,,,,,,,,,,,,,,,,,,,,,,,,
9df911ca-f177-49bf-9dda-2d0883672632,squarespace,1.0,1.0,,,,,,,,,,,,,,,,,,,,,,,,,,,,,,,,,,,,
9e055585-f0e1-472d-89f9-a6a6b5fb1bca,,,,,,,,,,,,,,,,,,,,,,,,,,,,,,,,,,,,,,,
9e0a2464-e8e3-419d-a484-c99e3417bc38,,,,,,,,,,,,,,,,,,,,,,,,,,,,,,,,,,,,,,,
9e0dc7c8-7258-4c59-9dfa-91e88b783b2f,,,,,,,,,,,,,,,,,,,,,,,,,,,,,,,,,,,,,,,
9e0e3e20-c4a2-48a3-89dc-e4dd9a155634,,,,,,,,,,,,,,,,,,,,,,,,,,,,,,,,,,,,,,,
9e16b1af-0840-4964-b027-067a9c89ee6a,conviva,1.0,1.0,,,,,,,,,,,,,,,,,,,,,,,,,,,,,,,,,,,,
9e1a192b-c5a1-4421-9bcb-ecc5681cb711,,,,,,,,,,,,,,,,,,,,,,,,,,,,,,,,,,,,,,,
9e1a4a38-57b8-4795-832e-148ac73e1d39,,,,,,,,,,,,,,,,,,,,,,,,,,,,,,,,,,,,,,,
9e1f90cf-bb97-47b6-9a95-f55bd0cebb00,,,,,,,,,,,,,,,,,,,,,,,,,,,,,,,,,,,,,,,
9e1fcd0f-6418-49a4-94bd-e63927bc1046,,,,,,,,,,,,,,,,,,,,,,,,,,,,,,,,,,,,,,,
9e203365-cfa8-45c1-94a1-1541e4463851,,,,,,,,,,,,,,,,,,,,,,,,,,,,,,,,,,,,,,,
9e2136c4-2b2a-4fde-995b-4b31c098def3,,,,,,,,,,,,,,,,,,,,,,,,,,,,,,,,,,,,,,,
9e309426-edc8-45c6-b775-b7ed738ef4e0,almondnet,1.0,1.0,,,,,,,,,,,,,,,,,,,,,,,,,,,,,,,,,,,,
9e33a488-90a7-46db-903f-5a2854be202a,,,,,,,,,,,,,,,,,,,,,,,,,,,,,,,,,,,,,,,
9e355ae2-4b49-44eb-afc2-253b1f18e0d4,,,,,,,,,,,,,,,,,,,,,,,,,,,,,,,,,,,,,,,
9e382ac5-77a5-4d3d-893d-3502e0b9aead,,,,,,,,,,,,,,,,,,,,,,,,,,,,,,,,,,,,,,,
9e3973f7-5979-4656-8b43-933632d75ba0,,,,,,,,,,,,,,,,,,,,,,,,,,,,,,,,,,,,,,,
9e39e42b-2414-4701-a103-23cf9ac1096f,,,,,,,,,,,,,,,,,,,,,,,,,,,,,,,,,,,,,,,
9e3da6a0-513c-420a-9e7b-4f3d50bedfed,,,,,,,,,,,,,,,,,,,,,,,,,,,,,,,,,,,,,,,
9e444ee8-8099-4af5-b838-88536f8dc00e,dynatrace,1.0,1.0,,,,,,,,,,,,,,,,,,,,,,,,,,,,,,,,,,,,
9e4a22b2-c18c-40b1-b2e0-ac37666928d6,,,,,,,,,,,,,,,,,,,,,,,,,,,,,,,,,,,,,,,
9e4d53e2-3cb2-4104-97ce-8b54d4de1ac0,,,,,,,,,,,,,,,,,,,,,,,,,,,,,,,,,,,,,,,
9e521076-e380-4e41-ad53-dc8fe01e6897,,,,,,,,,,,,,,,,,,,,,,,,,,,,,,,,,,,,,,,
9e610343-4fb8-44da-86db-0d8615d00bbe,,,,,,,,,,,,,,,,,,,,,,,,,,,,,,,,,,,,,,,
9e727b16-11e8-43af-ad57-46de557f5266,,,,,,,,,,,,,,,,,,,,,,,,,,,,,,,,,,,,,,,
9e7ee6c9-4fb5-4641-8b1e-e8a89f84a323,,,,,,,,,,,,,,,,,,,,,,,,,,,,,,,,,,,,,,,
9e8f8f4d-4ff6-4e70-9c3f-d80584988a48,,,,,,,,,,,,,,,,,,,,,,,,,,,,,,,,,,,,,,,
9e92c87e-37d9-476b-b9e2-571a335291e6,wp_engine,1.0,1.0,,,,,,,,,,,,,,,,,,,,,,,,,,,,,,,,,,,,
9e9ff1a6-cfda-44ca-9270-d552e0c63f54,,,,,,,,,,,,,,,,,,,,,,,,,,,,,,,,,,,,,,,
9ea6bff8-ded1-4b73-99ca-86e93c0fdf96,,,,,,,,,,,,,,,,,,,,,,,,,,,,,,,,,,,,,,,
9ea71d3a-d15c-42c6-a6fd-6e046316966a,,,,,,,,,,,,,,,,,,,,,,,,,,,,,,,,,,,,,,,
9eaa296f-c743-4a74-81c0-812dbb2856ed,,,,,,,,,,,,,,,,,,,,,,,,,,,,,,,,,,,,,,,
9eab3fb0-531b-4ec3-807d-fe110e5a5018,,,,,,,,,,,,,,,,,,,,,,,,,,,,,,,,,,,,,,,
9eb3aa1f-f585-4ca1-81f4-286a3569e5e1,,,,,,,,,,,,,,,,,,,,,,,,,,,,,,,,,,,,,,,
9ec2606f-808c-4e6e-b08c-c6fd3483fe22,,,,,,,,,,,,,,,,,,,,,,,,,,,,,,,,,,,,,,,
9ec70cb4-e562-4015-aba9-53c33d22a325,,,,,,,,,,,,,,,,,,,,,,,,,,,,,,,,,,,,,,,
9ecd62b8-382b-4afd-8405-cf4027f7659c,,,,,,,,,,,,,,,,,,,,,,,,,,,,,,,,,,,,,,,
9ee811b3-dc29-4de6-91d7-2f7f9e6f9d6c,,,,,,,,,,,,,,,,,,,,,,,,,,,,,,,,,,,,,,,
9eed7608-e5ff-4b42-9590-d87b1019454c,,,,,,,,,,,,,,,,,,,,,,,,,,,,,,,,,,,,,,,
9ef56fd8-e916-4295-87f7-d99a8c9f4038,,,,,,,,,,,,,,,,,,,,,,,,,,,,,,,,,,,,,,,
9ef9d965-ba33-46c2-b092-8c80b43abd70,,,,,,,,,,,,,,,,,,,,,,,,,,,,,,,,,,,,,,,
9efb80d2-84db-4883-8641-63eadf2fac12,,,,,,,,,,,,,,,,,,,,,,,,,,,,,,,,,,,,,,,
9efb9ca4-7734-4b3c-ae2a-a42087fc2354,,,,,,,,,,,,,,,,,,,,,,,,,,,,,,,,,,,,,,,
9f13676e-5c90-49c7-909a-80afef1cecd4,,,,,,,,,,,,,,,,,,,,,,,,,,,,,,,,,,,,,,,
9f14502b-cdba-4061-a1bf-13f4e8e85dfd,,,,,,,,,,,,,,,,,,,,,,,,,,,,,,,,,,,,,,,
9f19c279-91fe-463e-b78c-81db98f6180f,,,,,,,,,,,,,,,,,,,,,,,,,,,,,,,,,,,,,,,
9f1fe25f-d318-4185-926d-fb1cf89ef312,,,,,,,,,,,,,,,,,,,,,,,,,,,,,,,,,,,,,,,
9f2598f0-afd7-4505-9bb6-6c68311a9836,,,,,,,,,,,,,,,,,,,,,,,,,,,,,,,,,,,,,,,
9f262cbb-60f2-4916-b293-6b78ef572e45,,,,,,,,,,,,,,,,,,,,,,,,,,,,,,,,,,,,,,,
9f26e263-5cc8-49d7-8e1f-369789db0436,,,,,,,,,,,,,,,,,,,,,,,,,,,,,,,,,,,,,,,
9f2cb5fb-5ab4-4a5b-82c6-2faae3e9000c,,,,,,,,,,,,,,,,,,,,,,,,,,,,,,,,,,,,,,,
9f2cf989-54b9-4992-b7b2-0ffbb1318664,,,,,,,,,,,,,,,,,,,,,,,,,,,,,,,,,,,,,,,
9f306fe6-8719-4fdf-a523-bacbd9790ec9,,,,,,,,,,,,,,,,,,,,,,,,,,,,,,,,,,,,,,,
9f44dbe7-05b2-46bc-ac1b-c1c3d38affac,,,,,,,,,,,,,,,,,,,,,,,,,,,,,,,,,,,,,,,
9f45b524-2e2b-4b3c-b56e-e388f91d3d54,,,,,,,,,,,,,,,,,,,,,,,,,,,,,,,,,,,,,,,
9f4a0fc2-72c6-47e6-b695-381bf63b85a3,,,,,,,,,,,,,,,,,,,,,,,,,,,,,,,,,,,,,,,
9f4be3fd-f917-4497-9c12-1168cc525014,,,,,,,,,,,,,,,,,,,,,,,,,,,,,,,,,,,,,,,
9f5978f6-273a-4b54-af64-0d5ec905d9dd,,,,,,,,,,,,,,,,,,,,,,,,,,,,,,,,,,,,,,,
9f61a655-6973-47ee-93f0-1f9bc9510bff,,,,,,,,,,,,,,,,,,,,,,,,,,,,,,,,,,,,,,,
9f6b7a27-43eb-4547-91e6-812178cabb9c,,,,,,,,,,,,,,,,,,,,,,,,,,,,,,,,,,,,,,,
9f6e8ab2-6271-4210-9270-3436352e4fed,qualtrics,1.0,1.0,,,,,,,,,,,,,,,,,,,,,,,,,,,,,,,,,,,,
9f71fcda-0a5f-40f4-b75c-51768b5924d7,,,,,,,,,,,,,,,,,,,,,,,,,,,,,,,,,,,,,,,
9f72c9ae-70c0-4129-a2bb-a1532a1367f2,,,,,,,,,,,,,,,,,,,,,,,,,,,,,,,,,,,,,,,
9f7c1b93-e085-4327-ad47-86a2e2d8a073,trip_com,2.0,1.0,,,,,,,,,,,,,,,,,,,,,,,,,,,,,,,,,,,,
9f8e70b8-c9e6-4eb4-bb62-052c6601ce9e,,,,,,,,,,,,,,,,,,,,,,,,,,,,,,,,,,,,,,,
9f8f9c18-1405-4ef6-9e80-c8bf0e92860a,indeed,1.0,1.0,,,,,,,,,,,,,,,,,,,,,,,,,,,,,,,,,,,,
9fa346e2-d51f-4323-a171-97d919ceeb1b,,,,,,,,,,,,,,,,,,,,,,,,,,,,,,,,,,,,,,,
9fa8bdf8-1f10-40bc-86cb-dcf68bc3f549,,,,,,,,,,,,,,,,,,,,,,,,,,,,,,,,,,,,,,,
9fab3526-327f-4347-8e3a-d45e54c9f82a,,,,,,,,,,,,,,,,,,,,,,,,,,,,,,,,,,,,,,,
9fb11a71-cf2c-4777-a6d6-31d3a8351b61,,,,,,,,,,,,,,,,,,,,,,,,,,,,,,,,,,,,,,,
9fb22176-cb62-4071-8be5-86ec1e64ccdb,,,,,,,,,,,,,,,,,,,,,,,,,,,,,,,,,,,,,,,
9fb4928d-c823-4cba-aca3-16abe6b520c0,,,,,,,,,,,,,,,,,,,,,,,,,,,,,,,,,,,,,,,
9fb4c3ef-de08-473b-a049-c8256df92780,,,,,,,,,,,,,,,,,,,,,,,,,,,,,,,,,,,,,,,
9fc5ddf9-b2b5-49b9-ad72-895a0f0eef22,,,,,,,,,,,,,,,,,,,,,,,,,,,,,,,,,,,,,,,
9fcbcc23-98c6-45af-b7f9-e61c33f09652,,,,,,,,,,,,,,,,,,,,,,,,,,,,,,,,,,,,,,,
9fcd126f-84d6-4942-91b7-e2d6023cd3a4,,,,,,,,,,,,,,,,,,,,,,,,,,,,,,,,,,,,,,,
9fd54e9b-a9a0-44fe-9b92-304806b73aa9,,,,,,,,,,,,,,,,,,,,,,,,,,,,,,,,,,,,,,,
9fd8c534-6885-40be-af27-08e1aee4c83b,,,,,,,,,,,,,,,,,,,,,,,,,,,,,,,,,,,,,,,
9fe44a3c-fe04-4e44-86ca-9e96196e7d17,,,,,,,,,,,,,,,,,,,,,,,,,,,,,,,,,,,,,,,
9fe624cc-77cb-4468-90f7-1460695e02e5,,,,,,,,,,,,,,,,,,,,,,,,,,,,,,,,,,,,,,,
9fe6cd99-296f-434c-94d5-36e038dabb24,,,,,,,,,,,,,,,,,,,,,,,,,,,,,,,,,,,,,,,
9ff23a6e-3e2d-4f10-bab0-7e5bcf7d7f6e,,,,,,,,,,,,,,,,,,,,,,,,,,,,,,,,,,,,,,,
9ff9d856-d4a6-4542-9c81-8f9d26ced4fa,,,,,,,,,,,,,,,,,,,,,,,,,,,,,,,,,,,,,,,
9ffcd6de-fab4-4af8-9a5c-bf8a5a5bfc8f,,,,,,,,,,,,,,,,,,,,,,,,,,,,,,,,,,,,,,,
a004c0b0-14ca-49bd-96f3-8997aefc9b07,,,,,,,,,,,,,,,,,,,,,,,,,,,,,,,,,,,,,,,
a011b32c-4b90-48f3-a720-bad412ee2b07,,,,,,,,,,,,,,,,,,,,,,,,,,,,,,,,,,,,,,,
a01ab9b7-e76a-4726-aae2-afc774eca815,,,,,,,,,,,,,,,,,,,,,,,,,,,,,,,,,,,,,,,
a01dffd0-ca68-433b-aca7-789be4b0f95c,,,,,,,,,,,,,,,,,,,,,,,,,,,,,,,,,,,,,,,
a0218bc6-2762-46cb-80f5-988fcdbe2097,,,,,,,,,,,,,,,,,,,,,,,,,,,,,,,,,,,,,,,
a02431b8-47ef-407b-976b-033862e9dace,,,,,,,,,,,,,,,,,,,,,,,,,,,,,,,,,,,,,,,
a025d96e-5ee9-49d5-8ff5-067620fbba31,uservoice,1.0,1.0,,,,,,,,,,,,,,,,,,,,,,,,,,,,,,,,,,,,
a026b7c3-9d73-4e1a-99e4-12fb1f6608a6,,,,,,,,,,,,,,,,,,,,,,,,,,,,,,,,,,,,,,,
a027b2cf-06db-4dc0-aad6-55693271c5f6,,,,,,,,,,,,,,,,,,,,,,,,,,,,,,,,,,,,,,,
a02da6ad-634b-4f86-94fc-848e677b10b9,,,,,,,,,,,,,,,,,,,,,,,,,,,,,,,,,,,,,,,
a02f09f0-ecb2-4a74-9bbc-2907582ee7a4,,,,,,,,,,,,,,,,,,,,,,,,,,,,,,,,,,,,,,,
a0301db5-0d6e-46a1-80c5-9ed6bb41e1dc,,,,,,,,,,,,,,,,,,,,,,,,,,,,,,,,,,,,,,,
a0341469-9715-400f-9273-f98c015eac7e,,,,,,,,,,,,,,,,,,,,,,,,,,,,,,,,,,,,,,,
a03b3ac5-b28f-4328-aba8-b15beaf4881f,,,,,,,,,,,,,,,,,,,,,,,,,,,,,,,,,,,,,,,
a0492d97-6a57-4e8c-8a5f-ec4031ace4d3,,,,,,,,,,,,,,,,,,,,,,,,,,,,,,,,,,,,,,,
a05da82e-a287-487e-b647-4af7be1f582d,,,,,,,,,,,,,,,,,,,,,,,,,,,,,,,,,,,,,,,
a05e1b42-126d-4ac7-8e3c-92dac588f451,,,,,,,,,,,,,,,,,,,,,,,,,,,,,,,,,,,,,,,
a06037e3-3ce0-404e-a86a-b3a035376835,,,,,,,,,,,,,,,,,,,,,,,,,,,,,,,,,,,,,,,
a0701637-eefd-4350-b239-7e1bdf397be3,,,,,,,,,,,,,,,,,,,,,,,,,,,,,,,,,,,,,,,
a0732e1d-cb2c-4c51-ae47-ee529140d94f,,,,,,,,,,,,,,,,,,,,,,,,,,,,,,,,,,,,,,,
a0761ce8-b6ee-4962-838f-0fe8d314f6ec,,,,,,,,,,,,,,,,,,,,,,,,,,,,,,,,,,,,,,,
a07fadd9-2e5b-4640-961d-8b5f6ad7a2e9,,,,,,,,,,,,,,,,,,,,,,,,,,,,,,,,,,,,,,,
a0825ca5-f48d-484f-98ae-5f937ae1498d,,,,,,,,,,,,,,,,,,,,,,,,,,,,,,,,,,,,,,,
a08790c6-7130-44c8-9ec3-1d657fcf25b8,,,,,,,,,,,,,,,,,,,,,,,,,,,,,,,,,,,,,,,
a08fd91f-26d3-4f71-9011-09f291028e5a,,,,,,,,,,,,,,,,,,,,,,,,,,,,,,,,,,,,,,,
a09b8516-c04b-4d6d-9c9d-d4281424d1b8,,,,,,,,,,,,,,,,,,,,,,,,,,,,,,,,,,,,,,,
a0a76948-8adb-474d-b3e5-2ba91c788027,,,,,,,,,,,,,,,,,,,,,,,,,,,,,,,,,,,,,,,
a0a856b3-f75a-4518-8a7f-3e62015d22df,,,,,,,,,,,,,,,,,,,,,,,,,,,,,,,,,,,,,,,
a0aef01f-ae9c-4b1f-a5b8-6d7812ab192b,,,,,,,,,,,,,,,,,,,,,,,,,,,,,,,,,,,,,,,
a0b49a0d-84c1-4252-bdea-532b878f9a8f,,,,,,,,,,,,,,,,,,,,,,,,,,,,,,,,,,,,,,,
a0b70ce7-8c88-42f3-8403-695aa75eb1bc,,,,,,,,,,,,,,,,,,,,,,,,,,,,,,,,,,,,,,,
a0bc8f1b-c510-4ced-9d75-3b078ca86a9c,,,,,,,,,,,,,,,,,,,,,,,,,,,,,,,,,,,,,,,
a0c01f3e-d8c7-4086-a666-1f006de64aa2,,,,,,,,,,,,,,,,,,,,,,,,,,,,,,,,,,,,,,,
a0c33e8e-b5b5-4070-a836-208306cf0d1f,,,,,,,,,,,,,,,,,,,,,,,,,,,,,,,,,,,,,,,
a0d3cdfb-2adb-419e-8a3c-a7e270a0c07e,,,,,,,,,,,,,,,,,,,,,,,,,,,,,,,,,,,,,,,
a0d407db-9cc4-47bb-b602-4442060f44e4,,,,,,,,,,,,,,,,,,,,,,,,,,,,,,,,,,,,,,,
a0d720c5-dc05-4b7b-b387-2aa3ff88512b,,,,,,,,,,,,,,,,,,,,,,,,,,,,,,,,,,,,,,,
a0d84eed-a6f8-4581-a084-229848114b28,,,,,,,,,,,,,,,,,,,,,,,,,,,,,,,,,,,,,,,
a0db1c6f-4b11-452f-a5c1-c913b22e4326,,,,,,,,,,,,,,,,,,,,,,,,,,,,,,,,,,,,,,,
a0dbf98d-531f-417c-b67e-2169a8f28476,,,,,,,,,,,,,,,,,,,,,,,,,,,,,,,,,,,,,,,
a0dd58bd-9e57-49df-96b7-22149d3b64f7,,,,,,,,,,,,,,,,,,,,,,,,,,,,,,,,,,,,,,,
a0e0b93a-66c3-4b26-8f88-f41a7818c824,,,,,,,,,,,,,,,,,,,,,,,,,,,,,,,,,,,,,,,
a0e0f3d4-fe68-466a-a57e-5cc8211cfaba,,,,,,,,,,,,,,,,,,,,,,,,,,,,,,,,,,,,,,,
a0e153a6-be5c-42d7-af2c-6bff7966d1ec,,,,,,,,,,,,,,,,,,,,,,,,,,,,,,,,,,,,,,,
a0ee9be7-2f30-4044-a435-b7144ca6afea,,,,,,,,,,,,,,,,,,,,,,,,,,,,,,,,,,,,,,,
a0fe17cd-2bf8-4e27-9ad8-4804420c425e,,,,,,,,,,,,,,,,,,,,,,,,,,,,,,,,,,,,,,,
a1040c5e-0a7d-44b0-b55b-979110137dde,,,,,,,,,,,,,,,,,,,,,,,,,,,,,,,,,,,,,,,
a104692d-0d29-46d2-bd1f-f4039f512c6f,,,,,,,,,,,,,,,,,,,,,,,,,,,,,,,,,,,,,,,
a10aab34-3de0-45a5-b8b6-47f28bd57c9c,,,,,,,,,,,,,,,,,,,,,,,,,,,,,,,,,,,,,,,
a10c6fe9-6b67-432e-8a3b-97187464677a,,,,,,,,,,,,,,,,,,,,,,,,,,,,,,,,,,,,,,,
a113e388-9e18-4677-b31e-4e32374129da,,,,,,,,,,,,,,,,,,,,,,,,,,,,,,,,,,,,,,,
a1210af5-1bf9-4795-8b1f-36b8f96f12d1,,,,,,,,,,,,,,,,,,,,,,,,,,,,,,,,,,,,,,,
a12684a1-9181-469e-8640-266fd64b3414,,,,,,,,,,,,,,,,,,,,,,,,,,,,,,,,,,,,,,,
a12b88de-26da-40c4-bc92-24916c7f6da7,automattic,1.0,1.0,,,,,,,,,,,,,,,,,,,,,,,,,,,,,,,,,,,,
a12e5619-c9a8-449e-ac6a-b42d006e7d7e,,,,,,,,,,,,,,,,,,,,,,,,,,,,,,,,,,,,,,,
a1323c0e-9f8c-4e26-a7df-f424e145bec1,,,,,,,,,,,,,,,,,,,,,,,,,,,,,,,,,,,,,,,
a1327c56-a3eb-4907-afb8-d1208846b57a,,,,,,,,,,,,,,,,,,,,,,,,,,,,,,,,,,,,,,,
a134b843-e0b0-4ade-8806-d0adb07466ee,,,,,,,,,,,,,,,,,,,,,,,,,,,,,,,,,,,,,,,
a137b732-7594-41fa-8922-2f5f3c97a681,,,,,,,,,,,,,,,,,,,,,,,,,,,,,,,,,,,,,,,
a1387c2a-b933-480a-a920-23e1edf70a02,,,,,,,,,,,,,,,,,,,,,,,,,,,,,,,,,,,,,,,
a14109dd-0b26-4872-902f-6728b83682d4,,,,,,,,,,,,,,,,,,,,,,,,,,,,,,,,,,,,,,,
a1420e52-57bd-48d4-9ac8-ef689c7fcbfe,,,,,,,,,,,,,,,,,,,,,,,,,,,,,,,,,,,,,,,
a146b0b5-ef6b-465d-88f7-c8f3201b9179,,,,,,,,,,,,,,,,,,,,,,,,,,,,,,,,,,,,,,,
a14a40a5-4bed-4a03-95aa-bb4ad117c856,,,,,,,,,,,,,,,,,,,,,,,,,,,,,,,,,,,,,,,
a152a6c9-4772-4261-bbc1-257bbd59f21f,,,,,,,,,,,,,,,,,,,,,,,,,,,,,,,,,,,,,,,
a160e423-16b6-4467-bafc-a1760002205d,infolinks,1.0,1.0,,,,,,,,,,,,,,,,,,,,,,,,,,,,,,,,,,,,
a1631031-c1f1-4a80-8331-8d73b47f1caa,,,,,,,,,,,,,,,,,,,,,,,,,,,,,,,,,,,,,,,
a1631657-bbb0-40dd-aff0-a7fcc4b89531,,,,,,,,,,,,,,,,,,,,,,,,,,,,,,,,,,,,,,,
a16ffbe2-fb99-4969-af67-3d2d17a0179f,,,,,,,,,,,,,,,,,,,,,,,,,,,,,,,,,,,,,,,
a17726b6-a4a4-407a-9ab4-9806bead73fa,,,,,,,,,,,,,,,,,,,,,,,,,,,,,,,,,,,,,,,
a17ee933-7c32-4520-9747-f4ea5067f87a,,,,,,,,,,,,,,,,,,,,,,,,,,,,,,,,,,,,,,,
a1835339-67aa-4c23-a380-0a1b0712a40f,mailchimp,1.0,1.0,,,,,,,,,,,,,,,,,,,,,,,,,,,,,,,,,,,,
a1942e8e-5f5a-47da-8692-607646f45ddc,,,,,,,,,,,,,,,,,,,,,,,,,,,,,,,,,,,,,,,
a19c7300-514c-478c-b3f4-b69eaa7bf0f5,,,,,,,,,,,,,,,,,,,,,,,,,,,,,,,,,,,,,,,
a19c76b8-1eec-4c6b-9a6e-95ed14265d92,,,,,,,,,,,,,,,,,,,,,,,,,,,,,,,,,,,,,,,
a19d56d7-2c13-4808-a884-cc664dce2a05,ad_man_media,1.0,1.0,,,,,,,,,,,,,,,,,,,,,,,,,,,,,,,,,,,,
a19fba82-293f-4a16-8be6-6d68f50aef94,,,,,,,,,,,,,,,,,,,,,,,,,,,,,,,,,,,,,,,
a1a6adc9-0ed5-4d86-a26d-9ba4326dd319,,,,,,,,,,,,,,,,,,,,,,,,,,,,,,,,,,,,,,,
a1aadf3b-0285-46dd-b9e3-0539028343d5,,,,,,,,,,,,,,,,,,,,,,,,,,,,,,,,,,,,,,,
a1ab4b17-866b-46f2-a2bb-a4c22886e66e,,,,,,,,,,,,,,,,,,,,,,,,,,,,,,,,,,,,,,,
a1b2d25d-1723-4e52-9efa-bdb4b84f4c29,,,,,,,,,,,,,,,,,,,,,,,,,,,,,,,,,,,,,,,
a1b70ce9-2f9d-43bb-97fb-9054a65a0942,,,,,,,,,,,,,,,,,,,,,,,,,,,,,,,,,,,,,,,
a1bc6b66-0f67-469b-bf42-224f311aac0f,,,,,,,,,,,,,,,,,,,,,,,,,,,,,,,,,,,,,,,
a1bde6be-ed31-4fb6-a33e-5e7346e6c7f1,tealium,1.0,1.0,,,,,,,,,,,,,,,,,,,,,,,,,,,,,,,,,,,,
a1c6f4ce-6c7d-4b20-8fc9-0964aa26d17f,,,,,,,,,,,,,,,,,,,,,,,,,,,,,,,,,,,,,,,
a1ca8a0a-282f-4e5d-8f85-694d061541f2,,,,,,,,,,,,,,,,,,,,,,,,,,,,,,,,,,,,,,,
a1d1b86d-0ee6-4326-a04e-63e0f59d36e5,,,,,,,,,,,,,,,,,,,,,,,,,,,,,,,,,,,,,,,
a1daf116-059b-40cf-a048-9580f289fec1,,,,,,,,,,,,,,,,,,,,,,,,,,,,,,,,,,,,,,,
a1e0e986-2631-4d4b-8542-da3dffd0e871,,,,,,,,,,,,,,,,,,,,,,,,,,,,,,,,,,,,,,,
a1eab50a-bcd3-468b-9f3d-fc707295da8b,,,,,,,,,,,,,,,,,,,,,,,,,,,,,,,,,,,,,,,
a1f26340-2880-4001-9061-15bcf55ef93a,,,,,,,,,,,,,,,,,,,,,,,,,,,,,,,,,,,,,,,
a1f3240b-92a7-4416-8758-52a54160d5d3,,,,,,,,,,,,,,,,,,,,,,,,,,,,,,,,,,,,,,,
a1fd9751-6ed0-4743-85fb-5a4bea5f5e71,,,,,,,,,,,,,,,,,,,,,,,,,,,,,,,,,,,,,,,
a2021bf8-5e33-4c79-ab41-2887d4fc5e69,,,,,,,,,,,,,,,,,,,,,,,,,,,,,,,,,,,,,,,
a20e4c44-faf8-4936-be27-54a74daea9f0,,,,,,,,,,,,,,,,,,,,,,,,,,,,,,,,,,,,,,,
a2146b20-7105-4811-ab7d-df66b4b796fe,,,,,,,,,,,,,,,,,,,,,,,,,,,,,,,,,,,,,,,
a21680e3-3830-49fc-a780-8267ea697dd2,,,,,,,,,,,,,,,,,,,,,,,,,,,,,,,,,,,,,,,
a2205b73-e517-4f82-8f0b-753406399670,,,,,,,,,,,,,,,,,,,,,,,,,,,,,,,,,,,,,,,
a228df43-5a9d-41ed-b44a-e2e63ba06730,,,,,,,,,,,,,,,,,,,,,,,,,,,,,,,,,,,,,,,
a2294582-6c39-48e6-a4ba-939e941ad037,,,,,,,,,,,,,,,,,,,,,,,,,,,,,,,,,,,,,,,
a22b368d-e1e6-4ea6-a886-984f6f9f73eb,,,,,,,,,,,,,,,,,,,,,,,,,,,,,,,,,,,,,,,
a237c4d8-96f1-47f7-9dda-3b96979799a0,,,,,,,,,,,,,,,,,,,,,,,,,,,,,,,,,,,,,,,
a252fca9-02b9-482c-b0d1-88218156935b,,,,,,,,,,,,,,,,,,,,,,,,,,,,,,,,,,,,,,,
a26208b7-e399-4a33-9644-d347b6bc6d65,,,,,,,,,,,,,,,,,,,,,,,,,,,,,,,,,,,,,,,
a26c7936-09c3-4e37-9d19-4a6e17e30dd2,,,,,,,,,,,,,,,,,,,,,,,,,,,,,,,,,,,,,,,
a2876b74-084c-40b7-bd74-5d2cf093e5d9,,,,,,,,,,,,,,,,,,,,,,,,,,,,,,,,,,,,,,,
a293100e-5621-49a0-bb9a-5d63081ee246,mailchimp,1.0,1.0,,,,,,,,,,,,,,,,,,,,,,,,,,,,,,,,,,,,
a2980fda-270a-45a5-a00d-7a81aa216568,,,,,,,,,,,,,,,,,,,,,,,,,,,,,,,,,,,,,,,
a298230a-87ea-4714-9656-c67523c88349,,,,,,,,,,,,,,,,,,,,,,,,,,,,,,,,,,,,,,,
a2989124-f9f9-4d87-85e3-abaacdc20d91,,,,,,,,,,,,,,,,,,,,,,,,,,,,,,,,,,,,,,,
a29a1d74-3ee7-4435-8448-64fd8b262278,,,,,,,,,,,,,,,,,,,,,,,,,,,,,,,,,,,,,,,
a2ac762a-8057-489f-8dd7-fc4ad1f199f2,,,,,,,,,,,,,,,,,,,,,,,,,,,,,,,,,,,,,,,
a2add3db-895d-4977-9340-d3666447da56,zalando,1.0,1.0,,,,,,,,,,,,,,,,,,,,,,,,,,,,,,,,,,,,
a2afd50f-7819-48f6-baa2-d7c0a05221ee,,,,,,,,,,,,,,,,,,,,,,,,,,,,,,,,,,,,,,,
a2c45e9e-290d-44af-9167-dc47f6245960,,,,,,,,,,,,,,,,,,,,,,,,,,,,,,,,,,,,,,,
a2c75efa-7dc1-4feb-b027-b1db94071f2e,,,,,,,,,,,,,,,,,,,,,,,,,,,,,,,,,,,,,,,
a2c9864c-1b21-4d02-aaf7-6d16dc8cb194,,,,,,,,,,,,,,,,,,,,,,,,,,,,,,,,,,,,,,,
a2ca9739-1c76-4057-80f5-542c109f923c,,,,,,,,,,,,,,,,,,,,,,,,,,,,,,,,,,,,,,,
a2cb1dad-cae4-4d75-8ea8-5ed6cc17e21b,,,,,,,,,,,,,,,,,,,,,,,,,,,,,,,,,,,,,,,
a2d80010-6a3f-4692-8ef0-dd98929a00fd,,,,,,,,,,,,,,,,,,,,,,,,,,,,,,,,,,,,,,,
a2e273e4-7921-4bb4-91bb-ee12a79f359e,,,,,,,,,,,,,,,,,,,,,,,,,,,,,,,,,,,,,,,
a2e3384f-7b0b-48af-a656-53d7c4a52b47,,,,,,,,,,,,,,,,,,,,,,,,,,,,,,,,,,,,,,,
a2ee98ca-f620-4279-a6e5-2f414128c03b,,,,,,,,,,,,,,,,,,,,,,,,,,,,,,,,,,,,,,,
a2f584d6-5a69-478b-b317-c30808cb8d09,,,,,,,,,,,,,,,,,,,,,,,,,,,,,,,,,,,,,,,
a2fe2dab-9250-417a-91bf-7855b1b2dae8,hotjar,1.0,1.0,,,,,,,,,,,,,,,,,,,,,,,,,,,,,,,,,,,,
a2fee291-c5e7-418e-9464-524bd2dc2850,,,,,,,,,,,,,,,,,,,,,,,,,,,,,,,,,,,,,,,
a30a0a87-6906-44b5-b2f4-3d27515b9a4f,,,,,,,,,,,,,,,,,,,,,,,,,,,,,,,,,,,,,,,
a30be540-81e0-4c86-9381-d189287fe37d,,,,,,,,,,,,,,,,,,,,,,,,,,,,,,,,,,,,,,,
a30c326c-bb68-42b1-8373-102e67342556,,,,,,,,,,,,,,,,,,,,,,,,,,,,,,,,,,,,,,,
a30f7e7d-2db1-4373-9d9d-3e1b1190a667,,,,,,,,,,,,,,,,,,,,,,,,,,,,,,,,,,,,,,,
a314134d-4f4a-4801-8bf6-13cca367b261,,,,,,,,,,,,,,,,,,,,,,,,,,,,,,,,,,,,,,,
a3191e78-3c77-4d1e-88a9-2ca8770790dc,,,,,,,,,,,,,,,,,,,,,,,,,,,,,,,,,,,,,,,
a31927b0-ebef-47c1-92ad-cbe41064d1bb,,,,,,,,,,,,,,,,,,,,,,,,,,,,,,,,,,,,,,,
a3199cd5-ed08-4356-a17b-ab3ae71cb7eb,,,,,,,,,,,,,,,,,,,,,,,,,,,,,,,,,,,,,,,
a31b5a1c-4cec-4298-b7d6-7aee265d2692,,,,,,,,,,,,,,,,,,,,,,,,,,,,,,,,,,,,,,,
a325fdc3-3f6f-483c-9a65-470197dd2e5b,,,,,,,,,,,,,,,,,,,,,,,,,,,,,,,,,,,,,,,
a327dcab-a787-471c-983a-e94b8410fe3d,,,,,,,,,,,,,,,,,,,,,,,,,,,,,,,,,,,,,,,
a32b25e2-d4b4-42e1-acba-9bd62871e88d,,,,,,,,,,,,,,,,,,,,,,,,,,,,,,,,,,,,,,,
a32f7761-45da-4f57-92e7-557e3beee570,,,,,,,,,,,,,,,,,,,,,,,,,,,,,,,,,,,,,,,
a32fc08e-e205-4a7a-b1df-eaa886d869a5,,,,,,,,,,,,,,,,,,,,,,,,,,,,,,,,,,,,,,,
a34f1dae-1a32-4109-aedf-68f333b7e77d,,,,,,,,,,,,,,,,,,,,,,,,,,,,,,,,,,,,,,,
a354cf99-c9f3-4d2f-8a10-3c3a6eadbefd,,,,,,,,,,,,,,,,,,,,,,,,,,,,,,,,,,,,,,,
a35d7da0-7696-4c66-ae03-3ee382d3993d,,,,,,,,,,,,,,,,,,,,,,,,,,,,,,,,,,,,,,,
a35e139d-aab1-4553-bdd7-ed4182698941,,,,,,,,,,,,,,,,,,,,,,,,,,,,,,,,,,,,,,,
a36fac1f-8ea6-40a1-8ea3-39752d630898,,,,,,,,,,,,,,,,,,,,,,,,,,,,,,,,,,,,,,,
a374c1c1-b344-4d5d-9223-bb8ccd8d0191,,,,,,,,,,,,,,,,,,,,,,,,,,,,,,,,,,,,,,,
a3760a70-1742-44b3-80e9-f3612ef6df2e,,,,,,,,,,,,,,,,,,,,,,,,,,,,,,,,,,,,,,,
a37d4cee-96c9-4bdd-88d2-e3a79c7cb63f,,,,,,,,,,,,,,,,,,,,,,,,,,,,,,,,,,,,,,,
a38119f1-33aa-482f-8a2a-af40b7b35934,,,,,,,,,,,,,,,,,,,,,,,,,,,,,,,,,,,,,,,
a381dd8e-c9ac-4eff-a10a-2d3134f36386,,,,,,,,,,,,,,,,,,,,,,,,,,,,,,,,,,,,,,,
a389c1c5-509c-4ca6-b580-79d02863811e,baidu,1.0,1.0,,,,,,,,,,,,,,,,,,,,,,,,,,,,,,,,,,,,
a38ba71c-44a4-497d-bce3-b3e3d73adba3,,,,,,,,,,,,,,,,,,,,,,,,,,,,,,,,,,,,,,,
a38e7255-93d4-4e0b-a755-631534e32d07,,,,,,,,,,,,,,,,,,,,,,,,,,,,,,,,,,,,,,,
a3921a5b-906c-46b5-9064-316bc8f0572a,,,,,,,,,,,,,,,,,,,,,,,,,,,,,,,,,,,,,,,
a3955873-2482-4c6a-bc9e-cd98ecdeed8a,,,,,,,,,,,,,,,,,,,,,,,,,,,,,,,,,,,,,,,
a395d183-0b30-4216-8c51-a92c6e53f38d,,,,,,,,,,,,,,,,,,,,,,,,,,,,,,,,,,,,,,,
a39b6dee-a537-4281-9e37-5721cc87f079,,,,,,,,,,,,,,,,,,,,,,,,,,,,,,,,,,,,,,,
a39d9ead-882b-4867-899a-82a71d81deea,,,,,,,,,,,,,,,,,,,,,,,,,,,,,,,,,,,,,,,
a39dcc8e-b4bb-4fd6-84f4-3d6e4a483a71,,,,,,,,,,,,,,,,,,,,,,,,,,,,,,,,,,,,,,,
a39df3db-92f3-4986-803c-c139fc00718b,salesloft,1.0,1.0,,,,,,,,,,,,,,,,,,,,,,,,,,,,,,,,,,,,
a3a5c239-bf8d-4df5-8fe2-4598fdda7b45,,,,,,,,,,,,,,,,,,,,,,,,,,,,,,,,,,,,,,,
a3ab791d-952e-41de-aca0-b4d8cb759701,,,,,,,,,,,,,,,,,,,,,,,,,,,,,,,,,,,,,,,
a3ae9e68-64b9-4e3a-807b-c7d82e06581a,,,,,,,,,,,,,,,,,,,,,,,,,,,,,,,,,,,,,,,
a3af3867-6b9b-4892-8512-70bdab74da97,,,,,,,,,,,,,,,,,,,,,,,,,,,,,,,,,,,,,,,
a3b27ecd-caaa-4a2a-bbeb-a197509420ec,,,,,,,,,,,,,,,,,,,,,,,,,,,,,,,,,,,,,,,
a3b4076d-03a0-4557-8afd-683ebf694bdd,,,,,,,,,,,,,,,,,,,,,,,,,,,,,,,,,,,,,,,
a3b82cf5-cfc4-4686-8dc7-71c88abb96e5,,,,,,,,,,,,,,,,,,,,,,,,,,,,,,,,,,,,,,,
a3ba9855-f040-4076-9bdb-14dfe6333bcf,,,,,,,,,,,,,,,,,,,,,,,,,,,,,,,,,,,,,,,
a3bdd24e-180c-4095-af36-ebf7c5190b34,,,,,,,,,,,,,,,,,,,,,,,,,,,,,,,,,,,,,,,
a3c84353-9529-4410-ae89-ed26ca159f23,digicert,1.0,1.0,,,,,,,,,,,,,,,,,,,,,,,,,,,,,,,,,,,,
a3ce0625-fd0c-42ec-b93c-75401f11a431,,,,,,,,,,,,,,,,,,,,,,,,,,,,,,,,,,,,,,,
a3d2d51e-b98f-4662-9f73-974539c27cca,,,,,,,,,,,,,,,,,,,,,,,,,,,,,,,,,,,,,,,
a3e1596b-8028-43d5-87d3-c49ddec467da,,,,,,,,,,,,,,,,,,,,,,,,,,,,,,,,,,,,,,,
a3eeee81-28bf-4d6e-bf23-a19dc182a7b9,trip_com,2.0,1.0,,,,,,,,,,,,,,,,,,,,,,,,,,,,,,,,,,,,
a3f7be93-e6ef-4dac-8cae-8875dcf6a209,,,,,,,,,,,,,,,,,,,,,,,,,,,,,,,,,,,,,,,
a3fb4dac-73f2-4e83-a0dc-f64c7f5bff62,,,,,,,,,,,,,,,,,,,,,,,,,,,,,,,,,,,,,,,
a3fc28dd-f2c6-470e-9fc9-58a6efc968fa,,,,,,,,,,,,,,,,,,,,,,,,,,,,,,,,,,,,,,,
a3fdc266-cdc4-47df-ad4d-4ccb8a8c8bf0,,,,,,,,,,,,,,,,,,,,,,,,,,,,,,,,,,,,,,,
a3ff5a09-cce1-4b51-98f4-3eb37224236d,,,,,,,,,,,,,,,,,,,,,,,,,,,,,,,,,,,,,,,
a405ca82-ec3d-4cd6-8c36-b445eef470ff,,,,,,,,,,,,,,,,,,,,,,,,,,,,,,,,,,,,,,,
a405dec1-4500-47cd-a827-df7660a4fb41,qq.com,1.0,1.0,,,,,,,,,,,,,,,,,,,,,,,,,,,,,,,,,,,,
a40719e7-fdf6-4124-b957-44ee380f4f9c,,,,,,,,,,,,,,,,,,,,,,,,,,,,,,,,,,,,,,,
a40b83e9-d0b8-44e9-b812-5ab25cf1dab8,,,,,,,,,,,,,,,,,,,,,,,,,,,,,,,,,,,,,,,
a40b8bc6-2d72-4857-9386-7833a85b8dcf,,,,,,,,,,,,,,,,,,,,,,,,,,,,,,,,,,,,,,,
a40fb9ef-3c34-4311-ba24-cd5dda894f58,,,,,,,,,,,,,,,,,,,,,,,,,,,,,,,,,,,,,,,
a4128016-6d2a-4ff0-9699-03068a7c79d3,,,,,,,,,,,,,,,,,,,,,,,,,,,,,,,,,,,,,,,
a41b17e4-34be-4022-99c2-584aaeb207b3,,,,,,,,,,,,,,,,,,,,,,,,,,,,,,,,,,,,,,,
a4222b9f-0510-46bb-8d1e-6def3067617c,,,,,,,,,,,,,,,,,,,,,,,,,,,,,,,,,,,,,,,
a427824e-58b0-4ae2-807a-d9b287738fea,,,,,,,,,,,,,,,,,,,,,,,,,,,,,,,,,,,,,,,
a42f6a0b-7240-4b95-8e05-6c109d20831f,,,,,,,,,,,,,,,,,,,,,,,,,,,,,,,,,,,,,,,
a4333154-7aca-44aa-ba62-277c538c5ca3,,,,,,,,,,,,,,,,,,,,,,,,,,,,,,,,,,,,,,,
a433466f-4d50-40d7-8c24-063ea9e180f6,,,,,,,,,,,,,,,,,,,,,,,,,,,,,,,,,,,,,,,
a433da89-15bc-4e07-aa35-1550aa730ae8,,,,,,,,,,,,,,,,,,,,,,,,,,,,,,,,,,,,,,,
a43aced2-131e-4979-8e23-f2bf0646402c,,,,,,,,,,,,,,,,,,,,,,,,,,,,,,,,,,,,,,,
a44330e9-4e99-426f-a428-40ac9f2c380c,,,,,,,,,,,,,,,,,,,,,,,,,,,,,,,,,,,,,,,
a44756eb-12e2-4fb6-9726-d6670fad2d31,,,,,,,,,,,,,,,,,,,,,,,,,,,,,,,,,,,,,,,
a44f085d-49ba-4534-97f5-62d2b56b048b,,,,,,,,,,,,,,,,,,,,,,,,,,,,,,,,,,,,,,,
a455795c-07f5-4ed1-8cf3-2155871105b6,,,,,,,,,,,,,,,,,,,,,,,,,,,,,,,,,,,,,,,
a46689d0-6f57-4819-9b2e-b534682e0028,,,,,,,,,,,,,,,,,,,,,,,,,,,,,,,,,,,,,,,
a4678b28-3bb2-4292-a511-e98f1ac10c91,,,,,,,,,,,,,,,,,,,,,,,,,,,,,,,,,,,,,,,
a46e6914-2ed3-4e9a-9a28-5e6ecb500ef2,,,,,,,,,,,,,,,,,,,,,,,,,,,,,,,,,,,,,,,
a4758578-37ee-41ad-b310-6e4b22ce1c06,,,,,,,,,,,,,,,,,,,,,,,,,,,,,,,,,,,,,,,
a4794e89-3d75-4de2-92e5-c15b14aba2d0,,,,,,,,,,,,,,,,,,,,,,,,,,,,,,,,,,,,,,,
a47b01d5-5afd-4dac-bd15-d05d4b3f8b7b,,,,,,,,,,,,,,,,,,,,,,,,,,,,,,,,,,,,,,,
a47c869f-ca82-4dee-b4ae-9cb3aff871ff,,,,,,,,,,,,,,,,,,,,,,,,,,,,,,,,,,,,,,,
a47ef137-a38a-4b76-bd13-012c96d73f0e,,,,,,,,,,,,,,,,,,,,,,,,,,,,,,,,,,,,,,,
a4818404-7c53-4bac-b08c-fb3bac5322e9,,,,,,,,,,,,,,,,,,,,,,,,,,,,,,,,,,,,,,,
a487c458-7758-479c-ab13-7db4f05824fe,userreport,1.0,1.0,,,,,,,,,,,,,,,,,,,,,,,,,,,,,,,,,,,,
a4899309-5bc3-4cbd-be63-d0c28c44b517,,,,,,,,,,,,,,,,,,,,,,,,,,,,,,,,,,,,,,,
a492688c-88f4-479b-a644-67d58fd6226a,,,,,,,,,,,,,,,,,,,,,,,,,,,,,,,,,,,,,,,
a49612d1-7c87-40ca-9195-63108655de88,,,,,,,,,,,,,,,,,,,,,,,,,,,,,,,,,,,,,,,
a49b29da-6228-4286-9079-e905d3ffcf44,,,,,,,,,,,,,,,,,,,,,,,,,,,,,,,,,,,,,,,
a4a1e6ad-f5f0-41cc-a919-920f0180959b,,,,,,,,,,,,,,,,,,,,,,,,,,,,,,,,,,,,,,,
a4bbf3e6-706d-40e5-b586-29680b4ab47e,,,,,,,,,,,,,,,,,,,,,,,,,,,,,,,,,,,,,,,
a4be0046-b756-49ea-ae54-25125045857d,,,,,,,,,,,,,,,,,,,,,,,,,,,,,,,,,,,,,,,
a4be13f2-10d1-4fef-9646-02dc6ed9afff,,,,,,,,,,,,,,,,,,,,,,,,,,,,,,,,,,,,,,,
a4c044cd-a484-4524-bb54-7ed73a9afb25,,,,,,,,,,,,,,,,,,,,,,,,,,,,,,,,,,,,,,,
a4c9e29e-4f1b-4c2a-a1a3-7ffdf2730c22,,,,,,,,,,,,,,,,,,,,,,,,,,,,,,,,,,,,,,,
a4d2bbd7-8df9-403a-bc5b-473c86481876,,,,,,,,,,,,,,,,,,,,,,,,,,,,,,,,,,,,,,,
a4d300b5-a069-4802-875d-b44c957c8a88,,,,,,,,,,,,,,,,,,,,,,,,,,,,,,,,,,,,,,,
a4d6eabd-6b00-477f-aa37-e92f7f47166f,,,,,,,,,,,,,,,,,,,,,,,,,,,,,,,,,,,,,,,
a4db428e-a31e-41bf-bf4f-60072085103c,,,,,,,,,,,,,,,,,,,,,,,,,,,,,,,,,,,,,,,
a4dd2a00-47bf-4f56-bacf-1d891ea4eabb,,,,,,,,,,,,,,,,,,,,,,,,,,,,,,,,,,,,,,,
a4dfb019-2f20-4c8a-a720-2da36845f2d2,,,,,,,,,,,,,,,,,,,,,,,,,,,,,,,,,,,,,,,
a4eb954b-1bd6-4aa0-a2ac-2f023e9617c0,,,,,,,,,,,,,,,,,,,,,,,,,,,,,,,,,,,,,,,
a4f28903-f013-416a-897b-391709c167d9,,,,,,,,,,,,,,,,,,,,,,,,,,,,,,,,,,,,,,,
a4f52c1a-e50c-40eb-a119-dd1c3f51f05a,,,,,,,,,,,,,,,,,,,,,,,,,,,,,,,,,,,,,,,
a50248a2-c5ee-422a-b0fd-877841faccb4,,,,,,,,,,,,,,,,,,,,,,,,,,,,,,,,,,,,,,,
a5053e3e-ae63-40a7-9c9b-3c0931f092d3,,,,,,,,,,,,,,,,,,,,,,,,,,,,,,,,,,,,,,,
a5054131-7807-4978-aa2b-7227e28c33f5,,,,,,,,,,,,,,,,,,,,,,,,,,,,,,,,,,,,,,,
a506415a-e545-44e8-8d4c-62f88d0c2800,,,,,,,,,,,,,,,,,,,,,,,,,,,,,,,,,,,,,,,
a506ceb9-07d1-49c0-b4b2-7a1f1b0bcd12,,,,,,,,,,,,,,,,,,,,,,,,,,,,,,,,,,,,,,,
a513f9a8-dafd-4b0e-8a1d-5a4a0c513eec,,,,,,,,,,,,,,,,,,,,,,,,,,,,,,,,,,,,,,,
a515493b-241f-4139-b9b9-bb779ba6c85a,,,,,,,,,,,,,,,,,,,,,,,,,,,,,,,,,,,,,,,
a516f58a-a022-4fa9-862d-086baabce53a,,,,,,,,,,,,,,,,,,,,,,,,,,,,,,,,,,,,,,,
a51e936e-c43a-47f6-bd1b-8edb464da77d,,,,,,,,,,,,,,,,,,,,,,,,,,,,,,,,,,,,,,,
a528ba12-547d-4b31-9209-19b517de28b7,,,,,,,,,,,,,,,,,,,,,,,,,,,,,,,,,,,,,,,
a529bb6d-fd09-4528-ab8e-581bbf6233f1,,,,,,,,,,,,,,,,,,,,,,,,,,,,,,,,,,,,,,,
a52ccdae-6127-4bd5-9c88-3d71176032c1,,,,,,,,,,,,,,,,,,,,,,,,,,,,,,,,,,,,,,,
a530303d-ed57-4eb3-b13f-88a94fd75e65,,,,,,,,,,,,,,,,,,,,,,,,,,,,,,,,,,,,,,,
a530ce05-7acc-47d4-bc1e-c98c31b3eed0,,,,,,,,,,,,,,,,,,,,,,,,,,,,,,,,,,,,,,,
a53a05c7-4406-4653-9b2e-4c52de31e005,,,,,,,,,,,,,,,,,,,,,,,,,,,,,,,,,,,,,,,
a53ba161-bb59-4010-bb33-78382d0594a7,,,,,,,,,,,,,,,,,,,,,,,,,,,,,,,,,,,,,,,
a5413187-5f3d-49de-a70b-0cf6bad429fd,,,,,,,,,,,,,,,,,,,,,,,,,,,,,,,,,,,,,,,
a549792d-33a7-431e-94c4-187eed4c589e,,,,,,,,,,,,,,,,,,,,,,,,,,,,,,,,,,,,,,,
a54ef1f2-9eae-4403-9ee6-99d92e153583,,,,,,,,,,,,,,,,,,,,,,,,,,,,,,,,,,,,,,,
a55a83b2-edc8-4fcc-8f6f-6104ab333c3a,,,,,,,,,,,,,,,,,,,,,,,,,,,,,,,,,,,,,,,
a55bd5a6-b36e-4140-a2ee-6da3cdb7962b,,,,,,,,,,,,,,,,,,,,,,,,,,,,,,,,,,,,,,,
a5656d75-19ac-4122-890b-b83fce88bd80,,,,,,,,,,,,,,,,,,,,,,,,,,,,,,,,,,,,,,,
a565a56c-1282-4820-9876-2723074f52d8,,,,,,,,,,,,,,,,,,,,,,,,,,,,,,,,,,,,,,,
a56cb52b-14aa-4acd-a1ae-59690029aef3,,,,,,,,,,,,,,,,,,,,,,,,,,,,,,,,,,,,,,,
a56f6c20-b597-4d6d-ac25-1ad50e08bd4e,,,,,,,,,,,,,,,,,,,,,,,,,,,,,,,,,,,,,,,
a5706ba1-20f0-435b-9de0-b1e2c868b1db,,,,,,,,,,,,,,,,,,,,,,,,,,,,,,,,,,,,,,,
a570dc42-f900-444b-a27b-a9e1bf1b392f,,,,,,,,,,,,,,,,,,,,,,,,,,,,,,,,,,,,,,,
a57728d8-cf86-46cd-ae9e-2909df983d4e,,,,,,,,,,,,,,,,,,,,,,,,,,,,,,,,,,,,,,,
a579fa67-f3aa-41d6-8339-4500d4c5d869,,,,,,,,,,,,,,,,,,,,,,,,,,,,,,,,,,,,,,,
a5862beb-7f4f-427f-958e-7be747b4b018,,,,,,,,,,,,,,,,,,,,,,,,,,,,,,,,,,,,,,,
a58faccf-440c-4ddb-8c98-076d14e880f0,,,,,,,,,,,,,,,,,,,,,,,,,,,,,,,,,,,,,,,
a5ce8966-31e3-4d1c-9a22-5ca728593c9c,,,,,,,,,,,,,,,,,,,,,,,,,,,,,,,,,,,,,,,
a5d19179-c2ff-4308-bc7b-2ed314e19c2d,,,,,,,,,,,,,,,,,,,,,,,,,,,,,,,,,,,,,,,
a5da16a5-0d40-4ef9-a8be-6cfc20e3f698,,,,,,,,,,,,,,,,,,,,,,,,,,,,,,,,,,,,,,,
a5dbb780-416f-491c-97bd-c2a770b169bb,,,,,,,,,,,,,,,,,,,,,,,,,,,,,,,,,,,,,,,
a5deaf0e-aade-487e-a94f-d24eb09c540d,,,,,,,,,,,,,,,,,,,,,,,,,,,,,,,,,,,,,,,
a5dfe3a1-01cf-4ac7-910a-f215fb615124,,,,,,,,,,,,,,,,,,,,,,,,,,,,,,,,,,,,,,,
a5e08c1d-9104-4f95-b01c-4167110a533e,,,,,,,,,,,,,,,,,,,,,,,,,,,,,,,,,,,,,,,
a5f1f43b-57ce-49f1-b60b-4f0a20334d12,,,,,,,,,,,,,,,,,,,,,,,,,,,,,,,,,,,,,,,
a5fa897d-7f58-404f-be52-e9c6be9948f4,,,,,,,,,,,,,,,,,,,,,,,,,,,,,,,,,,,,,,,
a6159abe-1a99-4a3a-8f06-dd1a8f14c75d,,,,,,,,,,,,,,,,,,,,,,,,,,,,,,,,,,,,,,,
a62fc8f6-a360-4cf5-b7a7-aafeb5a5d8fd,,,,,,,,,,,,,,,,,,,,,,,,,,,,,,,,,,,,,,,
a635d18e-146f-4292-b768-83f2a5eeb870,,,,,,,,,,,,,,,,,,,,,,,,,,,,,,,,,,,,,,,
a637563a-0c72-4e72-9b76-25af5a77d029,,,,,,,,,,,,,,,,,,,,,,,,,,,,,,,,,,,,,,,
a63d4cd1-ff57-4432-bb2f-8a4cff70193e,,,,,,,,,,,,,,,,,,,,,,,,,,,,,,,,,,,,,,,
a642caa9-c15b-486a-86db-973dcb4a40b5,,,,,,,,,,,,,,,,,,,,,,,,,,,,,,,,,,,,,,,
a650dc4a-0ac3-41ff-adcd-db5dcae76051,,,,,,,,,,,,,,,,,,,,,,,,,,,,,,,,,,,,,,,
a651443e-7ed9-46b0-99b7-eaef05fc27da,,,,,,,,,,,,,,,,,,,,,,,,,,,,,,,,,,,,,,,
a65ccd29-cc3c-4239-baef-8991a6cd77ea,,,,,,,,,,,,,,,,,,,,,,,,,,,,,,,,,,,,,,,
a66221c5-e9f6-45e1-9d76-255ef64006c6,,,,,,,,,,,,,,,,,,,,,,,,,,,,,,,,,,,,,,,
a6664c39-472a-46e2-90cb-b35c79dd0c71,,,,,,,,,,,,,,,,,,,,,,,,,,,,,,,,,,,,,,,
a670ec54-cae3-4d3a-b5a4-be5aca1c0ca9,,,,,,,,,,,,,,,,,,,,,,,,,,,,,,,,,,,,,,,
a6736f77-bb92-489e-9d26-7271ef8afd37,,,,,,,,,,,,,,,,,,,,,,,,,,,,,,,,,,,,,,,
a67fc0f3-bd90-4d29-b15c-8bba2fbc1947,,,,,,,,,,,,,,,,,,,,,,,,,,,,,,,,,,,,,,,
a684a7ca-d3d2-443e-9abf-6bcdc95ea88a,,,,,,,,,,,,,,,,,,,,,,,,,,,,,,,,,,,,,,,
a689689f-1983-4803-a539-10ac61028e5f,,,,,,,,,,,,,,,,,,,,,,,,,,,,,,,,,,,,,,,
a689f85f-57bd-4c10-9d5d-992529851cfb,,,,,,,,,,,,,,,,,,,,,,,,,,,,,,,,,,,,,,,
a68a8bc7-69a2-43a3-a96f-ed415ddddd6f,,,,,,,,,,,,,,,,,,,,,,,,,,,,,,,,,,,,,,,
a68b84bf-31df-40c2-9317-ba6ff123a3f0,,,,,,,,,,,,,,,,,,,,,,,,,,,,,,,,,,,,,,,
a68f38de-210c-4219-b2b0-e3fcc21d05bb,,,,,,,,,,,,,,,,,,,,,,,,,,,,,,,,,,,,,,,
a69405c4-b9ec-4833-ae5e-32de553cc8f4,,,,,,,,,,,,,,,,,,,,,,,,,,,,,,,,,,,,,,,
a697b0bf-a615-4554-94c8-f5fb208a23ad,,,,,,,,,,,,,,,,,,,,,,,,,,,,,,,,,,,,,,,
a69f3dba-525f-4d7b-bf8e-39ce02944478,,,,,,,,,,,,,,,,,,,,,,,,,,,,,,,,,,,,,,,
a6a9ea00-ce06-4d39-97a2-b9ec4cd32ffc,,,,,,,,,,,,,,,,,,,,,,,,,,,,,,,,,,,,,,,
a6acea30-978c-4db6-b4f8-35d32a2cd121,,,,,,,,,,,,,,,,,,,,,,,,,,,,,,,,,,,,,,,
a6b3dd9d-1cd5-402c-8a2b-d07ecf5b68de,,,,,,,,,,,,,,,,,,,,,,,,,,,,,,,,,,,,,,,
a6b3ddc3-8915-40c2-800b-e1d738c46715,,,,,,,,,,,,,,,,,,,,,,,,,,,,,,,,,,,,,,,
a6b62d8c-cedb-4e66-b1c6-9fa74bcac2b4,,,,,,,,,,,,,,,,,,,,,,,,,,,,,,,,,,,,,,,
a6b99bed-51bd-4859-a46c-69327cfabf56,yandex,1.0,1.0,,,,,,,,,,,,,,,,,,,,,,,,,,,,,,,,,,,,
a6be75f1-45bf-428e-8245-b0b39dbbddc0,,,,,,,,,,,,,,,,,,,,,,,,,,,,,,,,,,,,,,,
a6bf37aa-158d-459a-950f-28aa7e854a64,,,,,,,,,,,,,,,,,,,,,,,,,,,,,,,,,,,,,,,
a6c01dde-18fc-413b-9910-14a037e97ab4,,,,,,,,,,,,,,,,,,,,,,,,,,,,,,,,,,,,,,,
a6c8b9e0-af2c-4d1f-a523-d25c3c3e1dd2,,,,,,,,,,,,,,,,,,,,,,,,,,,,,,,,,,,,,,,
a6ca3cf0-743e-4292-b784-7546834c2719,,,,,,,,,,,,,,,,,,,,,,,,,,,,,,,,,,,,,,,
a6cc3538-6cde-4163-8838-1f7e5bb0a2cc,,,,,,,,,,,,,,,,,,,,,,,,,,,,,,,,,,,,,,,
a6d0970a-b1bc-4295-bcf1-acfb454ae051,,,,,,,,,,,,,,,,,,,,,,,,,,,,,,,,,,,,,,,
a6d71db6-72f3-4c36-9bae-810e0a3a2404,,,,,,,,,,,,,,,,,,,,,,,,,,,,,,,,,,,,,,,
a6db6897-aa47-4528-aeef-bfbdf822b8b6,,,,,,,,,,,,,,,,,,,,,,,,,,,,,,,,,,,,,,,
a6dbde71-3bc2-4750-a9bf-a7f17e099887,,,,,,,,,,,,,,,,,,,,,,,,,,,,,,,,,,,,,,,
a6dd3c62-5991-4ac1-9ab1-94d5bce30057,,,,,,,,,,,,,,,,,,,,,,,,,,,,,,,,,,,,,,,
a6e8e37e-fff5-456e-a33b-73be04beef0e,,,,,,,,,,,,,,,,,,,,,,,,,,,,,,,,,,,,,,,
a6fd6005-c79b-4931-ba18-703c44bb712d,hubspot,1.0,1.0,,,,,,,,,,,,,,,,,,,,,,,,,,,,,,,,,,,,
a705fe49-e337-4b4d-a978-34d401d71fba,,,,,,,,,,,,,,,,,,,,,,,,,,,,,,,,,,,,,,,
a70b864c-6afc-418e-aac9-e05efe56b0f5,,,,,,,,,,,,,,,,,,,,,,,,,,,,,,,,,,,,,,,
a710c2b6-e8f4-4c44-a373-ecafbb2a1691,,,,,,,,,,,,,,,,,,,,,,,,,,,,,,,,,,,,,,,
a7193b20-10c8-4050-8bf0-af1a207fded7,,,,,,,,,,,,,,,,,,,,,,,,,,,,,,,,,,,,,,,
a7261c55-4dc8-4fa2-b635-a4fbdf5f730a,,,,,,,,,,,,,,,,,,,,,,,,,,,,,,,,,,,,,,,
a73072d9-c641-4b4c-9ee0-f8546ae840ac,,,,,,,,,,,,,,,,,,,,,,,,,,,,,,,,,,,,,,,
a733215d-82c1-4674-b73b-59beabbdc13b,,,,,,,,,,,,,,,,,,,,,,,,,,,,,,,,,,,,,,,
a73d6e16-608d-40a9-9e03-e8ce3bcbf2f5,,,,,,,,,,,,,,,,,,,,,,,,,,,,,,,,,,,,,,,
a73d90f4-ee6f-47af-b852-80ef81bee5f9,,,,,,,,,,,,,,,,,,,,,,,,,,,,,,,,,,,,,,,
a742d59b-3d69-418d-bbff-2088e224d75f,,,,,,,,,,,,,,,,,,,,,,,,,,,,,,,,,,,,,,,
a744b1ce-0627-4468-a58f-b7c78d32cbb8,,,,,,,,,,,,,,,,,,,,,,,,,,,,,,,,,,,,,,,
a748560b-07ee-4b51-ab6f-d96a4f02299b,,,,,,,,,,,,,,,,,,,,,,,,,,,,,,,,,,,,,,,
a75074b3-2628-4480-9abd-576034b64912,,,,,,,,,,,,,,,,,,,,,,,,,,,,,,,,,,,,,,,
a7539f30-c2a7-4f37-98bb-72a645ef55e2,,,,,,,,,,,,,,,,,,,,,,,,,,,,,,,,,,,,,,,
a7588546-cf31-479d-b7a2-0dbfdb44c7d9,,,,,,,,,,,,,,,,,,,,,,,,,,,,,,,,,,,,,,,
a759adc1-ea97-4be3-8fae-6eaf441e1689,,,,,,,,,,,,,,,,,,,,,,,,,,,,,,,,,,,,,,,
a75e194a-d4ce-434b-8e84-e8b886149759,,,,,,,,,,,,,,,,,,,,,,,,,,,,,,,,,,,,,,,
a75f843c-f715-466b-881c-75cf1ee16950,,,,,,,,,,,,,,,,,,,,,,,,,,,,,,,,,,,,,,,
a76eb828-b5a4-4fd2-9d38-30b7d0b5535a,,,,,,,,,,,,,,,,,,,,,,,,,,,,,,,,,,,,,,,
a76fbc05-1f0f-458e-9387-2573f4f492d1,,,,,,,,,,,,,,,,,,,,,,,,,,,,,,,,,,,,,,,
a7708cd2-b744-4f41-8a92-889a87a4aee7,,,,,,,,,,,,,,,,,,,,,,,,,,,,,,,,,,,,,,,
a77239f0-01f0-4884-bdfc-b0798d6488e5,,,,,,,,,,,,,,,,,,,,,,,,,,,,,,,,,,,,,,,
a77cac0f-806b-4b24-8877-986d62b8a261,,,,,,,,,,,,,,,,,,,,,,,,,,,,,,,,,,,,,,,
a77f9a64-e755-4c30-85a6-5a9dad2dca51,,,,,,,,,,,,,,,,,,,,,,,,,,,,,,,,,,,,,,,
a78a7fff-c655-42e6-b7a1-99f6c94a0ec1,,,,,,,,,,,,,,,,,,,,,,,,,,,,,,,,,,,,,,,
a78b069e-6032-4f39-93fa-01ccb23ea041,,,,,,,,,,,,,,,,,,,,,,,,,,,,,,,,,,,,,,,
a79ca149-ca79-457c-a99e-cd6be42a3e23,adroll,1.0,1.0,,,,,,,,,,,,,,,,,,,,,,,,,,,,,,,,,,,,
a79d696e-9b9c-4873-86de-855a02a8a792,,,,,,,,,,,,,,,,,,,,,,,,,,,,,,,,,,,,,,,
a79f70c4-9c96-4824-b662-40aeb5d16802,,,,,,,,,,,,,,,,,,,,,,,,,,,,,,,,,,,,,,,
a7a75dce-c891-4763-b294-3bd8b40f5497,,,,,,,,,,,,,,,,,,,,,,,,,,,,,,,,,,,,,,,
a7a7f1c8-6265-4eee-863f-fec42e96a8c9,dynatrace,1.0,1.0,,,,,,,,,,,,,,,,,,,,,,,,,,,,,,,,,,,,
a7a8678a-6348-4f96-b4b6-969ea13721e0,,,,,,,,,,,,,,,,,,,,,,,,,,,,,,,,,,,,,,,
a7aa72b0-7bc2-40d6-8cae-5ec11c8020d8,,,,,,,,,,,,,,,,,,,,,,,,,,,,,,,,,,,,,,,
a7aac3c8-637c-4cd3-a395-1b1d88fe738e,,,,,,,,,,,,,,,,,,,,,,,,,,,,,,,,,,,,,,,
a7b8b221-fe3a-4f31-afbd-6716942112b3,,,,,,,,,,,,,,,,,,,,,,,,,,,,,,,,,,,,,,,
a7b986bc-9d57-46f2-afa8-4834ed0170dd,,,,,,,,,,,,,,,,,,,,,,,,,,,,,,,,,,,,,,,
a7bcf6b2-fb9e-412b-824f-5fd3c13adcd6,,,,,,,,,,,,,,,,,,,,,,,,,,,,,,,,,,,,,,,
a7c205ec-6895-42dd-a32c-b0c4437636c9,,,,,,,,,,,,,,,,,,,,,,,,,,,,,,,,,,,,,,,
a7c5072f-ff1e-4282-8686-e66de4171b44,naver,1.0,1.0,,,,,,,,,,,,,,,,,,,,,,,,,,,,,,,,,,,,
a7c6d585-89b4-455e-a642-11c32c45a455,,,,,,,,,,,,,,,,,,,,,,,,,,,,,,,,,,,,,,,
a7c9a9df-24e9-41ec-a6c5-336585996a50,jivochat,1.0,1.0,,,,,,,,,,,,,,,,,,,,,,,,,,,,,,,,,,,,
a7cdc9ae-fabe-4c5d-9cc3-858df0d34950,,,,,,,,,,,,,,,,,,,,,,,,,,,,,,,,,,,,,,,
a7cf6de4-0d8c-4942-a72d-c964d11b6604,outbrain,1.0,1.0,,,,,,,,,,,,,,,,,,,,,,,,,,,,,,,,,,,,
a7da6af1-385b-4263-9267-38d1f6ab6643,,,,,,,,,,,,,,,,,,,,,,,,,,,,,,,,,,,,,,,
a7dad995-e0f6-45eb-8197-9e56f5874322,,,,,,,,,,,,,,,,,,,,,,,,,,,,,,,,,,,,,,,
a7e2d44b-385a-4f56-bfa4-7bbcbd7c80f1,,,,,,,,,,,,,,,,,,,,,,,,,,,,,,,,,,,,,,,
a7e72e55-d48e-435e-9daf-1142b57d85d2,,,,,,,,,,,,,,,,,,,,,,,,,,,,,,,,,,,,,,,
a7e8def1-001d-4ea0-8d67-6fe465ee890b,,,,,,,,,,,,,,,,,,,,,,,,,,,,,,,,,,,,,,,
a7f3d68c-451b-4a65-bd5d-15f3c7feaaac,qualtrics,1.0,1.0,,,,,,,,,,,,,,,,,,,,,,,,,,,,,,,,,,,,
a7f7d9e3-c1e9-4cac-9614-31f88aaa95f5,,,,,,,,,,,,,,,,,,,,,,,,,,,,,,,,,,,,,,,
a8002f8d-bdbf-4b36-8968-105371b45013,,,,,,,,,,,,,,,,,,,,,,,,,,,,,,,,,,,,,,,
a80f2b79-edaf-45e3-827b-fa6c099e9ed7,,,,,,,,,,,,,,,,,,,,,,,,,,,,,,,,,,,,,,,
a80f5c19-fccf-49ac-8554-82faeffb7878,51.la,1.0,1.0,,,,,,,,,,,,,,,,,,,,,,,,,,,,,,,,,,,,
a810303f-ecc1-4e53-91a7-846a42fd6e88,,,,,,,,,,,,,,,,,,,,,,,,,,,,,,,,,,,,,,,
a81075a1-edd9-4bf5-8eb4-3d7c06574728,,,,,,,,,,,,,,,,,,,,,,,,,,,,,,,,,,,,,,,
a81c0a3d-8ff4-4ebb-87aa-16a42e88cbe3,,,,,,,,,,,,,,,,,,,,,,,,,,,,,,,,,,,,,,,
a8277d15-6638-422e-a2aa-0ff1efe478d9,trustpilot,1.0,1.0,,,,,,,,,,,,,,,,,,,,,,,,,,,,,,,,,,,,
a827be7a-551c-4246-b4d9-c87058d3a050,,,,,,,,,,,,,,,,,,,,,,,,,,,,,,,,,,,,,,,
a82908f0-4db3-4fcc-86c0-2d0cd81b7ea0,,,,,,,,,,,,,,,,,,,,,,,,,,,,,,,,,,,,,,,
a82baf3b-b83d-43fb-8470-2e73a67b9e22,,,,,,,,,,,,,,,,,,,,,,,,,,,,,,,,,,,,,,,
a83ec710-3c2d-4967-97ff-007ebb8c89bd,wikimedia_foundation,1.0,1.0,,,,,,,,,,,,,,,,,,,,,,,,,,,,,,,,,,,,
a8408f76-e0b3-42a6-b82e-c873ac4ab64f,,,,,,,,,,,,,,,,,,,,,,,,,,,,,,,,,,,,,,,
a84268a0-f9b0-4661-9128-f97f2e9c1861,,,,,,,,,,,,,,,,,,,,,,,,,,,,,,,,,,,,,,,
a8460ef4-84db-49cb-98e1-0e3aef6f17ff,,,,,,,,,,,,,,,,,,,,,,,,,,,,,,,,,,,,,,,
a84b133a-ce30-4fcf-a46b-df89d179403e,,,,,,,,,,,,,,,,,,,,,,,,,,,,,,,,,,,,,,,
a8501e5d-7071-4181-88c8-4be0b5f07636,,,,,,,,,,,,,,,,,,,,,,,,,,,,,,,,,,,,,,,
a85259c7-a4a5-45d4-9171-1c573f697ecb,,,,,,,,,,,,,,,,,,,,,,,,,,,,,,,,,,,,,,,
a859486a-3bd8-41e5-ba75-434ce57e2204,,,,,,,,,,,,,,,,,,,,,,,,,,,,,,,,,,,,,,,
a859be0b-ed98-44fc-8ffa-e89eb08edce7,,,,,,,,,,,,,,,,,,,,,,,,,,,,,,,,,,,,,,,
a85d9828-4f35-4bcc-a855-d304a2517d6f,,,,,,,,,,,,,,,,,,,,,,,,,,,,,,,,,,,,,,,
a85f3625-2a73-4e53-b017-6bd5568da979,naver,1.0,1.0,,,,,,,,,,,,,,,,,,,,,,,,,,,,,,,,,,,,
a864ce27-5385-4d85-b212-c255935631b9,,,,,,,,,,,,,,,,,,,,,,,,,,,,,,,,,,,,,,,
a8775650-953b-442f-a1c7-cafbbd6ba4c0,,,,,,,,,,,,,,,,,,,,,,,,,,,,,,,,,,,,,,,
a87beb3d-56ca-4644-ad89-c00e28a36248,,,,,,,,,,,,,,,,,,,,,,,,,,,,,,,,,,,,,,,
a87d7597-2245-4a6a-90f4-8ab279cac34e,,,,,,,,,,,,,,,,,,,,,,,,,,,,,,,,,,,,,,,
a87faa3f-e694-4cb3-833c-9ba604573967,,,,,,,,,,,,,,,,,,,,,,,,,,,,,,,,,,,,,,,
a882196c-7c3c-41bc-bb54-beaf79199bea,,,,,,,,,,,,,,,,,,,,,,,,,,,,,,,,,,,,,,,
a8861995-57af-4085-b508-b4af0284ba59,,,,,,,,,,,,,,,,,,,,,,,,,,,,,,,,,,,,,,,
a8883925-fb5d-4e15-a89b-899dcd06e2a8,,,,,,,,,,,,,,,,,,,,,,,,,,,,,,,,,,,,,,,
a8923504-ce0b-414a-821e-c67f3fb2b863,qq.com,1.0,1.0,,,,,,,,,,,,,,,,,,,,,,,,,,,,,,,,,,,,
a8998148-ed20-4fc5-87f1-8ea31c02c7a7,statcounter,1.0,1.0,,,,,,,,,,,,,,,,,,,,,,,,,,,,,,,,,,,,
a89c2740-084b-49d9-a47a-ebd9720f4a42,,,,,,,,,,,,,,,,,,,,,,,,,,,,,,,,,,,,,,,
a8a14ec7-3a9d-48a5-a0b6-fb41fd475ff6,,,,,,,,,,,,,,,,,,,,,,,,,,,,,,,,,,,,,,,
a8a47b52-9ed2-4866-a0bf-ccf6521a4e11,,,,,,,,,,,,,,,,,,,,,,,,,,,,,,,,,,,,,,,
a8b4c1a3-bca9-4f67-916e-9edc700ac275,,,,,,,,,,,,,,,,,,,,,,,,,,,,,,,,,,,,,,,
a8b7ffbb-a0e0-49d2-a906-95bcdb08a015,,,,,,,,,,,,,,,,,,,,,,,,,,,,,,,,,,,,,,,
a8beeb11-1af1-4041-8cf9-ce6088bee22e,,,,,,,,,,,,,,,,,,,,,,,,,,,,,,,,,,,,,,,
a8bfdf5f-be79-49b9-9508-f4f7900892d2,,,,,,,,,,,,,,,,,,,,,,,,,,,,,,,,,,,,,,,
a8c98179-4625-4f53-b3da-77816260f872,,,,,,,,,,,,,,,,,,,,,,,,,,,,,,,,,,,,,,,
a8ca3ff4-3dd3-45bf-9b0b-8cccc07c6c73,,,,,,,,,,,,,,,,,,,,,,,,,,,,,,,,,,,,,,,
a8d2ed03-23f8-40a8-883e-c7120020447e,,,,,,,,,,,,,,,,,,,,,,,,,,,,,,,,,,,,,,,
a8d35853-2e34-40f9-832d-2d89221a07a7,,,,,,,,,,,,,,,,,,,,,,,,,,,,,,,,,,,,,,,
a8d5858e-8eef-4ea4-85ad-aab8312a04bc,,,,,,,,,,,,,,,,,,,,,,,,,,,,,,,,,,,,,,,
a8d713f7-1aeb-4cfb-b54b-4c2a1db76453,,,,,,,,,,,,,,,,,,,,,,,,,,,,,,,,,,,,,,,
a8d9d50b-3423-4fcd-b56e-fa3e467b55e9,,,,,,,,,,,,,,,,,,,,,,,,,,,,,,,,,,,,,,,
a8da1a24-7e41-4920-929e-06ba99e204f2,,,,,,,,,,,,,,,,,,,,,,,,,,,,,,,,,,,,,,,
a8dec536-ee9c-4dda-b33f-94853c7f22a7,,,,,,,,,,,,,,,,,,,,,,,,,,,,,,,,,,,,,,,
a8e0425a-24e4-4758-9d00-8c0e70338a7e,,,,,,,,,,,,,,,,,,,,,,,,,,,,,,,,,,,,,,,
a8e5d1d3-77ca-428f-a1a5-af2dc888a412,,,,,,,,,,,,,,,,,,,,,,,,,,,,,,,,,,,,,,,
a8f2d9cc-edab-474c-9723-9f650f7ced71,,,,,,,,,,,,,,,,,,,,,,,,,,,,,,,,,,,,,,,
a8fa342a-655d-43cc-b2b2-2f793fa8ac14,,,,,,,,,,,,,,,,,,,,,,,,,,,,,,,,,,,,,,,
a900ff9e-2cf6-4903-b0a8-edc396106bd8,,,,,,,,,,,,,,,,,,,,,,,,,,,,,,,,,,,,,,,
a9076330-8da4-477b-a016-6a7873008c67,,,,,,,,,,,,,,,,,,,,,,,,,,,,,,,,,,,,,,,
a908c98b-907e-4bbe-b5d9-f4afdcf628c1,,,,,,,,,,,,,,,,,,,,,,,,,,,,,,,,,,,,,,,
a9201985-898e-4200-9742-1743189810c9,,,,,,,,,,,,,,,,,,,,,,,,,,,,,,,,,,,,,,,
a92338af-c867-4f5f-b5bf-9f223f955d65,,,,,,,,,,,,,,,,,,,,,,,,,,,,,,,,,,,,,,,
a92430dd-8f1b-4d7f-a99c-cda6e7f9512d,,,,,,,,,,,,,,,,,,,,,,,,,,,,,,,,,,,,,,,
a927c360-0a15-456b-85ae-cdcdfb5ba8c3,,,,,,,,,,,,,,,,,,,,,,,,,,,,,,,,,,,,,,,
a92edb22-fa4c-40bc-98c4-9315da3e5f7e,,,,,,,,,,,,,,,,,,,,,,,,,,,,,,,,,,,,,,,
a934b0a8-4711-4e6c-9027-3ce23f7d064b,,,,,,,,,,,,,,,,,,,,,,,,,,,,,,,,,,,,,,,
a93bb06b-d4e6-455c-af19-b4382dfb830a,wikimedia_foundation,1.0,1.0,,,,,,,,,,,,,,,,,,,,,,,,,,,,,,,,,,,,
a9407e49-7fc5-4cc5-a66f-7a132cc85e7e,,,,,,,,,,,,,,,,,,,,,,,,,,,,,,,,,,,,,,,
a95372dd-5a28-4b08-b561-6a7355f4bfc2,,,,,,,,,,,,,,,,,,,,,,,,,,,,,,,,,,,,,,,
a953daa4-e012-4d39-8e80-829e9e39e929,,,,,,,,,,,,,,,,,,,,,,,,,,,,,,,,,,,,,,,
a96f9903-942f-4b99-bc1e-2e5e8891c50d,,,,,,,,,,,,,,,,,,,,,,,,,,,,,,,,,,,,,,,
a9759d92-6412-4e0c-92ed-fa4fdcea93ba,,,,,,,,,,,,,,,,,,,,,,,,,,,,,,,,,,,,,,,
a9860018-362b-4639-875d-5a722f677e39,,,,,,,,,,,,,,,,,,,,,,,,,,,,,,,,,,,,,,,
a98a4fbc-3bab-459a-80a2-e9877518d997,,,,,,,,,,,,,,,,,,,,,,,,,,,,,,,,,,,,,,,
a997c78b-91b4-4df6-a614-e5970aca5d81,,,,,,,,,,,,,,,,,,,,,,,,,,,,,,,,,,,,,,,
a9a2c9f1-6b29-408e-8656-4002c8d304df,,,,,,,,,,,,,,,,,,,,,,,,,,,,,,,,,,,,,,,
a9a485f2-8e0e-4230-a123-7f99651c8332,,,,,,,,,,,,,,,,,,,,,,,,,,,,,,,,,,,,,,,
a9aa4aee-211a-4a12-af25-e7a3eab191ee,,,,,,,,,,,,,,,,,,,,,,,,,,,,,,,,,,,,,,,
a9b0b62c-c7b7-4be7-bbc3-4f46278780ee,,,,,,,,,,,,,,,,,,,,,,,,,,,,,,,,,,,,,,,
a9b1772e-0612-4921-9821-40fe00937ea1,,,,,,,,,,,,,,,,,,,,,,,,,,,,,,,,,,,,,,,
a9b6a6c1-0945-4fe2-aaf6-8946360c06b1,,,,,,,,,,,,,,,,,,,,,,,,,,,,,,,,,,,,,,,
a9b746b9-cb79-4f89-8903-e2bd5eddb110,,,,,,,,,,,,,,,,,,,,,,,,,,,,,,,,,,,,,,,
a9b8eead-9a3f-4035-9d17-d7f4cb75fbc7,,,,,,,,,,,,,,,,,,,,,,,,,,,,,,,,,,,,,,,
a9bb6307-5857-46bb-8f4d-568fb6e655d1,,,,,,,,,,,,,,,,,,,,,,,,,,,,,,,,,,,,,,,
a9bce0d7-dd55-44ef-a1c9-f0b072190bd6,,,,,,,,,,,,,,,,,,,,,,,,,,,,,,,,,,,,,,,
a9bd8172-42c7-43d1-a495-91da7a608a57,,,,,,,,,,,,,,,,,,,,,,,,,,,,,,,,,,,,,,,
a9bddad9-3a9d-40b1-8f63-95f59dad1ce6,,,,,,,,,,,,,,,,,,,,,,,,,,,,,,,,,,,,,,,
a9be0e62-e84a-4659-b2ed-9ce0a19ce6e6,,,,,,,,,,,,,,,,,,,,,,,,,,,,,,,,,,,,,,,
a9c088ef-f33c-4ff0-a8b8-a26d2a529de8,,,,,,,,,,,,,,,,,,,,,,,,,,,,,,,,,,,,,,,
a9c49d7e-441b-46ff-8a38-89364c54c91a,,,,,,,,,,,,,,,,,,,,,,,,,,,,,,,,,,,,,,,
a9c7619f-5672-41c6-8e7f-e3624bf248eb,,,,,,,,,,,,,,,,,,,,,,,,,,,,,,,,,,,,,,,
a9c9c25e-c1e9-4ff7-8c40-5eb1081a5231,,,,,,,,,,,,,,,,,,,,,,,,,,,,,,,,,,,,,,,
a9cb9c92-c0e6-4252-ae47-dac782c97704,,,,,,,,,,,,,,,,,,,,,,,,,,,,,,,,,,,,,,,
a9cd3321-d3e2-439d-ba87-1bee7ea11e6e,,,,,,,,,,,,,,,,,,,,,,,,,,,,,,,,,,,,,,,
a9ce87c8-b156-47af-ae5f-e15479ceb3f3,,,,,,,,,,,,,,,,,,,,,,,,,,,,,,,,,,,,,,,
a9d758a3-c877-4d89-956d-56b999acdecc,,,,,,,,,,,,,,,,,,,,,,,,,,,,,,,,,,,,,,,
a9dd71e7-8a40-4d27-8e0d-115855559759,,,,,,,,,,,,,,,,,,,,,,,,,,,,,,,,,,,,,,,
a9e65130-8422-44fb-8ab4-b6286712eb80,,,,,,,,,,,,,,,,,,,,,,,,,,,,,,,,,,,,,,,
a9ffabfd-d2be-4d3c-92d8-9b75a64de6f4,,,,,,,,,,,,,,,,,,,,,,,,,,,,,,,,,,,,,,,
aa00d5bd-4868-428e-82d7-da1d86238163,,,,,,,,,,,,,,,,,,,,,,,,,,,,,,,,,,,,,,,
aa03c2c6-de77-437c-aeff-33c144b22560,,,,,,,,,,,,,,,,,,,,,,,,,,,,,,,,,,,,,,,
aa0956c6-77c3-4b01-84ae-63269989e865,,,,,,,,,,,,,,,,,,,,,,,,,,,,,,,,,,,,,,,
aa0cb1c4-32a7-4335-9c8f-2a7825a064cb,wikimedia_foundation,1.0,1.0,,,,,,,,,,,,,,,,,,,,,,,,,,,,,,,,,,,,
aa1581ef-9aa5-4335-972e-434b2565afc4,,,,,,,,,,,,,,,,,,,,,,,,,,,,,,,,,,,,,,,
aa199bd0-7b77-4673-bc39-affb9d8e5330,,,,,,,,,,,,,,,,,,,,,,,,,,,,,,,,,,,,,,,
aa2045c5-6f19-4e85-ab89-d6a2d1a89782,,,,,,,,,,,,,,,,,,,,,,,,,,,,,,,,,,,,,,,
aa216d10-f5b3-4b27-8f87-9ecc6a760b60,,,,,,,,,,,,,,,,,,,,,,,,,,,,,,,,,,,,,,,
aa2601e2-fb6d-448a-b99c-f467e6b83a28,,,,,,,,,,,,,,,,,,,,,,,,,,,,,,,,,,,,,,,
aa289779-b6cf-4478-9270-341911f8dea2,,,,,,,,,,,,,,,,,,,,,,,,,,,,,,,,,,,,,,,
aa29a792-4d3a-4959-a41a-012a1519ede2,,,,,,,,,,,,,,,,,,,,,,,,,,,,,,,,,,,,,,,
aa3a3b08-e983-4d67-b5d1-14b509fcac32,,,,,,,,,,,,,,,,,,,,,,,,,,,,,,,,,,,,,,,
aa3b84d0-9c37-4ef5-b739-0430ab160ef0,,,,,,,,,,,,,,,,,,,,,,,,,,,,,,,,,,,,,,,
aa3bdcf8-c480-4e68-a39d-af18c8b95fb0,,,,,,,,,,,,,,,,,,,,,,,,,,,,,,,,,,,,,,,
aa51e49d-c10b-49dc-b11b-b5b23a6644fe,,,,,,,,,,,,,,,,,,,,,,,,,,,,,,,,,,,,,,,
aa6cf7b2-4038-456b-a6e3-8254388daa36,,,,,,,,,,,,,,,,,,,,,,,,,,,,,,,,,,,,,,,
aa6fec8a-d817-46ba-8058-f7527970a771,,,,,,,,,,,,,,,,,,,,,,,,,,,,,,,,,,,,,,,
aa718976-d399-4560-9c28-b86ea6b952fc,,,,,,,,,,,,,,,,,,,,,,,,,,,,,,,,,,,,,,,
aa784906-5098-4417-9146-51658f1bde9a,,,,,,,,,,,,,,,,,,,,,,,,,,,,,,,,,,,,,,,
aa7ac09b-43e4-4cda-a807-1e1d5617d24a,,,,,,,,,,,,,,,,,,,,,,,,,,,,,,,,,,,,,,,
aa8fb9d5-f3ae-4dab-b844-77c1d85cce0c,,,,,,,,,,,,,,,,,,,,,,,,,,,,,,,,,,,,,,,
aa9bffe8-6b95-44d3-8483-f53dcfde849c,,,,,,,,,,,,,,,,,,,,,,,,,,,,,,,,,,,,,,,
aa9c99f3-3644-439c-9138-c3eaf8090345,,,,,,,,,,,,,,,,,,,,,,,,,,,,,,,,,,,,,,,
aaa10ab5-6b26-4a13-8e07-76e0d5f8be48,,,,,,,,,,,,,,,,,,,,,,,,,,,,,,,,,,,,,,,
aaa2d20f-4242-4ae6-b7e2-526d6f0e228e,,,,,,,,,,,,,,,,,,,,,,,,,,,,,,,,,,,,,,,
aaad51b7-c1b6-4267-8097-084f2763f374,baidu,1.0,1.0,,,,,,,,,,,,,,,,,,,,,,,,,,,,,,,,,,,,
aab670f4-139c-4567-b838-9e70f1390eba,,,,,,,,,,,,,,,,,,,,,,,,,,,,,,,,,,,,,,,
aaba84e9-2901-4cc4-9802-41bcce99e34a,,,,,,,,,,,,,,,,,,,,,,,,,,,,,,,,,,,,,,,
aac5e63e-96ac-4648-95d2-6279715f1c0f,,,,,,,,,,,,,,,,,,,,,,,,,,,,,,,,,,,,,,,
aac6bad2-fe18-43db-8442-cdfa00730d41,,,,,,,,,,,,,,,,,,,,,,,,,,,,,,,,,,,,,,,
aacde682-aa17-401b-bcd0-604872e21a18,,,,,,,,,,,,,,,,,,,,,,,,,,,,,,,,,,,,,,,
aad7dd24-5c38-48fe-b36b-f8f6a8502366,,,,,,,,,,,,,,,,,,,,,,,,,,,,,,,,,,,,,,,
aada1c88-15d1-44b2-83e6-680804661e4a,,,,,,,,,,,,,,,,,,,,,,,,,,,,,,,,,,,,,,,
aadc218c-51f0-4e37-9ee5-64235fa38137,,,,,,,,,,,,,,,,,,,,,,,,,,,,,,,,,,,,,,,
aade45e8-9ded-4865-b628-61d83b91184e,,,,,,,,,,,,,,,,,,,,,,,,,,,,,,,,,,,,,,,
aaeade57-3fe8-4392-afe0-57fd0da9549a,,,,,,,,,,,,,,,,,,,,,,,,,,,,,,,,,,,,,,,
aaec1ee0-f31a-4082-a8c3-5a7f0fb289f9,qualtrics,1.0,1.0,,,,,,,,,,,,,,,,,,,,,,,,,,,,,,,,,,,,
aaef7df9-510a-4a7f-ba64-3d7fbdf88d4c,,,,,,,,,,,,,,,,,,,,,,,,,,,,,,,,,,,,,,,
aaef99e9-4c42-4ba9-b878-57b56d86b4da,,,,,,,,,,,,,,,,,,,,,,,,,,,,,,,,,,,,,,,
aaf162fe-8065-48ed-bbc0-d7c7b72d43a5,statcounter,1.0,1.0,,,,,,,,,,,,,,,,,,,,,,,,,,,,,,,,,,,,
ab0076ff-f3d4-451c-8f01-ecf567c271e4,,,,,,,,,,,,,,,,,,,,,,,,,,,,,,,,,,,,,,,
ab013762-a917-45c7-9572-5566fa3929c6,,,,,,,,,,,,,,,,,,,,,,,,,,,,,,,,,,,,,,,
ab022be4-8afb-4f18-9ef8-c7c680dbcd4d,,,,,,,,,,,,,,,,,,,,,,,,,,,,,,,,,,,,,,,
ab02d026-f7e8-4b8a-ba34-1fbc9e01e68f,,,,,,,,,,,,,,,,,,,,,,,,,,,,,,,,,,,,,,,
ab0d043a-b694-4eb5-84f8-95e8120ffdf3,,,,,,,,,,,,,,,,,,,,,,,,,,,,,,,,,,,,,,,
ab10da42-bb5a-4ff7-9bc8-1421858cc80b,,,,,,,,,,,,,,,,,,,,,,,,,,,,,,,,,,,,,,,
ab1f27d1-8ddc-4d90-9c4c-88711eb45d4f,salesforce,1.0,1.0,,,,,,,,,,,,,,,,,,,,,,,,,,,,,,,,,,,,
ab2a223b-99e8-4913-b37e-63d15280ce23,,,,,,,,,,,,,,,,,,,,,,,,,,,,,,,,,,,,,,,
ab30e494-9dea-42fc-b4c9-7e17b14a0106,,,,,,,,,,,,,,,,,,,,,,,,,,,,,,,,,,,,,,,
ab341ec2-8ba3-456b-a6e1-e3463cd1b4a2,,,,,,,,,,,,,,,,,,,,,,,,,,,,,,,,,,,,,,,
ab3d9c9c-4bec-49f2-a7c1-7246bf9f66f6,,,,,,,,,,,,,,,,,,,,,,,,,,,,,,,,,,,,,,,
ab3ed94d-e1c8-4b5c-a779-9ce7144a54c3,microsoft,1.0,1.0,,,,,,,,,,,,,,,,,,,,,,,,,,,,,,,,,,,,
ab42e8c4-3930-4e38-9412-5a6245f23d6d,,,,,,,,,,,,,,,,,,,,,,,,,,,,,,,,,,,,,,,
ab43a6b6-9b5f-4bf5-88d4-2814c38c8782,,,,,,,,,,,,,,,,,,,,,,,,,,,,,,,,,,,,,,,
ab4a0fb4-119f-4fa6-a20f-df621a367dc6,,,,,,,,,,,,,,,,,,,,,,,,,,,,,,,,,,,,,,,
ab4a7579-7f31-4b8f-9ca1-4f9aeb1361c3,,,,,,,,,,,,,,,,,,,,,,,,,,,,,,,,,,,,,,,
ab604772-747c-4c09-a98c-f528b168cfd2,,,,,,,,,,,,,,,,,,,,,,,,,,,,,,,,,,,,,,,
ab647764-1d72-409b-9d7d-5c4eec7b61b0,,,,,,,,,,,,,,,,,,,,,,,,,,,,,,,,,,,,,,,
ab6b0bd4-8c43-435d-9646-33de084b1ca7,,,,,,,,,,,,,,,,,,,,,,,,,,,,,,,,,,,,,,,
ab6c1895-1907-4cb8-953e-cdf55bbc8909,,,,,,,,,,,,,,,,,,,,,,,,,,,,,,,,,,,,,,,
ab6fb6b8-b4f2-4801-8a4b-6df8b5e45a49,,,,,,,,,,,,,,,,,,,,,,,,,,,,,,,,,,,,,,,
ab819283-cbf8-45b8-af3e-6011668a3354,,,,,,,,,,,,,,,,,,,,,,,,,,,,,,,,,,,,,,,
ab8a2de6-c58d-4a6c-979b-42fe409dce39,,,,,,,,,,,,,,,,,,,,,,,,,,,,,,,,,,,,,,,
ab91cda6-fe23-4922-a6a0-88d6286b6a00,,,,,,,,,,,,,,,,,,,,,,,,,,,,,,,,,,,,,,,
ab9996d6-cf2d-41ac-b453-c52a429296f5,,,,,,,,,,,,,,,,,,,,,,,,,,,,,,,,,,,,,,,
ab9dce09-3266-4fa4-9b81-3744d0d28e13,,,,,,,,,,,,,,,,,,,,,,,,,,,,,,,,,,,,,,,
ab9f019a-1e94-48ae-addf-856aa68d7b5c,,,,,,,,,,,,,,,,,,,,,,,,,,,,,,,,,,,,,,,
abaa2b80-7f98-41a0-8c74-8269e185d934,,,,,,,,,,,,,,,,,,,,,,,,,,,,,,,,,,,,,,,
ababd428-3d73-4df8-8124-2ac4e3817a0e,,,,,,,,,,,,,,,,,,,,,,,,,,,,,,,,,,,,,,,
abad0dad-8551-4987-83a8-057f95643175,,,,,,,,,,,,,,,,,,,,,,,,,,,,,,,,,,,,,,,
abb82fb6-860d-4fe5-9aad-3c2eb8a1298d,,,,,,,,,,,,,,,,,,,,,,,,,,,,,,,,,,,,,,,
abb9e8ea-5173-47c7-8694-f05f31996653,,,,,,,,,,,,,,,,,,,,,,,,,,,,,,,,,,,,,,,
abbade93-5b7f-4e72-a6c1-44de34391be1,,,,,,,,,,,,,,,,,,,,,,,,,,,,,,,,,,,,,,,
abc20845-f95c-476d-9b93-6b5f2c70b027,,,,,,,,,,,,,,,,,,,,,,,,,,,,,,,,,,,,,,,
abc6221c-35ca-438c-93c2-8b44ecc0df43,,,,,,,,,,,,,,,,,,,,,,,,,,,,,,,,,,,,,,,
abd54d9d-b69e-4c69-96fe-a360c139f8bf,,,,,,,,,,,,,,,,,,,,,,,,,,,,,,,,,,,,,,,
abd578d8-ba1c-428b-a2c1-c019fd3a44dc,,,,,,,,,,,,,,,,,,,,,,,,,,,,,,,,,,,,,,,
abdd5a9f-ea1a-4840-93f7-5f89a5428f4b,,,,,,,,,,,,,,,,,,,,,,,,,,,,,,,,,,,,,,,
abdfbce9-a0f7-4bd6-88e4-f3df41f5cb54,,,,,,,,,,,,,,,,,,,,,,,,,,,,,,,,,,,,,,,
abe0dbe9-a610-4401-a01e-1080f2a5fff1,,,,,,,,,,,,,,,,,,,,,,,,,,,,,,,,,,,,,,,
abe3b7b4-cd28-4979-a8a8-a4c4d2d9a04b,,,,,,,,,,,,,,,,,,,,,,,,,,,,,,,,,,,,,,,
abe8045a-f706-4020-a82d-b61d4c117176,,,,,,,,,,,,,,,,,,,,,,,,,,,,,,,,,,,,,,,
abf367d1-1012-4a40-8e86-c4497ec57d0d,,,,,,,,,,,,,,,,,,,,,,,,,,,,,,,,,,,,,,,
abf53241-1d55-49f7-a140-52c02dc0876c,,,,,,,,,,,,,,,,,,,,,,,,,,,,,,,,,,,,,,,
abf7f988-62b3-4ac8-98a6-4d0f90334431,trackjs,1.0,1.0,,,,,,,,,,,,,,,,,,,,,,,,,,,,,,,,,,,,
abfc792d-a2f7-40f9-beca-0c5692dace9f,,,,,,,,,,,,,,,,,,,,,,,,,,,,,,,,,,,,,,,
abff9b3c-aa92-4745-a734-bcb241109246,,,,,,,,,,,,,,,,,,,,,,,,,,,,,,,,,,,,,,,
ac095ed4-480f-4336-8907-874bded134c9,,,,,,,,,,,,,,,,,,,,,,,,,,,,,,,,,,,,,,,
ac0f199e-37dc-43f6-b6c3-f3e6bdffae71,,,,,,,,,,,,,,,,,,,,,,,,,,,,,,,,,,,,,,,
ac1080e8-ad1d-4772-af49-11f3bdcf03a2,,,,,,,,,,,,,,,,,,,,,,,,,,,,,,,,,,,,,,,
ac12c073-0b43-454f-925f-7eb65113c584,,,,,,,,,,,,,,,,,,,,,,,,,,,,,,,,,,,,,,,
ac189f10-6fde-4502-b607-d5c37d3e887a,,,,,,,,,,,,,,,,,,,,,,,,,,,,,,,,,,,,,,,
ac1dc2f2-38b5-4855-bc4e-a0f4402386d2,,,,,,,,,,,,,,,,,,,,,,,,,,,,,,,,,,,,,,,
ac2ce262-9562-46e4-85f9-d5da46987a0e,,,,,,,,,,,,,,,,,,,,,,,,,,,,,,,,,,,,,,,
ac2deb89-3b82-4f05-822f-a7b0d0bf497c,,,,,,,,,,,,,,,,,,,,,,,,,,,,,,,,,,,,,,,
ac38a2ea-83f4-42e3-a66c-addb873d6818,,,,,,,,,,,,,,,,,,,,,,,,,,,,,,,,,,,,,,,
ac3ddbd9-1ac5-4f32-90d7-25618f133433,,,,,,,,,,,,,,,,,,,,,,,,,,,,,,,,,,,,,,,
ac3e8a57-c9f1-4e2a-8e54-1764bf123e76,,,,,,,,,,,,,,,,,,,,,,,,,,,,,,,,,,,,,,,
ac53379f-b332-47bf-9c0a-0360b68f002b,,,,,,,,,,,,,,,,,,,,,,,,,,,,,,,,,,,,,,,
ac670030-9fbd-4b0e-b62a-bbd817713ce1,,,,,,,,,,,,,,,,,,,,,,,,,,,,,,,,,,,,,,,
ac67f916-1f6a-4300-bc3a-cfd1bab2d415,,,,,,,,,,,,,,,,,,,,,,,,,,,,,,,,,,,,,,,
ac728311-4f8d-4409-ba17-b50ca5d9934e,,,,,,,,,,,,,,,,,,,,,,,,,,,,,,,,,,,,,,,
ac750ac9-46e9-4034-824d-3d2b0217b5ed,,,,,,,,,,,,,,,,,,,,,,,,,,,,,,,,,,,,,,,
ac7bbf57-2ff7-4b5f-a985-5463aa067923,,,,,,,,,,,,,,,,,,,,,,,,,,,,,,,,,,,,,,,
ac7e8a79-24fe-4796-ad2b-44eca93bb283,,,,,,,,,,,,,,,,,,,,,,,,,,,,,,,,,,,,,,,
ac86a3d7-f753-415f-bef4-2ca8fba33edf,,,,,,,,,,,,,,,,,,,,,,,,,,,,,,,,,,,,,,,
ac997c5b-b512-4c41-8038-97f2f85c6c62,,,,,,,,,,,,,,,,,,,,,,,,,,,,,,,,,,,,,,,
ac9b142c-77df-44e1-903e-633e7ba94020,,,,,,,,,,,,,,,,,,,,,,,,,,,,,,,,,,,,,,,
acabc9af-4fa2-4770-932f-28a85b6b672e,,,,,,,,,,,,,,,,,,,,,,,,,,,,,,,,,,,,,,,
acb25b7f-01a9-4605-96b2-5fff44125b7e,,,,,,,,,,,,,,,,,,,,,,,,,,,,,,,,,,,,,,,
acb8c58d-c000-4279-91a5-b084121c4b67,,,,,,,,,,,,,,,,,,,,,,,,,,,,,,,,,,,,,,,
acbae471-7b8e-4744-b6dc-60e2c136365d,,,,,,,,,,,,,,,,,,,,,,,,,,,,,,,,,,,,,,,
acbbef4f-22de-46fc-a3c0-4ce3ac13cf9e,connatix,1.0,1.0,,,,,,,,,,,,,,,,,,,,,,,,,,,,,,,,,,,,
acbe95c2-32b7-4d1c-8781-81252c7bdf68,connatix,1.0,1.0,,,,,,,,,,,,,,,,,,,,,,,,,,,,,,,,,,,,
acc43852-f68e-4145-ace6-147fdb354750,,,,,,,,,,,,,,,,,,,,,,,,,,,,,,,,,,,,,,,
acd1d11a-a6ca-442e-92a4-37c28e7c7900,,,,,,,,,,,,,,,,,,,,,,,,,,,,,,,,,,,,,,,
acda9bb4-912f-4b70-b9a7-7b87ab4a3ca0,,,,,,,,,,,,,,,,,,,,,,,,,,,,,,,,,,,,,,,
ace35e34-cc61-4e5b-93f8-e1553b4402da,,,,,,,,,,,,,,,,,,,,,,,,,,,,,,,,,,,,,,,
ace88ff3-c63c-4e46-8f7d-d6aed132fc15,,,,,,,,,,,,,,,,,,,,,,,,,,,,,,,,,,,,,,,
aceb36eb-234d-49b8-8396-d7b6aba7dfe8,,,,,,,,,,,,,,,,,,,,,,,,,,,,,,,,,,,,,,,
acf07b33-3d7b-4d77-82ff-70f5c308dc0e,,,,,,,,,,,,,,,,,,,,,,,,,,,,,,,,,,,,,,,
acf38de1-1a9d-4326-922f-15715d8ec7aa,,,,,,,,,,,,,,,,,,,,,,,,,,,,,,,,,,,,,,,
ad08be5f-e988-4e74-836d-003abc6aaf66,,,,,,,,,,,,,,,,,,,,,,,,,,,,,,,,,,,,,,,
ad0b0d2a-0f87-4675-b982-6c2901523d35,,,,,,,,,,,,,,,,,,,,,,,,,,,,,,,,,,,,,,,
ad113400-af7c-4297-9a0d-54512dc80d44,,,,,,,,,,,,,,,,,,,,,,,,,,,,,,,,,,,,,,,
ad2be996-7f10-48a8-b2bd-c59e9588fa3a,,,,,,,,,,,,,,,,,,,,,,,,,,,,,,,,,,,,,,,
ad2cedf5-5711-4591-8fe5-40fda700de61,,,,,,,,,,,,,,,,,,,,,,,,,,,,,,,,,,,,,,,
ad4fdae5-f648-4b69-b92a-b5fa323f579b,,,,,,,,,,,,,,,,,,,,,,,,,,,,,,,,,,,,,,,
ad599b1d-12ba-40d7-ba35-e0accc7a2cc9,,,,,,,,,,,,,,,,,,,,,,,,,,,,,,,,,,,,,,,
ad59ed0e-9f4d-4c68-9481-e484bd320abb,,,,,,,,,,,,,,,,,,,,,,,,,,,,,,,,,,,,,,,
ad5aa770-fead-43c2-b481-943de8685cc4,,,,,,,,,,,,,,,,,,,,,,,,,,,,,,,,,,,,,,,
ad5dc314-f18b-4bed-826c-00be666d253e,,,,,,,,,,,,,,,,,,,,,,,,,,,,,,,,,,,,,,,
ad61f5b1-b917-4ea5-9c78-f24b891bf692,salesforce,1.0,1.0,,,,,,,,,,,,,,,,,,,,,,,,,,,,,,,,,,,,
ad68d16a-ce40-485c-9f30-0b8f25ac60e2,,,,,,,,,,,,,,,,,,,,,,,,,,,,,,,,,,,,,,,
ad6b793b-48d7-494d-9aa8-41f29cf465b7,wikimedia_foundation,1.0,1.0,,,,,,,,,,,,,,,,,,,,,,,,,,,,,,,,,,,,
ad6dbab1-7c38-4102-b0d1-9115d77537d5,,,,,,,,,,,,,,,,,,,,,,,,,,,,,,,,,,,,,,,
ad6f3d82-4831-4819-b6e3-89f81e662ff8,,,,,,,,,,,,,,,,,,,,,,,,,,,,,,,,,,,,,,,
ad71abfc-34e7-4fc2-b146-fb6dcf9ef5c2,,,,,,,,,,,,,,,,,,,,,,,,,,,,,,,,,,,,,,,
ad71c2a2-00e5-4f88-8156-bdef7b5dab19,,,,,,,,,,,,,,,,,,,,,,,,,,,,,,,,,,,,,,,
ad7c64d5-2359-4566-9241-51bb8d234842,,,,,,,,,,,,,,,,,,,,,,,,,,,,,,,,,,,,,,,
ad8202ae-a628-44ae-98a6-3a6577a27565,,,,,,,,,,,,,,,,,,,,,,,,,,,,,,,,,,,,,,,
ad8fbb71-02aa-4737-8442-8eca6add27f4,,,,,,,,,,,,,,,,,,,,,,,,,,,,,,,,,,,,,,,
ad9102b4-6f17-433a-abf0-090d01b69e12,,,,,,,,,,,,,,,,,,,,,,,,,,,,,,,,,,,,,,,
ad92ad76-bd61-4682-b235-eaa6a9b758c4,,,,,,,,,,,,,,,,,,,,,,,,,,,,,,,,,,,,,,,
ad9570d8-e796-4bce-9504-2fdf49b99e35,,,,,,,,,,,,,,,,,,,,,,,,,,,,,,,,,,,,,,,
ad9661f6-7308-4312-9ebe-24b1a7ea2b81,,,,,,,,,,,,,,,,,,,,,,,,,,,,,,,,,,,,,,,
ad96e127-f96f-4f39-9f63-957eae7d8d9d,,,,,,,,,,,,,,,,,,,,,,,,,,,,,,,,,,,,,,,
ad992bc0-dbe6-4ea5-b76a-f504f59a14c3,,,,,,,,,,,,,,,,,,,,,,,,,,,,,,,,,,,,,,,
ad99fccb-b42b-4481-bb32-88fd22b0cac0,,,,,,,,,,,,,,,,,,,,,,,,,,,,,,,,,,,,,,,
ada08dce-44d9-43ec-93c0-c4648c5c5eec,,,,,,,,,,,,,,,,,,,,,,,,,,,,,,,,,,,,,,,
adab3e97-2cef-4db8-b906-3b54af9fe823,,,,,,,,,,,,,,,,,,,,,,,,,,,,,,,,,,,,,,,
adb26894-147f-4597-a66a-87dfe943be2a,,,,,,,,,,,,,,,,,,,,,,,,,,,,,,,,,,,,,,,
adb8cf7f-3622-45a6-89c7-b1a398dba234,,,,,,,,,,,,,,,,,,,,,,,,,,,,,,,,,,,,,,,
adba244c-a52f-4625-a20d-d55cd310bd93,,,,,,,,,,,,,,,,,,,,,,,,,,,,,,,,,,,,,,,
adc21d89-3574-4fc4-9e9f-937bef317517,,,,,,,,,,,,,,,,,,,,,,,,,,,,,,,,,,,,,,,
add72e1f-d1a7-4c79-980c-762f05d5fa4d,,,,,,,,,,,,,,,,,,,,,,,,,,,,,,,,,,,,,,,
add79acb-eaaf-40b3-8b22-1ae897639a69,,,,,,,,,,,,,,,,,,,,,,,,,,,,,,,,,,,,,,,
ade37173-56bb-4147-ac91-42cb04c46ebc,,,,,,,,,,,,,,,,,,,,,,,,,,,,,,,,,,,,,,,
ade7c609-fabe-415f-a6f9-88efa4abcb36,,,,,,,,,,,,,,,,,,,,,,,,,,,,,,,,,,,,,,,
adeb9f70-eb9d-4f4a-841f-832a80b72b5e,,,,,,,,,,,,,,,,,,,,,,,,,,,,,,,,,,,,,,,
ae042a85-d8fa-480d-85e2-1c6355424b1a,,,,,,,,,,,,,,,,,,,,,,,,,,,,,,,,,,,,,,,
ae07b512-7823-4a67-87da-05a359f52900,ibm,1.0,1.0,,,,,,,,,,,,,,,,,,,,,,,,,,,,,,,,,,,,
ae0c4fb8-6905-41fa-98ec-c5c8d76e219b,,,,,,,,,,,,,,,,,,,,,,,,,,,,,,,,,,,,,,,
ae0f4560-2d47-461d-8504-e1a39ab4b498,,,,,,,,,,,,,,,,,,,,,,,,,,,,,,,,,,,,,,,
ae0faf82-9a0b-4621-b927-909d9a36ffd6,,,,,,,,,,,,,,,,,,,,,,,,,,,,,,,,,,,,,,,
ae185a07-637b-4400-91fd-40dd2b1427f0,,,,,,,,,,,,,,,,,,,,,,,,,,,,,,,,,,,,,,,
ae1b9d97-414a-4140-ae8e-557c3cd4353e,,,,,,,,,,,,,,,,,,,,,,,,,,,,,,,,,,,,,,,
ae206e7c-c0a4-463a-ac1c-23c83e9c7d91,,,,,,,,,,,,,,,,,,,,,,,,,,,,,,,,,,,,,,,
ae209daf-10ab-4dc8-bbd5-7bfdfdd788d8,,,,,,,,,,,,,,,,,,,,,,,,,,,,,,,,,,,,,,,
ae257956-a05d-4fa9-ac4b-7fc3487cb97a,,,,,,,,,,,,,,,,,,,,,,,,,,,,,,,,,,,,,,,
ae2ed494-367b-423c-8433-257ae4faa219,,,,,,,,,,,,,,,,,,,,,,,,,,,,,,,,,,,,,,,
ae2f56dc-b5dc-42cf-905b-05e79f2807b4,,,,,,,,,,,,,,,,,,,,,,,,,,,,,,,,,,,,,,,
ae384ada-857c-42b9-a164-cdf508509b03,,,,,,,,,,,,,,,,,,,,,,,,,,,,,,,,,,,,,,,
ae3c40b4-9009-42f6-b24b-657f7f3b1a45,qualtrics,1.0,1.0,,,,,,,,,,,,,,,,,,,,,,,,,,,,,,,,,,,,
ae3c625f-8550-43db-8c77-98231df74464,,,,,,,,,,,,,,,,,,,,,,,,,,,,,,,,,,,,,,,
ae4065fc-c0ca-40ad-a26a-a780d0b4c9cc,apple,1.0,1.0,,,,,,,,,,,,,,,,,,,,,,,,,,,,,,,,,,,,
ae41cdbc-bc8f-448b-ac80-9fd5c989c36c,,,,,,,,,,,,,,,,,,,,,,,,,,,,,,,,,,,,,,,
ae44e460-64cb-4d9d-b1ec-12e888ba5887,,,,,,,,,,,,,,,,,,,,,,,,,,,,,,,,,,,,,,,
ae4969cb-70cc-4405-a806-35413092e05b,,,,,,,,,,,,,,,,,,,,,,,,,,,,,,,,,,,,,,,
ae50d7dd-be56-45c4-b404-f5a10b5f2398,,,,,,,,,,,,,,,,,,,,,,,,,,,,,,,,,,,,,,,
ae528749-1143-4548-acb4-dc1792552d34,,,,,,,,,,,,,,,,,,,,,,,,,,,,,,,,,,,,,,,
ae5df6eb-f81d-40ca-8b14-915b7d18bf22,,,,,,,,,,,,,,,,,,,,,,,,,,,,,,,,,,,,,,,
ae6966b0-2260-41c6-81e4-2ef82c881696,,,,,,,,,,,,,,,,,,,,,,,,,,,,,,,,,,,,,,,
ae6c9165-63fb-4e78-bde1-039c25de8ee5,,,,,,,,,,,,,,,,,,,,,,,,,,,,,,,,,,,,,,,
ae6ccd9f-36ea-40f9-865a-db34cef9dcfc,,,,,,,,,,,,,,,,,,,,,,,,,,,,,,,,,,,,,,,
ae6d989c-146b-4d21-9b53-9d1aa7298d4b,,,,,,,,,,,,,,,,,,,,,,,,,,,,,,,,,,,,,,,
ae7414ae-0514-44ad-bc58-992e3ef6ce27,,,,,,,,,,,,,,,,,,,,,,,,,,,,,,,,,,,,,,,
ae758ba1-0068-41d3-8597-2aab952799c2,,,,,,,,,,,,,,,,,,,,,,,,,,,,,,,,,,,,,,,
ae7642ee-ddba-4f75-aa50-59e47b3bda26,,,,,,,,,,,,,,,,,,,,,,,,,,,,,,,,,,,,,,,
ae80ee4f-b62b-4012-b889-4176b7b50c61,,,,,,,,,,,,,,,,,,,,,,,,,,,,,,,,,,,,,,,
ae901165-dda8-4e74-bd1f-d6b501c18333,salesforce,1.0,1.0,,,,,,,,,,,,,,,,,,,,,,,,,,,,,,,,,,,,
ae90a75c-fec5-4f42-9861-c06cc8b33280,,,,,,,,,,,,,,,,,,,,,,,,,,,,,,,,,,,,,,,
ae930944-aa34-471d-aa32-eb22955869e8,,,,,,,,,,,,,,,,,,,,,,,,,,,,,,,,,,,,,,,
ae9472dd-8ff3-4be9-a899-2b71abf5904e,,,,,,,,,,,,,,,,,,,,,,,,,,,,,,,,,,,,,,,
ae976788-976d-408b-aea1-328580b32fec,,,,,,,,,,,,,,,,,,,,,,,,,,,,,,,,,,,,,,,
ae97904a-bd68-46fa-9bc8-b00c6947e517,,,,,,,,,,,,,,,,,,,,,,,,,,,,,,,,,,,,,,,
ae9ced13-3709-4fd5-93f5-6b2a77c450d6,,,,,,,,,,,,,,,,,,,,,,,,,,,,,,,,,,,,,,,
aea4918c-19a1-4232-b46c-836b9df3c63f,,,,,,,,,,,,,,,,,,,,,,,,,,,,,,,,,,,,,,,
aea76cc3-4022-44eb-bfd1-2b3bcb5fed89,,,,,,,,,,,,,,,,,,,,,,,,,,,,,,,,,,,,,,,
aea79a34-123e-4038-848b-79da460d5b2a,,,,,,,,,,,,,,,,,,,,,,,,,,,,,,,,,,,,,,,
aeb2949f-63e8-4546-bc42-5307b597e74a,,,,,,,,,,,,,,,,,,,,,,,,,,,,,,,,,,,,,,,
aeb3c8d1-e228-4dad-abb9-9863cde40ebc,microsoft,1.0,1.0,,,,,,,,,,,,,,,,,,,,,,,,,,,,,,,,,,,,
aeb97fb3-0708-49be-89ea-3b5748a52f8e,,,,,,,,,,,,,,,,,,,,,,,,,,,,,,,,,,,,,,,
aebed2a7-5b0d-463f-ad75-25fc0617a7ab,,,,,,,,,,,,,,,,,,,,,,,,,,,,,,,,,,,,,,,
aec0c8c8-145d-4cfd-9f64-7bb0b524640f,,,,,,,,,,,,,,,,,,,,,,,,,,,,,,,,,,,,,,,
aec8219f-26e3-46b4-b7df-ce7a5b2ad592,,,,,,,,,,,,,,,,,,,,,,,,,,,,,,,,,,,,,,,
aec93a35-9511-4b52-8b19-42e930785249,,,,,,,,,,,,,,,,,,,,,,,,,,,,,,,,,,,,,,,
aecb663f-3b1e-4c98-ad72-a6713a72a0ef,,,,,,,,,,,,,,,,,,,,,,,,,,,,,,,,,,,,,,,
aece5d01-d36c-47d4-b1ca-b4c25ff0e39a,,,,,,,,,,,,,,,,,,,,,,,,,,,,,,,,,,,,,,,
aed3765a-ec86-4442-83f8-c83ae0cd3547,,,,,,,,,,,,,,,,,,,,,,,,,,,,,,,,,,,,,,,
aed4bc3f-36ee-4033-b6c6-8624859a07d6,,,,,,,,,,,,,,,,,,,,,,,,,,,,,,,,,,,,,,,
aed5b86e-7939-46e5-90c3-adf6a648fadc,,,,,,,,,,,,,,,,,,,,,,,,,,,,,,,,,,,,,,,
aed69d3b-e467-4406-8929-493aa8f01fb5,,,,,,,,,,,,,,,,,,,,,,,,,,,,,,,,,,,,,,,
aed75617-4769-4c10-b995-af837a474b51,,,,,,,,,,,,,,,,,,,,,,,,,,,,,,,,,,,,,,,
aedc0091-2dda-481d-b2a7-2835f14855a6,,,,,,,,,,,,,,,,,,,,,,,,,,,,,,,,,,,,,,,
aede9df8-474f-4cbb-8d1a-40af798fc66d,,,,,,,,,,,,,,,,,,,,,,,,,,,,,,,,,,,,,,,
aeedf1bc-73c7-477c-a50b-61ba8fc5d639,,,,,,,,,,,,,,,,,,,,,,,,,,,,,,,,,,,,,,,
aeee7f98-1891-4f0a-85bf-1834672b7974,,,,,,,,,,,,,,,,,,,,,,,,,,,,,,,,,,,,,,,
aef649bc-55e2-459f-9fa0-af925a7d7c54,,,,,,,,,,,,,,,,,,,,,,,,,,,,,,,,,,,,,,,
af025f34-5f6e-474e-90de-f168d21cb171,,,,,,,,,,,,,,,,,,,,,,,,,,,,,,,,,,,,,,,
af06200b-d0d2-4a73-8164-f06afd4cfe64,,,,,,,,,,,,,,,,,,,,,,,,,,,,,,,,,,,,,,,
af06ebb0-ea9a-4b07-8105-1977424856c1,,,,,,,,,,,,,,,,,,,,,,,,,,,,,,,,,,,,,,,
af0e4cd3-f2c2-4ea8-9647-08e05e7a5d90,,,,,,,,,,,,,,,,,,,,,,,,,,,,,,,,,,,,,,,
af0e5cb6-ba23-4083-bc71-cbc254fb60f8,,,,,,,,,,,,,,,,,,,,,,,,,,,,,,,,,,,,,,,
af0f3d60-02d6-4cdb-b29d-8766ec125c34,,,,,,,,,,,,,,,,,,,,,,,,,,,,,,,,,,,,,,,
af127c10-81d8-49b2-b60e-521e050f133d,,,,,,,,,,,,,,,,,,,,,,,,,,,,,,,,,,,,,,,
af13a93d-9311-4363-a3e8-ffed9d977a2a,,,,,,,,,,,,,,,,,,,,,,,,,,,,,,,,,,,,,,,
af1417f6-2615-438a-8983-7aa27da01317,symantec,1.0,1.0,,,,,,,,,,,,,,,,,,,,,,,,,,,,,,,,,,,,
af15a29c-b88d-4399-bb80-398b34a761ae,,,,,,,,,,,,,,,,,,,,,,,,,,,,,,,,,,,,,,,
af1837e9-8cd3-431b-a4c6-59ed4a7c056e,,,,,,,,,,,,,,,,,,,,,,,,,,,,,,,,,,,,,,,
af1ac281-4a57-4690-b7f8-ff910ac8c4d5,,,,,,,,,,,,,,,,,,,,,,,,,,,,,,,,,,,,,,,
af2ac9b3-003c-402b-80ff-af39e3220235,,,,,,,,,,,,,,,,,,,,,,,,,,,,,,,,,,,,,,,
af3663a7-b7e8-45e6-a06f-ea955ed1c1d6,,,,,,,,,,,,,,,,,,,,,,,,,,,,,,,,,,,,,,,
af38627b-bcec-447d-acd4-268b4de723a1,mailchimp,1.0,1.0,,,,,,,,,,,,,,,,,,,,,,,,,,,,,,,,,,,,
af3a0129-d309-455b-ad04-7bf50c585d80,,,,,,,,,,,,,,,,,,,,,,,,,,,,,,,,,,,,,,,
af44f4d5-aad0-491b-a9da-8891e931f2c7,,,,,,,,,,,,,,,,,,,,,,,,,,,,,,,,,,,,,,,
af466cf7-5b4a-4908-9a69-80e9953e37d4,,,,,,,,,,,,,,,,,,,,,,,,,,,,,,,,,,,,,,,
af4c3ec0-989e-4ab2-95fa-1cc1f9df8d1f,,,,,,,,,,,,,,,,,,,,,,,,,,,,,,,,,,,,,,,
af57d175-e8e1-42ed-969f-ce8706df57be,,,,,,,,,,,,,,,,,,,,,,,,,,,,,,,,,,,,,,,
af6092d1-9be4-497f-b257-394233552804,,,,,,,,,,,,,,,,,,,,,,,,,,,,,,,,,,,,,,,
af642237-a60b-42c5-812b-f67880f8a357,,,,,,,,,,,,,,,,,,,,,,,,,,,,,,,,,,,,,,,
af69e0db-bdfc-4442-9863-d3f080865416,,,,,,,,,,,,,,,,,,,,,,,,,,,,,,,,,,,,,,,
af6db1bb-0d7d-4d9c-ac32-b425891ab9a8,microsoft,1.0,1.0,,,,,,,,,,,,,,,,,,,,,,,,,,,,,,,,,,,,
af8ea7e8-e1ba-4165-9c10-b7b5cb629d70,,,,,,,,,,,,,,,,,,,,,,,,,,,,,,,,,,,,,,,
af94bd86-d5c7-44d0-8410-218f38a49be1,,,,,,,,,,,,,,,,,,,,,,,,,,,,,,,,,,,,,,,
af98aa99-b9df-4602-bc9b-40b355e2c114,,,,,,,,,,,,,,,,,,,,,,,,,,,,,,,,,,,,,,,
af9991e9-14b8-4c7b-8799-f6dd295e5fee,,,,,,,,,,,,,,,,,,,,,,,,,,,,,,,,,,,,,,,
af9ab93a-8ebd-452a-b357-a417100a457e,,,,,,,,,,,,,,,,,,,,,,,,,,,,,,,,,,,,,,,
afa1616c-e7e9-4750-95b7-94582c0cac22,,,,,,,,,,,,,,,,,,,,,,,,,,,,,,,,,,,,,,,
afa2f403-bbca-4cf4-830d-e8e6a28ceb25,,,,,,,,,,,,,,,,,,,,,,,,,,,,,,,,,,,,,,,
afa3b2c6-867a-4ef4-848f-4ca1e7a82483,,,,,,,,,,,,,,,,,,,,,,,,,,,,,,,,,,,,,,,
afb47877-1b84-47b2-8a63-91b14b7953ef,,,,,,,,,,,,,,,,,,,,,,,,,,,,,,,,,,,,,,,
afbf55a3-d86b-4bf6-9f7a-59a6378032ce,,,,,,,,,,,,,,,,,,,,,,,,,,,,,,,,,,,,,,,
afc285f3-a139-4d11-850e-e9bff49fb9bf,,,,,,,,,,,,,,,,,,,,,,,,,,,,,,,,,,,,,,,
afc93ca4-d148-48d5-b313-a00954da020d,,,,,,,,,,,,,,,,,,,,,,,,,,,,,,,,,,,,,,,
afc999c9-bfc7-487f-bf03-38ead71a9c23,,,,,,,,,,,,,,,,,,,,,,,,,,,,,,,,,,,,,,,
afcab281-968f-4f43-8720-ee5710492309,,,,,,,,,,,,,,,,,,,,,,,,,,,,,,,,,,,,,,,
afcaebec-ec73-44a4-b49c-ca25b581d9db,,,,,,,,,,,,,,,,,,,,,,,,,,,,,,,,,,,,,,,
afcb5cf1-afe4-4e4d-abe4-cd6eceecf03b,,,,,,,,,,,,,,,,,,,,,,,,,,,,,,,,,,,,,,,
afd3a5e2-d106-41ee-9903-80ee14ea0410,,,,,,,,,,,,,,,,,,,,,,,,,,,,,,,,,,,,,,,
afd648cf-7212-4f23-b8e8-d89c465c7f2e,,,,,,,,,,,,,,,,,,,,,,,,,,,,,,,,,,,,,,,
afd80cd9-cc66-426f-af8f-9b405841fe41,,,,,,,,,,,,,,,,,,,,,,,,,,,,,,,,,,,,,,,
afdb2a5e-5599-4de4-9a52-7593d1c358bd,,,,,,,,,,,,,,,,,,,,,,,,,,,,,,,,,,,,,,,
afdc040e-7b11-471f-8260-c04385cc158c,,,,,,,,,,,,,,,,,,,,,,,,,,,,,,,,,,,,,,,
afdc295a-3735-4dde-882d-d5d6250bf1fc,,,,,,,,,,,,,,,,,,,,,,,,,,,,,,,,,,,,,,,
afe1dbb4-677e-4e9e-a834-af2007798551,,,,,,,,,,,,,,,,,,,,,,,,,,,,,,,,,,,,,,,
afe2b74a-bfbd-470e-8f82-c26b41d3e03c,,,,,,,,,,,,,,,,,,,,,,,,,,,,,,,,,,,,,,,
afe3f728-27de-4941-8db2-8d8eef918d2c,,,,,,,,,,,,,,,,,,,,,,,,,,,,,,,,,,,,,,,
afead795-341d-45be-b1e3-38a231321a74,,,,,,,,,,,,,,,,,,,,,,,,,,,,,,,,,,,,,,,
afee0ec5-10e8-4d9f-b410-e1f8e83f15c8,,,,,,,,,,,,,,,,,,,,,,,,,,,,,,,,,,,,,,,
aff38cf1-8868-4bb8-9b15-45089c203505,,,,,,,,,,,,,,,,,,,,,,,,,,,,,,,,,,,,,,,
b000cb02-79b8-4f8c-94ba-4956a9e8b10c,,,,,,,,,,,,,,,,,,,,,,,,,,,,,,,,,,,,,,,
b004ef64-6383-4280-9c3b-6aae865851d2,,,,,,,,,,,,,,,,,,,,,,,,,,,,,,,,,,,,,,,
b010c3c3-36e7-4aaa-ba0e-280af70d4be6,qq.com,1.0,1.0,,,,,,,,,,,,,,,,,,,,,,,,,,,,,,,,,,,,
b019f9f6-22a6-48a7-8681-1b1cadfe8efe,,,,,,,,,,,,,,,,,,,,,,,,,,,,,,,,,,,,,,,
b02a4fd4-9af6-49e1-ac76-a09a14f941ce,,,,,,,,,,,,,,,,,,,,,,,,,,,,,,,,,,,,,,,
b0330b2f-ff7d-47b1-8e25-8ee7683cb2dc,,,,,,,,,,,,,,,,,,,,,,,,,,,,,,,,,,,,,,,
b033cfaf-eada-4f98-af74-46f1a87335d9,microsoft,1.0,1.0,,,,,,,,,,,,,,,,,,,,,,,,,,,,,,,,,,,,
b037cd16-5038-45ab-a9be-1aa119cee6ca,,,,,,,,,,,,,,,,,,,,,,,,,,,,,,,,,,,,,,,
b0383e3b-c69b-4dc6-8cfa-144f7405b833,,,,,,,,,,,,,,,,,,,,,,,,,,,,,,,,,,,,,,,
b03b8e55-4ca2-4092-9cf8-79ce626e52d3,,,,,,,,,,,,,,,,,,,,,,,,,,,,,,,,,,,,,,,
b03d5b28-1aca-42ee-998e-efc404ed8728,,,,,,,,,,,,,,,,,,,,,,,,,,,,,,,,,,,,,,,
b03dcc90-1a11-475a-992f-c62a140f9b82,,,,,,,,,,,,,,,,,,,,,,,,,,,,,,,,,,,,,,,
b041347f-7fa0-449a-9dc7-d2a97c769510,,,,,,,,,,,,,,,,,,,,,,,,,,,,,,,,,,,,,,,
b04bc9c4-e110-41dc-bc54-3f7cd2385ea2,strava,1.0,1.0,,,,,,,,,,,,,,,,,,,,,,,,,,,,,,,,,,,,
b04db630-b76e-48f1-8b07-7a754fb33ce8,,,,,,,,,,,,,,,,,,,,,,,,,,,,,,,,,,,,,,,
b04e8b6f-8fc9-42db-9c09-3aafb1d3b966,,,,,,,,,,,,,,,,,,,,,,,,,,,,,,,,,,,,,,,
b0509f64-fc66-4a6c-914d-7779181e07ac,,,,,,,,,,,,,,,,,,,,,,,,,,,,,,,,,,,,,,,
b053b903-d018-4b3b-8c5a-081cb8042e25,,,,,,,,,,,,,,,,,,,,,,,,,,,,,,,,,,,,,,,
b05ab70b-70b0-4d52-8de1-536135114557,,,,,,,,,,,,,,,,,,,,,,,,,,,,,,,,,,,,,,,
b05d5c97-c0e4-4e24-ab09-e0914a87e23b,,,,,,,,,,,,,,,,,,,,,,,,,,,,,,,,,,,,,,,
b0629f0e-1143-4a56-bdd7-0f75c9abc338,,,,,,,,,,,,,,,,,,,,,,,,,,,,,,,,,,,,,,,
b065fd23-fa3b-421b-acf7-7501f6534e56,,,,,,,,,,,,,,,,,,,,,,,,,,,,,,,,,,,,,,,
b073eafb-9805-4407-9743-bc9e25f15a0d,,,,,,,,,,,,,,,,,,,,,,,,,,,,,,,,,,,,,,,
b0742299-c337-4823-8457-9d9f8ebb8283,,,,,,,,,,,,,,,,,,,,,,,,,,,,,,,,,,,,,,,
b074e82c-0137-447c-8db2-ad97275b1327,,,,,,,,,,,,,,,,,,,,,,,,,,,,,,,,,,,,,,,
b075768f-362e-402c-8a04-4a6a2a4a620a,,,,,,,,,,,,,,,,,,,,,,,,,,,,,,,,,,,,,,,
b076ab66-c779-48a9-8a33-caf858090aef,,,,,,,,,,,,,,,,,,,,,,,,,,,,,,,,,,,,,,,
b080319b-c513-4b5c-a3ff-0636aefdd74c,,,,,,,,,,,,,,,,,,,,,,,,,,,,,,,,,,,,,,,
b0875e58-34c6-429e-bf10-db6bd0e9bcc3,,,,,,,,,,,,,,,,,,,,,,,,,,,,,,,,,,,,,,,
b087aab4-5902-4031-93e1-6f672f422ed7,,,,,,,,,,,,,,,,,,,,,,,,,,,,,,,,,,,,,,,
b0883e4f-2d07-4dde-9da4-f99a5840af38,,,,,,,,,,,,,,,,,,,,,,,,,,,,,,,,,,,,,,,
b08adf18-7dd4-4433-9f42-58ba7f1c8753,,,,,,,,,,,,,,,,,,,,,,,,,,,,,,,,,,,,,,,
b091010c-5da8-46ea-af8f-6fe36c581683,,,,,,,,,,,,,,,,,,,,,,,,,,,,,,,,,,,,,,,
b095fafc-b37e-49d5-bf22-54e4dbb75b9c,,,,,,,,,,,,,,,,,,,,,,,,,,,,,,,,,,,,,,,
b09aaf65-1183-40e8-8733-28ef842ca052,,,,,,,,,,,,,,,,,,,,,,,,,,,,,,,,,,,,,,,
b09cf52b-bc0d-4eb3-acde-7ab1e7ab5758,,,,,,,,,,,,,,,,,,,,,,,,,,,,,,,,,,,,,,,
b0a84484-82b3-4f0f-96b0-021f6be65494,,,,,,,,,,,,,,,,,,,,,,,,,,,,,,,,,,,,,,,
b0ac06bc-9a87-4ca0-87c0-6eb2d8ef610b,,,,,,,,,,,,,,,,,,,,,,,,,,,,,,,,,,,,,,,
b0b43200-3907-4446-979d-54924d8bc9bc,,,,,,,,,,,,,,,,,,,,,,,,,,,,,,,,,,,,,,,
b0b51f93-ad0e-44b5-baa8-60ad6218f8f0,,,,,,,,,,,,,,,,,,,,,,,,,,,,,,,,,,,,,,,
b0bc6513-6837-49de-972d-578d914e8dcb,,,,,,,,,,,,,,,,,,,,,,,,,,,,,,,,,,,,,,,
b0be089c-034f-4926-985a-62bbfe70038e,,,,,,,,,,,,,,,,,,,,,,,,,,,,,,,,,,,,,,,
b0bf362c-7802-4259-86d3-9cdc9514a863,,,,,,,,,,,,,,,,,,,,,,,,,,,,,,,,,,,,,,,
b0c0144a-8e4e-470f-8053-c33983ead17d,,,,,,,,,,,,,,,,,,,,,,,,,,,,,,,,,,,,,,,
b0c988b6-3d0b-4f05-a2ec-f87309c19aab,,,,,,,,,,,,,,,,,,,,,,,,,,,,,,,,,,,,,,,
b0c9a45f-d8ab-4b13-b9f8-db1ba8139b0c,,,,,,,,,,,,,,,,,,,,,,,,,,,,,,,,,,,,,,,
b0cc05c3-8fb7-4de7-8a28-da7fd5063096,,,,,,,,,,,,,,,,,,,,,,,,,,,,,,,,,,,,,,,
b0dd50c6-1f7c-4cfc-a0ff-b0eff563d143,,,,,,,,,,,,,,,,,,,,,,,,,,,,,,,,,,,,,,,
b0e3bf0c-b19d-4a69-b8fd-d1bb63383058,,,,,,,,,,,,,,,,,,,,,,,,,,,,,,,,,,,,,,,
b0e4afa5-95fa-44f4-9f6d-c10cf206f2a2,,,,,,,,,,,,,,,,,,,,,,,,,,,,,,,,,,,,,,,
b0e93fb6-a1be-4f50-8fb9-8afbe8943c53,,,,,,,,,,,,,,,,,,,,,,,,,,,,,,,,,,,,,,,
b0eb4f95-46c1-4036-81cd-82d422b6228d,,,,,,,,,,,,,,,,,,,,,,,,,,,,,,,,,,,,,,,
b0ecec7b-9218-49a4-ab9a-411b3e2ceeac,,,,,,,,,,,,,,,,,,,,,,,,,,,,,,,,,,,,,,,
b0f11de5-c144-4872-9fc6-a7dc66135ee6,,,,,,,,,,,,,,,,,,,,,,,,,,,,,,,,,,,,,,,
b0fbd5fa-ab1f-4748-8baa-8dc49de36402,,,,,,,,,,,,,,,,,,,,,,,,,,,,,,,,,,,,,,,
b0fd5444-20a3-4a69-a7e7-85f1140159a5,,,,,,,,,,,,,,,,,,,,,,,,,,,,,,,,,,,,,,,
b1026753-28a8-4fbd-9edc-39f56a3658ac,,,,,,,,,,,,,,,,,,,,,,,,,,,,,,,,,,,,,,,
b107f15a-d55a-4bf7-ac61-31b5d07ef53c,,,,,,,,,,,,,,,,,,,,,,,,,,,,,,,,,,,,,,,
b110f844-6df8-4b26-9447-89ec5d4cc0ae,,,,,,,,,,,,,,,,,,,,,,,,,,,,,,,,,,,,,,,
b1142d76-3d3f-4c44-8c19-20430c6d738c,,,,,,,,,,,,,,,,,,,,,,,,,,,,,,,,,,,,,,,
b114e585-93a2-4c74-a039-eaee553b5d0f,,,,,,,,,,,,,,,,,,,,,,,,,,,,,,,,,,,,,,,
b120c6df-ee55-43cd-9c88-c8150d0e3db4,,,,,,,,,,,,,,,,,,,,,,,,,,,,,,,,,,,,,,,
b1246caa-76cd-4ebf-8c58-f7c13bfbba63,,,,,,,,,,,,,,,,,,,,,,,,,,,,,,,,,,,,,,,
b128063a-ce34-4be5-b5a1-070f4d665710,,,,,,,,,,,,,,,,,,,,,,,,,,,,,,,,,,,,,,,
b134e4a6-cce5-42e5-89c7-f5681b46eae6,,,,,,,,,,,,,,,,,,,,,,,,,,,,,,,,,,,,,,,
b13fb2b1-d53a-4590-8fae-0e5093083e9c,,,,,,,,,,,,,,,,,,,,,,,,,,,,,,,,,,,,,,,
b13fd40b-bce2-485f-8764-6cb28f41af63,,,,,,,,,,,,,,,,,,,,,,,,,,,,,,,,,,,,,,,
b15115a5-2acd-4d22-b9ae-e48ea03de36b,automattic,1.0,1.0,,,,,,,,,,,,,,,,,,,,,,,,,,,,,,,,,,,,
b155f0e4-784b-425a-9a00-16225d1adc9b,,,,,,,,,,,,,,,,,,,,,,,,,,,,,,,,,,,,,,,
b15b8c7a-8dc1-48fd-9245-c8b92a6ca303,,,,,,,,,,,,,,,,,,,,,,,,,,,,,,,,,,,,,,,
b15dbefb-f8c2-4b9c-85fb-de311c8c9aea,microsoft,1.0,1.0,,,,,,,,,,,,,,,,,,,,,,,,,,,,,,,,,,,,
b166a522-88ad-4c37-b4fe-caed3a09aa29,,,,,,,,,,,,,,,,,,,,,,,,,,,,,,,,,,,,,,,
b16bcb9d-981f-4a3e-95b8-540f75d82023,,,,,,,,,,,,,,,,,,,,,,,,,,,,,,,,,,,,,,,
b175d14c-2f60-4239-bee3-b2dc0301c8ee,,,,,,,,,,,,,,,,,,,,,,,,,,,,,,,,,,,,,,,
b17665bc-47b0-4f3b-8e37-efae74bb6b55,,,,,,,,,,,,,,,,,,,,,,,,,,,,,,,,,,,,,,,
b1775aea-2ac9-4ac8-9559-27501f4e1d51,,,,,,,,,,,,,,,,,,,,,,,,,,,,,,,,,,,,,,,
b18d4d83-b647-4c54-a7dd-8dba5fbb1e56,,,,,,,,,,,,,,,,,,,,,,,,,,,,,,,,,,,,,,,
b18e2c20-ab39-4479-8e2e-2e0aa1dd2a12,,,,,,,,,,,,,,,,,,,,,,,,,,,,,,,,,,,,,,,
b19ef77c-1d9d-4409-9f09-3f8a5f2e255d,,,,,,,,,,,,,,,,,,,,,,,,,,,,,,,,,,,,,,,
b1a18f8d-672b-4757-901c-b4badaaeff2b,,,,,,,,,,,,,,,,,,,,,,,,,,,,,,,,,,,,,,,
b1a2e6db-4fe2-446f-bd44-98c9bdb446ba,,,,,,,,,,,,,,,,,,,,,,,,,,,,,,,,,,,,,,,
b1ad4383-2834-4e03-afbe-08533c95341b,imgur,1.0,1.0,,,,,,,,,,,,,,,,,,,,,,,,,,,,,,,,,,,,
b1ad977f-3780-4bcb-8838-162fa8c6db36,,,,,,,,,,,,,,,,,,,,,,,,,,,,,,,,,,,,,,,
b1b9a369-7c6a-4443-8b6c-20c27353c72d,,,,,,,,,,,,,,,,,,,,,,,,,,,,,,,,,,,,,,,
b1c51dea-148c-46f2-b3fb-1d6575a8e2f6,,,,,,,,,,,,,,,,,,,,,,,,,,,,,,,,,,,,,,,
b1cb5721-c93d-491b-870a-9b1ec6c03d8d,,,,,,,,,,,,,,,,,,,,,,,,,,,,,,,,,,,,,,,
b1cb67bd-090f-47e8-a4ff-e844c4d80aa7,,,,,,,,,,,,,,,,,,,,,,,,,,,,,,,,,,,,,,,
b1ce51d7-9d82-4f58-a958-28e0ce8f0c7e,,,,,,,,,,,,,,,,,,,,,,,,,,,,,,,,,,,,,,,
b1d41f5e-47ea-4d82-8c85-6f96acd1d077,,,,,,,,,,,,,,,,,,,,,,,,,,,,,,,,,,,,,,,
b1d7e1d8-b314-4a0b-9e23-4c2aee6d6b8f,,,,,,,,,,,,,,,,,,,,,,,,,,,,,,,,,,,,,,,
b1daf4bc-06ec-4234-b56d-73ace4b49ce0,,,,,,,,,,,,,,,,,,,,,,,,,,,,,,,,,,,,,,,
b1e1e3b1-c2be-4109-9488-0a9daf2e0272,,,,,,,,,,,,,,,,,,,,,,,,,,,,,,,,,,,,,,,
b1e20b70-fa7c-49dd-9a37-b80b71ba9b4b,,,,,,,,,,,,,,,,,,,,,,,,,,,,,,,,,,,,,,,
b1e3180d-32d9-41b4-bc31-cb354ed1af05,,,,,,,,,,,,,,,,,,,,,,,,,,,,,,,,,,,,,,,
b1e4e7b1-ab29-4e3f-bc91-58b2c7ed4f79,,,,,,,,,,,,,,,,,,,,,,,,,,,,,,,,,,,,,,,
b1e82051-5873-4cc5-97e4-0acded795ba8,,,,,,,,,,,,,,,,,,,,,,,,,,,,,,,,,,,,,,,
b1ebd262-f761-433e-bf8b-ed4d7268d586,,,,,,,,,,,,,,,,,,,,,,,,,,,,,,,,,,,,,,,
b1ec2436-4938-42e7-8e2d-bbd8649c757f,,,,,,,,,,,,,,,,,,,,,,,,,,,,,,,,,,,,,,,
b1ee9ec9-6f48-4f6e-a018-9929db3619e3,,,,,,,,,,,,,,,,,,,,,,,,,,,,,,,,,,,,,,,
b1f2835b-e1c1-48c0-b818-f8201b959db6,,,,,,,,,,,,,,,,,,,,,,,,,,,,,,,,,,,,,,,
b1f2afbc-ac41-4d2e-a5d3-abd7967ec0f1,onetrust,1.0,1.0,,,,,,,,,,,,,,,,,,,,,,,,,,,,,,,,,,,,
b1f57f55-5b9b-483b-8188-5050c684fe8b,,,,,,,,,,,,,,,,,,,,,,,,,,,,,,,,,,,,,,,
b2041055-4632-4e40-8c09-b82fa4bc8384,salesforce,1.0,1.0,,,,,,,,,,,,,,,,,,,,,,,,,,,,,,,,,,,,
b2065a79-f864-4979-be6c-ee7acae5c734,,,,,,,,,,,,,,,,,,,,,,,,,,,,,,,,,,,,,,,
b209f87e-0406-44ff-89d6-8655515d2702,,,,,,,,,,,,,,,,,,,,,,,,,,,,,,,,,,,,,,,
b20a722d-2ff0-4a79-931f-d2c89baac72b,,,,,,,,,,,,,,,,,,,,,,,,,,,,,,,,,,,,,,,
b2250bd0-ac70-4d43-ae0c-bacb7cca1653,,,,,,,,,,,,,,,,,,,,,,,,,,,,,,,,,,,,,,,
b22d0f57-f873-4aed-a1f8-10389d950c67,,,,,,,,,,,,,,,,,,,,,,,,,,,,,,,,,,,,,,,
b22ea1e3-5828-412a-a928-19166649e3c6,,,,,,,,,,,,,,,,,,,,,,,,,,,,,,,,,,,,,,,
b22f399c-fc33-45ed-8693-6062a5331bfe,,,,,,,,,,,,,,,,,,,,,,,,,,,,,,,,,,,,,,,
b2318171-381f-4351-87d3-d9b571008c73,,,,,,,,,,,,,,,,,,,,,,,,,,,,,,,,,,,,,,,
b2371cdd-c24f-4fb3-b755-0359bf328df8,,,,,,,,,,,,,,,,,,,,,,,,,,,,,,,,,,,,,,,
b23e3dea-aba4-4671-b0ef-d2fb7206fbce,,,,,,,,,,,,,,,,,,,,,,,,,,,,,,,,,,,,,,,
b2407d71-c5b1-4143-b5e5-4b67d5260aa2,,,,,,,,,,,,,,,,,,,,,,,,,,,,,,,,,,,,,,,
b240c31e-fa29-440a-85f3-375d0bb9d50a,,,,,,,,,,,,,,,,,,,,,,,,,,,,,,,,,,,,,,,
b245512a-bbe1-4b90-ba92-186434a99c24,,,,,,,,,,,,,,,,,,,,,,,,,,,,,,,,,,,,,,,
b25b66d5-5d77-42b5-9447-5eef9b36c64b,,,,,,,,,,,,,,,,,,,,,,,,,,,,,,,,,,,,,,,
b25f59dd-9d33-43fe-ac80-188a3afb7e9f,,,,,,,,,,,,,,,,,,,,,,,,,,,,,,,,,,,,,,,
b262fa7e-03a1-4a21-b0a4-81b5f2ef7904,,,,,,,,,,,,,,,,,,,,,,,,,,,,,,,,,,,,,,,
b263cb27-b815-4656-b7b6-a0f1513c40a3,,,,,,,,,,,,,,,,,,,,,,,,,,,,,,,,,,,,,,,
b2656044-c123-45fd-8c30-e44e8d183c3f,,,,,,,,,,,,,,,,,,,,,,,,,,,,,,,,,,,,,,,
b265ba7e-1504-429d-9d93-c0e56243b3c8,,,,,,,,,,,,,,,,,,,,,,,,,,,,,,,,,,,,,,,
b26e0d29-1a89-4bf2-ad1e-b8d0f459dd19,,,,,,,,,,,,,,,,,,,,,,,,,,,,,,,,,,,,,,,
b274eff5-8e97-43a2-bf72-a427afa5e214,,,,,,,,,,,,,,,,,,,,,,,,,,,,,,,,,,,,,,,
b27f05d8-5edc-41c4-b872-f960a9ade46e,,,,,,,,,,,,,,,,,,,,,,,,,,,,,,,,,,,,,,,
b27f1e7d-3502-4a2b-bf17-60285f89a432,,,,,,,,,,,,,,,,,,,,,,,,,,,,,,,,,,,,,,,
b28c79e3-9c0a-4dbd-ad69-c3dcee2d87ce,,,,,,,,,,,,,,,,,,,,,,,,,,,,,,,,,,,,,,,
b292a829-dbcf-4cd7-bacd-c17111bc9d47,,,,,,,,,,,,,,,,,,,,,,,,,,,,,,,,,,,,,,,
b2937f05-9f7d-4dea-9b93-547bdee1ade6,,,,,,,,,,,,,,,,,,,,,,,,,,,,,,,,,,,,,,,
b299bb3b-77c6-4743-a053-a2760962a30d,,,,,,,,,,,,,,,,,,,,,,,,,,,,,,,,,,,,,,,
b29e073c-09fb-4ce6-8340-cf4e4def97dc,,,,,,,,,,,,,,,,,,,,,,,,,,,,,,,,,,,,,,,
b2a057db-3db9-4624-a36e-d8a1a53c4936,,,,,,,,,,,,,,,,,,,,,,,,,,,,,,,,,,,,,,,
b2a19f5e-f94e-4f35-a869-30e3bceb06c8,insider,1.0,1.0,,,,,,,,,,,,,,,,,,,,,,,,,,,,,,,,,,,,
b2a2bd10-396c-4ac3-9485-dfb65feec112,,,,,,,,,,,,,,,,,,,,,,,,,,,,,,,,,,,,,,,
b2a35817-c7e2-4b2f-9764-b16abb1e0458,,,,,,,,,,,,,,,,,,,,,,,,,,,,,,,,,,,,,,,
b2ae386d-f241-4ac7-b8ed-0bee8828bba2,,,,,,,,,,,,,,,,,,,,,,,,,,,,,,,,,,,,,,,
b2c95450-549f-4ac6-8b3c-4cae9565759c,,,,,,,,,,,,,,,,,,,,,,,,,,,,,,,,,,,,,,,
b2d06abd-7baa-452e-8ad7-755cee3167db,,,,,,,,,,,,,,,,,,,,,,,,,,,,,,,,,,,,,,,
b2d14ab6-cc20-446a-8820-3bb548dc3fb7,,,,,,,,,,,,,,,,,,,,,,,,,,,,,,,,,,,,,,,
b2d1dbd0-4880-40cd-bb21-f947af853098,,,,,,,,,,,,,,,,,,,,,,,,,,,,,,,,,,,,,,,
b2e4a3c7-ee0b-47e0-90e1-5ee75bd8f9a3,,,,,,,,,,,,,,,,,,,,,,,,,,,,,,,,,,,,,,,
b2e99856-1d7a-4c65-a8cf-27dab6a6ca06,gainsight,1.0,1.0,,,,,,,,,,,,,,,,,,,,,,,,,,,,,,,,,,,,
b2efa584-d8bc-47bf-8444-6e80a57f0963,,,,,,,,,,,,,,,,,,,,,,,,,,,,,,,,,,,,,,,
b303ea48-85c1-4020-9ab3-07a92795f8c8,,,,,,,,,,,,,,,,,,,,,,,,,,,,,,,,,,,,,,,
b3092c4f-2add-4906-a8f1-a7cb56c0b027,,,,,,,,,,,,,,,,,,,,,,,,,,,,,,,,,,,,,,,
b30bdd87-5f32-478d-9491-0aded87b27a6,,,,,,,,,,,,,,,,,,,,,,,,,,,,,,,,,,,,,,,
b3175946-971c-41de-ae38-207c8b0dc61c,,,,,,,,,,,,,,,,,,,,,,,,,,,,,,,,,,,,,,,
b31a863a-4247-4a9e-b1c1-a719ca2a3b0f,,,,,,,,,,,,,,,,,,,,,,,,,,,,,,,,,,,,,,,
b31b80ce-95a2-432a-adf9-e535beef91cf,,,,,,,,,,,,,,,,,,,,,,,,,,,,,,,,,,,,,,,
b31e5454-a3a9-471e-872c-73fd52a73a1c,,,,,,,,,,,,,,,,,,,,,,,,,,,,,,,,,,,,,,,
b32a99a6-014a-4abf-8220-9c200ed80666,,,,,,,,,,,,,,,,,,,,,,,,,,,,,,,,,,,,,,,
b32f36f2-2427-40a2-b646-578804ae6bc6,,,,,,,,,,,,,,,,,,,,,,,,,,,,,,,,,,,,,,,
b333c955-f6f0-4182-86da-21d30a9702c9,,,,,,,,,,,,,,,,,,,,,,,,,,,,,,,,,,,,,,,
b3383bb6-e5fe-409d-88d1-9bd5eb788c4d,,,,,,,,,,,,,,,,,,,,,,,,,,,,,,,,,,,,,,,
b345a055-3c83-4fef-806f-e31a676f289b,typeform,1.0,1.0,,,,,,,,,,,,,,,,,,,,,,,,,,,,,,,,,,,,
b345aab7-cd55-4995-a08b-90eb79397289,shopify,1.0,1.0,,,,,,,,,,,,,,,,,,,,,,,,,,,,,,,,,,,,
b3475213-3f7f-44c2-88e5-546c02045aa8,,,,,,,,,,,,,,,,,,,,,,,,,,,,,,,,,,,,,,,
b3536806-0878-4282-8d09-367cdf290652,,,,,,,,,,,,,,,,,,,,,,,,,,,,,,,,,,,,,,,
b36643fb-114a-4787-b15d-a83a998865a0,,,,,,,,,,,,,,,,,,,,,,,,,,,,,,,,,,,,,,,
b3668253-bedd-40fb-b61f-320eeceb456c,,,,,,,,,,,,,,,,,,,,,,,,,,,,,,,,,,,,,,,
b3671960-983a-4ccd-8705-091e595930b8,,,,,,,,,,,,,,,,,,,,,,,,,,,,,,,,,,,,,,,
b3678bf4-82f0-42aa-afde-f383ebdc6234,,,,,,,,,,,,,,,,,,,,,,,,,,,,,,,,,,,,,,,
b36e2684-fa0b-4c3a-9d32-9c3967eb5249,,,,,,,,,,,,,,,,,,,,,,,,,,,,,,,,,,,,,,,
b36f953f-b8bb-451b-9ed1-ec8485c877dc,,,,,,,,,,,,,,,,,,,,,,,,,,,,,,,,,,,,,,,
b3717a36-c657-4315-a445-e2d1d2cbcc97,,,,,,,,,,,,,,,,,,,,,,,,,,,,,,,,,,,,,,,
b378163a-211c-4a62-b20e-0034b8e55e7c,,,,,,,,,,,,,,,,,,,,,,,,,,,,,,,,,,,,,,,
b378b534-1bb6-47b8-b117-e8437167d8a0,,,,,,,,,,,,,,,,,,,,,,,,,,,,,,,,,,,,,,,
b387b708-4ecf-479c-a3b6-2ebea8448554,,,,,,,,,,,,,,,,,,,,,,,,,,,,,,,,,,,,,,,
b3894c96-065f-45cf-976d-af298ff1e1d6,,,,,,,,,,,,,,,,,,,,,,,,,,,,,,,,,,,,,,,
b38dcb22-e56b-408f-840a-6e287d8a414d,,,,,,,,,,,,,,,,,,,,,,,,,,,,,,,,,,,,,,,
b38f8c33-aff4-4595-bf92-18812ddba029,,,,,,,,,,,,,,,,,,,,,,,,,,,,,,,,,,,,,,,
b390676a-21d3-44a2-86b9-01ae49d3c7c3,,,,,,,,,,,,,,,,,,,,,,,,,,,,,,,,,,,,,,,
b395f8e9-f674-4532-ad58-8c6592d7b54a,,,,,,,,,,,,,,,,,,,,,,,,,,,,,,,,,,,,,,,
b3994232-1469-4098-b9a6-c3dd87fb1210,,,,,,,,,,,,,,,,,,,,,,,,,,,,,,,,,,,,,,,
b3b5de00-a34b-408a-a937-e77db50211d9,,,,,,,,,,,,,,,,,,,,,,,,,,,,,,,,,,,,,,,
b3b8618b-1035-4595-a573-3132821be21c,,,,,,,,,,,,,,,,,,,,,,,,,,,,,,,,,,,,,,,
b3b86270-a046-48e7-8879-e88018609eb2,,,,,,,,,,,,,,,,,,,,,,,,,,,,,,,,,,,,,,,
b3c7c86f-0936-49b1-903d-09180f5e5de8,,,,,,,,,,,,,,,,,,,,,,,,,,,,,,,,,,,,,,,
b3d056b0-81ae-42e1-b3f5-a17f1ef827cf,,,,,,,,,,,,,,,,,,,,,,,,,,,,,,,,,,,,,,,
b3d7bee8-7d4a-42e0-892f-f41cb0d64427,,,,,,,,,,,,,,,,,,,,,,,,,,,,,,,,,,,,,,,
b3dc2e79-bca3-4dfc-9c92-a80615af290c,,,,,,,,,,,,,,,,,,,,,,,,,,,,,,,,,,,,,,,
b3dc7f24-516e-429b-acdd-52eff0e7219a,,,,,,,,,,,,,,,,,,,,,,,,,,,,,,,,,,,,,,,
b3e727e7-e1d3-4638-9ab5-dad5cd8f6f76,,,,,,,,,,,,,,,,,,,,,,,,,,,,,,,,,,,,,,,
b3ea4cb0-4c63-4f91-bee8-bd6afc4be3b8,,,,,,,,,,,,,,,,,,,,,,,,,,,,,,,,,,,,,,,
b3f119e9-2697-479d-b181-d7fe4287f10c,,,,,,,,,,,,,,,,,,,,,,,,,,,,,,,,,,,,,,,
b3fc1901-19b2-483f-a030-8063938b9a30,mailchimp,1.0,1.0,,,,,,,,,,,,,,,,,,,,,,,,,,,,,,,,,,,,
b3ffb1e8-7bc8-4442-abc6-668a66d9c60e,,,,,,,,,,,,,,,,,,,,,,,,,,,,,,,,,,,,,,,
b401c388-8ffc-4c1b-83a9-c2ac8cca2fa6,,,,,,,,,,,,,,,,,,,,,,,,,,,,,,,,,,,,,,,
b402bb68-0ce9-4621-91bf-08dc67b9a8db,,,,,,,,,,,,,,,,,,,,,,,,,,,,,,,,,,,,,,,
b404b48a-7966-48d5-b7c8-5af82d3775c8,,,,,,,,,,,,,,,,,,,,,,,,,,,,,,,,,,,,,,,
b4078d5a-ff29-47f4-8c55-242f559bf7fc,,,,,,,,,,,,,,,,,,,,,,,,,,,,,,,,,,,,,,,
b40b9259-a461-437e-aecc-16ac025bc429,,,,,,,,,,,,,,,,,,,,,,,,,,,,,,,,,,,,,,,
b40c8b5e-4d2e-4412-93ee-b7bff34b327c,,,,,,,,,,,,,,,,,,,,,,,,,,,,,,,,,,,,,,,
b40e26c9-63d2-43ec-b13c-3f3d9f9aa99e,,,,,,,,,,,,,,,,,,,,,,,,,,,,,,,,,,,,,,,
b41225d4-4504-4c32-843d-74e80b495ae9,,,,,,,,,,,,,,,,,,,,,,,,,,,,,,,,,,,,,,,
b41d6673-a220-4e09-8f09-7dd6c530cb12,,,,,,,,,,,,,,,,,,,,,,,,,,,,,,,,,,,,,,,
b41e8fc7-657a-4898-9c45-4bc055adbcfe,,,,,,,,,,,,,,,,,,,,,,,,,,,,,,,,,,,,,,,
b421ee61-ee1d-44af-be37-1cf3859d2b84,,,,,,,,,,,,,,,,,,,,,,,,,,,,,,,,,,,,,,,
b42f0ed6-9c25-4c5b-bcd7-7d07994cd243,,,,,,,,,,,,,,,,,,,,,,,,,,,,,,,,,,,,,,,
b4395d30-0006-4dd2-a4a3-2e2f8068e421,,,,,,,,,,,,,,,,,,,,,,,,,,,,,,,,,,,,,,,
b43f789b-4e96-4024-85a7-2641580e5c02,,,,,,,,,,,,,,,,,,,,,,,,,,,,,,,,,,,,,,,
b4436932-6a49-4a12-9afe-f1fe408d72ac,,,,,,,,,,,,,,,,,,,,,,,,,,,,,,,,,,,,,,,
b4447890-8670-4907-8eef-9148c666a3d1,,,,,,,,,,,,,,,,,,,,,,,,,,,,,,,,,,,,,,,
b44dfdbf-a36e-439e-8011-ddec1ee86e6e,,,,,,,,,,,,,,,,,,,,,,,,,,,,,,,,,,,,,,,
b45eaa06-478e-4cd7-9307-584a15514f67,,,,,,,,,,,,,,,,,,,,,,,,,,,,,,,,,,,,,,,
b45ff214-3926-4a8b-bd3a-9bf9a353aae7,,,,,,,,,,,,,,,,,,,,,,,,,,,,,,,,,,,,,,,
b462afe9-dcaf-467a-b70d-13943ae9b2a5,,,,,,,,,,,,,,,,,,,,,,,,,,,,,,,,,,,,,,,
b47187b8-7400-4f77-8388-1377eda54f8a,,,,,,,,,,,,,,,,,,,,,,,,,,,,,,,,,,,,,,,
b473eb19-9763-404d-9d1d-2052c5fe80cc,,,,,,,,,,,,,,,,,,,,,,,,,,,,,,,,,,,,,,,
b476bc05-e1ac-4458-9a33-a9ee62d53233,wikimedia_foundation,1.0,1.0,,,,,,,,,,,,,,,,,,,,,,,,,,,,,,,,,,,,
b477a691-609b-4f67-b357-cf96eca8d9b8,,,,,,,,,,,,,,,,,,,,,,,,,,,,,,,,,,,,,,,
b480f5f8-9a35-4b9a-9848-1a2fe5ce4a2b,tawk,1.0,1.0,,,,,,,,,,,,,,,,,,,,,,,,,,,,,,,,,,,,
b485d950-872d-4924-831f-cda443166c3a,,,,,,,,,,,,,,,,,,,,,,,,,,,,,,,,,,,,,,,
b487938c-9646-4910-80c8-492cafe6524c,,,,,,,,,,,,,,,,,,,,,,,,,,,,,,,,,,,,,,,
b487b923-9800-4ab3-a6af-bc026cfdf515,,,,,,,,,,,,,,,,,,,,,,,,,,,,,,,,,,,,,,,
b488eed0-c58f-4f9e-9e65-33c09d7e7e82,,,,,,,,,,,,,,,,,,,,,,,,,,,,,,,,,,,,,,,
b4905834-0a91-4cbe-bcd0-7836193efd8d,,,,,,,,,,,,,,,,,,,,,,,,,,,,,,,,,,,,,,,
b491b8a2-8039-43f0-a3f3-a52cd7d8fb9e,,,,,,,,,,,,,,,,,,,,,,,,,,,,,,,,,,,,,,,
b4922114-37a1-406b-9bd3-4f9d77742dd9,,,,,,,,,,,,,,,,,,,,,,,,,,,,,,,,,,,,,,,
b497c3a2-d04e-49a2-ba2c-4098a5e10c74,,,,,,,,,,,,,,,,,,,,,,,,,,,,,,,,,,,,,,,
b499aa86-9ff9-4f8a-bc16-a7fc443c0422,,,,,,,,,,,,,,,,,,,,,,,,,,,,,,,,,,,,,,,
b49c3579-97dd-4de4-93ae-3eefd10cc939,,,,,,,,,,,,,,,,,,,,,,,,,,,,,,,,,,,,,,,
b4a1de64-314e-4fff-91ad-504604a13bf4,,,,,,,,,,,,,,,,,,,,,,,,,,,,,,,,,,,,,,,
b4a5d926-9636-4f88-8870-f94ab40c914d,,,,,,,,,,,,,,,,,,,,,,,,,,,,,,,,,,,,,,,
b4ad4a97-06a5-4cc0-84b7-43b1e9f0e206,,,,,,,,,,,,,,,,,,,,,,,,,,,,,,,,,,,,,,,
b4b29314-d839-4abc-9895-6e53a0cddbf2,,,,,,,,,,,,,,,,,,,,,,,,,,,,,,,,,,,,,,,
b4bb9fdd-1815-4bb8-8447-c98ec2c66d53,,,,,,,,,,,,,,,,,,,,,,,,,,,,,,,,,,,,,,,
b4be5dd2-2635-4362-b2cb-5f5f6e4b9d6f,,,,,,,,,,,,,,,,,,,,,,,,,,,,,,,,,,,,,,,
b4c0a9cc-b294-4aec-a987-a9cae15a7ead,,,,,,,,,,,,,,,,,,,,,,,,,,,,,,,,,,,,,,,
b4cd3efd-129f-46fe-99a5-463c1b6aabc1,,,,,,,,,,,,,,,,,,,,,,,,,,,,,,,,,,,,,,,
b4ce2c90-3658-4a42-8f36-5fb5633b33b9,,,,,,,,,,,,,,,,,,,,,,,,,,,,,,,,,,,,,,,
b4edf3b5-03d5-43fe-afbb-143632256add,,,,,,,,,,,,,,,,,,,,,,,,,,,,,,,,,,,,,,,
b4efe0c7-841e-4206-88e8-f4c21802efb6,,,,,,,,,,,,,,,,,,,,,,,,,,,,,,,,,,,,,,,
b4f063d8-ff3a-4cce-bfef-b786972306ff,,,,,,,,,,,,,,,,,,,,,,,,,,,,,,,,,,,,,,,
b4f60edb-fe07-41dc-b802-52f5527c1e91,,,,,,,,,,,,,,,,,,,,,,,,,,,,,,,,,,,,,,,
b4fad095-7e19-47d0-9daf-f052cabb8452,,,,,,,,,,,,,,,,,,,,,,,,,,,,,,,,,,,,,,,
b4fdec7a-fdd1-42ec-a33f-0e69ed01210b,,,,,,,,,,,,,,,,,,,,,,,,,,,,,,,,,,,,,,,
b4ffdc2a-b35b-4dc9-b9ef-b0a05bb9f2e7,,,,,,,,,,,,,,,,,,,,,,,,,,,,,,,,,,,,,,,
b50be646-26e5-4a59-9f13-5d9d67fb1324,,,,,,,,,,,,,,,,,,,,,,,,,,,,,,,,,,,,,,,
b5113d3d-d659-4008-af91-ac6b2bd1490e,,,,,,,,,,,,,,,,,,,,,,,,,,,,,,,,,,,,,,,
b516a3f4-5d78-4985-9ea7-ae27a495a938,,,,,,,,,,,,,,,,,,,,,,,,,,,,,,,,,,,,,,,
b518ea6e-e894-434a-a678-4beeae6627a4,,,,,,,,,,,,,,,,,,,,,,,,,,,,,,,,,,,,,,,
b51e77e0-2469-4c84-beaa-9f421d467e2d,,,,,,,,,,,,,,,,,,,,,,,,,,,,,,,,,,,,,,,
b5239046-de10-4ef3-865f-eeafe6741731,,,,,,,,,,,,,,,,,,,,,,,,,,,,,,,,,,,,,,,
b529aaf8-14d2-4aa1-8d5d-29b85025cb1d,,,,,,,,,,,,,,,,,,,,,,,,,,,,,,,,,,,,,,,
b53bc5ef-1ff7-4e16-b3d2-0feec2fe499c,,,,,,,,,,,,,,,,,,,,,,,,,,,,,,,,,,,,,,,
b53c1890-e834-48b4-bf15-4291e98d5436,,,,,,,,,,,,,,,,,,,,,,,,,,,,,,,,,,,,,,,
b54206a9-d2c3-4af0-b183-76df3df587ec,,,,,,,,,,,,,,,,,,,,,,,,,,,,,,,,,,,,,,,
b5449f5f-b167-4aa3-b515-275789032953,,,,,,,,,,,,,,,,,,,,,,,,,,,,,,,,,,,,,,,
b546871c-3592-4fee-acc9-d93c6465046f,,,,,,,,,,,,,,,,,,,,,,,,,,,,,,,,,,,,,,,
b546a634-ddd6-4e09-a0a0-a2dd020aeee3,,,,,,,,,,,,,,,,,,,,,,,,,,,,,,,,,,,,,,,
b5498f85-63d9-4c7d-b32c-711098bdcebd,,,,,,,,,,,,,,,,,,,,,,,,,,,,,,,,,,,,,,,
b55ef97a-ae96-4263-994a-49c279a22369,,,,,,,,,,,,,,,,,,,,,,,,,,,,,,,,,,,,,,,
b55fb694-cec7-4be0-bfc1-f3c639fee1dc,,,,,,,,,,,,,,,,,,,,,,,,,,,,,,,,,,,,,,,
b5613395-6032-4173-b4e5-2c26c640a8f7,,,,,,,,,,,,,,,,,,,,,,,,,,,,,,,,,,,,,,,
b57176db-5d99-4d74-8536-9f4849b6115b,,,,,,,,,,,,,,,,,,,,,,,,,,,,,,,,,,,,,,,
b5720af9-5232-4504-89aa-4de1a6d5a92f,,,,,,,,,,,,,,,,,,,,,,,,,,,,,,,,,,,,,,,
b57f75f2-18c4-4c37-8de7-dc50aecf72b1,,,,,,,,,,,,,,,,,,,,,,,,,,,,,,,,,,,,,,,
b58141be-b30d-49a4-9b18-d59ebc84b0a6,,,,,,,,,,,,,,,,,,,,,,,,,,,,,,,,,,,,,,,
b5834498-c515-4994-9e78-7604ed429a3a,,,,,,,,,,,,,,,,,,,,,,,,,,,,,,,,,,,,,,,
b5909ca5-b595-4d5a-a643-c89a56db2bc2,,,,,,,,,,,,,,,,,,,,,,,,,,,,,,,,,,,,,,,
b5a12ae3-9540-43ea-991c-c7360be812cf,,,,,,,,,,,,,,,,,,,,,,,,,,,,,,,,,,,,,,,
b5a7e533-f7da-4125-beca-7090b6067ce7,,,,,,,,,,,,,,,,,,,,,,,,,,,,,,,,,,,,,,,
b5a82193-c2e8-4cb2-b457-79caf208edba,,,,,,,,,,,,,,,,,,,,,,,,,,,,,,,,,,,,,,,
b5a86d5f-b3f0-41bb-b6ac-39e87f4acf26,,,,,,,,,,,,,,,,,,,,,,,,,,,,,,,,,,,,,,,
b5a9ee57-ef02-43a8-ad2d-bffed5eb5f23,,,,,,,,,,,,,,,,,,,,,,,,,,,,,,,,,,,,,,,
b5acac62-865f-4c47-9120-25debd0cd912,,,,,,,,,,,,,,,,,,,,,,,,,,,,,,,,,,,,,,,
b5b7b001-fe3b-4120-a478-a2b73f2cde1b,userway,1.0,0.5,mailerlite,1.0,0.5,,,,,,,,,,,,,,,,,,,,,,,,,,,,,,,,,
b5caef76-7a14-4abd-b58e-26d1ee4edfb7,,,,,,,,,,,,,,,,,,,,,,,,,,,,,,,,,,,,,,,
b5cba190-972e-42ef-8812-ccadd37a48c0,,,,,,,,,,,,,,,,,,,,,,,,,,,,,,,,,,,,,,,
b5d7c23f-25f2-434f-9551-06c4a35f8259,,,,,,,,,,,,,,,,,,,,,,,,,,,,,,,,,,,,,,,
b5e28bc9-f9b9-4b8e-9228-3a3c4573afa4,,,,,,,,,,,,,,,,,,,,,,,,,,,,,,,,,,,,,,,
b5ea24cc-2da9-4598-9603-3aa227bddc61,,,,,,,,,,,,,,,,,,,,,,,,,,,,,,,,,,,,,,,
b5eb7bf7-d477-4556-82ba-fe3126d0a8fa,disney,1.0,1.0,,,,,,,,,,,,,,,,,,,,,,,,,,,,,,,,,,,,
b5eb8520-77d6-4dd4-a201-b7344d2147ba,,,,,,,,,,,,,,,,,,,,,,,,,,,,,,,,,,,,,,,
b5ebc17f-016d-455c-a8ec-e4050dce4b36,,,,,,,,,,,,,,,,,,,,,,,,,,,,,,,,,,,,,,,
b5f14861-c58a-44d5-98be-f0b3282f0334,,,,,,,,,,,,,,,,,,,,,,,,,,,,,,,,,,,,,,,
b5f59470-c02f-4153-bd7c-403253b99fc5,,,,,,,,,,,,,,,,,,,,,,,,,,,,,,,,,,,,,,,
b5fe27ae-2d31-40cd-90bd-d6a30f2bc5db,,,,,,,,,,,,,,,,,,,,,,,,,,,,,,,,,,,,,,,
b5fe2e3f-83cf-4454-b658-7728eab5d167,,,,,,,,,,,,,,,,,,,,,,,,,,,,,,,,,,,,,,,
b600ea62-f304-4ab6-b905-31d93a38485d,,,,,,,,,,,,,,,,,,,,,,,,,,,,,,,,,,,,,,,
b605212c-b220-40e3-9dd7-bcfa01873ffc,,,,,,,,,,,,,,,,,,,,,,,,,,,,,,,,,,,,,,,
b60bd6ab-00ee-4c91-ba3d-13f3710009a6,,,,,,,,,,,,,,,,,,,,,,,,,,,,,,,,,,,,,,,
b60c56f7-962d-41c8-aac7-3737ecc91fe9,,,,,,,,,,,,,,,,,,,,,,,,,,,,,,,,,,,,,,,
b60e0d89-b811-495a-a7bb-7b174b47da29,,,,,,,,,,,,,,,,,,,,,,,,,,,,,,,,,,,,,,,
b60ed6c2-ca5e-42e9-9457-b89bddbb5695,,,,,,,,,,,,,,,,,,,,,,,,,,,,,,,,,,,,,,,
b6118ba0-a8a1-4bb2-99ff-f0f9a5214a41,,,,,,,,,,,,,,,,,,,,,,,,,,,,,,,,,,,,,,,
b6158fc2-7b46-4769-bc50-de273a8b2247,,,,,,,,,,,,,,,,,,,,,,,,,,,,,,,,,,,,,,,
b616d799-e16a-4dfc-abd7-a62a93218c61,,,,,,,,,,,,,,,,,,,,,,,,,,,,,,,,,,,,,,,
b6205b42-d4c4-4277-b3b1-5e73f81809be,disney,1.0,1.0,,,,,,,,,,,,,,,,,,,,,,,,,,,,,,,,,,,,
b622b826-5490-47c6-aea7-7e4dc87883f4,,,,,,,,,,,,,,,,,,,,,,,,,,,,,,,,,,,,,,,
b62b5cf2-0595-491a-ba47-b8298e30e6c7,,,,,,,,,,,,,,,,,,,,,,,,,,,,,,,,,,,,,,,
b63ab095-e23d-437e-a6b9-f996b3d78a1b,,,,,,,,,,,,,,,,,,,,,,,,,,,,,,,,,,,,,,,
b642491f-ac50-4b7d-8b27-e99677336770,,,,,,,,,,,,,,,,,,,,,,,,,,,,,,,,,,,,,,,
b64affcb-9d35-47cc-b5db-6057a4b66d4e,,,,,,,,,,,,,,,,,,,,,,,,,,,,,,,,,,,,,,,
b64cff10-7f1c-4a4a-bd26-4b8dd48c752d,,,,,,,,,,,,,,,,,,,,,,,,,,,,,,,,,,,,,,,
b64d6f01-29dc-4c36-bd6e-53f1e06a263b,,,,,,,,,,,,,,,,,,,,,,,,,,,,,,,,,,,,,,,
b6532dd1-c806-49aa-9076-8151733911b3,,,,,,,,,,,,,,,,,,,,,,,,,,,,,,,,,,,,,,,
b6537c38-a56b-410d-8f61-9d933487dd04,,,,,,,,,,,,,,,,,,,,,,,,,,,,,,,,,,,,,,,
b656f8d9-fdb1-47ba-9afe-e30e5c28dd77,,,,,,,,,,,,,,,,,,,,,,,,,,,,,,,,,,,,,,,
b65a1029-0290-4aea-a927-a8cfe1b18f14,,,,,,,,,,,,,,,,,,,,,,,,,,,,,,,,,,,,,,,
b65ebc73-b5dc-45ce-880b-a282ff15ced9,,,,,,,,,,,,,,,,,,,,,,,,,,,,,,,,,,,,,,,
b6629845-3475-48bf-8220-40cc731e0427,,,,,,,,,,,,,,,,,,,,,,,,,,,,,,,,,,,,,,,
b66b70cc-30a5-4949-8bb5-a596278df1af,,,,,,,,,,,,,,,,,,,,,,,,,,,,,,,,,,,,,,,
b6741726-b62c-44a4-8228-4476ce8da330,,,,,,,,,,,,,,,,,,,,,,,,,,,,,,,,,,,,,,,
b68203f6-3fa3-43dc-ae08-4a3f4a451d20,,,,,,,,,,,,,,,,,,,,,,,,,,,,,,,,,,,,,,,
b6845e1e-423c-43ec-8863-39bc3e7a011c,,,,,,,,,,,,,,,,,,,,,,,,,,,,,,,,,,,,,,,
b6876d16-5212-4851-9f5c-1e51fd8d8336,,,,,,,,,,,,,,,,,,,,,,,,,,,,,,,,,,,,,,,
b69093e1-9027-431d-b44a-4067a101cd7e,,,,,,,,,,,,,,,,,,,,,,,,,,,,,,,,,,,,,,,
b6b18ce2-ed99-4b1d-a51a-540a7be5917c,,,,,,,,,,,,,,,,,,,,,,,,,,,,,,,,,,,,,,,
b6b547d7-acb8-44fb-9516-88d605adfed9,,,,,,,,,,,,,,,,,,,,,,,,,,,,,,,,,,,,,,,
b6bad2dc-7547-471a-a674-9c1b05fddf40,,,,,,,,,,,,,,,,,,,,,,,,,,,,,,,,,,,,,,,
b6c62890-fbdd-4b1b-8be2-6789cb936cc2,,,,,,,,,,,,,,,,,,,,,,,,,,,,,,,,,,,,,,,
b6cfab1f-e437-4508-b963-92f5f3bf9dee,,,,,,,,,,,,,,,,,,,,,,,,,,,,,,,,,,,,,,,
b6ef9d4e-4a17-4781-8dec-d9562c0285a8,microsoft,1.0,1.0,,,,,,,,,,,,,,,,,,,,,,,,,,,,,,,,,,,,
b6f11fcc-5537-4e32-b649-0178eac12eb7,,,,,,,,,,,,,,,,,,,,,,,,,,,,,,,,,,,,,,,
b6f33c2b-6662-46ac-9fca-1602ed36ba21,,,,,,,,,,,,,,,,,,,,,,,,,,,,,,,,,,,,,,,
b6fd1a15-2bcf-440a-b601-52e9e5fde297,,,,,,,,,,,,,,,,,,,,,,,,,,,,,,,,,,,,,,,
b6fdf8c2-1226-45e8-a740-c3c792f0d801,,,,,,,,,,,,,,,,,,,,,,,,,,,,,,,,,,,,,,,
b705bfa1-b55b-44c0-9d32-89ed01c794bb,,,,,,,,,,,,,,,,,,,,,,,,,,,,,,,,,,,,,,,
b711e83c-7254-4e77-8e36-3604b749c3bb,,,,,,,,,,,,,,,,,,,,,,,,,,,,,,,,,,,,,,,
b71e7a27-9d22-42fb-a011-73280e9f7256,,,,,,,,,,,,,,,,,,,,,,,,,,,,,,,,,,,,,,,
b72d66fa-24f3-4c46-81dc-c9b9dba8cc44,,,,,,,,,,,,,,,,,,,,,,,,,,,,,,,,,,,,,,,
b72f67eb-3588-4701-82d0-a21a0c8d6d1b,,,,,,,,,,,,,,,,,,,,,,,,,,,,,,,,,,,,,,,
b7386e0c-e9cb-444d-9e2e-039f8bebb204,,,,,,,,,,,,,,,,,,,,,,,,,,,,,,,,,,,,,,,
b7467448-7a18-4885-b671-aa34c29476a3,,,,,,,,,,,,,,,,,,,,,,,,,,,,,,,,,,,,,,,
b748d9c5-4d57-4068-89b0-fa21683fc983,jivochat,1.0,1.0,,,,,,,,,,,,,,,,,,,,,,,,,,,,,,,,,,,,
b750b0ad-f6b5-4897-8eb2-cd7236c2b77d,,,,,,,,,,,,,,,,,,,,,,,,,,,,,,,,,,,,,,,
b7555ca0-024c-4e5f-ad8a-a152063ee47d,cloudflare,1.0,1.0,,,,,,,,,,,,,,,,,,,,,,,,,,,,,,,,,,,,
b757b366-e649-4022-8daa-b487c10eac7f,,,,,,,,,,,,,,,,,,,,,,,,,,,,,,,,,,,,,,,
b7592311-5ef8-42b2-91ab-7234d4fedc55,,,,,,,,,,,,,,,,,,,,,,,,,,,,,,,,,,,,,,,
b75fb33e-1e6b-4ca7-a940-06c62cbe25c5,,,,,,,,,,,,,,,,,,,,,,,,,,,,,,,,,,,,,,,
b7656120-8ad9-49ac-ae12-78f4de7232f9,,,,,,,,,,,,,,,,,,,,,,,,,,,,,,,,,,,,,,,
b76efbb1-54b4-4b35-832c-a1d0c3c84437,,,,,,,,,,,,,,,,,,,,,,,,,,,,,,,,,,,,,,,
b7701121-69ff-4acb-875b-4c7ab45e48c8,,,,,,,,,,,,,,,,,,,,,,,,,,,,,,,,,,,,,,,
b7744723-2edd-4b5a-93d2-1c1994367ac5,,,,,,,,,,,,,,,,,,,,,,,,,,,,,,,,,,,,,,,
b77bad2f-dba5-432b-bd94-b99d87d8173d,,,,,,,,,,,,,,,,,,,,,,,,,,,,,,,,,,,,,,,
b781bd6e-1109-4402-9a52-2c63fd324984,,,,,,,,,,,,,,,,,,,,,,,,,,,,,,,,,,,,,,,
b78513f7-6c10-4d98-9dd8-87ac084fb276,strava,1.0,1.0,,,,,,,,,,,,,,,,,,,,,,,,,,,,,,,,,,,,
b78a4695-1903-43d5-9fb4-f6e9f97979ae,,,,,,,,,,,,,,,,,,,,,,,,,,,,,,,,,,,,,,,
b78e2b95-8a17-4b53-b8ab-755284c009e0,,,,,,,,,,,,,,,,,,,,,,,,,,,,,,,,,,,,,,,
b7a48c33-3359-4458-aa76-e67b54e95066,,,,,,,,,,,,,,,,,,,,,,,,,,,,,,,,,,,,,,,
b7b33e3a-a1f9-469e-a22b-7abbfdec1e6e,,,,,,,,,,,,,,,,,,,,,,,,,,,,,,,,,,,,,,,
b7b416b4-ba7c-4221-8f79-cd78961c034e,,,,,,,,,,,,,,,,,,,,,,,,,,,,,,,,,,,,,,,
b7bdabc8-6175-482a-8972-c675b97cbe63,,,,,,,,,,,,,,,,,,,,,,,,,,,,,,,,,,,,,,,
b7d87b98-dfa9-4bc1-b382-5340208d34c4,,,,,,,,,,,,,,,,,,,,,,,,,,,,,,,,,,,,,,,
b7e41dac-24d7-4f20-8ce7-119fbe31f177,,,,,,,,,,,,,,,,,,,,,,,,,,,,,,,,,,,,,,,
b7e4fcd2-0a02-403e-acb9-190bac8ba82c,,,,,,,,,,,,,,,,,,,,,,,,,,,,,,,,,,,,,,,
b7e87ea7-8029-4d14-a39b-fb169a3d3998,,,,,,,,,,,,,,,,,,,,,,,,,,,,,,,,,,,,,,,
b7ea5ffe-7c4a-4faa-b57c-9bfb8c3d3247,,,,,,,,,,,,,,,,,,,,,,,,,,,,,,,,,,,,,,,
b7eb2bfb-e301-4d97-bcd5-ff0884b8a913,,,,,,,,,,,,,,,,,,,,,,,,,,,,,,,,,,,,,,,
b7edb35c-22bb-4605-ae8c-bddecccddf94,,,,,,,,,,,,,,,,,,,,,,,,,,,,,,,,,,,,,,,
b7f04b1d-d821-488d-9ed9-87f24d87e8ae,,,,,,,,,,,,,,,,,,,,,,,,,,,,,,,,,,,,,,,
b7f38c49-6cf1-4d71-a297-757d223ed698,,,,,,,,,,,,,,,,,,,,,,,,,,,,,,,,,,,,,,,
b7f71f68-a92e-47b6-89f9-7be4dcfc8cf8,,,,,,,,,,,,,,,,,,,,,,,,,,,,,,,,,,,,,,,
b7f9057a-7602-4ae7-9a99-8648ff74ef90,,,,,,,,,,,,,,,,,,,,,,,,,,,,,,,,,,,,,,,
b7fa299e-f728-437a-85ce-048213e5cfdd,,,,,,,,,,,,,,,,,,,,,,,,,,,,,,,,,,,,,,,
b7fbd110-d5ae-497d-8ea4-e1d239045dcc,,,,,,,,,,,,,,,,,,,,,,,,,,,,,,,,,,,,,,,
b7fd52e6-b239-49e2-89f3-bb604dfca6e8,,,,,,,,,,,,,,,,,,,,,,,,,,,,,,,,,,,,,,,
b806d273-c2ed-4f2a-add3-66f4f2fad47a,,,,,,,,,,,,,,,,,,,,,,,,,,,,,,,,,,,,,,,
b80871cf-5f32-448a-8643-a1f922aa7e8a,,,,,,,,,,,,,,,,,,,,,,,,,,,,,,,,,,,,,,,
b81e4547-25af-4158-866c-55c28bd07855,,,,,,,,,,,,,,,,,,,,,,,,,,,,,,,,,,,,,,,
b8206e44-ab56-47b3-95e2-c7c9831268f0,,,,,,,,,,,,,,,,,,,,,,,,,,,,,,,,,,,,,,,
b8240e55-bad9-4f38-922c-b8c163828182,,,,,,,,,,,,,,,,,,,,,,,,,,,,,,,,,,,,,,,
b8261d77-f1bf-4b7f-adc2-d59c3485868d,,,,,,,,,,,,,,,,,,,,,,,,,,,,,,,,,,,,,,,
b827a193-1434-4a91-a27d-e25778e7bb3a,,,,,,,,,,,,,,,,,,,,,,,,,,,,,,,,,,,,,,,
b82c5372-31d1-4af4-b96d-d53e32c4ac53,,,,,,,,,,,,,,,,,,,,,,,,,,,,,,,,,,,,,,,
b82d6734-e967-44d4-b9f0-6210af65c6b8,,,,,,,,,,,,,,,,,,,,,,,,,,,,,,,,,,,,,,,
b842b474-57ca-413f-82e9-7d8f411042e9,,,,,,,,,,,,,,,,,,,,,,,,,,,,,,,,,,,,,,,
b849e8d3-6025-4488-9fa3-fc3291c0aa75,,,,,,,,,,,,,,,,,,,,,,,,,,,,,,,,,,,,,,,
b84de2d9-be04-424a-ac82-9890092e1575,,,,,,,,,,,,,,,,,,,,,,,,,,,,,,,,,,,,,,,
b8547c9c-d391-4c5f-91ac-01f38e1ffb11,,,,,,,,,,,,,,,,,,,,,,,,,,,,,,,,,,,,,,,
b854ddab-3433-4f87-b8a7-1d8b0081304e,,,,,,,,,,,,,,,,,,,,,,,,,,,,,,,,,,,,,,,
b855e39a-7258-4e5f-b5d8-9871f954e95f,,,,,,,,,,,,,,,,,,,,,,,,,,,,,,,,,,,,,,,
b8787206-f71a-4a0d-8e00-9ebb74364bde,,,,,,,,,,,,,,,,,,,,,,,,,,,,,,,,,,,,,,,
b87a8ade-ee3a-49ea-b7fa-be4211be8f0e,the_new_york_times,1.0,1.0,,,,,,,,,,,,,,,,,,,,,,,,,,,,,,,,,,,,
b87ce339-2878-4dcb-a6fc-12a9cb8020c1,,,,,,,,,,,,,,,,,,,,,,,,,,,,,,,,,,,,,,,
b8841fff-606c-4ffc-94f2-f8e69e47eb06,,,,,,,,,,,,,,,,,,,,,,,,,,,,,,,,,,,,,,,
b8886d09-f2e2-4f2e-af06-d6f0a4c92d44,,,,,,,,,,,,,,,,,,,,,,,,,,,,,,,,,,,,,,,
b88e2f43-512b-4211-b77c-eaa727fc19c2,,,,,,,,,,,,,,,,,,,,,,,,,,,,,,,,,,,,,,,
b8984950-26b8-4f9f-98b9-e2812777292a,,,,,,,,,,,,,,,,,,,,,,,,,,,,,,,,,,,,,,,
b8a26127-cf8d-4d02-9bc6-3d987020319c,,,,,,,,,,,,,,,,,,,,,,,,,,,,,,,,,,,,,,,
b8a40cee-4923-4de3-899d-67fe880986de,,,,,,,,,,,,,,,,,,,,,,,,,,,,,,,,,,,,,,,
b8a624b6-467b-4f89-ba62-04b5f6bdf6ff,,,,,,,,,,,,,,,,,,,,,,,,,,,,,,,,,,,,,,,
b8ace14a-74fa-417a-bfc9-d194de15305b,,,,,,,,,,,,,,,,,,,,,,,,,,,,,,,,,,,,,,,
b8b419c1-e33b-4b92-9324-a9daa4fc62ea,,,,,,,,,,,,,,,,,,,,,,,,,,,,,,,,,,,,,,,
b8be1062-eeed-41ff-896e-f3911b0c8a27,,,,,,,,,,,,,,,,,,,,,,,,,,,,,,,,,,,,,,,
b8c4697b-f119-4fc5-95ab-199f55f1410e,,,,,,,,,,,,,,,,,,,,,,,,,,,,,,,,,,,,,,,
b8c47750-283b-439b-aa59-4dfd523bb932,,,,,,,,,,,,,,,,,,,,,,,,,,,,,,,,,,,,,,,
b8c53e7b-a63a-41f4-b950-6c57749f8224,,,,,,,,,,,,,,,,,,,,,,,,,,,,,,,,,,,,,,,
b8cbf18e-e4a2-47ff-b3c5-7b6184700ce8,,,,,,,,,,,,,,,,,,,,,,,,,,,,,,,,,,,,,,,
b8d4c0b8-1be2-44fd-bfd5-8c5adc317fd8,,,,,,,,,,,,,,,,,,,,,,,,,,,,,,,,,,,,,,,
b8d85f1d-c9c6-44d3-a83a-4a4c6d28b27a,,,,,,,,,,,,,,,,,,,,,,,,,,,,,,,,,,,,,,,
b8dcef35-5cba-4fc0-b71b-e18fe403fb03,,,,,,,,,,,,,,,,,,,,,,,,,,,,,,,,,,,,,,,
b8dececa-ade3-4462-a83b-164754766439,,,,,,,,,,,,,,,,,,,,,,,,,,,,,,,,,,,,,,,
b8e01301-7643-46f6-8888-734da05af90b,,,,,,,,,,,,,,,,,,,,,,,,,,,,,,,,,,,,,,,
b8e08891-3c58-4856-9348-deb5e3bd472f,,,,,,,,,,,,,,,,,,,,,,,,,,,,,,,,,,,,,,,
b8e19ea2-a6f2-4f8b-9821-7c99d0f27d58,,,,,,,,,,,,,,,,,,,,,,,,,,,,,,,,,,,,,,,
b8f620ca-945d-4e20-b830-f2ec05b5e137,,,,,,,,,,,,,,,,,,,,,,,,,,,,,,,,,,,,,,,
b915bf66-5b50-4bf5-bc92-10ec698bd399,,,,,,,,,,,,,,,,,,,,,,,,,,,,,,,,,,,,,,,
b9160606-d134-49e6-9d5d-3c7b0b81d1e3,,,,,,,,,,,,,,,,,,,,,,,,,,,,,,,,,,,,,,,
b9184132-0653-47ef-89a3-4cae861597e7,arm,1.0,1.0,,,,,,,,,,,,,,,,,,,,,,,,,,,,,,,,,,,,
b918d1ab-c52f-4738-b979-2cad1908d191,,,,,,,,,,,,,,,,,,,,,,,,,,,,,,,,,,,,,,,
b919fa62-bb11-4961-bc50-17e8db6f0d6d,,,,,,,,,,,,,,,,,,,,,,,,,,,,,,,,,,,,,,,
b9227af0-bd9b-41cf-8280-02879960543c,naver,1.0,1.0,,,,,,,,,,,,,,,,,,,,,,,,,,,,,,,,,,,,
b925b9dd-a751-4b56-9316-ef2a4fac3cc4,,,,,,,,,,,,,,,,,,,,,,,,,,,,,,,,,,,,,,,
b9272fd2-0ba0-4fde-b357-15aa6022238f,,,,,,,,,,,,,,,,,,,,,,,,,,,,,,,,,,,,,,,
b9286882-45d1-45cc-986f-b9984738b920,,,,,,,,,,,,,,,,,,,,,,,,,,,,,,,,,,,,,,,
b929184e-1e17-40f1-9722-ead9163ea117,,,,,,,,,,,,,,,,,,,,,,,,,,,,,,,,,,,,,,,
b92a4ffb-55f6-4f9e-9cc6-364e24f0372b,,,,,,,,,,,,,,,,,,,,,,,,,,,,,,,,,,,,,,,
b92dc198-30c8-4b8e-8269-2732224810c0,,,,,,,,,,,,,,,,,,,,,,,,,,,,,,,,,,,,,,,
b9321368-50cb-487e-b3d6-450d68ffa721,,,,,,,,,,,,,,,,,,,,,,,,,,,,,,,,,,,,,,,
b938104b-1d2f-4b40-998d-dbe9bb962d03,,,,,,,,,,,,,,,,,,,,,,,,,,,,,,,,,,,,,,,
b93d3f5d-33e5-4a8f-926d-d3f8999f400e,,,,,,,,,,,,,,,,,,,,,,,,,,,,,,,,,,,,,,,
b9445a05-b680-474f-9bd3-d52c7091e77e,,,,,,,,,,,,,,,,,,,,,,,,,,,,,,,,,,,,,,,
b9457172-3f9f-433e-af53-23173f925920,,,,,,,,,,,,,,,,,,,,,,,,,,,,,,,,,,,,,,,
b945746a-a764-4980-b17e-cdf152e4b5f9,,,,,,,,,,,,,,,,,,,,,,,,,,,,,,,,,,,,,,,
b946acf8-e14a-4ff9-94ee-6e9e77d11ebd,,,,,,,,,,,,,,,,,,,,,,,,,,,,,,,,,,,,,,,
b94bb66b-44b2-4ca2-a897-fa2902f61027,,,,,,,,,,,,,,,,,,,,,,,,,,,,,,,,,,,,,,,
b94bf928-6735-45db-93b4-efc37e77df95,,,,,,,,,,,,,,,,,,,,,,,,,,,,,,,,,,,,,,,
b9501f53-32ea-4460-9a4e-74b771e3032a,,,,,,,,,,,,,,,,,,,,,,,,,,,,,,,,,,,,,,,
b9548591-fe27-4c38-84d4-932200973d9a,,,,,,,,,,,,,,,,,,,,,,,,,,,,,,,,,,,,,,,
b9556394-eefc-49f2-8ee2-e275c188a315,,,,,,,,,,,,,,,,,,,,,,,,,,,,,,,,,,,,,,,
b9569480-8e3a-4d5a-ab59-5d68b05bf75d,,,,,,,,,,,,,,,,,,,,,,,,,,,,,,,,,,,,,,,
b957f8a2-e1b7-4c6f-a9ed-f21adab6cfae,,,,,,,,,,,,,,,,,,,,,,,,,,,,,,,,,,,,,,,
b95d9c53-728f-4544-bc94-30dc5fa23e35,symantec,1.0,1.0,,,,,,,,,,,,,,,,,,,,,,,,,,,,,,,,,,,,
b962bced-ad32-4bdd-ad9d-edc232a91dbc,,,,,,,,,,,,,,,,,,,,,,,,,,,,,,,,,,,,,,,
b967755a-41ee-4acb-a43b-3aeb7fdec904,,,,,,,,,,,,,,,,,,,,,,,,,,,,,,,,,,,,,,,
b96c14d7-0d90-42d4-b5a6-22cac9b16037,,,,,,,,,,,,,,,,,,,,,,,,,,,,,,,,,,,,,,,
b96eb371-0375-4e0b-9d95-2775b0950918,,,,,,,,,,,,,,,,,,,,,,,,,,,,,,,,,,,,,,,
b980b6a3-0c33-47ce-99b7-4d9f7c49c030,,,,,,,,,,,,,,,,,,,,,,,,,,,,,,,,,,,,,,,
b9828fa9-1812-48ef-8dc7-87b61475d8ec,,,,,,,,,,,,,,,,,,,,,,,,,,,,,,,,,,,,,,,
b984cab9-6e62-41f2-a0d6-cf105f4e24b9,,,,,,,,,,,,,,,,,,,,,,,,,,,,,,,,,,,,,,,
b98eb8da-fe2b-41f6-b8ee-47569ed12ff7,wikimedia_foundation,1.0,1.0,,,,,,,,,,,,,,,,,,,,,,,,,,,,,,,,,,,,
b9901a9e-5e09-432a-9ac9-934403bfb020,,,,,,,,,,,,,,,,,,,,,,,,,,,,,,,,,,,,,,,
b99518db-b7f3-46b5-a163-023b295db948,,,,,,,,,,,,,,,,,,,,,,,,,,,,,,,,,,,,,,,
b996b230-28bf-4b0f-9138-f28862d7d56c,,,,,,,,,,,,,,,,,,,,,,,,,,,,,,,,,,,,,,,
b9989a5f-89ce-45ea-964d-8c3d4f660e43,algolia,1.0,1.0,,,,,,,,,,,,,,,,,,,,,,,,,,,,,,,,,,,,
b9a40f2a-825d-4206-9a8e-d58db573806f,,,,,,,,,,,,,,,,,,,,,,,,,,,,,,,,,,,,,,,
b9a4e50c-0fb4-48fb-a490-a72316add114,,,,,,,,,,,,,,,,,,,,,,,,,,,,,,,,,,,,,,,
b9aaddf1-a0ff-40e2-890b-ea8a11695057,,,,,,,,,,,,,,,,,,,,,,,,,,,,,,,,,,,,,,,
b9b3a710-4160-4443-ad59-969e0998a122,,,,,,,,,,,,,,,,,,,,,,,,,,,,,,,,,,,,,,,
b9beaa04-3faa-488b-9e5d-b1d21874746a,,,,,,,,,,,,,,,,,,,,,,,,,,,,,,,,,,,,,,,
b9c47699-d0e2-4b15-b869-74208cacb480,,,,,,,,,,,,,,,,,,,,,,,,,,,,,,,,,,,,,,,
b9c82e16-edf3-48be-9d67-935305a7559b,,,,,,,,,,,,,,,,,,,,,,,,,,,,,,,,,,,,,,,
b9c8fb3f-587d-4564-8a6f-d1d2abea80cd,,,,,,,,,,,,,,,,,,,,,,,,,,,,,,,,,,,,,,,
b9cd7807-e789-4b1c-ac33-22ed9dec2cbd,,,,,,,,,,,,,,,,,,,,,,,,,,,,,,,,,,,,,,,
b9d5c5e7-2e1c-47f4-a4da-7ac261eae9c7,,,,,,,,,,,,,,,,,,,,,,,,,,,,,,,,,,,,,,,
b9d6693c-684c-4494-9bd4-edfe81c59cee,,,,,,,,,,,,,,,,,,,,,,,,,,,,,,,,,,,,,,,
b9d8b8c5-bbd4-41e8-ab70-66826443c221,,,,,,,,,,,,,,,,,,,,,,,,,,,,,,,,,,,,,,,
b9db5d2f-8df6-4a07-90ee-eb06fef7eecc,,,,,,,,,,,,,,,,,,,,,,,,,,,,,,,,,,,,,,,
b9dc055d-b6b7-4fb3-b0fa-0f2d17eab31a,,,,,,,,,,,,,,,,,,,,,,,,,,,,,,,,,,,,,,,
b9dc509f-c0da-49ea-93a2-92ba98409cd0,,,,,,,,,,,,,,,,,,,,,,,,,,,,,,,,,,,,,,,
b9ee57a1-98bd-46b0-9cb8-9cd2ff2c1462,,,,,,,,,,,,,,,,,,,,,,,,,,,,,,,,,,,,,,,
b9ef02a1-431d-4697-bf59-162c9b94d841,,,,,,,,,,,,,,,,,,,,,,,,,,,,,,,,,,,,,,,
b9f0d705-6f37-48f5-8304-43b1dfe59c77,,,,,,,,,,,,,,,,,,,,,,,,,,,,,,,,,,,,,,,
b9f12d77-6bcb-4bf1-9622-3e8fac34350d,,,,,,,,,,,,,,,,,,,,,,,,,,,,,,,,,,,,,,,
b9f74513-edd0-41c3-a4b0-08a991efb5b8,,,,,,,,,,,,,,,,,,,,,,,,,,,,,,,,,,,,,,,
b9f8a86b-265f-41ff-ae7b-f51c00cef5cf,,,,,,,,,,,,,,,,,,,,,,,,,,,,,,,,,,,,,,,
b9fd9ab8-a806-4f2f-a2ba-989e92227ccc,,,,,,,,,,,,,,,,,,,,,,,,,,,,,,,,,,,,,,,
ba045ba2-0c1f-4500-ab79-b839f91d39e3,,,,,,,,,,,,,,,,,,,,,,,,,,,,,,,,,,,,,,,
ba05a19d-0bf2-4b79-b521-1995db58be1f,,,,,,,,,,,,,,,,,,,,,,,,,,,,,,,,,,,,,,,
ba0a5c97-cf5f-4635-a2e7-528971bcae7d,,,,,,,,,,,,,,,,,,,,,,,,,,,,,,,,,,,,,,,
ba0e46b6-db29-4192-a43a-a0c68ba4a27e,,,,,,,,,,,,,,,,,,,,,,,,,,,,,,,,,,,,,,,
ba10476b-348c-44b3-8892-995a888f9a09,,,,,,,,,,,,,,,,,,,,,,,,,,,,,,,,,,,,,,,
ba125908-d494-40c2-84f3-f43809eb95a9,,,,,,,,,,,,,,,,,,,,,,,,,,,,,,,,,,,,,,,
ba1460cf-a96e-4d34-9921-d6eedc441639,,,,,,,,,,,,,,,,,,,,,,,,,,,,,,,,,,,,,,,
ba16086f-6ccb-4e3e-9be2-1ee42d2af2a9,,,,,,,,,,,,,,,,,,,,,,,,,,,,,,,,,,,,,,,
ba180fec-0789-4ebd-8a26-f0f2df0b2a34,,,,,,,,,,,,,,,,,,,,,,,,,,,,,,,,,,,,,,,
ba18df50-374a-412c-8e7e-76d769731192,,,,,,,,,,,,,,,,,,,,,,,,,,,,,,,,,,,,,,,
ba1d2f9b-58f6-465e-acfb-90710290f766,,,,,,,,,,,,,,,,,,,,,,,,,,,,,,,,,,,,,,,
ba1e89d3-a1c5-49ba-8146-922a36b15777,,,,,,,,,,,,,,,,,,,,,,,,,,,,,,,,,,,,,,,
ba2a0ccf-a46c-423b-9853-e2d5ee40bf09,,,,,,,,,,,,,,,,,,,,,,,,,,,,,,,,,,,,,,,
ba2fa389-9471-4d94-8b4d-f4b290069c49,,,,,,,,,,,,,,,,,,,,,,,,,,,,,,,,,,,,,,,
ba41399b-12a3-44a2-a4b7-b9313e305821,,,,,,,,,,,,,,,,,,,,,,,,,,,,,,,,,,,,,,,
ba4466a1-055c-417a-bb6b-e48a8812fd5d,,,,,,,,,,,,,,,,,,,,,,,,,,,,,,,,,,,,,,,
ba6b6b21-7c89-4baf-8899-46fc70753d0f,,,,,,,,,,,,,,,,,,,,,,,,,,,,,,,,,,,,,,,
ba723323-a47b-4865-a152-8a218f911781,baidu,1.0,1.0,,,,,,,,,,,,,,,,,,,,,,,,,,,,,,,,,,,,
ba755a7d-f3c5-459d-ab06-c878335d8fa6,,,,,,,,,,,,,,,,,,,,,,,,,,,,,,,,,,,,,,,
ba763443-c6d7-4142-85a4-83a5351010fc,,,,,,,,,,,,,,,,,,,,,,,,,,,,,,,,,,,,,,,
ba7d526d-6860-44b6-832e-e910a5a3989f,,,,,,,,,,,,,,,,,,,,,,,,,,,,,,,,,,,,,,,
ba87ed49-08b8-4a1e-8292-067f6e2a53cb,,,,,,,,,,,,,,,,,,,,,,,,,,,,,,,,,,,,,,,
ba9a5e38-ac2e-49af-b2e4-596e94a09a1d,,,,,,,,,,,,,,,,,,,,,,,,,,,,,,,,,,,,,,,
baa1877b-26a2-4b94-bb27-23ccc57898b2,,,,,,,,,,,,,,,,,,,,,,,,,,,,,,,,,,,,,,,
baa8defb-0cfe-4a69-b3e7-34ad5a27d8a9,,,,,,,,,,,,,,,,,,,,,,,,,,,,,,,,,,,,,,,
bab7010a-83f2-4c9f-9bac-8980b86f8738,,,,,,,,,,,,,,,,,,,,,,,,,,,,,,,,,,,,,,,
bab727d9-613f-4bbb-bbc3-d0d6a3763aff,,,,,,,,,,,,,,,,,,,,,,,,,,,,,,,,,,,,,,,
bac0b8b9-7df3-41b3-8615-9ea308c770cc,,,,,,,,,,,,,,,,,,,,,,,,,,,,,,,,,,,,,,,
bac201bd-bb3d-4ead-9662-484af4b73848,,,,,,,,,,,,,,,,,,,,,,,,,,,,,,,,,,,,,,,
bac3c9f2-1d2c-49ee-8f8a-e9187abae0e4,,,,,,,,,,,,,,,,,,,,,,,,,,,,,,,,,,,,,,,
bac92c34-fcc6-469f-aed2-2eed1ee04355,,,,,,,,,,,,,,,,,,,,,,,,,,,,,,,,,,,,,,,
bad323ef-2aed-4796-8504-b8494d2ce0e9,,,,,,,,,,,,,,,,,,,,,,,,,,,,,,,,,,,,,,,
bae43a09-9122-437c-878d-550365a4253f,,,,,,,,,,,,,,,,,,,,,,,,,,,,,,,,,,,,,,,
baea488e-2ead-450e-9677-81067f049a79,,,,,,,,,,,,,,,,,,,,,,,,,,,,,,,,,,,,,,,
baebd772-4fd4-4278-8de3-3b4a487072a3,,,,,,,,,,,,,,,,,,,,,,,,,,,,,,,,,,,,,,,
baf229a5-a8b6-4203-bf0d-ac2d9fce0baf,,,,,,,,,,,,,,,,,,,,,,,,,,,,,,,,,,,,,,,
baf236d8-fbff-4fb5-af62-1d9ef414fcb2,,,,,,,,,,,,,,,,,,,,,,,,,,,,,,,,,,,,,,,
baf9da8e-0746-4560-a7a4-bf5bd2e19878,,,,,,,,,,,,,,,,,,,,,,,,,,,,,,,,,,,,,,,
bafd3c8f-c9a2-4103-af58-c629f16a933b,,,,,,,,,,,,,,,,,,,,,,,,,,,,,,,,,,,,,,,
bb05dead-a4cf-4e9e-8c5c-38569ced40ef,,,,,,,,,,,,,,,,,,,,,,,,,,,,,,,,,,,,,,,
bb08eddf-98ca-42e6-adc1-94f0f2fc9d49,,,,,,,,,,,,,,,,,,,,,,,,,,,,,,,,,,,,,,,
bb09e8f6-303b-4573-b8da-1809c3c78967,,,,,,,,,,,,,,,,,,,,,,,,,,,,,,,,,,,,,,,
bb0feed2-1634-4d06-a2d7-ab5b0378c1ad,scout24,1.0,1.0,,,,,,,,,,,,,,,,,,,,,,,,,,,,,,,,,,,,
bb1d8111-bd5f-4271-863f-6953d6e0fa1d,,,,,,,,,,,,,,,,,,,,,,,,,,,,,,,,,,,,,,,
bb2b8061-5834-4419-8b03-94f2800551af,,,,,,,,,,,,,,,,,,,,,,,,,,,,,,,,,,,,,,,
bb2e7b20-e66d-4934-9b35-596c10c4d1c2,,,,,,,,,,,,,,,,,,,,,,,,,,,,,,,,,,,,,,,
bb3204dc-de3e-45fe-bb5b-7606fd3b9a23,,,,,,,,,,,,,,,,,,,,,,,,,,,,,,,,,,,,,,,
bb332a6d-c897-4a4c-82aa-df8cbe8a1199,,,,,,,,,,,,,,,,,,,,,,,,,,,,,,,,,,,,,,,
bb4606df-539d-4400-9b5c-f4aa07369652,,,,,,,,,,,,,,,,,,,,,,,,,,,,,,,,,,,,,,,
bb462d57-c478-4928-a2dc-0c16a32f6609,,,,,,,,,,,,,,,,,,,,,,,,,,,,,,,,,,,,,,,
bb4c3566-490a-4255-803a-404a984958cc,,,,,,,,,,,,,,,,,,,,,,,,,,,,,,,,,,,,,,,
bb52c918-4034-4bdd-9979-b5ba858fb6cc,,,,,,,,,,,,,,,,,,,,,,,,,,,,,,,,,,,,,,,
bb606a09-c242-4b80-bbc4-7515ab4b94ff,,,,,,,,,,,,,,,,,,,,,,,,,,,,,,,,,,,,,,,
bb7524c6-ffc0-4412-87a3-224021ba9be2,,,,,,,,,,,,,,,,,,,,,,,,,,,,,,,,,,,,,,,
bb75b1b7-0eec-431c-b1c1-5b06640007a4,,,,,,,,,,,,,,,,,,,,,,,,,,,,,,,,,,,,,,,
bb7cc160-273d-485b-ba84-eeb994879f71,,,,,,,,,,,,,,,,,,,,,,,,,,,,,,,,,,,,,,,
bb840f52-bc56-4f34-8028-f23e1aef441d,,,,,,,,,,,,,,,,,,,,,,,,,,,,,,,,,,,,,,,
bb8a5ee8-8bf4-4d2b-8fc6-b2d28d552279,,,,,,,,,,,,,,,,,,,,,,,,,,,,,,,,,,,,,,,
bb936a79-6bb4-4ca3-b692-d27612608f7b,,,,,,,,,,,,,,,,,,,,,,,,,,,,,,,,,,,,,,,
bba4a6c6-91c3-477f-b30f-6bf391bd620d,,,,,,,,,,,,,,,,,,,,,,,,,,,,,,,,,,,,,,,
bba75dd8-b509-40dc-8181-ceb5e101786c,,,,,,,,,,,,,,,,,,,,,,,,,,,,,,,,,,,,,,,
bbade0ec-cbd9-4424-8ea2-c87f03a07d87,,,,,,,,,,,,,,,,,,,,,,,,,,,,,,,,,,,,,,,
bbafedfa-7e9b-42d4-8722-6043510b52da,the_new_york_times,1.0,1.0,,,,,,,,,,,,,,,,,,,,,,,,,,,,,,,,,,,,
bbb251e9-9699-4f9f-b4a9-70db8e7c11c2,,,,,,,,,,,,,,,,,,,,,,,,,,,,,,,,,,,,,,,
bbbe2c12-c268-4ac7-8006-993351abec76,,,,,,,,,,,,,,,,,,,,,,,,,,,,,,,,,,,,,,,
bbbf2dad-b591-4b9f-8f45-1c40ac6a08d0,,,,,,,,,,,,,,,,,,,,,,,,,,,,,,,,,,,,,,,
bbbfcd81-c392-44d8-b4a6-b9093f98934e,,,,,,,,,,,,,,,,,,,,,,,,,,,,,,,,,,,,,,,
bbc330a2-8041-433a-89e9-3ef43f975628,,,,,,,,,,,,,,,,,,,,,,,,,,,,,,,,,,,,,,,
bbc86f0b-0815-4553-bed6-68ebe26230f3,,,,,,,,,,,,,,,,,,,,,,,,,,,,,,,,,,,,,,,
bbd02726-9faa-4edb-bed3-67e3286ae775,,,,,,,,,,,,,,,,,,,,,,,,,,,,,,,,,,,,,,,
bbd334f8-8d9a-4cfd-9c9b-c3f438719ef3,,,,,,,,,,,,,,,,,,,,,,,,,,,,,,,,,,,,,,,
bbd34c96-35af-4b2a-9907-a77f293386a9,,,,,,,,,,,,,,,,,,,,,,,,,,,,,,,,,,,,,,,
bbe7c9f7-164a-4d1d-9443-060fd2301203,,,,,,,,,,,,,,,,,,,,,,,,,,,,,,,,,,,,,,,
bbed4256-72cb-45eb-8214-ca249650e40e,,,,,,,,,,,,,,,,,,,,,,,,,,,,,,,,,,,,,,,
bbee9263-6d94-4f5b-a8a0-12ce4b890ac8,,,,,,,,,,,,,,,,,,,,,,,,,,,,,,,,,,,,,,,
bbf1ee1e-9942-4f1f-94cc-199ca021c0cd,,,,,,,,,,,,,,,,,,,,,,,,,,,,,,,,,,,,,,,
bbf59d55-8014-4a1f-b4c1-335ae4feffc5,,,,,,,,,,,,,,,,,,,,,,,,,,,,,,,,,,,,,,,
bbff2a87-5d28-49e2-96c7-437d4b64615d,,,,,,,,,,,,,,,,,,,,,,,,,,,,,,,,,,,,,,,
bc00b730-f214-4746-b73e-6d2104581805,,,,,,,,,,,,,,,,,,,,,,,,,,,,,,,,,,,,,,,
bc023b7e-31f4-4677-a099-ee8bdb8f12df,,,,,,,,,,,,,,,,,,,,,,,,,,,,,,,,,,,,,,,
bc097f70-6f2e-492f-9d32-bb8fd6bc5c5b,,,,,,,,,,,,,,,,,,,,,,,,,,,,,,,,,,,,,,,
bc0e1059-82f9-471c-b370-d4dea6c8bea5,,,,,,,,,,,,,,,,,,,,,,,,,,,,,,,,,,,,,,,
bc1165a3-edda-429c-b948-70c49f669fb9,salesforce,1.0,1.0,,,,,,,,,,,,,,,,,,,,,,,,,,,,,,,,,,,,
bc1d756e-2fe8-497a-8abd-561d30dea32f,,,,,,,,,,,,,,,,,,,,,,,,,,,,,,,,,,,,,,,
bc2210c0-ce27-40bf-82fc-6639dff8270c,,,,,,,,,,,,,,,,,,,,,,,,,,,,,,,,,,,,,,,
bc381b23-c4c9-4f78-b961-c57e70d893a9,,,,,,,,,,,,,,,,,,,,,,,,,,,,,,,,,,,,,,,
bc3be034-81b3-44c6-8dca-ffd893a558ce,,,,,,,,,,,,,,,,,,,,,,,,,,,,,,,,,,,,,,,
bc3c446d-1311-4390-b8c6-0a49c71306c7,,,,,,,,,,,,,,,,,,,,,,,,,,,,,,,,,,,,,,,
bc40560d-f093-4e80-ba39-05af089c6261,,,,,,,,,,,,,,,,,,,,,,,,,,,,,,,,,,,,,,,
bc476680-2d7e-486e-b52b-3af895d15a9e,,,,,,,,,,,,,,,,,,,,,,,,,,,,,,,,,,,,,,,
bc4cb21f-9b45-4f39-a7a1-84f2cc879353,,,,,,,,,,,,,,,,,,,,,,,,,,,,,,,,,,,,,,,
bc52b22c-7368-4029-a088-a72644eb3d98,,,,,,,,,,,,,,,,,,,,,,,,,,,,,,,,,,,,,,,
bc703441-e705-47b6-b231-04a80aba2084,,,,,,,,,,,,,,,,,,,,,,,,,,,,,,,,,,,,,,,
bc728f75-cd97-4805-81d0-186a382f032f,,,,,,,,,,,,,,,,,,,,,,,,,,,,,,,,,,,,,,,
bc73a468-2882-4df2-a00d-712a1e50294d,,,,,,,,,,,,,,,,,,,,,,,,,,,,,,,,,,,,,,,
bc77bd04-bf00-483b-afa0-f0278fb979dc,,,,,,,,,,,,,,,,,,,,,,,,,,,,,,,,,,,,,,,
bc7a74d5-58e3-4043-903e-625859911273,,,,,,,,,,,,,,,,,,,,,,,,,,,,,,,,,,,,,,,
bc7cf721-b2ad-485a-9915-684bdc4947be,,,,,,,,,,,,,,,,,,,,,,,,,,,,,,,,,,,,,,,
bc7df0a1-a361-4162-917a-cc490b44e4d3,,,,,,,,,,,,,,,,,,,,,,,,,,,,,,,,,,,,,,,
bc7f992e-9ddb-4505-81f8-295aa9d2075f,,,,,,,,,,,,,,,,,,,,,,,,,,,,,,,,,,,,,,,
bc80d5a8-d3d9-4cab-82a0-798659bc4934,,,,,,,,,,,,,,,,,,,,,,,,,,,,,,,,,,,,,,,
bc860a55-0d5b-46d2-9cb6-e22b17261b45,,,,,,,,,,,,,,,,,,,,,,,,,,,,,,,,,,,,,,,
bc8a095e-c36c-44e3-b3a9-47a5cdd41d26,vimeo,1.0,1.0,,,,,,,,,,,,,,,,,,,,,,,,,,,,,,,,,,,,
bc8e0f8d-1d6f-4589-8e50-8c600aa5f62d,,,,,,,,,,,,,,,,,,,,,,,,,,,,,,,,,,,,,,,
bc935e0c-efe8-49a6-9def-cd4175db4e01,,,,,,,,,,,,,,,,,,,,,,,,,,,,,,,,,,,,,,,
bc98be1b-524b-41d6-ace7-3b264ec418b5,,,,,,,,,,,,,,,,,,,,,,,,,,,,,,,,,,,,,,,
bc9a1966-048a-45b6-93ce-cd457db02e41,,,,,,,,,,,,,,,,,,,,,,,,,,,,,,,,,,,,,,,
bc9c2594-15f3-4ebe-ad17-f64299f3aba7,,,,,,,,,,,,,,,,,,,,,,,,,,,,,,,,,,,,,,,
bc9c76cf-f053-40fb-beb1-225b5450631a,,,,,,,,,,,,,,,,,,,,,,,,,,,,,,,,,,,,,,,
bca70d2d-ad3e-45d6-9253-5c7363bcac28,cloudflare,1.0,1.0,,,,,,,,,,,,,,,,,,,,,,,,,,,,,,,,,,,,
bca838a2-e966-42fd-b60b-6b1df2b74706,,,,,,,,,,,,,,,,,,,,,,,,,,,,,,,,,,,,,,,
bcae8265-051b-4244-9b46-f2a7e66392e3,,,,,,,,,,,,,,,,,,,,,,,,,,,,,,,,,,,,,,,
bcb68b22-51ec-459a-9b31-3d739911800a,,,,,,,,,,,,,,,,,,,,,,,,,,,,,,,,,,,,,,,
bcb8a8b1-1a81-46d8-b89c-1ee68340eb21,,,,,,,,,,,,,,,,,,,,,,,,,,,,,,,,,,,,,,,
bcbf7cd4-f5e0-4978-bff4-e1e0564b477a,microsoft,1.0,1.0,,,,,,,,,,,,,,,,,,,,,,,,,,,,,,,,,,,,
bcc73f99-a254-4f39-a504-dc729fc92a97,,,,,,,,,,,,,,,,,,,,,,,,,,,,,,,,,,,,,,,
bccc8744-39da-424c-a881-61525fbbb5e6,,,,,,,,,,,,,,,,,,,,,,,,,,,,,,,,,,,,,,,
bcd28bef-ec15-4063-8fe6-875a69f67691,,,,,,,,,,,,,,,,,,,,,,,,,,,,,,,,,,,,,,,
bcdcf0f1-a762-40a1-92c9-b7b036713b1b,,,,,,,,,,,,,,,,,,,,,,,,,,,,,,,,,,,,,,,
bcee5e66-55b8-4dc3-844c-4f4b72aee3f5,,,,,,,,,,,,,,,,,,,,,,,,,,,,,,,,,,,,,,,
bcf1f931-12af-4c14-a693-bf500926e329,,,,,,,,,,,,,,,,,,,,,,,,,,,,,,,,,,,,,,,
bcf5c6ee-ea79-4fbd-93d0-f3c6fa418b9a,,,,,,,,,,,,,,,,,,,,,,,,,,,,,,,,,,,,,,,
bcfa605a-a086-4df2-9089-12adad8bf640,,,,,,,,,,,,,,,,,,,,,,,,,,,,,,,,,,,,,,,
bd159d5e-1809-44ab-81ab-b56aad99a2c9,,,,,,,,,,,,,,,,,,,,,,,,,,,,,,,,,,,,,,,
bd24dbec-ad44-41cd-bf58-616e5b9bc3d1,,,,,,,,,,,,,,,,,,,,,,,,,,,,,,,,,,,,,,,
bd262720-f5af-4820-aae2-2e278701ad50,,,,,,,,,,,,,,,,,,,,,,,,,,,,,,,,,,,,,,,
bd2679f7-590f-419f-b453-e4dcacbf184f,wikimedia_foundation,1.0,1.0,,,,,,,,,,,,,,,,,,,,,,,,,,,,,,,,,,,,
bd27f3c7-24c1-459b-aae4-911b0c1af42d,salesforce,1.0,1.0,,,,,,,,,,,,,,,,,,,,,,,,,,,,,,,,,,,,
bd29dfcd-f8b3-4854-b029-902d62ea9f66,disney,1.0,1.0,,,,,,,,,,,,,,,,,,,,,,,,,,,,,,,,,,,,
bd39f739-6eb5-41e9-9fea-d05e5410a35d,,,,,,,,,,,,,,,,,,,,,,,,,,,,,,,,,,,,,,,
bd3a35c5-efdc-4379-bc32-d8a3c01a2e75,,,,,,,,,,,,,,,,,,,,,,,,,,,,,,,,,,,,,,,
bd413d06-b88c-43a0-b5e5-98772cedd4f0,,,,,,,,,,,,,,,,,,,,,,,,,,,,,,,,,,,,,,,
bd470b98-5758-430c-858a-bae288a67239,,,,,,,,,,,,,,,,,,,,,,,,,,,,,,,,,,,,,,,
bd4b1cfb-cbdb-4803-a339-9ac29dfa45ea,,,,,,,,,,,,,,,,,,,,,,,,,,,,,,,,,,,,,,,
bd51de1c-81be-4e20-97c5-f083b52fa231,,,,,,,,,,,,,,,,,,,,,,,,,,,,,,,,,,,,,,,
bd597ff8-0a1f-4854-99a1-d134c32272ba,,,,,,,,,,,,,,,,,,,,,,,,,,,,,,,,,,,,,,,
bd6f296d-64b3-4475-a928-a23649fd04e6,,,,,,,,,,,,,,,,,,,,,,,,,,,,,,,,,,,,,,,
bd790658-88d3-4e11-8c6a-fd16a654e7e0,,,,,,,,,,,,,,,,,,,,,,,,,,,,,,,,,,,,,,,
bd94dbb7-adc4-4b98-9a8c-90eb1ecbfb26,,,,,,,,,,,,,,,,,,,,,,,,,,,,,,,,,,,,,,,
bd95ef12-0a1d-49c1-b590-7748a1f8cf02,,,,,,,,,,,,,,,,,,,,,,,,,,,,,,,,,,,,,,,
bd9baa2a-4b4e-4bbc-b83e-7ac0c9b0e293,salesforce,1.0,1.0,,,,,,,,,,,,,,,,,,,,,,,,,,,,,,,,,,,,
bd9c0150-3d16-4d16-9a27-7add01ef6a48,,,,,,,,,,,,,,,,,,,,,,,,,,,,,,,,,,,,,,,
bda1d200-9212-4c33-9a8b-5222c7db068e,,,,,,,,,,,,,,,,,,,,,,,,,,,,,,,,,,,,,,,
bda74905-c5b2-4a2f-a587-4554e81a07bd,,,,,,,,,,,,,,,,,,,,,,,,,,,,,,,,,,,,,,,
bdad6e83-b407-4386-ac59-66a649a5e827,,,,,,,,,,,,,,,,,,,,,,,,,,,,,,,,,,,,,,,
bdbb1754-3a58-4183-8fdd-ea43694dc2a7,,,,,,,,,,,,,,,,,,,,,,,,,,,,,,,,,,,,,,,
bdc3cb57-87cf-4597-bfb0-bdd2f73098bf,51.la,1.0,1.0,,,,,,,,,,,,,,,,,,,,,,,,,,,,,,,,,,,,
bdd68b7c-75f6-4349-8595-9dffcb42c526,wikimedia_foundation,1.0,1.0,,,,,,,,,,,,,,,,,,,,,,,,,,,,,,,,,,,,
bdd6eedf-207a-46ed-ac0d-de735d5ce2ef,clickup,1.0,1.0,,,,,,,,,,,,,,,,,,,,,,,,,,,,,,,,,,,,
bdd77a6a-0c4b-4bc3-ac31-6567e5d3b897,,,,,,,,,,,,,,,,,,,,,,,,,,,,,,,,,,,,,,,
bddccd12-7de2-49cf-a5d3-c7ec58adcdbe,exoclick,1.0,1.0,,,,,,,,,,,,,,,,,,,,,,,,,,,,,,,,,,,,
bde3c8c9-ed77-41c7-b76b-24c07d797b89,,,,,,,,,,,,,,,,,,,,,,,,,,,,,,,,,,,,,,,
bdf20232-2b02-45f7-8b7e-f65fc5367db6,,,,,,,,,,,,,,,,,,,,,,,,,,,,,,,,,,,,,,,
bdf223ae-c153-4065-ab16-2a9b1c5db63e,,,,,,,,,,,,,,,,,,,,,,,,,,,,,,,,,,,,,,,
bdf4eeab-186f-4b2c-939f-ae273cbfdcbe,,,,,,,,,,,,,,,,,,,,,,,,,,,,,,,,,,,,,,,
bdf58c14-66bd-45d3-adc6-626021b19d23,,,,,,,,,,,,,,,,,,,,,,,,,,,,,,,,,,,,,,,
bdfe5d06-d33e-46dd-9724-289e7588e9a7,,,,,,,,,,,,,,,,,,,,,,,,,,,,,,,,,,,,,,,
bdff2e1f-8d47-49dc-adcf-925c790aaff9,wikimedia_foundation,1.0,1.0,,,,,,,,,,,,,,,,,,,,,,,,,,,,,,,,,,,,
be03ad70-a672-4f12-b561-6d66dc8aefd7,,,,,,,,,,,,,,,,,,,,,,,,,,,,,,,,,,,,,,,
be04bca1-1a3f-4f42-8cec-4a53d203e54b,,,,,,,,,,,,,,,,,,,,,,,,,,,,,,,,,,,,,,,
be0d463d-4f6c-4654-b10b-bcd8b9f036d5,,,,,,,,,,,,,,,,,,,,,,,,,,,,,,,,,,,,,,,
be0dea63-cab2-438f-96ac-9667dde2c0b9,,,,,,,,,,,,,,,,,,,,,,,,,,,,,,,,,,,,,,,
be167c6d-b45a-47c5-bcc1-8d1a596449d0,,,,,,,,,,,,,,,,,,,,,,,,,,,,,,,,,,,,,,,
be276ad9-e68d-4c97-ad83-4066065a5559,,,,,,,,,,,,,,,,,,,,,,,,,,,,,,,,,,,,,,,
be280d14-9b9f-4351-a1bd-ba9a54bc2cf7,,,,,,,,,,,,,,,,,,,,,,,,,,,,,,,,,,,,,,,
be284a02-44ac-476e-a62e-f93c8f52114f,,,,,,,,,,,,,,,,,,,,,,,,,,,,,,,,,,,,,,,
be377800-caa9-4b10-9d40-fe376ca71701,,,,,,,,,,,,,,,,,,,,,,,,,,,,,,,,,,,,,,,
be3f1a72-b346-4d6f-9ae2-d1f3952dfa69,,,,,,,,,,,,,,,,,,,,,,,,,,,,,,,,,,,,,,,
be472df1-c186-495e-8b44-94570e945e3d,,,,,,,,,,,,,,,,,,,,,,,,,,,,,,,,,,,,,,,
be4cacb1-63ce-40fa-b292-ec930cbc4fac,,,,,,,,,,,,,,,,,,,,,,,,,,,,,,,,,,,,,,,
be4d3356-798c-40fa-983d-043c0b96fce8,microsoft,1.0,1.0,,,,,,,,,,,,,,,,,,,,,,,,,,,,,,,,,,,,
be4e9ab2-85a5-49ae-a9f8-530e25c4e369,,,,,,,,,,,,,,,,,,,,,,,,,,,,,,,,,,,,,,,
be4f51ae-07af-4360-b153-012e79fc1a4e,,,,,,,,,,,,,,,,,,,,,,,,,,,,,,,,,,,,,,,
be56846b-3e40-40f4-a908-38f1ca3fc6e2,,,,,,,,,,,,,,,,,,,,,,,,,,,,,,,,,,,,,,,
be5d9e4f-3e81-4032-ac23-0683c5f19e6c,,,,,,,,,,,,,,,,,,,,,,,,,,,,,,,,,,,,,,,
be6edfbf-f13e-4e75-bd43-16b38dedbc5c,,,,,,,,,,,,,,,,,,,,,,,,,,,,,,,,,,,,,,,
be72b024-a60a-4b36-977c-392ff28184d2,,,,,,,,,,,,,,,,,,,,,,,,,,,,,,,,,,,,,,,
be74f8e3-6df9-4b59-8b45-5420c52eabcd,,,,,,,,,,,,,,,,,,,,,,,,,,,,,,,,,,,,,,,
be7eef88-1e51-4fc5-9f2c-85aded652a60,,,,,,,,,,,,,,,,,,,,,,,,,,,,,,,,,,,,,,,
be7f0870-8b86-4115-97c8-52db27aec42a,,,,,,,,,,,,,,,,,,,,,,,,,,,,,,,,,,,,,,,
be8bed64-cee1-4d43-b86d-aca840904615,,,,,,,,,,,,,,,,,,,,,,,,,,,,,,,,,,,,,,,
be998e25-e1ac-4363-bb1a-ead76d390000,,,,,,,,,,,,,,,,,,,,,,,,,,,,,,,,,,,,,,,
be9ab25e-fb79-4953-9067-d4eebcb85c3c,,,,,,,,,,,,,,,,,,,,,,,,,,,,,,,,,,,,,,,
be9ab3ab-bcec-4b9f-bb4b-ea3c7ab00765,,,,,,,,,,,,,,,,,,,,,,,,,,,,,,,,,,,,,,,
bea2c051-4e48-43fb-b30f-587eea965038,,,,,,,,,,,,,,,,,,,,,,,,,,,,,,,,,,,,,,,
bea3848a-e93b-4b98-a059-fed00f3b6d41,,,,,,,,,,,,,,,,,,,,,,,,,,,,,,,,,,,,,,,
bea916ba-3689-4586-9300-7bd4144d309b,,,,,,,,,,,,,,,,,,,,,,,,,,,,,,,,,,,,,,,
bea97590-ebf4-42e9-b7db-08ed8f673083,,,,,,,,,,,,,,,,,,,,,,,,,,,,,,,,,,,,,,,
beafd9ea-8d1d-498b-9b60-b6d3e356dc13,,,,,,,,,,,,,,,,,,,,,,,,,,,,,,,,,,,,,,,
beb22333-7c91-46d7-858a-099cd6541cda,,,,,,,,,,,,,,,,,,,,,,,,,,,,,,,,,,,,,,,
beb7d6a2-b7d4-46be-b681-42fdeac96d88,,,,,,,,,,,,,,,,,,,,,,,,,,,,,,,,,,,,,,,
bec07863-ecd2-4c0f-8e4d-0548b2efada3,,,,,,,,,,,,,,,,,,,,,,,,,,,,,,,,,,,,,,,
bec344c3-23fd-4023-b9c6-7ec10965d0cf,,,,,,,,,,,,,,,,,,,,,,,,,,,,,,,,,,,,,,,
bec8ea1a-29a3-4a53-b2dd-1da39248fee8,,,,,,,,,,,,,,,,,,,,,,,,,,,,,,,,,,,,,,,
bec9a4cd-a572-4a99-b563-13c27c97c86b,,,,,,,,,,,,,,,,,,,,,,,,,,,,,,,,,,,,,,,
becdaa9b-0a41-4b1b-8e5c-bee47732cb02,,,,,,,,,,,,,,,,,,,,,,,,,,,,,,,,,,,,,,,
bed00a2b-a859-4279-8ae5-0a1c9edac3fc,,,,,,,,,,,,,,,,,,,,,,,,,,,,,,,,,,,,,,,
bed533e9-c74b-4574-9c42-d72803a37508,,,,,,,,,,,,,,,,,,,,,,,,,,,,,,,,,,,,,,,
bee9c0ea-5456-4d2f-9423-8efb291a7c94,,,,,,,,,,,,,,,,,,,,,,,,,,,,,,,,,,,,,,,
bee9c675-df12-4450-ad0c-16caf3c5b8ed,,,,,,,,,,,,,,,,,,,,,,,,,,,,,,,,,,,,,,,
bef1876a-00c1-4aef-a099-786901f11941,,,,,,,,,,,,,,,,,,,,,,,,,,,,,,,,,,,,,,,
bef77be1-f6b8-4056-aa65-23e60495a3be,,,,,,,,,,,,,,,,,,,,,,,,,,,,,,,,,,,,,,,
bef8ea7b-4ccc-4d66-b2be-45c5b2d14f1a,,,,,,,,,,,,,,,,,,,,,,,,,,,,,,,,,,,,,,,
befa2e6d-ce89-4c32-9701-18e2eca95927,,,,,,,,,,,,,,,,,,,,,,,,,,,,,,,,,,,,,,,
beff412b-222c-46da-8cb3-6f929fa85b1a,,,,,,,,,,,,,,,,,,,,,,,,,,,,,,,,,,,,,,,
bf06b6d1-3b2f-4c82-9556-7c8670faccf1,,,,,,,,,,,,,,,,,,,,,,,,,,,,,,,,,,,,,,,
bf1f836f-3603-4dca-8f4b-2c99ef405a6d,,,,,,,,,,,,,,,,,,,,,,,,,,,,,,,,,,,,,,,
bf20f104-f8d9-4968-95f8-0f4b06970d45,,,,,,,,,,,,,,,,,,,,,,,,,,,,,,,,,,,,,,,
bf210cb4-5a11-4eeb-abc4-332ef2f888e5,,,,,,,,,,,,,,,,,,,,,,,,,,,,,,,,,,,,,,,
bf21e13b-4a89-4a76-8a1b-742f71e85c86,,,,,,,,,,,,,,,,,,,,,,,,,,,,,,,,,,,,,,,
bf263550-1eaa-4754-b9ca-368b403ee8b3,,,,,,,,,,,,,,,,,,,,,,,,,,,,,,,,,,,,,,,
bf28f3f3-f7cc-4930-8281-d3b9f3307ec5,,,,,,,,,,,,,,,,,,,,,,,,,,,,,,,,,,,,,,,
bf2bd3cf-8b8c-475e-a5f9-d426bfabbb7a,,,,,,,,,,,,,,,,,,,,,,,,,,,,,,,,,,,,,,,
bf34b6f0-58da-44f7-9ead-d4b1c5ec830b,,,,,,,,,,,,,,,,,,,,,,,,,,,,,,,,,,,,,,,
bf388aae-df5c-4da8-ba0d-17c2ba1cb139,,,,,,,,,,,,,,,,,,,,,,,,,,,,,,,,,,,,,,,
bf38c1de-ef47-4b0a-b20a-cc097abaf7f1,,,,,,,,,,,,,,,,,,,,,,,,,,,,,,,,,,,,,,,
bf3dda95-d807-4107-9185-f007c250c40a,,,,,,,,,,,,,,,,,,,,,,,,,,,,,,,,,,,,,,,
bf4fcda4-d88b-4fa0-954b-3b23ee62e5cc,,,,,,,,,,,,,,,,,,,,,,,,,,,,,,,,,,,,,,,
bf54b9c8-fe3a-4408-9f19-1b817266bfc9,,,,,,,,,,,,,,,,,,,,,,,,,,,,,,,,,,,,,,,
bf5903b6-a7d6-4df1-85eb-8076816e98b5,squarespace,1.0,1.0,,,,,,,,,,,,,,,,,,,,,,,,,,,,,,,,,,,,
bf5f578a-5fa4-4f4f-8582-8665239d7f00,,,,,,,,,,,,,,,,,,,,,,,,,,,,,,,,,,,,,,,
bf6938fe-5194-4bb0-8d99-083d8ff51be5,,,,,,,,,,,,,,,,,,,,,,,,,,,,,,,,,,,,,,,
bf6a27df-440d-40e6-a323-c26443a8b9fa,,,,,,,,,,,,,,,,,,,,,,,,,,,,,,,,,,,,,,,
bf6ae58b-9339-43c6-bcbc-39fdc005b788,,,,,,,,,,,,,,,,,,,,,,,,,,,,,,,,,,,,,,,
bf7570b4-ad90-4842-a564-36309d3514fa,,,,,,,,,,,,,,,,,,,,,,,,,,,,,,,,,,,,,,,
bf77d58a-15bc-4b8e-8d2d-dab820092597,,,,,,,,,,,,,,,,,,,,,,,,,,,,,,,,,,,,,,,
bf849a18-4fc8-4d83-937a-8c9dcb00e51c,,,,,,,,,,,,,,,,,,,,,,,,,,,,,,,,,,,,,,,
bf8f4a35-d00d-4ef9-ab07-f39c8ee89cd1,,,,,,,,,,,,,,,,,,,,,,,,,,,,,,,,,,,,,,,
bf9d0f8a-8066-4835-bfa4-31b4365e3cc8,salesforce,1.0,1.0,,,,,,,,,,,,,,,,,,,,,,,,,,,,,,,,,,,,
bfa1de05-78c5-48da-aec4-1872be4c6a44,,,,,,,,,,,,,,,,,,,,,,,,,,,,,,,,,,,,,,,
bfa3cc1f-fe2a-471c-a900-4b711bdb38e1,automattic,1.0,1.0,,,,,,,,,,,,,,,,,,,,,,,,,,,,,,,,,,,,
bfab7ccf-3a46-417d-8f0e-45e023c03322,,,,,,,,,,,,,,,,,,,,,,,,,,,,,,,,,,,,,,,
bfadb1a8-5e0a-4cbc-ae8e-68561c3b532d,,,,,,,,,,,,,,,,,,,,,,,,,,,,,,,,,,,,,,,
bfafafc4-81b3-4059-abd3-08ad78e80807,,,,,,,,,,,,,,,,,,,,,,,,,,,,,,,,,,,,,,,
bfb09179-b7d1-4f41-935c-2bfa74bc0000,,,,,,,,,,,,,,,,,,,,,,,,,,,,,,,,,,,,,,,
bfb8afb2-1791-4bba-b1d3-16933475f1f8,,,,,,,,,,,,,,,,,,,,,,,,,,,,,,,,,,,,,,,
bfbed314-e5bb-42c3-9638-47a21c2d122e,,,,,,,,,,,,,,,,,,,,,,,,,,,,,,,,,,,,,,,
bfc3b482-f4e0-4bb3-8819-50dfcaab2647,,,,,,,,,,,,,,,,,,,,,,,,,,,,,,,,,,,,,,,
bfc468c3-6df4-4b06-9e52-d3476c2983cc,,,,,,,,,,,,,,,,,,,,,,,,,,,,,,,,,,,,,,,
bfc4d41a-0f6c-46b4-9c1e-63f9ad795f35,,,,,,,,,,,,,,,,,,,,,,,,,,,,,,,,,,,,,,,
bfcae57a-4742-4f55-8c41-7713c7cf33e6,,,,,,,,,,,,,,,,,,,,,,,,,,,,,,,,,,,,,,,
bfd26186-cfde-4291-a72e-dc76692bd216,,,,,,,,,,,,,,,,,,,,,,,,,,,,,,,,,,,,,,,
bfeb1fd4-b64f-49c9-b5ce-198cf668898e,,,,,,,,,,,,,,,,,,,,,,,,,,,,,,,,,,,,,,,
bfec609d-8e8b-4328-88f4-c108270a42dd,,,,,,,,,,,,,,,,,,,,,,,,,,,,,,,,,,,,,,,
bff6cb07-8c6e-47e6-904a-77ddee94efbd,,,,,,,,,,,,,,,,,,,,,,,,,,,,,,,,,,,,,,,
bffd29f6-d188-47dd-8cde-bffc06f0493d,,,,,,,,,,,,,,,,,,,,,,,,,,,,,,,,,,,,,,,
c00076ea-bc1e-46b4-a484-eb6a9b5923c5,,,,,,,,,,,,,,,,,,,,,,,,,,,,,,,,,,,,,,,
c003c52b-d7e0-4075-8ca7-537bf92eac28,,,,,,,,,,,,,,,,,,,,,,,,,,,,,,,,,,,,,,,
c006bf9a-ce96-40e9-9a2e-5077af1e013d,,,,,,,,,,,,,,,,,,,,,,,,,,,,,,,,,,,,,,,
c00fa6ea-ed75-49bf-9d36-ebc4c391a918,,,,,,,,,,,,,,,,,,,,,,,,,,,,,,,,,,,,,,,
c0155793-1ced-4f0e-b568-e72fb262fc11,,,,,,,,,,,,,,,,,,,,,,,,,,,,,,,,,,,,,,,
c01920fd-1469-47c1-a1bb-d9cad72468f8,,,,,,,,,,,,,,,,,,,,,,,,,,,,,,,,,,,,,,,
c01da053-5ce6-49cb-b30f-62fe016b2791,,,,,,,,,,,,,,,,,,,,,,,,,,,,,,,,,,,,,,,
c01e8119-5443-4458-9147-d1b3ac40d6d9,,,,,,,,,,,,,,,,,,,,,,,,,,,,,,,,,,,,,,,
c021ae7e-2de3-45e8-9678-315d5666a0af,,,,,,,,,,,,,,,,,,,,,,,,,,,,,,,,,,,,,,,
c02234a4-0d59-4994-a8e7-8a4028d6ff9f,,,,,,,,,,,,,,,,,,,,,,,,,,,,,,,,,,,,,,,
c022a6be-5b32-4629-8b34-c0c0fb3184a7,,,,,,,,,,,,,,,,,,,,,,,,,,,,,,,,,,,,,,,
c025e498-3a03-4b3a-965d-c69461008df4,,,,,,,,,,,,,,,,,,,,,,,,,,,,,,,,,,,,,,,
c02f7bd8-4c1b-4e3e-a44c-bcc7b91506e4,,,,,,,,,,,,,,,,,,,,,,,,,,,,,,,,,,,,,,,
c03c24c4-c89f-4d7e-b1ec-900797bd33b2,,,,,,,,,,,,,,,,,,,,,,,,,,,,,,,,,,,,,,,
c03ce373-f8dd-4cc9-bc62-d6ffec12f9e6,,,,,,,,,,,,,,,,,,,,,,,,,,,,,,,,,,,,,,,
c03ce945-c243-4bf0-a8f3-4d38e63e505e,,,,,,,,,,,,,,,,,,,,,,,,,,,,,,,,,,,,,,,
c03d4209-589d-4cff-9c12-b217daa89937,,,,,,,,,,,,,,,,,,,,,,,,,,,,,,,,,,,,,,,
c04d69bd-4066-4846-86f1-7ef84fcf2ffa,,,,,,,,,,,,,,,,,,,,,,,,,,,,,,,,,,,,,,,
c04df74a-7d33-420c-a01c-990ed0f991d4,,,,,,,,,,,,,,,,,,,,,,,,,,,,,,,,,,,,,,,
c04f765f-098e-4879-a81a-210336d418d2,,,,,,,,,,,,,,,,,,,,,,,,,,,,,,,,,,,,,,,
c057c0e0-756e-4ac4-adc0-d611aef3cda7,,,,,,,,,,,,,,,,,,,,,,,,,,,,,,,,,,,,,,,
c06b3da1-ea39-4f36-ac05-8cf441acc468,,,,,,,,,,,,,,,,,,,,,,,,,,,,,,,,,,,,,,,
c06f71db-55ae-456a-92fd-dc5cfb10a5b1,,,,,,,,,,,,,,,,,,,,,,,,,,,,,,,,,,,,,,,
c07419d0-9007-4cae-b1b4-181b925e4d81,,,,,,,,,,,,,,,,,,,,,,,,,,,,,,,,,,,,,,,
c074e59d-26be-4def-91c3-f5ee28bfe51e,,,,,,,,,,,,,,,,,,,,,,,,,,,,,,,,,,,,,,,
c0781071-5afd-4ac2-9b7a-2e847dc695d2,,,,,,,,,,,,,,,,,,,,,,,,,,,,,,,,,,,,,,,
c07c1f06-52d6-48e4-8c56-aa981ad489e8,,,,,,,,,,,,,,,,,,,,,,,,,,,,,,,,,,,,,,,
c07c4873-03f9-4cda-a75a-79f344d3684a,,,,,,,,,,,,,,,,,,,,,,,,,,,,,,,,,,,,,,,
c07e5623-d92f-4629-a588-536f19fd0ff3,,,,,,,,,,,,,,,,,,,,,,,,,,,,,,,,,,,,,,,
c088175c-74b0-47de-924f-3502f06df579,,,,,,,,,,,,,,,,,,,,,,,,,,,,,,,,,,,,,,,
c0a2f89e-81b6-4119-b306-80a8526459ce,,,,,,,,,,,,,,,,,,,,,,,,,,,,,,,,,,,,,,,
c0a404c3-941a-4908-8320-39542a763517,,,,,,,,,,,,,,,,,,,,,,,,,,,,,,,,,,,,,,,
c0a71747-9f18-4524-95ce-f7df2c87735e,,,,,,,,,,,,,,,,,,,,,,,,,,,,,,,,,,,,,,,
c0b1c4bc-e3e0-4e16-bfbb-1711e3ca99ee,,,,,,,,,,,,,,,,,,,,,,,,,,,,,,,,,,,,,,,
c0b397c9-9879-4b51-a275-c1a3501c0a1a,,,,,,,,,,,,,,,,,,,,,,,,,,,,,,,,,,,,,,,
c0b4abe3-46ae-482d-a9ee-4c25408d2dc5,,,,,,,,,,,,,,,,,,,,,,,,,,,,,,,,,,,,,,,
c0b70472-12be-4bdd-998b-84010698fe1c,,,,,,,,,,,,,,,,,,,,,,,,,,,,,,,,,,,,,,,
c0bd89dd-5402-4482-a2b0-3e790fb6daa1,,,,,,,,,,,,,,,,,,,,,,,,,,,,,,,,,,,,,,,
c0c65fe8-e8cb-45d3-9e46-bf230f82bc3c,,,,,,,,,,,,,,,,,,,,,,,,,,,,,,,,,,,,,,,
c0cacf74-77a0-4e6b-9fee-9bdb5f38086c,,,,,,,,,,,,,,,,,,,,,,,,,,,,,,,,,,,,,,,
c0d19235-60cf-4506-b228-a4c9e5d916cc,,,,,,,,,,,,,,,,,,,,,,,,,,,,,,,,,,,,,,,
c0d3ce67-9c6c-47f4-9a23-77006932427b,,,,,,,,,,,,,,,,,,,,,,,,,,,,,,,,,,,,,,,
c0d51b8c-dd18-47e3-9b30-498c1cf9b677,,,,,,,,,,,,,,,,,,,,,,,,,,,,,,,,,,,,,,,
c0e46693-fc27-40a1-ab80-7bb99bf97461,,,,,,,,,,,,,,,,,,,,,,,,,,,,,,,,,,,,,,,
c0eab773-0d5e-4a7a-9157-16510bc58152,,,,,,,,,,,,,,,,,,,,,,,,,,,,,,,,,,,,,,,
c0ec5915-641a-4eee-b03f-446dcf897b1e,,,,,,,,,,,,,,,,,,,,,,,,,,,,,,,,,,,,,,,
c102f808-fadf-46aa-8736-9807ac536e90,,,,,,,,,,,,,,,,,,,,,,,,,,,,,,,,,,,,,,,
c11ae2ee-6325-49d7-95ef-bd3d9af449cd,,,,,,,,,,,,,,,,,,,,,,,,,,,,,,,,,,,,,,,
c11d9397-f3df-4b3e-963a-6d1f2c954e76,,,,,,,,,,,,,,,,,,,,,,,,,,,,,,,,,,,,,,,
c11e93f7-cb1a-418d-b7d0-f5f857d0c8f4,,,,,,,,,,,,,,,,,,,,,,,,,,,,,,,,,,,,,,,
c12ff226-b2ae-444a-abc5-6bb6b877e87f,,,,,,,,,,,,,,,,,,,,,,,,,,,,,,,,,,,,,,,
c136d043-9734-49d2-a6e8-2c4b008da7ac,,,,,,,,,,,,,,,,,,,,,,,,,,,,,,,,,,,,,,,
c138ea5d-046d-42ae-9f52-4e5439da5da2,,,,,,,,,,,,,,,,,,,,,,,,,,,,,,,,,,,,,,,
c13a051f-07c2-43cc-94a4-2f22fc2cbc80,,,,,,,,,,,,,,,,,,,,,,,,,,,,,,,,,,,,,,,
c13bf72b-12ac-4b7e-b4b9-d695830a7023,,,,,,,,,,,,,,,,,,,,,,,,,,,,,,,,,,,,,,,
c13f350b-a2c0-469e-9990-ca3f8d0db3e4,iubenda,1.0,1.0,,,,,,,,,,,,,,,,,,,,,,,,,,,,,,,,,,,,
c1424bbf-1082-49d0-9c2a-00a1ebf61b76,liveperson,1.0,1.0,,,,,,,,,,,,,,,,,,,,,,,,,,,,,,,,,,,,
c1440d4a-bf0e-4ef1-80bf-9b4076f2b750,,,,,,,,,,,,,,,,,,,,,,,,,,,,,,,,,,,,,,,
c1531194-18b0-4c34-828e-c036cc79a9cb,,,,,,,,,,,,,,,,,,,,,,,,,,,,,,,,,,,,,,,
c165a14c-10cf-4320-a746-43eb9d44e50a,,,,,,,,,,,,,,,,,,,,,,,,,,,,,,,,,,,,,,,
c16f0462-f8be-42c6-90b5-dbb68c9a685c,,,,,,,,,,,,,,,,,,,,,,,,,,,,,,,,,,,,,,,
c172a08f-b5fc-4d16-aea1-6e17e72a9b86,,,,,,,,,,,,,,,,,,,,,,,,,,,,,,,,,,,,,,,
c17515cd-3e48-4720-8fe6-8593006e3d39,,,,,,,,,,,,,,,,,,,,,,,,,,,,,,,,,,,,,,,
c17eac47-12a7-4cd3-9dd9-b5a05997ecf3,,,,,,,,,,,,,,,,,,,,,,,,,,,,,,,,,,,,,,,
c17fc836-9c25-42f4-aa54-e5989b3b80ca,,,,,,,,,,,,,,,,,,,,,,,,,,,,,,,,,,,,,,,
c18bb3f7-8cd1-448c-aa0c-210df62bee09,,,,,,,,,,,,,,,,,,,,,,,,,,,,,,,,,,,,,,,
c191ab40-1f42-456a-89ff-cb39b7ec93db,,,,,,,,,,,,,,,,,,,,,,,,,,,,,,,,,,,,,,,
c192106d-6b8e-46f7-b39e-abd104c4e7c2,canva,1.0,1.0,,,,,,,,,,,,,,,,,,,,,,,,,,,,,,,,,,,,
c199ea46-a253-4c3b-8f1e-b142810f995b,,,,,,,,,,,,,,,,,,,,,,,,,,,,,,,,,,,,,,,
c19d2f3b-86d3-4a42-9fe1-0707fa4eb000,,,,,,,,,,,,,,,,,,,,,,,,,,,,,,,,,,,,,,,
c1a07610-a970-4f98-81cb-535d4566ad50,,,,,,,,,,,,,,,,,,,,,,,,,,,,,,,,,,,,,,,
c1a244a7-2821-41d2-8f99-b387530150c2,,,,,,,,,,,,,,,,,,,,,,,,,,,,,,,,,,,,,,,
c1a578e5-b436-4f2b-b28c-205f53a90911,,,,,,,,,,,,,,,,,,,,,,,,,,,,,,,,,,,,,,,
c1a9ec2b-bd6a-476b-975c-0ba51ff1dc41,,,,,,,,,,,,,,,,,,,,,,,,,,,,,,,,,,,,,,,
c1ae066e-e29b-40b9-a97b-4e7c4cde4989,,,,,,,,,,,,,,,,,,,,,,,,,,,,,,,,,,,,,,,
c1b4a146-4b7f-4519-be2c-2b7f780dffbe,,,,,,,,,,,,,,,,,,,,,,,,,,,,,,,,,,,,,,,
c1bc31ed-351f-4f7d-80cd-07851f107ebe,,,,,,,,,,,,,,,,,,,,,,,,,,,,,,,,,,,,,,,
c1c4157d-22d2-4047-a9d9-0d81456fc7ba,,,,,,,,,,,,,,,,,,,,,,,,,,,,,,,,,,,,,,,
c1c48989-f92f-434f-9c01-37282aa1f509,,,,,,,,,,,,,,,,,,,,,,,,,,,,,,,,,,,,,,,
c1c51ac3-18fa-4f89-88c0-67ad0dc29b39,,,,,,,,,,,,,,,,,,,,,,,,,,,,,,,,,,,,,,,
c1c61adf-692c-4f8c-981a-8fa732c9982f,,,,,,,,,,,,,,,,,,,,,,,,,,,,,,,,,,,,,,,
c1d5a2c0-c4f0-44a6-97e2-7eb2bce90ec4,,,,,,,,,,,,,,,,,,,,,,,,,,,,,,,,,,,,,,,
c1d9d486-f2a8-4270-b405-f82f5f40ad56,,,,,,,,,,,,,,,,,,,,,,,,,,,,,,,,,,,,,,,
c1dd328f-2cf4-4456-9c10-70d5cb058555,,,,,,,,,,,,,,,,,,,,,,,,,,,,,,,,,,,,,,,
c1ec28bf-7b70-41c4-bc2b-0e33b12585f6,,,,,,,,,,,,,,,,,,,,,,,,,,,,,,,,,,,,,,,
c1ee6c2d-002c-4134-8ddb-21fc091c51c6,,,,,,,,,,,,,,,,,,,,,,,,,,,,,,,,,,,,,,,
c1fc99f5-1a57-4481-b690-48b0ac407c33,,,,,,,,,,,,,,,,,,,,,,,,,,,,,,,,,,,,,,,
c2049301-6430-456f-bfa3-70a1cce86cf5,,,,,,,,,,,,,,,,,,,,,,,,,,,,,,,,,,,,,,,
c20d3e6c-d0a3-4c30-9723-490dc18fa6bf,,,,,,,,,,,,,,,,,,,,,,,,,,,,,,,,,,,,,,,
c21a17fc-354c-42be-a694-a09e7c571cf7,,,,,,,,,,,,,,,,,,,,,,,,,,,,,,,,,,,,,,,
c227c2e9-2064-4b02-8889-6414f9b9dd75,,,,,,,,,,,,,,,,,,,,,,,,,,,,,,,,,,,,,,,
c22cbd4c-6898-4eee-a01a-14f3d99ac76e,,,,,,,,,,,,,,,,,,,,,,,,,,,,,,,,,,,,,,,
c2367363-2b69-429e-8179-268c54176b23,,,,,,,,,,,,,,,,,,,,,,,,,,,,,,,,,,,,,,,
c23aece1-cf72-41f9-b121-f684b552fe9b,,,,,,,,,,,,,,,,,,,,,,,,,,,,,,,,,,,,,,,
c23b9793-508f-47fc-aff0-662d865c8814,,,,,,,,,,,,,,,,,,,,,,,,,,,,,,,,,,,,,,,
c244c129-687e-4fca-a675-f642c04720e7,,,,,,,,,,,,,,,,,,,,,,,,,,,,,,,,,,,,,,,
c24ad1ec-cc75-4040-8129-68cfd8e2c3bb,,,,,,,,,,,,,,,,,,,,,,,,,,,,,,,,,,,,,,,
c24bfe5c-4791-42ac-9375-b961b0165594,,,,,,,,,,,,,,,,,,,,,,,,,,,,,,,,,,,,,,,
c250ab06-d227-47b0-8c47-ed08cd9f80de,,,,,,,,,,,,,,,,,,,,,,,,,,,,,,,,,,,,,,,
c254cd14-eceb-4a8c-8d4d-298e4d553b06,,,,,,,,,,,,,,,,,,,,,,,,,,,,,,,,,,,,,,,
c2552fb3-482f-41e9-835e-308ac57ae893,,,,,,,,,,,,,,,,,,,,,,,,,,,,,,,,,,,,,,,
c25d477e-b2c1-4312-9858-8ab465e5fccf,,,,,,,,,,,,,,,,,,,,,,,,,,,,,,,,,,,,,,,
c264dd9b-2eac-4eb3-aa36-f77af15a520d,,,,,,,,,,,,,,,,,,,,,,,,,,,,,,,,,,,,,,,
c269376e-1268-4dda-b850-30e001fcc576,,,,,,,,,,,,,,,,,,,,,,,,,,,,,,,,,,,,,,,
c26eb1f2-d5ef-48e5-9c41-d275ed9f1351,,,,,,,,,,,,,,,,,,,,,,,,,,,,,,,,,,,,,,,
c26f8773-1a85-41cf-89ef-61c8f61f6ba2,,,,,,,,,,,,,,,,,,,,,,,,,,,,,,,,,,,,,,,
c27a2df0-5a90-45cb-b27b-2d7b35e55974,,,,,,,,,,,,,,,,,,,,,,,,,,,,,,,,,,,,,,,
c27eb500-967c-4aaf-b044-c95d66c2661f,,,,,,,,,,,,,,,,,,,,,,,,,,,,,,,,,,,,,,,
c2831908-f7c8-43e5-9554-9dc51d140e32,,,,,,,,,,,,,,,,,,,,,,,,,,,,,,,,,,,,,,,
c290d4d0-4317-4c4b-a587-f4c96104fd26,,,,,,,,,,,,,,,,,,,,,,,,,,,,,,,,,,,,,,,
c297a49f-2659-4f4e-b2f7-7a52c51300b0,qq.com,1.0,1.0,,,,,,,,,,,,,,,,,,,,,,,,,,,,,,,,,,,,
c2a50788-88d6-4592-822a-caf100a820a6,google,1.0,1.0,,,,,,,,,,,,,,,,,,,,,,,,,,,,,,,,,,,,
c2bed636-a941-4240-9833-52c271150a98,,,,,,,,,,,,,,,,,,,,,,,,,,,,,,,,,,,,,,,
c2bff667-8794-49b0-aa66-55b128854830,,,,,,,,,,,,,,,,,,,,,,,,,,,,,,,,,,,,,,,
c2c15778-d584-4b48-b9b1-f8ea2b568bcd,,,,,,,,,,,,,,,,,,,,,,,,,,,,,,,,,,,,,,,
c2c9b50f-4517-4eca-9488-2061d1e37dbb,,,,,,,,,,,,,,,,,,,,,,,,,,,,,,,,,,,,,,,
c2ce0ad2-ca6c-4e71-b9b9-55fa8b90bc9f,,,,,,,,,,,,,,,,,,,,,,,,,,,,,,,,,,,,,,,
c2d8fa7a-2efe-478d-826d-ec472a672e48,,,,,,,,,,,,,,,,,,,,,,,,,,,,,,,,,,,,,,,
c2dc8d07-10f0-461c-be11-03b00d2dbb36,,,,,,,,,,,,,,,,,,,,,,,,,,,,,,,,,,,,,,,
c2de219c-81eb-45d0-9e20-f03abad2e65a,,,,,,,,,,,,,,,,,,,,,,,,,,,,,,,,,,,,,,,
c2e17632-c83d-4892-ac50-d95d6aebe923,,,,,,,,,,,,,,,,,,,,,,,,,,,,,,,,,,,,,,,
c2e2c23c-16b2-4658-8639-35fd22f20bef,,,,,,,,,,,,,,,,,,,,,,,,,,,,,,,,,,,,,,,
c2e8b62d-319b-4313-8cdc-85b41e321962,,,,,,,,,,,,,,,,,,,,,,,,,,,,,,,,,,,,,,,
c2f0b9ed-f605-45b5-aa57-d00246215513,,,,,,,,,,,,,,,,,,,,,,,,,,,,,,,,,,,,,,,
c302c9c5-5e4b-405a-806c-f9253c87d3c9,,,,,,,,,,,,,,,,,,,,,,,,,,,,,,,,,,,,,,,
c30c11de-607a-4a91-a191-0f79aec34072,,,,,,,,,,,,,,,,,,,,,,,,,,,,,,,,,,,,,,,
c30db965-98a0-4c93-9d82-6ac40c5fcd20,,,,,,,,,,,,,,,,,,,,,,,,,,,,,,,,,,,,,,,
c30e3fc7-e77e-4aaf-8e98-96c3836028e2,,,,,,,,,,,,,,,,,,,,,,,,,,,,,,,,,,,,,,,
c314f56b-7b54-43e4-b265-402d8fafbc78,,,,,,,,,,,,,,,,,,,,,,,,,,,,,,,,,,,,,,,
c3166b81-6dd9-4a69-a216-c588d44849f7,,,,,,,,,,,,,,,,,,,,,,,,,,,,,,,,,,,,,,,
c31ec17d-f2ed-45ac-98dd-cd0c0bc394d8,shopify,1.0,1.0,,,,,,,,,,,,,,,,,,,,,,,,,,,,,,,,,,,,
c3235098-81e2-43f0-8e59-ff6011a31bf1,,,,,,,,,,,,,,,,,,,,,,,,,,,,,,,,,,,,,,,
c328b6e3-45cf-440a-8a46-e364492aad96,,,,,,,,,,,,,,,,,,,,,,,,,,,,,,,,,,,,,,,
c32b5192-d267-42ae-8e64-cbc56a9b2be0,,,,,,,,,,,,,,,,,,,,,,,,,,,,,,,,,,,,,,,
c33a15c6-419b-4fb4-9f4c-6c5f82ecaf70,,,,,,,,,,,,,,,,,,,,,,,,,,,,,,,,,,,,,,,
c33c8ced-cb35-41d7-b49e-014d8d17bea8,,,,,,,,,,,,,,,,,,,,,,,,,,,,,,,,,,,,,,,
c341e368-b1d1-491e-ab4d-64b7bebbf3a0,microsoft,1.0,1.0,,,,,,,,,,,,,,,,,,,,,,,,,,,,,,,,,,,,
c34e8d56-14e5-450d-97f2-4121c7be80fa,,,,,,,,,,,,,,,,,,,,,,,,,,,,,,,,,,,,,,,
c350f419-c89e-4adf-83e8-88f13b34db5f,,,,,,,,,,,,,,,,,,,,,,,,,,,,,,,,,,,,,,,
c351f8b8-a19c-457e-b591-b2bb9dbac627,,,,,,,,,,,,,,,,,,,,,,,,,,,,,,,,,,,,,,,
c3546be6-663e-4dd9-b7a4-744fff011e1c,,,,,,,,,,,,,,,,,,,,,,,,,,,,,,,,,,,,,,,
c3594c3f-a621-454a-ab91-cfafd18d1fc1,,,,,,,,,,,,,,,,,,,,,,,,,,,,,,,,,,,,,,,
c3595b73-8d00-4e7c-9b8c-7ad1a33af66c,,,,,,,,,,,,,,,,,,,,,,,,,,,,,,,,,,,,,,,
c3599d58-dbd5-493b-8338-eb4da0fb745b,,,,,,,,,,,,,,,,,,,,,,,,,,,,,,,,,,,,,,,
c35e063e-a693-4f49-ae6d-57b4a6c0c6f3,,,,,,,,,,,,,,,,,,,,,,,,,,,,,,,,,,,,,,,
c35ec8bb-e5bf-4590-8216-700189b259b1,,,,,,,,,,,,,,,,,,,,,,,,,,,,,,,,,,,,,,,
c3696d58-05f8-4540-819f-0320ae11ccf1,,,,,,,,,,,,,,,,,,,,,,,,,,,,,,,,,,,,,,,
c36b7b4a-fdf6-41d9-96fc-35e934e87c05,,,,,,,,,,,,,,,,,,,,,,,,,,,,,,,,,,,,,,,
c36cf28d-e2e0-4820-82ea-5a540f3ee969,squarespace,1.0,1.0,,,,,,,,,,,,,,,,,,,,,,,,,,,,,,,,,,,,
c36d51c8-05d9-4029-a51b-b172b9eff267,,,,,,,,,,,,,,,,,,,,,,,,,,,,,,,,,,,,,,,
c36ee407-2a26-4373-bba4-927e74bfed1e,,,,,,,,,,,,,,,,,,,,,,,,,,,,,,,,,,,,,,,
c36fa440-31b5-4998-82c9-60f120f1622c,,,,,,,,,,,,,,,,,,,,,,,,,,,,,,,,,,,,,,,
c387aab3-b1a2-4bc0-8389-ab2fc7a34e12,,,,,,,,,,,,,,,,,,,,,,,,,,,,,,,,,,,,,,,
c3924575-1878-4f00-b64c-d33bc45ab6f6,,,,,,,,,,,,,,,,,,,,,,,,,,,,,,,,,,,,,,,
c393d205-a226-4dc6-82c1-6c2f1568af14,,,,,,,,,,,,,,,,,,,,,,,,,,,,,,,,,,,,,,,
c395cec6-8240-4b2b-9368-d0b52056d522,,,,,,,,,,,,,,,,,,,,,,,,,,,,,,,,,,,,,,,
c398e5f4-d68f-42dd-916a-2b5a786113a8,,,,,,,,,,,,,,,,,,,,,,,,,,,,,,,,,,,,,,,
c39b8602-832d-49c7-97be-400619692566,,,,,,,,,,,,,,,,,,,,,,,,,,,,,,,,,,,,,,,
c3a42b86-7f17-4728-9381-395b8fdd87d6,,,,,,,,,,,,,,,,,,,,,,,,,,,,,,,,,,,,,,,
c3a43347-c122-48c4-822f-443aac080ed9,,,,,,,,,,,,,,,,,,,,,,,,,,,,,,,,,,,,,,,
c3a525ab-931c-4343-ac85-63ea56602d53,,,,,,,,,,,,,,,,,,,,,,,,,,,,,,,,,,,,,,,
c3abd230-511a-4cf3-9afb-3a6c1a476252,,,,,,,,,,,,,,,,,,,,,,,,,,,,,,,,,,,,,,,
c3b7b7a8-4ff1-4d72-b1f2-4b9c27cc8cff,,,,,,,,,,,,,,,,,,,,,,,,,,,,,,,,,,,,,,,
c3ba9f3d-c442-4fb8-9cab-4e921d54b868,,,,,,,,,,,,,,,,,,,,,,,,,,,,,,,,,,,,,,,
c3c04a72-0007-4a6f-b1d4-4460540ea542,,,,,,,,,,,,,,,,,,,,,,,,,,,,,,,,,,,,,,,
c3c7edb2-6b80-41bf-abaf-5d053a08b428,,,,,,,,,,,,,,,,,,,,,,,,,,,,,,,,,,,,,,,
c3ce65f9-9989-4470-836c-1a309485b996,monster_worldwide,1.0,0.5,shutterstock_inc,1.0,0.5,,,,,,,,,,,,,,,,,,,,,,,,,,,,,,,,,
c3ced0d9-5930-4eaa-b765-28693dc08db1,,,,,,,,,,,,,,,,,,,,,,,,,,,,,,,,,,,,,,,
c3d00df0-af5e-4df0-90dd-8e8bf9ee3e0a,,,,,,,,,,,,,,,,,,,,,,,,,,,,,,,,,,,,,,,
c3d2dc88-559c-4a5d-bf9a-f1465b02445b,,,,,,,,,,,,,,,,,,,,,,,,,,,,,,,,,,,,,,,
c3d8e5ef-0717-4f2f-98cd-bdc4f497a764,,,,,,,,,,,,,,,,,,,,,,,,,,,,,,,,,,,,,,,
c3db6342-7df1-497c-8abd-ed2377a65e10,,,,,,,,,,,,,,,,,,,,,,,,,,,,,,,,,,,,,,,
c3e115d5-d5b9-412f-b0a0-1d366c133128,,,,,,,,,,,,,,,,,,,,,,,,,,,,,,,,,,,,,,,
c3f0e156-ae9e-427c-ad9e-5c752cd98720,,,,,,,,,,,,,,,,,,,,,,,,,,,,,,,,,,,,,,,
c3fbcce4-0445-4787-bb4a-5b64a8cb5292,rambler,1.0,1.0,,,,,,,,,,,,,,,,,,,,,,,,,,,,,,,,,,,,
c3fc815a-12a6-4af9-ae71-84bda7458c49,,,,,,,,,,,,,,,,,,,,,,,,,,,,,,,,,,,,,,,
c4005ed9-b5b1-4f28-9c2d-246b700dcd34,,,,,,,,,,,,,,,,,,,,,,,,,,,,,,,,,,,,,,,
c4015d20-17e1-4c67-a25d-cdcaf376808e,,,,,,,,,,,,,,,,,,,,,,,,,,,,,,,,,,,,,,,
c402db9d-f015-44b3-869b-019be524a643,,,,,,,,,,,,,,,,,,,,,,,,,,,,,,,,,,,,,,,
c4030f23-7a93-4fb5-a87b-240badd4e008,,,,,,,,,,,,,,,,,,,,,,,,,,,,,,,,,,,,,,,
c4039a8e-76e1-4a86-b628-c27d649b0cb7,,,,,,,,,,,,,,,,,,,,,,,,,,,,,,,,,,,,,,,
c40a39e8-d368-4ed9-b879-294b2fd70f5a,connatix,1.0,1.0,,,,,,,,,,,,,,,,,,,,,,,,,,,,,,,,,,,,
c40ae962-13ef-438e-83c9-778cd79817f9,,,,,,,,,,,,,,,,,,,,,,,,,,,,,,,,,,,,,,,
c415efb9-edc5-436c-aec6-062f1fed0536,riskfield,1.0,1.0,,,,,,,,,,,,,,,,,,,,,,,,,,,,,,,,,,,,
c41a1883-0979-44e4-9a31-8d724364907f,,,,,,,,,,,,,,,,,,,,,,,,,,,,,,,,,,,,,,,
c41f2ce0-e88d-4e8b-b61f-13639dfbb6db,,,,,,,,,,,,,,,,,,,,,,,,,,,,,,,,,,,,,,,
c42ac9be-cc24-487b-a390-907ae666cc33,,,,,,,,,,,,,,,,,,,,,,,,,,,,,,,,,,,,,,,
c42bfba7-c4c1-44b6-a99e-ca0c8e072ee6,,,,,,,,,,,,,,,,,,,,,,,,,,,,,,,,,,,,,,,
c42c1db6-e8ff-4019-a131-62ed64785751,,,,,,,,,,,,,,,,,,,,,,,,,,,,,,,,,,,,,,,
c42d3994-8e6e-4aeb-af88-735bc9be4984,,,,,,,,,,,,,,,,,,,,,,,,,,,,,,,,,,,,,,,
c42d4b89-5db6-43a0-81d3-1534055bbcae,,,,,,,,,,,,,,,,,,,,,,,,,,,,,,,,,,,,,,,
c43517f5-d732-4f7a-9606-76b751676ac3,,,,,,,,,,,,,,,,,,,,,,,,,,,,,,,,,,,,,,,
c4361c30-bf5b-4a93-9a0c-664dc7fcaf56,,,,,,,,,,,,,,,,,,,,,,,,,,,,,,,,,,,,,,,
c436ce77-5068-48e0-ab8e-ac2ade0c64fe,,,,,,,,,,,,,,,,,,,,,,,,,,,,,,,,,,,,,,,
c43e6c69-2fab-4540-80da-8e207186fdcd,,,,,,,,,,,,,,,,,,,,,,,,,,,,,,,,,,,,,,,
c451d8ad-1d67-4dd9-beeb-89c87067c658,,,,,,,,,,,,,,,,,,,,,,,,,,,,,,,,,,,,,,,
c45f45f7-5ce3-471c-a7b7-c70ec42c186a,,,,,,,,,,,,,,,,,,,,,,,,,,,,,,,,,,,,,,,
c468aeae-bb50-4e2b-8b05-83a5e2ff8985,,,,,,,,,,,,,,,,,,,,,,,,,,,,,,,,,,,,,,,
c46e355f-9e99-462c-8c6c-ee690eb5d3ed,,,,,,,,,,,,,,,,,,,,,,,,,,,,,,,,,,,,,,,
c47bee7c-0a24-4d2a-8a8f-b71525f92efc,,,,,,,,,,,,,,,,,,,,,,,,,,,,,,,,,,,,,,,
c47d5786-f5d2-4cc1-9762-c64636ec6c05,,,,,,,,,,,,,,,,,,,,,,,,,,,,,,,,,,,,,,,
c47f30c9-077b-4df2-b569-345417856f1a,,,,,,,,,,,,,,,,,,,,,,,,,,,,,,,,,,,,,,,
c4909bf6-3a75-4bd4-a922-5183cc3ecfaa,,,,,,,,,,,,,,,,,,,,,,,,,,,,,,,,,,,,,,,
c492ecaf-87b0-44e3-a56b-0662f0dc83b6,,,,,,,,,,,,,,,,,,,,,,,,,,,,,,,,,,,,,,,
c4a5e98e-ffbc-4349-a67e-54b922ddfdf5,,,,,,,,,,,,,,,,,,,,,,,,,,,,,,,,,,,,,,,
c4a75fe0-32ee-4e7f-b1ca-ae20df9e0c74,,,,,,,,,,,,,,,,,,,,,,,,,,,,,,,,,,,,,,,
c4ace1f5-f43b-4423-a2f2-c86258aa6bd6,,,,,,,,,,,,,,,,,,,,,,,,,,,,,,,,,,,,,,,
c4ae6641-db69-415b-bf61-6416aad7dd62,,,,,,,,,,,,,,,,,,,,,,,,,,,,,,,,,,,,,,,
c4c586c0-31f1-4872-9b91-72ce92a66de7,,,,,,,,,,,,,,,,,,,,,,,,,,,,,,,,,,,,,,,
c4cb9014-fbf9-468c-8896-5cb6e469a19f,,,,,,,,,,,,,,,,,,,,,,,,,,,,,,,,,,,,,,,
c4cdbca3-31b4-4b8c-a64b-b78a0a33892e,,,,,,,,,,,,,,,,,,,,,,,,,,,,,,,,,,,,,,,
c4cfcd6b-603f-4962-8814-1712b9c32b32,,,,,,,,,,,,,,,,,,,,,,,,,,,,,,,,,,,,,,,
c4d3088d-0f9a-4a5f-9e13-15b6a01e6e43,,,,,,,,,,,,,,,,,,,,,,,,,,,,,,,,,,,,,,,
c4d62260-c53f-41de-8351-7e28d8569f78,,,,,,,,,,,,,,,,,,,,,,,,,,,,,,,,,,,,,,,
c4d8f6ca-dd30-455e-9ece-54900a56f245,,,,,,,,,,,,,,,,,,,,,,,,,,,,,,,,,,,,,,,
c4e62f11-28ae-446d-82fe-de414e184491,,,,,,,,,,,,,,,,,,,,,,,,,,,,,,,,,,,,,,,
c4e84636-10e3-45db-bf5a-5a3037744cbc,,,,,,,,,,,,,,,,,,,,,,,,,,,,,,,,,,,,,,,
c4ed5507-feb8-4c1c-b9e7-19fbc60c9601,,,,,,,,,,,,,,,,,,,,,,,,,,,,,,,,,,,,,,,
c4ef81f4-bfc2-45bc-8b64-203efe61787d,,,,,,,,,,,,,,,,,,,,,,,,,,,,,,,,,,,,,,,
c4fdd493-a730-4f57-bd1c-4a4312a4a3d3,,,,,,,,,,,,,,,,,,,,,,,,,,,,,,,,,,,,,,,
c5002fc3-bece-4cba-a72d-6df71e2205bb,,,,,,,,,,,,,,,,,,,,,,,,,,,,,,,,,,,,,,,
c50737d0-37da-415a-a9b9-7277f2ee92fa,,,,,,,,,,,,,,,,,,,,,,,,,,,,,,,,,,,,,,,
c50cfaa4-1d67-49c9-918b-61b758270c3f,,,,,,,,,,,,,,,,,,,,,,,,,,,,,,,,,,,,,,,
c50e8a05-925b-4d89-92f6-46257228b05b,,,,,,,,,,,,,,,,,,,,,,,,,,,,,,,,,,,,,,,
c5182161-9a87-4c5a-9e26-9af2cd966b88,,,,,,,,,,,,,,,,,,,,,,,,,,,,,,,,,,,,,,,
c5188978-839d-40fa-95e4-6f8910da2a9e,,,,,,,,,,,,,,,,,,,,,,,,,,,,,,,,,,,,,,,
c51d23fe-b877-4ee6-ac10-9d1d33f02fc6,,,,,,,,,,,,,,,,,,,,,,,,,,,,,,,,,,,,,,,
c526108e-1396-48ae-af35-efc8115b2459,,,,,,,,,,,,,,,,,,,,,,,,,,,,,,,,,,,,,,,
c533cfb2-0fb9-49b8-97fa-67ce7187b33a,,,,,,,,,,,,,,,,,,,,,,,,,,,,,,,,,,,,,,,
c5353c0b-50f1-4bc4-8be4-74f71d27ed47,,,,,,,,,,,,,,,,,,,,,,,,,,,,,,,,,,,,,,,
c54196d2-20ed-40fc-a8ff-0d3faea22c8f,,,,,,,,,,,,,,,,,,,,,,,,,,,,,,,,,,,,,,,
c5462d08-f925-448d-891f-e2914beb760a,iubenda,1.0,1.0,,,,,,,,,,,,,,,,,,,,,,,,,,,,,,,,,,,,
c548b4d9-9ef0-47b3-8eb8-9a53851dc6ee,,,,,,,,,,,,,,,,,,,,,,,,,,,,,,,,,,,,,,,
c54ce919-bc59-458b-ad3b-4e2ae0556a6f,,,,,,,,,,,,,,,,,,,,,,,,,,,,,,,,,,,,,,,
c558c4df-8027-4ed6-9d94-f82905e6a5ef,,,,,,,,,,,,,,,,,,,,,,,,,,,,,,,,,,,,,,,
c55c0071-3497-47ee-838b-0b43af346233,,,,,,,,,,,,,,,,,,,,,,,,,,,,,,,,,,,,,,,
c561bb17-581c-4e87-aa57-2070d21e617c,,,,,,,,,,,,,,,,,,,,,,,,,,,,,,,,,,,,,,,
c56814fa-6a2c-4bde-8ace-a2e26fdcc918,,,,,,,,,,,,,,,,,,,,,,,,,,,,,,,,,,,,,,,
c56a86da-441f-4f53-bb3d-910cb54b077e,,,,,,,,,,,,,,,,,,,,,,,,,,,,,,,,,,,,,,,
c56ef8bc-7fc5-4c6e-a1bb-bca623313a9a,,,,,,,,,,,,,,,,,,,,,,,,,,,,,,,,,,,,,,,
c575d1f5-9e7a-4cdf-b27c-2d2d78a2c2a3,,,,,,,,,,,,,,,,,,,,,,,,,,,,,,,,,,,,,,,
c578eeeb-5baf-4176-b30f-7066fefd8c75,,,,,,,,,,,,,,,,,,,,,,,,,,,,,,,,,,,,,,,
c57bc99e-0ed5-42c3-bacb-db82a6f7fe43,,,,,,,,,,,,,,,,,,,,,,,,,,,,,,,,,,,,,,,
c5804148-d286-49b1-b2cd-11ed8c14e326,,,,,,,,,,,,,,,,,,,,,,,,,,,,,,,,,,,,,,,
c5864a23-c028-4be4-9bc7-c56b8c12a228,,,,,,,,,,,,,,,,,,,,,,,,,,,,,,,,,,,,,,,
c58b7de9-c81c-468b-a529-221451ba4db2,,,,,,,,,,,,,,,,,,,,,,,,,,,,,,,,,,,,,,,
c58b8fbb-0a57-4c9c-89b9-c7af78713ece,wikimedia_foundation,1.0,1.0,,,,,,,,,,,,,,,,,,,,,,,,,,,,,,,,,,,,
c58cc29c-4f4b-451a-b5ae-04ef6f713ee5,,,,,,,,,,,,,,,,,,,,,,,,,,,,,,,,,,,,,,,
c59329e7-47f6-41dd-a934-264a133990ea,,,,,,,,,,,,,,,,,,,,,,,,,,,,,,,,,,,,,,,
c593e3f4-45c9-43e6-96f7-87df869e558e,,,,,,,,,,,,,,,,,,,,,,,,,,,,,,,,,,,,,,,
c595f6cd-305f-4751-8b4e-e675c7d11f55,,,,,,,,,,,,,,,,,,,,,,,,,,,,,,,,,,,,,,,
c5994e8b-e230-4f02-a96f-84e2dceda64f,,,,,,,,,,,,,,,,,,,,,,,,,,,,,,,,,,,,,,,
c59ad2ab-a082-45c2-b205-d509bf80c379,,,,,,,,,,,,,,,,,,,,,,,,,,,,,,,,,,,,,,,
c5a852e9-dd4b-4a2e-b753-1ee17b5e3efc,,,,,,,,,,,,,,,,,,,,,,,,,,,,,,,,,,,,,,,
c5b00404-5e71-4a3b-b7de-b04e45994c94,,,,,,,,,,,,,,,,,,,,,,,,,,,,,,,,,,,,,,,
c5b8af98-c200-47ae-a16a-d1cab73d79d9,squarespace,1.0,1.0,,,,,,,,,,,,,,,,,,,,,,,,,,,,,,,,,,,,
c5b8c025-99c9-4ce4-a6ad-0a3d1250dc6d,,,,,,,,,,,,,,,,,,,,,,,,,,,,,,,,,,,,,,,
c5be1e1e-549e-45c8-88cf-ef749298a4bd,,,,,,,,,,,,,,,,,,,,,,,,,,,,,,,,,,,,,,,
c5d489ea-4d68-4d04-880c-866fa50e307a,,,,,,,,,,,,,,,,,,,,,,,,,,,,,,,,,,,,,,,
c5d95254-1db6-44c3-b587-558314ae338c,salesforce,1.0,1.0,,,,,,,,,,,,,,,,,,,,,,,,,,,,,,,,,,,,
c5db534f-eabc-497e-94af-7579891f4924,,,,,,,,,,,,,,,,,,,,,,,,,,,,,,,,,,,,,,,
c5def84f-4bc9-4daf-b4fa-e14f900020ed,,,,,,,,,,,,,,,,,,,,,,,,,,,,,,,,,,,,,,,
c5e45d09-f1b0-4853-b19e-a9f5a1158199,,,,,,,,,,,,,,,,,,,,,,,,,,,,,,,,,,,,,,,
c5e86674-ec8f-4c74-af39-83eb4db7b260,,,,,,,,,,,,,,,,,,,,,,,,,,,,,,,,,,,,,,,
c5e9e09d-c307-453f-bb17-4cd8d2cf4294,,,,,,,,,,,,,,,,,,,,,,,,,,,,,,,,,,,,,,,
c5f1cefd-8bca-417a-b307-6992f5698288,,,,,,,,,,,,,,,,,,,,,,,,,,,,,,,,,,,,,,,
c6005716-621a-4e1b-9ef1-690aec9798c2,,,,,,,,,,,,,,,,,,,,,,,,,,,,,,,,,,,,,,,
c602f61d-8134-43cf-b900-3df7fa98dded,,,,,,,,,,,,,,,,,,,,,,,,,,,,,,,,,,,,,,,
c603e05b-988a-497b-b4f8-6f113b154f07,,,,,,,,,,,,,,,,,,,,,,,,,,,,,,,,,,,,,,,
c6049501-f2df-4204-8214-a44b97b7a4b2,,,,,,,,,,,,,,,,,,,,,,,,,,,,,,,,,,,,,,,
c606b5f1-33bc-4a9a-82f0-e0a043d47a3c,wikimedia_foundation,1.0,1.0,,,,,,,,,,,,,,,,,,,,,,,,,,,,,,,,,,,,
c6081dec-1792-4ddd-b34f-dbb6792fe691,,,,,,,,,,,,,,,,,,,,,,,,,,,,,,,,,,,,,,,
c60b5302-c0c3-4890-ab0d-dfcf72cd230b,,,,,,,,,,,,,,,,,,,,,,,,,,,,,,,,,,,,,,,
c60b5c28-d627-4be4-80fc-a89603a0a6fd,,,,,,,,,,,,,,,,,,,,,,,,,,,,,,,,,,,,,,,
c60bfa9a-e145-4765-bcca-69792b41e107,,,,,,,,,,,,,,,,,,,,,,,,,,,,,,,,,,,,,,,
c614c3ce-2347-4b5f-a650-457dae30e747,,,,,,,,,,,,,,,,,,,,,,,,,,,,,,,,,,,,,,,
c61b4a6b-7fec-4bd3-8772-b3f6a1209eaf,,,,,,,,,,,,,,,,,,,,,,,,,,,,,,,,,,,,,,,
c620503d-0bb5-41a6-9419-8bac3efd448d,baidu,1.0,0.5,qq.com,1.0,0.5,,,,,,,,,,,,,,,,,,,,,,,,,,,,,,,,,
c62a0eae-a40b-47df-bd41-74ecc321eac9,,,,,,,,,,,,,,,,,,,,,,,,,,,,,,,,,,,,,,,
c62a1144-fd06-43a9-bb83-afe688c45b5a,,,,,,,,,,,,,,,,,,,,,,,,,,,,,,,,,,,,,,,
c62fc7c8-cf8c-4583-b382-92e557a80a3d,,,,,,,,,,,,,,,,,,,,,,,,,,,,,,,,,,,,,,,
c63be1c8-6aca-4aee-bdfc-c927ec16a418,wikimedia_foundation,1.0,1.0,,,,,,,,,,,,,,,,,,,,,,,,,,,,,,,,,,,,
c63ddb13-e7c0-4274-b479-d6e7fcc516bb,,,,,,,,,,,,,,,,,,,,,,,,,,,,,,,,,,,,,,,
c64e7c01-3c83-4940-b8ca-2a10ab4a3106,,,,,,,,,,,,,,,,,,,,,,,,,,,,,,,,,,,,,,,
c652d42b-4b2c-40d7-b33c-2de47aaf079f,,,,,,,,,,,,,,,,,,,,,,,,,,,,,,,,,,,,,,,
c65f469b-0f7b-4605-b043-66b5786a7e87,,,,,,,,,,,,,,,,,,,,,,,,,,,,,,,,,,,,,,,
c665c036-3162-46ef-9ba4-fe568e754cc6,,,,,,,,,,,,,,,,,,,,,,,,,,,,,,,,,,,,,,,
c6692eea-fb0a-4b77-a249-a46f7fc60c32,,,,,,,,,,,,,,,,,,,,,,,,,,,,,,,,,,,,,,,
c66dc261-33b3-495b-bd14-618486a77327,,,,,,,,,,,,,,,,,,,,,,,,,,,,,,,,,,,,,,,
c66fa37c-5eb0-4071-91aa-9b55934ffc7f,,,,,,,,,,,,,,,,,,,,,,,,,,,,,,,,,,,,,,,
c67a5b86-04dc-4a29-884a-e110997fede9,,,,,,,,,,,,,,,,,,,,,,,,,,,,,,,,,,,,,,,
c67be6cf-c396-4d2c-8e64-c18f22075793,,,,,,,,,,,,,,,,,,,,,,,,,,,,,,,,,,,,,,,
c67d63ba-f277-4fbe-8364-c2add2cf4334,,,,,,,,,,,,,,,,,,,,,,,,,,,,,,,,,,,,,,,
c681a0ff-49a9-49e5-a6a7-ca14fccffef7,,,,,,,,,,,,,,,,,,,,,,,,,,,,,,,,,,,,,,,
c6836251-5574-4212-838e-69e73b3c5ae9,,,,,,,,,,,,,,,,,,,,,,,,,,,,,,,,,,,,,,,
c685ce69-deea-4117-9e6e-14b603d978bc,,,,,,,,,,,,,,,,,,,,,,,,,,,,,,,,,,,,,,,
c689d317-5e96-4cf5-89c6-ea2d325f7bdd,,,,,,,,,,,,,,,,,,,,,,,,,,,,,,,,,,,,,,,
c68ee872-14d3-4e79-9163-d7567a7c0ab8,,,,,,,,,,,,,,,,,,,,,,,,,,,,,,,,,,,,,,,
c69854d5-f0bc-4122-b6c5-368dcc56a454,,,,,,,,,,,,,,,,,,,,,,,,,,,,,,,,,,,,,,,
c69b43dc-34a3-4a66-9198-b6edd8f40cf0,,,,,,,,,,,,,,,,,,,,,,,,,,,,,,,,,,,,,,,
c6a5b0cb-2d1f-464d-bfba-4e234eaf60cb,,,,,,,,,,,,,,,,,,,,,,,,,,,,,,,,,,,,,,,
c6a67a12-72df-4996-978f-1929ab42ea55,,,,,,,,,,,,,,,,,,,,,,,,,,,,,,,,,,,,,,,
c6b01e7e-b8a3-4f64-9e3c-2ae23a71f5b9,,,,,,,,,,,,,,,,,,,,,,,,,,,,,,,,,,,,,,,
c6b9002f-2a85-41c7-835b-0093a35db4bc,,,,,,,,,,,,,,,,,,,,,,,,,,,,,,,,,,,,,,,
c6be721f-656a-4d5a-a11a-23b9e6ea87ec,,,,,,,,,,,,,,,,,,,,,,,,,,,,,,,,,,,,,,,
c6c06b6a-9324-4aae-9b33-3b38cc073fd7,,,,,,,,,,,,,,,,,,,,,,,,,,,,,,,,,,,,,,,
c6cd3f48-1e59-4931-84ee-7de470a3b39d,,,,,,,,,,,,,,,,,,,,,,,,,,,,,,,,,,,,,,,
c6d4b669-bce3-46dd-a715-1e31a23c0f88,,,,,,,,,,,,,,,,,,,,,,,,,,,,,,,,,,,,,,,
c6d80220-0fbd-4267-a746-461cc2c4dfad,,,,,,,,,,,,,,,,,,,,,,,,,,,,,,,,,,,,,,,
c6e3d78d-b22e-43cd-a51a-2185947b7e89,,,,,,,,,,,,,,,,,,,,,,,,,,,,,,,,,,,,,,,
c6e46365-d17b-4bf7-9690-e33c7ecd59d6,twilio,1.0,0.5,orange_mobile,1.0,0.5,,,,,,,,,,,,,,,,,,,,,,,,,,,,,,,,,
c6e5f217-1aef-40f6-a504-d5ead157da53,,,,,,,,,,,,,,,,,,,,,,,,,,,,,,,,,,,,,,,
c6f5b339-e376-4b97-b44a-f4b33bcc5100,,,,,,,,,,,,,,,,,,,,,,,,,,,,,,,,,,,,,,,
c70a8e8b-cc24-4cf7-9744-ba3d78ca3e29,,,,,,,,,,,,,,,,,,,,,,,,,,,,,,,,,,,,,,,
c70ce240-dc6e-4662-a6f5-c76bdc6d7a88,,,,,,,,,,,,,,,,,,,,,,,,,,,,,,,,,,,,,,,
c712e2ef-47a1-4bd5-bbff-85bdf33970c9,,,,,,,,,,,,,,,,,,,,,,,,,,,,,,,,,,,,,,,
c718ae53-3511-4c13-a0f3-31b43c158c86,,,,,,,,,,,,,,,,,,,,,,,,,,,,,,,,,,,,,,,
c7211e54-d534-42e5-a1ff-372413b76664,,,,,,,,,,,,,,,,,,,,,,,,,,,,,,,,,,,,,,,
c721ad10-431f-43a7-b1f0-07ef4dc3c9e0,,,,,,,,,,,,,,,,,,,,,,,,,,,,,,,,,,,,,,,
c7243e15-da5c-4050-becc-82e915b65abb,qq.com,1.0,1.0,,,,,,,,,,,,,,,,,,,,,,,,,,,,,,,,,,,,
c727b129-50d8-460b-b40f-9cc82ebcc2d8,,,,,,,,,,,,,,,,,,,,,,,,,,,,,,,,,,,,,,,
c7287a1b-b700-4c5c-b237-2f104b7665b0,,,,,,,,,,,,,,,,,,,,,,,,,,,,,,,,,,,,,,,
c729ac99-b844-4c97-aacb-0f37c0ea03bd,,,,,,,,,,,,,,,,,,,,,,,,,,,,,,,,,,,,,,,
c733e0ba-ab19-4624-8e76-d7f2433a93c8,,,,,,,,,,,,,,,,,,,,,,,,,,,,,,,,,,,,,,,
c738dadc-891d-41f3-b7af-43820c45c8bd,,,,,,,,,,,,,,,,,,,,,,,,,,,,,,,,,,,,,,,
c73e1a57-b855-4966-b59a-b7751e775404,,,,,,,,,,,,,,,,,,,,,,,,,,,,,,,,,,,,,,,
c7482123-6838-4d43-894d-d199e39f5e52,,,,,,,,,,,,,,,,,,,,,,,,,,,,,,,,,,,,,,,
c74e838d-e2b6-4b77-8b68-fe0358931dcd,,,,,,,,,,,,,,,,,,,,,,,,,,,,,,,,,,,,,,,
c7545ebf-f0a7-4d1c-8e88-66626eff8a40,,,,,,,,,,,,,,,,,,,,,,,,,,,,,,,,,,,,,,,
c759e6cb-0e9a-4fa3-bce2-524fdba1e018,,,,,,,,,,,,,,,,,,,,,,,,,,,,,,,,,,,,,,,
c762ea66-4703-404e-a803-477f5f9d3717,,,,,,,,,,,,,,,,,,,,,,,,,,,,,,,,,,,,,,,
c76c1c12-83eb-4c47-9c20-0d2d1af36f0a,,,,,,,,,,,,,,,,,,,,,,,,,,,,,,,,,,,,,,,
c76ce2f1-1b85-48bd-89e8-b24ff8f17c90,,,,,,,,,,,,,,,,,,,,,,,,,,,,,,,,,,,,,,,
c76d77b2-f7e3-4071-98fc-590e92174ffb,,,,,,,,,,,,,,,,,,,,,,,,,,,,,,,,,,,,,,,
c7717a69-6416-420c-b81c-4743d432f3bc,,,,,,,,,,,,,,,,,,,,,,,,,,,,,,,,,,,,,,,
c774189d-5193-4473-97f0-89b1fbd1c948,,,,,,,,,,,,,,,,,,,,,,,,,,,,,,,,,,,,,,,
c77f515d-3507-4c23-a351-dad09e378688,,,,,,,,,,,,,,,,,,,,,,,,,,,,,,,,,,,,,,,
c786497a-c97f-4960-98bd-00f4fbb1e14d,,,,,,,,,,,,,,,,,,,,,,,,,,,,,,,,,,,,,,,
c7877737-0cdf-4de0-b762-345d22ba0a03,,,,,,,,,,,,,,,,,,,,,,,,,,,,,,,,,,,,,,,
c78da68f-54fa-4358-ac51-7ab07a78c789,,,,,,,,,,,,,,,,,,,,,,,,,,,,,,,,,,,,,,,
c78f2e0c-8868-462d-bdb8-857b34f38f87,,,,,,,,,,,,,,,,,,,,,,,,,,,,,,,,,,,,,,,
c790b34e-b6ff-416a-b5e0-bb4221bd8e98,,,,,,,,,,,,,,,,,,,,,,,,,,,,,,,,,,,,,,,
c79560bf-30cf-41fa-8271-0d1b338cc94e,,,,,,,,,,,,,,,,,,,,,,,,,,,,,,,,,,,,,,,
c7973e19-6f96-43b4-a899-a61500f3dd20,,,,,,,,,,,,,,,,,,,,,,,,,,,,,,,,,,,,,,,
c798eaf7-ec0e-47c8-8483-4ffd12cc395c,,,,,,,,,,,,,,,,,,,,,,,,,,,,,,,,,,,,,,,
c7992e77-6d6d-4b0f-8995-4518aae74b7e,,,,,,,,,,,,,,,,,,,,,,,,,,,,,,,,,,,,,,,
c7a06f6e-0332-4503-91e6-f0a2563ea7de,,,,,,,,,,,,,,,,,,,,,,,,,,,,,,,,,,,,,,,
c7a4e656-74fe-4f11-bb80-7d1044d66016,,,,,,,,,,,,,,,,,,,,,,,,,,,,,,,,,,,,,,,
c7ab20b2-2bf2-43c4-a6fe-9175b60069b1,,,,,,,,,,,,,,,,,,,,,,,,,,,,,,,,,,,,,,,
c7ac0839-e7f6-45c4-b014-673c97e1927f,,,,,,,,,,,,,,,,,,,,,,,,,,,,,,,,,,,,,,,
c7af300c-3873-409f-93bf-a28b4c7789e5,,,,,,,,,,,,,,,,,,,,,,,,,,,,,,,,,,,,,,,
c7b276a2-aa92-4523-9fd3-ee5e865b8af4,,,,,,,,,,,,,,,,,,,,,,,,,,,,,,,,,,,,,,,
c7c8f234-8b8b-439f-87b5-bb6e145351e9,qualtrics,1.0,1.0,,,,,,,,,,,,,,,,,,,,,,,,,,,,,,,,,,,,
c7c9c398-64b5-4138-9cbe-aad166515897,,,,,,,,,,,,,,,,,,,,,,,,,,,,,,,,,,,,,,,
c7e1b7e2-7af4-4fbc-a3b1-d5ce276cb403,,,,,,,,,,,,,,,,,,,,,,,,,,,,,,,,,,,,,,,
c7e3d1fe-5659-4178-a239-83b281dbe5cd,zendesk,1.0,1.0,,,,,,,,,,,,,,,,,,,,,,,,,,,,,,,,,,,,
c7e9d2a1-cd5a-4edc-a159-06a8d6b92cae,cloudflare,1.0,1.0,,,,,,,,,,,,,,,,,,,,,,,,,,,,,,,,,,,,
c7f23ea3-98d3-43a4-98c8-e29a7d361535,,,,,,,,,,,,,,,,,,,,,,,,,,,,,,,,,,,,,,,
c7f31567-e688-4e63-ad2e-50df8e1b5e53,,,,,,,,,,,,,,,,,,,,,,,,,,,,,,,,,,,,,,,
c7f8aa06-509c-41d6-8ec7-d8c2b05499ed,,,,,,,,,,,,,,,,,,,,,,,,,,,,,,,,,,,,,,,
c7fccf5d-1fc9-42c8-b71a-e082a28ab4f4,,,,,,,,,,,,,,,,,,,,,,,,,,,,,,,,,,,,,,,
c7fee601-d46d-4981-9bdb-a8272aed2c88,,,,,,,,,,,,,,,,,,,,,,,,,,,,,,,,,,,,,,,
c806d643-8e53-40ad-a68a-19bd279a9874,,,,,,,,,,,,,,,,,,,,,,,,,,,,,,,,,,,,,,,
c807e49a-67fe-4ec5-b176-5c1cb6f64f2b,,,,,,,,,,,,,,,,,,,,,,,,,,,,,,,,,,,,,,,
c81c1f12-0d2d-4f0d-9660-f400932fba24,,,,,,,,,,,,,,,,,,,,,,,,,,,,,,,,,,,,,,,
c81c55e4-e7ce-4ce9-bd14-b1fa9afb9dfd,automattic,1.0,1.0,,,,,,,,,,,,,,,,,,,,,,,,,,,,,,,,,,,,
c8207b83-5d1b-4fcd-af69-1bdb302b0a19,,,,,,,,,,,,,,,,,,,,,,,,,,,,,,,,,,,,,,,
c8241afb-fcf0-4806-8e5a-d0bfba8f4a19,,,,,,,,,,,,,,,,,,,,,,,,,,,,,,,,,,,,,,,
c82737f5-3b18-413e-8c2d-55bf650ff90b,,,,,,,,,,,,,,,,,,,,,,,,,,,,,,,,,,,,,,,
c82a21b7-261b-43e7-9b16-d5924ddd43cf,,,,,,,,,,,,,,,,,,,,,,,,,,,,,,,,,,,,,,,
c830d96f-99e6-4f37-9cd8-b222a2bcf795,,,,,,,,,,,,,,,,,,,,,,,,,,,,,,,,,,,,,,,
c831d76f-f428-489c-83ff-3ce86f20e541,,,,,,,,,,,,,,,,,,,,,,,,,,,,,,,,,,,,,,,
c8372321-4baf-4bb3-82af-0ac05be9222c,,,,,,,,,,,,,,,,,,,,,,,,,,,,,,,,,,,,,,,
c8405a3e-c029-4f96-9917-7c7e731f0ac8,,,,,,,,,,,,,,,,,,,,,,,,,,,,,,,,,,,,,,,
c840aec3-d8b0-4ee0-b36b-2c0b6427f49c,wikimedia_foundation,2.0,1.0,,,,,,,,,,,,,,,,,,,,,,,,,,,,,,,,,,,,
c8545043-e491-433d-ac11-b9adec1cce6c,,,,,,,,,,,,,,,,,,,,,,,,,,,,,,,,,,,,,,,
c85c93dd-c16a-4d36-9465-47f92aa66ea9,,,,,,,,,,,,,,,,,,,,,,,,,,,,,,,,,,,,,,,
c8685710-7a21-432d-9191-2c7bc37dddbc,,,,,,,,,,,,,,,,,,,,,,,,,,,,,,,,,,,,,,,
c8686746-fe0c-48b7-ad86-45431e2d6257,,,,,,,,,,,,,,,,,,,,,,,,,,,,,,,,,,,,,,,
c86a76c5-e15c-403c-beb6-e9aef4fa25eb,,,,,,,,,,,,,,,,,,,,,,,,,,,,,,,,,,,,,,,
c86dc6ae-a5e5-4b75-b7e2-ba4b7ecc1cda,,,,,,,,,,,,,,,,,,,,,,,,,,,,,,,,,,,,,,,
c86e2171-ec27-4a56-bf9a-ca3bbf94d5b0,,,,,,,,,,,,,,,,,,,,,,,,,,,,,,,,,,,,,,,
c86f2248-b803-4563-b77a-fa62ac9dbb35,,,,,,,,,,,,,,,,,,,,,,,,,,,,,,,,,,,,,,,
c88e0f77-d96a-4848-b79f-fe9e6e5d3025,,,,,,,,,,,,,,,,,,,,,,,,,,,,,,,,,,,,,,,
c8962737-6141-4d81-afe5-5426031fbb12,,,,,,,,,,,,,,,,,,,,,,,,,,,,,,,,,,,,,,,
c8a73fa5-02da-4969-8b39-03679133b871,,,,,,,,,,,,,,,,,,,,,,,,,,,,,,,,,,,,,,,
c8aa75a9-8e79-4d94-bbd1-6af2f16a16d7,,,,,,,,,,,,,,,,,,,,,,,,,,,,,,,,,,,,,,,
c8aaa242-d236-40bf-83b4-8773139df0bd,,,,,,,,,,,,,,,,,,,,,,,,,,,,,,,,,,,,,,,
c8ac18de-66d6-4d0d-b6d8-29ef2d56bf98,,,,,,,,,,,,,,,,,,,,,,,,,,,,,,,,,,,,,,,
c8b2076d-cb4b-4105-bbc0-524f473e7e16,,,,,,,,,,,,,,,,,,,,,,,,,,,,,,,,,,,,,,,
c8b272a8-ff53-4c24-95e9-4d4a245ec32a,,,,,,,,,,,,,,,,,,,,,,,,,,,,,,,,,,,,,,,
c8ba4ba0-3ce6-4643-bf52-94089d6c5b18,,,,,,,,,,,,,,,,,,,,,,,,,,,,,,,,,,,,,,,
c8ba4fd2-934b-4532-b265-418646a0309b,,,,,,,,,,,,,,,,,,,,,,,,,,,,,,,,,,,,,,,
c8bae6ee-df43-4abf-81b5-a9579d8b4610,,,,,,,,,,,,,,,,,,,,,,,,,,,,,,,,,,,,,,,
c8bb919f-a30f-43d7-a5a1-620159313565,,,,,,,,,,,,,,,,,,,,,,,,,,,,,,,,,,,,,,,
c8c18148-0025-424f-8a4e-c267996024a0,,,,,,,,,,,,,,,,,,,,,,,,,,,,,,,,,,,,,,,
c8c663f4-314a-4c76-8432-3377fe7b8f1b,,,,,,,,,,,,,,,,,,,,,,,,,,,,,,,,,,,,,,,
c8ce798b-b538-43f1-ab38-7bbe53985b00,,,,,,,,,,,,,,,,,,,,,,,,,,,,,,,,,,,,,,,
c8d478b4-e6e6-416f-a97c-127d828ca68a,,,,,,,,,,,,,,,,,,,,,,,,,,,,,,,,,,,,,,,
c8d582cb-9c11-41a5-a498-0a0efe452cf8,,,,,,,,,,,,,,,,,,,,,,,,,,,,,,,,,,,,,,,
c8e57d8c-4cbc-4ca4-b813-0d115ca9343e,,,,,,,,,,,,,,,,,,,,,,,,,,,,,,,,,,,,,,,
c8ee9848-0e76-4cfb-9550-8cbe70481251,,,,,,,,,,,,,,,,,,,,,,,,,,,,,,,,,,,,,,,
c8ef158d-5835-4550-9688-3ae17a1809a1,,,,,,,,,,,,,,,,,,,,,,,,,,,,,,,,,,,,,,,
c8f09603-4978-4221-9cb4-5c6d0daf0386,,,,,,,,,,,,,,,,,,,,,,,,,,,,,,,,,,,,,,,
c8f80b3e-8a43-4bca-b91f-f2035bbbde6b,,,,,,,,,,,,,,,,,,,,,,,,,,,,,,,,,,,,,,,
c8f90aaa-2643-4c9e-834a-984df5cdec25,,,,,,,,,,,,,,,,,,,,,,,,,,,,,,,,,,,,,,,
c8fba639-1d6d-4221-a27b-34624a4b8a18,,,,,,,,,,,,,,,,,,,,,,,,,,,,,,,,,,,,,,,
c8fffe64-e673-4306-9551-463c111bf16e,,,,,,,,,,,,,,,,,,,,,,,,,,,,,,,,,,,,,,,
c9086e75-bf68-433b-828f-bbc184ce6b06,,,,,,,,,,,,,,,,,,,,,,,,,,,,,,,,,,,,,,,
c90c9126-f4c9-4137-b05a-bb0c3fedd5ed,,,,,,,,,,,,,,,,,,,,,,,,,,,,,,,,,,,,,,,
c90da5b4-40db-466a-baa0-2b3be8fb6629,,,,,,,,,,,,,,,,,,,,,,,,,,,,,,,,,,,,,,,
c91e6d28-a68f-4d2a-a7dd-254bcc548c16,,,,,,,,,,,,,,,,,,,,,,,,,,,,,,,,,,,,,,,
c921e2b8-56c0-4003-b764-f6b35ce4d432,,,,,,,,,,,,,,,,,,,,,,,,,,,,,,,,,,,,,,,
c928073a-f2ed-413f-a216-87e08bf8f28a,,,,,,,,,,,,,,,,,,,,,,,,,,,,,,,,,,,,,,,
c92c3678-bb25-4113-8d0c-9f0ea801b094,,,,,,,,,,,,,,,,,,,,,,,,,,,,,,,,,,,,,,,
c9333c26-225c-4ccf-81cd-1ef469e00461,,,,,,,,,,,,,,,,,,,,,,,,,,,,,,,,,,,,,,,
c938ef5d-a59c-4e62-a6be-f0b6144e22a9,,,,,,,,,,,,,,,,,,,,,,,,,,,,,,,,,,,,,,,
c939153e-6977-429d-8968-3884b4c4f23b,,,,,,,,,,,,,,,,,,,,,,,,,,,,,,,,,,,,,,,
c93f7155-fe87-4117-9f9b-7a6b9588efae,,,,,,,,,,,,,,,,,,,,,,,,,,,,,,,,,,,,,,,
c94100b5-3a35-4942-8185-2f181bc5f210,,,,,,,,,,,,,,,,,,,,,,,,,,,,,,,,,,,,,,,
c9414add-c64e-4105-8d05-999d26c1a922,wikimedia_foundation,1.0,1.0,,,,,,,,,,,,,,,,,,,,,,,,,,,,,,,,,,,,
c9438b66-c9ac-484e-a0dc-9872656d7f3e,,,,,,,,,,,,,,,,,,,,,,,,,,,,,,,,,,,,,,,
c94aabd1-7324-4444-a45a-8090b4d975f5,,,,,,,,,,,,,,,,,,,,,,,,,,,,,,,,,,,,,,,
c94c3ac0-fbdd-4098-b59f-38762af2f412,microsoft,1.0,1.0,,,,,,,,,,,,,,,,,,,,,,,,,,,,,,,,,,,,
c94fbd79-00f9-4e16-a63b-af501eb20a29,,,,,,,,,,,,,,,,,,,,,,,,,,,,,,,,,,,,,,,
c95d58e8-12c0-4bde-871f-20e7ef6a9b9c,mntn,1.0,1.0,,,,,,,,,,,,,,,,,,,,,,,,,,,,,,,,,,,,
c9672b9b-d5ca-4cac-933a-2a2309c386b5,,,,,,,,,,,,,,,,,,,,,,,,,,,,,,,,,,,,,,,
c9686eaa-ff67-4c9b-84e2-cccae00c0eed,,,,,,,,,,,,,,,,,,,,,,,,,,,,,,,,,,,,,,,
c96b0457-85f7-4e7b-a956-eca2e6da7804,,,,,,,,,,,,,,,,,,,,,,,,,,,,,,,,,,,,,,,
c96c2328-2d41-4ae8-a95f-f48efe0abaf0,,,,,,,,,,,,,,,,,,,,,,,,,,,,,,,,,,,,,,,
c96cf69c-e6ba-48d6-9ce6-5ca7c0cb7fae,,,,,,,,,,,,,,,,,,,,,,,,,,,,,,,,,,,,,,,
c9770694-0ed5-47a0-a276-b92cfacf5140,,,,,,,,,,,,,,,,,,,,,,,,,,,,,,,,,,,,,,,
c97f96a4-7d2b-4bf9-9426-72b7593d088e,,,,,,,,,,,,,,,,,,,,,,,,,,,,,,,,,,,,,,,
c98844cb-9c0c-4db4-9e80-8405473fb6a8,,,,,,,,,,,,,,,,,,,,,,,,,,,,,,,,,,,,,,,
c98909bb-1e97-41b8-8626-036cc5428c34,,,,,,,,,,,,,,,,,,,,,,,,,,,,,,,,,,,,,,,
c989c4a5-844c-4aaf-a984-7591f6d61464,wikimedia_foundation,1.0,1.0,,,,,,,,,,,,,,,,,,,,,,,,,,,,,,,,,,,,
c98ed64f-919e-4dd6-8cf5-20a71d173502,,,,,,,,,,,,,,,,,,,,,,,,,,,,,,,,,,,,,,,
c9bab4be-fdc7-4d11-a52a-6a0bf1ae0039,,,,,,,,,,,,,,,,,,,,,,,,,,,,,,,,,,,,,,,
c9c13428-83ef-4a75-b37e-bd6964b5eff6,,,,,,,,,,,,,,,,,,,,,,,,,,,,,,,,,,,,,,,
c9c6b61e-5d80-4867-bd64-b76cc5f545d1,,,,,,,,,,,,,,,,,,,,,,,,,,,,,,,,,,,,,,,
c9d00f8a-f90e-43a2-8ddf-32d5cecc1747,,,,,,,,,,,,,,,,,,,,,,,,,,,,,,,,,,,,,,,
c9d26f52-d082-443a-9d5b-7ab745cb7034,,,,,,,,,,,,,,,,,,,,,,,,,,,,,,,,,,,,,,,
c9eb8661-eef7-4ecf-a8ab-f9efb812ef7e,,,,,,,,,,,,,,,,,,,,,,,,,,,,,,,,,,,,,,,
c9f7e59c-6ae4-49e7-a476-588662b39993,,,,,,,,,,,,,,,,,,,,,,,,,,,,,,,,,,,,,,,
c9f96f5f-7f38-4613-8d04-5e5403b4e836,,,,,,,,,,,,,,,,,,,,,,,,,,,,,,,,,,,,,,,
c9ff9ee7-c2c6-4886-9141-199077771436,,,,,,,,,,,,,,,,,,,,,,,,,,,,,,,,,,,,,,,
ca0f4aad-b188-4c12-b570-15ab6d58ae89,,,,,,,,,,,,,,,,,,,,,,,,,,,,,,,,,,,,,,,
ca19c446-a493-40a6-945b-a77a8002b9ce,,,,,,,,,,,,,,,,,,,,,,,,,,,,,,,,,,,,,,,
ca26f2b9-605f-4bd6-8daa-8e778c7ee789,,,,,,,,,,,,,,,,,,,,,,,,,,,,,,,,,,,,,,,
ca28e1cc-2821-4886-ba7a-cf1c236088f6,,,,,,,,,,,,,,,,,,,,,,,,,,,,,,,,,,,,,,,
ca2d1b4a-06dc-4a93-9ca0-e9dc6272458f,,,,,,,,,,,,,,,,,,,,,,,,,,,,,,,,,,,,,,,
ca324121-77c2-47cd-93da-849788554cee,,,,,,,,,,,,,,,,,,,,,,,,,,,,,,,,,,,,,,,
ca3dff93-18b6-49a6-a213-a7e549101ac2,,,,,,,,,,,,,,,,,,,,,,,,,,,,,,,,,,,,,,,
ca3e43dc-ee42-4504-9306-db0e484a1041,,,,,,,,,,,,,,,,,,,,,,,,,,,,,,,,,,,,,,,
ca440e1f-d519-4b73-a679-3f52ea5a63d9,,,,,,,,,,,,,,,,,,,,,,,,,,,,,,,,,,,,,,,
ca4c0439-755e-42ed-afff-9cc237b28627,,,,,,,,,,,,,,,,,,,,,,,,,,,,,,,,,,,,,,,
ca538ee5-b09f-45b0-a8ce-9b2a6fe121f4,,,,,,,,,,,,,,,,,,,,,,,,,,,,,,,,,,,,,,,
ca5afec0-3219-4df3-8a16-ec5bdb855ec0,,,,,,,,,,,,,,,,,,,,,,,,,,,,,,,,,,,,,,,
ca63c5a6-60de-45d3-a1ea-804c2fdc7025,,,,,,,,,,,,,,,,,,,,,,,,,,,,,,,,,,,,,,,
ca660ef3-d3e1-482e-9080-313e669146fb,,,,,,,,,,,,,,,,,,,,,,,,,,,,,,,,,,,,,,,
ca66fa0c-9631-49aa-bdd2-7cfe052a4336,,,,,,,,,,,,,,,,,,,,,,,,,,,,,,,,,,,,,,,
ca6f57e7-0da7-47aa-9eff-77e7e9250587,,,,,,,,,,,,,,,,,,,,,,,,,,,,,,,,,,,,,,,
ca7654c2-05c0-40e9-8aa1-50046b56fe8d,,,,,,,,,,,,,,,,,,,,,,,,,,,,,,,,,,,,,,,
ca8c0cc3-edb4-4ab2-b805-cd3f20c73479,,,,,,,,,,,,,,,,,,,,,,,,,,,,,,,,,,,,,,,
ca8ea83c-7111-426f-b9ac-83f0fc9b1f76,,,,,,,,,,,,,,,,,,,,,,,,,,,,,,,,,,,,,,,
caa5f54d-09cf-4aac-b697-4f8d6b3920b2,,,,,,,,,,,,,,,,,,,,,,,,,,,,,,,,,,,,,,,
caa6f62f-ebc2-460e-a5fc-7c2759f61d82,,,,,,,,,,,,,,,,,,,,,,,,,,,,,,,,,,,,,,,
caa982c8-fb00-4c68-a051-e4bbc22a51ea,,,,,,,,,,,,,,,,,,,,,,,,,,,,,,,,,,,,,,,
cab331ea-71b8-4f96-ae12-4c05d2ebbc50,,,,,,,,,,,,,,,,,,,,,,,,,,,,,,,,,,,,,,,
cab3be85-af37-45c2-9f74-b1aae5cbf466,,,,,,,,,,,,,,,,,,,,,,,,,,,,,,,,,,,,,,,
cac7e6a4-31b8-45b1-b24f-58ec701efb27,,,,,,,,,,,,,,,,,,,,,,,,,,,,,,,,,,,,,,,
cac9014e-4e5e-4034-a953-a617614784bf,,,,,,,,,,,,,,,,,,,,,,,,,,,,,,,,,,,,,,,
cac9fc19-fa53-4d39-b938-6ebc943fb230,,,,,,,,,,,,,,,,,,,,,,,,,,,,,,,,,,,,,,,
cad50123-c546-4295-ad17-2dd1102f70e1,,,,,,,,,,,,,,,,,,,,,,,,,,,,,,,,,,,,,,,
cae4d505-d283-4742-bf13-220e43b9eb50,canva,1.0,1.0,,,,,,,,,,,,,,,,,,,,,,,,,,,,,,,,,,,,
cae96306-9ab2-44e2-ae6a-89537a6fb622,,,,,,,,,,,,,,,,,,,,,,,,,,,,,,,,,,,,,,,
caeec64f-6b84-40e0-b2de-8377e288d8aa,,,,,,,,,,,,,,,,,,,,,,,,,,,,,,,,,,,,,,,
caf4dc6d-647b-4429-b8cf-14748c6ca917,,,,,,,,,,,,,,,,,,,,,,,,,,,,,,,,,,,,,,,
cafb2f35-a639-4b04-8ad4-ca32581b3f3a,,,,,,,,,,,,,,,,,,,,,,,,,,,,,,,,,,,,,,,
cafcbca0-5522-4eb3-a3bb-d544eb652e4a,,,,,,,,,,,,,,,,,,,,,,,,,,,,,,,,,,,,,,,
cb0dfe1a-58eb-4525-a80a-e04380a57d86,,,,,,,,,,,,,,,,,,,,,,,,,,,,,,,,,,,,,,,
cb11a586-571e-4935-b97b-8841afd297d1,,,,,,,,,,,,,,,,,,,,,,,,,,,,,,,,,,,,,,,
cb11ad25-fcd8-4274-a4f8-fecd9318639d,,,,,,,,,,,,,,,,,,,,,,,,,,,,,,,,,,,,,,,
cb138bb3-36c8-4866-ad39-caea3f82d2f7,,,,,,,,,,,,,,,,,,,,,,,,,,,,,,,,,,,,,,,
cb195a16-ac4d-48ae-bb6a-38f9a3633c02,,,,,,,,,,,,,,,,,,,,,,,,,,,,,,,,,,,,,,,
cb261f98-7046-464d-8bfe-6b1805a27286,,,,,,,,,,,,,,,,,,,,,,,,,,,,,,,,,,,,,,,
cb280457-a2df-419a-a9b2-106a6a1dcaca,,,,,,,,,,,,,,,,,,,,,,,,,,,,,,,,,,,,,,,
cb2c53f1-e518-49bd-90de-0938a5337eac,,,,,,,,,,,,,,,,,,,,,,,,,,,,,,,,,,,,,,,
cb2cd0e8-4340-499c-8fac-bc0c73899cbe,,,,,,,,,,,,,,,,,,,,,,,,,,,,,,,,,,,,,,,
cb2d221b-33e2-4650-afb7-c33ad6ed6604,adobe,1.0,1.0,,,,,,,,,,,,,,,,,,,,,,,,,,,,,,,,,,,,
cb3cea87-b8f3-48ab-bcbd-8ba76dae4968,,,,,,,,,,,,,,,,,,,,,,,,,,,,,,,,,,,,,,,
cb3f68a1-1b5a-4134-bcb7-4f8ee282c580,,,,,,,,,,,,,,,,,,,,,,,,,,,,,,,,,,,,,,,
cb45ab09-c18b-4abb-8cd0-89f207790792,,,,,,,,,,,,,,,,,,,,,,,,,,,,,,,,,,,,,,,
cb49fa8e-1499-43a7-b285-28b7124b8a0f,,,,,,,,,,,,,,,,,,,,,,,,,,,,,,,,,,,,,,,
cb58fc79-8378-4973-936e-7ab5b4fffabd,,,,,,,,,,,,,,,,,,,,,,,,,,,,,,,,,,,,,,,
cb7d5167-f451-42fd-84dc-841978a21d8e,,,,,,,,,,,,,,,,,,,,,,,,,,,,,,,,,,,,,,,
cb7edc29-3e06-4cd1-98b1-96bd53db7897,,,,,,,,,,,,,,,,,,,,,,,,,,,,,,,,,,,,,,,
cb7fad40-5f55-43c1-a88d-589cbad632c5,wikimedia_foundation,1.0,1.0,,,,,,,,,,,,,,,,,,,,,,,,,,,,,,,,,,,,
cb80e1b1-4efe-4a90-895d-7a5c6e1afa0a,,,,,,,,,,,,,,,,,,,,,,,,,,,,,,,,,,,,,,,
cb8120d3-5ae7-4eaf-bd5b-8202e3e4b1f8,,,,,,,,,,,,,,,,,,,,,,,,,,,,,,,,,,,,,,,
cb82cd77-e8f9-4fdc-8a0f-eeca800f6c5a,,,,,,,,,,,,,,,,,,,,,,,,,,,,,,,,,,,,,,,
cb852373-9ad8-4ce7-a0ae-fe06d7195125,,,,,,,,,,,,,,,,,,,,,,,,,,,,,,,,,,,,,,,
cb85f278-bf67-4151-a13f-3fc81708991b,,,,,,,,,,,,,,,,,,,,,,,,,,,,,,,,,,,,,,,
cb883f26-c799-4325-bf44-9851309d697d,,,,,,,,,,,,,,,,,,,,,,,,,,,,,,,,,,,,,,,
cb8a720f-c847-4007-a12e-ccf74a92df8e,,,,,,,,,,,,,,,,,,,,,,,,,,,,,,,,,,,,,,,
cb8fc4c7-13b2-4291-97f3-eb421fb94fcf,,,,,,,,,,,,,,,,,,,,,,,,,,,,,,,,,,,,,,,
cb91744f-8c1d-41f1-a08a-4d0c2ea1d230,,,,,,,,,,,,,,,,,,,,,,,,,,,,,,,,,,,,,,,
cb9fbdc6-5399-4917-b99a-3b7cfed5d9a2,,,,,,,,,,,,,,,,,,,,,,,,,,,,,,,,,,,,,,,
cbb07c0f-a3c1-4872-8d55-49c1244b687c,wp_engine,1.0,1.0,,,,,,,,,,,,,,,,,,,,,,,,,,,,,,,,,,,,
cbc1bdd8-3c56-4ec9-a748-2f303f376dec,,,,,,,,,,,,,,,,,,,,,,,,,,,,,,,,,,,,,,,
cbc2cf4e-92b7-465d-9d69-264cd1fb628b,,,,,,,,,,,,,,,,,,,,,,,,,,,,,,,,,,,,,,,
cbce886d-d99c-419d-92cf-ea6576569856,,,,,,,,,,,,,,,,,,,,,,,,,,,,,,,,,,,,,,,
cbe03b52-bfa5-4934-9fef-457c45f00d17,dmg_media,1.0,1.0,,,,,,,,,,,,,,,,,,,,,,,,,,,,,,,,,,,,
cbe1837c-adec-4171-a810-28ed97b29527,,,,,,,,,,,,,,,,,,,,,,,,,,,,,,,,,,,,,,,
cbe61356-627e-4b1a-be19-4e4d8f847a63,,,,,,,,,,,,,,,,,,,,,,,,,,,,,,,,,,,,,,,
cbe78d69-1bd5-450e-933a-f500fef844e1,,,,,,,,,,,,,,,,,,,,,,,,,,,,,,,,,,,,,,,
cbe85338-7973-480b-beda-bdf8ecfff828,,,,,,,,,,,,,,,,,,,,,,,,,,,,,,,,,,,,,,,
cbf07f55-1e0a-4c50-8cb5-388c5f5258bb,,,,,,,,,,,,,,,,,,,,,,,,,,,,,,,,,,,,,,,
cbf91de4-5ed2-4dae-bab9-38c81b9504c7,,,,,,,,,,,,,,,,,,,,,,,,,,,,,,,,,,,,,,,
cbf98daa-fb9d-4d23-b8dd-1e18fee32f08,,,,,,,,,,,,,,,,,,,,,,,,,,,,,,,,,,,,,,,
cbfc80a8-045f-43da-aa0b-9e1b8707c21a,,,,,,,,,,,,,,,,,,,,,,,,,,,,,,,,,,,,,,,
cc032781-b4bd-4cb6-b2f7-f5c3720fedf8,,,,,,,,,,,,,,,,,,,,,,,,,,,,,,,,,,,,,,,
cc033b8b-79c0-41fc-a262-858d5593f26c,,,,,,,,,,,,,,,,,,,,,,,,,,,,,,,,,,,,,,,
cc083d92-a0ac-4b9d-9230-7baaf060768f,,,,,,,,,,,,,,,,,,,,,,,,,,,,,,,,,,,,,,,
cc0ecc5b-f905-4411-9d4a-f648fa1b864b,outbrain,1.0,1.0,,,,,,,,,,,,,,,,,,,,,,,,,,,,,,,,,,,,
cc106803-f3a3-42e7-bc78-61c350107b7c,,,,,,,,,,,,,,,,,,,,,,,,,,,,,,,,,,,,,,,
cc20d8d4-a314-4b69-b5e5-9ffcfea04882,,,,,,,,,,,,,,,,,,,,,,,,,,,,,,,,,,,,,,,
cc21f2f0-e441-4bdf-b0b0-59281ab171fc,,,,,,,,,,,,,,,,,,,,,,,,,,,,,,,,,,,,,,,
cc27e74b-1947-4b72-8931-42701b4401d6,,,,,,,,,,,,,,,,,,,,,,,,,,,,,,,,,,,,,,,
cc28412b-3aeb-41ad-a03a-d9672ee7e3a5,,,,,,,,,,,,,,,,,,,,,,,,,,,,,,,,,,,,,,,
cc2ce493-a7ac-42b7-b038-36b401e5eedb,,,,,,,,,,,,,,,,,,,,,,,,,,,,,,,,,,,,,,,
cc2d8b16-440d-46de-9adf-79466e8c7a7d,,,,,,,,,,,,,,,,,,,,,,,,,,,,,,,,,,,,,,,
cc2e4eb1-df31-4f3a-8290-09aed71c36fb,,,,,,,,,,,,,,,,,,,,,,,,,,,,,,,,,,,,,,,
cc385a01-2b8a-4316-ab96-53e430cd61ea,,,,,,,,,,,,,,,,,,,,,,,,,,,,,,,,,,,,,,,
cc3caabd-b14a-4299-b9ef-8148ef5f7d4e,,,,,,,,,,,,,,,,,,,,,,,,,,,,,,,,,,,,,,,
cc3de1cf-9a21-4c28-9a12-f9d77acacc65,,,,,,,,,,,,,,,,,,,,,,,,,,,,,,,,,,,,,,,
cc3e287e-b5bb-4e1d-af62-3bf5836cd106,,,,,,,,,,,,,,,,,,,,,,,,,,,,,,,,,,,,,,,
cc47c726-9a89-4760-8b6f-fe67671ef043,,,,,,,,,,,,,,,,,,,,,,,,,,,,,,,,,,,,,,,
cc502d03-673d-4242-9cab-ce05a31f25a5,,,,,,,,,,,,,,,,,,,,,,,,,,,,,,,,,,,,,,,
cc53d0e2-ada6-49ac-9731-152d647ec7fd,,,,,,,,,,,,,,,,,,,,,,,,,,,,,,,,,,,,,,,
cc5c9255-d2a2-484b-9671-c1c0836906c6,,,,,,,,,,,,,,,,,,,,,,,,,,,,,,,,,,,,,,,
cc5f5f39-89d2-4295-9cff-1c8a89da1b7e,microsoft,1.0,1.0,,,,,,,,,,,,,,,,,,,,,,,,,,,,,,,,,,,,
cc5f6df9-4f9b-4677-8635-cc93afb21a7c,,,,,,,,,,,,,,,,,,,,,,,,,,,,,,,,,,,,,,,
cc66e66a-4d0f-471a-b543-6bcea72d9ef0,,,,,,,,,,,,,,,,,,,,,,,,,,,,,,,,,,,,,,,
cc693354-bc09-4db6-91c0-bb450440317a,apple,1.0,1.0,,,,,,,,,,,,,,,,,,,,,,,,,,,,,,,,,,,,
cc6f193d-8bba-481c-9240-10d0bddb7494,,,,,,,,,,,,,,,,,,,,,,,,,,,,,,,,,,,,,,,
cc73defd-db0a-47e8-8b33-e50d01468869,adobe,1.0,1.0,,,,,,,,,,,,,,,,,,,,,,,,,,,,,,,,,,,,
cc781f44-6332-4e15-92a0-ddbbb7c4874e,zoominfo,1.0,1.0,,,,,,,,,,,,,,,,,,,,,,,,,,,,,,,,,,,,
cc7be6ea-01d6-4baf-b043-d8e165f54b4d,,,,,,,,,,,,,,,,,,,,,,,,,,,,,,,,,,,,,,,
cc7eb00b-a4d8-4060-802b-37d3dc151591,slashdot,1.0,1.0,,,,,,,,,,,,,,,,,,,,,,,,,,,,,,,,,,,,
cc80b763-0fd1-4e17-b415-dcc585d17bdc,,,,,,,,,,,,,,,,,,,,,,,,,,,,,,,,,,,,,,,
cc8d1b7d-7736-4fc2-858c-9a2082a0bd18,,,,,,,,,,,,,,,,,,,,,,,,,,,,,,,,,,,,,,,
cc8fafbc-3a59-4cff-b7ca-2cbf64f20463,,,,,,,,,,,,,,,,,,,,,,,,,,,,,,,,,,,,,,,
ccac3fae-a68f-4a48-aaf3-7eff1eff4b44,,,,,,,,,,,,,,,,,,,,,,,,,,,,,,,,,,,,,,,
ccadcaf5-c509-4eae-8b57-43cbcadc7f63,,,,,,,,,,,,,,,,,,,,,,,,,,,,,,,,,,,,,,,
ccaf9af3-0271-4b31-98ca-e7584c107c82,,,,,,,,,,,,,,,,,,,,,,,,,,,,,,,,,,,,,,,
ccb09489-9a2f-424d-9e09-11aff191f048,,,,,,,,,,,,,,,,,,,,,,,,,,,,,,,,,,,,,,,
ccb52a63-69f0-4480-9fbe-02ccbbeee5b3,,,,,,,,,,,,,,,,,,,,,,,,,,,,,,,,,,,,,,,
ccb6b94f-64d6-404a-aa8d-aac94e36a3e4,,,,,,,,,,,,,,,,,,,,,,,,,,,,,,,,,,,,,,,
ccb7b0b1-7cd0-4ec4-93b3-e7d3b9c87450,,,,,,,,,,,,,,,,,,,,,,,,,,,,,,,,,,,,,,,
ccb97418-f858-4eb8-8813-cc9aa9728ed7,,,,,,,,,,,,,,,,,,,,,,,,,,,,,,,,,,,,,,,
ccbb85ec-ad0b-44e7-a672-71aaa16a3114,,,,,,,,,,,,,,,,,,,,,,,,,,,,,,,,,,,,,,,
ccc0637c-6066-427f-a6aa-528f91b2c2f6,,,,,,,,,,,,,,,,,,,,,,,,,,,,,,,,,,,,,,,
ccc44884-aad2-4ca0-82a9-a64a65402e5b,,,,,,,,,,,,,,,,,,,,,,,,,,,,,,,,,,,,,,,
ccc556b8-d068-4585-8562-4812c2cccee6,,,,,,,,,,,,,,,,,,,,,,,,,,,,,,,,,,,,,,,
ccc92ec6-44f7-4911-8eee-3c40bcf1f13a,,,,,,,,,,,,,,,,,,,,,,,,,,,,,,,,,,,,,,,
cccb7e96-93f1-4a6c-949d-af37b185d388,,,,,,,,,,,,,,,,,,,,,,,,,,,,,,,,,,,,,,,
ccd07cb0-b838-488d-867f-a15c07cd8f08,,,,,,,,,,,,,,,,,,,,,,,,,,,,,,,,,,,,,,,
ccd741e9-b3aa-4a32-8235-8bbb60411508,,,,,,,,,,,,,,,,,,,,,,,,,,,,,,,,,,,,,,,
ccd83074-e62a-4666-a602-9bcd7cd76b03,,,,,,,,,,,,,,,,,,,,,,,,,,,,,,,,,,,,,,,
ccd9cdc3-329d-4113-a56c-e00cfbde8533,,,,,,,,,,,,,,,,,,,,,,,,,,,,,,,,,,,,,,,
ccf1d8ce-4884-4009-be54-52ffdbd6a077,,,,,,,,,,,,,,,,,,,,,,,,,,,,,,,,,,,,,,,
ccf54803-709b-40b5-be1d-01f315f117b4,,,,,,,,,,,,,,,,,,,,,,,,,,,,,,,,,,,,,,,
ccfccba6-a76f-4489-b250-de220c5d3a5b,,,,,,,,,,,,,,,,,,,,,,,,,,,,,,,,,,,,,,,
cd01a029-3d9f-44f1-92de-108f05bd5053,,,,,,,,,,,,,,,,,,,,,,,,,,,,,,,,,,,,,,,
cd0499a3-4bd5-4c6f-9dd4-c82c05742da1,,,,,,,,,,,,,,,,,,,,,,,,,,,,,,,,,,,,,,,
cd0d4ef5-1ed4-46c7-b0f4-bf4e5b794216,,,,,,,,,,,,,,,,,,,,,,,,,,,,,,,,,,,,,,,
cd162b8b-fef4-4ebf-890e-9a5a57f00607,,,,,,,,,,,,,,,,,,,,,,,,,,,,,,,,,,,,,,,
cd18a0cd-4f34-45aa-acf1-7daa43717844,,,,,,,,,,,,,,,,,,,,,,,,,,,,,,,,,,,,,,,
cd1bc809-80ac-4f28-9a12-ddd9600a5b9a,,,,,,,,,,,,,,,,,,,,,,,,,,,,,,,,,,,,,,,
cd1c6181-c914-476d-b0a6-1cba3b59c2e2,,,,,,,,,,,,,,,,,,,,,,,,,,,,,,,,,,,,,,,
cd1f08ac-0090-4730-a053-d677e82834fa,,,,,,,,,,,,,,,,,,,,,,,,,,,,,,,,,,,,,,,
cd29eaf3-1bf2-48ca-9572-ff0f98087bae,,,,,,,,,,,,,,,,,,,,,,,,,,,,,,,,,,,,,,,
cd3626ed-63a3-47c1-85e7-6b31fba96b62,,,,,,,,,,,,,,,,,,,,,,,,,,,,,,,,,,,,,,,
cd370683-a49a-4aa3-8127-f51c6702e56f,,,,,,,,,,,,,,,,,,,,,,,,,,,,,,,,,,,,,,,
cd3789fe-6198-46d8-97e7-3654a2ca2284,wikimedia_foundation,1.0,1.0,,,,,,,,,,,,,,,,,,,,,,,,,,,,,,,,,,,,
cd40e404-10f1-4e9d-bd41-4d7e261bb5f8,vimeo,1.0,1.0,,,,,,,,,,,,,,,,,,,,,,,,,,,,,,,,,,,,
cd4132f0-2a0a-45c8-a047-3b38edb365e6,,,,,,,,,,,,,,,,,,,,,,,,,,,,,,,,,,,,,,,
cd45e41a-87ef-449d-aa5c-0baff641e4f9,,,,,,,,,,,,,,,,,,,,,,,,,,,,,,,,,,,,,,,
cd4c2679-1217-4e70-9412-806e34be36e8,,,,,,,,,,,,,,,,,,,,,,,,,,,,,,,,,,,,,,,
cd4c8687-e3f0-4500-a11b-5c703f0a1d56,adobe,1.0,1.0,,,,,,,,,,,,,,,,,,,,,,,,,,,,,,,,,,,,
cd5376a3-81e9-460b-9f54-75d5926952ce,,,,,,,,,,,,,,,,,,,,,,,,,,,,,,,,,,,,,,,
cd55d278-c8d8-4fbe-aeae-7d0f78bde0e8,,,,,,,,,,,,,,,,,,,,,,,,,,,,,,,,,,,,,,,
cd5d26dc-7469-4764-9d49-a13a48f2b5a9,,,,,,,,,,,,,,,,,,,,,,,,,,,,,,,,,,,,,,,
cd679f36-bacc-4c00-a75e-2996e6722516,,,,,,,,,,,,,,,,,,,,,,,,,,,,,,,,,,,,,,,
cd6bb271-e3a3-4240-b6f4-5bcfe8c4b1b8,,,,,,,,,,,,,,,,,,,,,,,,,,,,,,,,,,,,,,,
cd6c7349-fe31-4105-80e6-0ee0cde27420,,,,,,,,,,,,,,,,,,,,,,,,,,,,,,,,,,,,,,,
cd70a7e1-f858-4247-bc91-cebff10c8e38,,,,,,,,,,,,,,,,,,,,,,,,,,,,,,,,,,,,,,,
cd70cf41-e526-4e76-a274-c34a073abbe2,,,,,,,,,,,,,,,,,,,,,,,,,,,,,,,,,,,,,,,
cd790341-e2fd-471d-803d-e40771fdec5b,,,,,,,,,,,,,,,,,,,,,,,,,,,,,,,,,,,,,,,
cd829428-e6e0-4505-b13f-5bb52c160e88,,,,,,,,,,,,,,,,,,,,,,,,,,,,,,,,,,,,,,,
cd89fcff-8cdd-43d3-9cd8-b946cbb4a993,,,,,,,,,,,,,,,,,,,,,,,,,,,,,,,,,,,,,,,
cd8f8e67-17b2-4901-91e5-55a77b01b964,,,,,,,,,,,,,,,,,,,,,,,,,,,,,,,,,,,,,,,
cd905f24-9b48-49cb-adf9-c51d71885b07,,,,,,,,,,,,,,,,,,,,,,,,,,,,,,,,,,,,,,,
cd96ee96-e40c-47af-94f0-1c6d9fca36c1,,,,,,,,,,,,,,,,,,,,,,,,,,,,,,,,,,,,,,,
cd97ceae-7e87-4959-9ce9-47b21825fb85,,,,,,,,,,,,,,,,,,,,,,,,,,,,,,,,,,,,,,,
cd993907-273d-40e7-a6f6-1c4257f98bf8,,,,,,,,,,,,,,,,,,,,,,,,,,,,,,,,,,,,,,,
cd9ba5c1-c49b-4489-af1d-315dce2accc1,,,,,,,,,,,,,,,,,,,,,,,,,,,,,,,,,,,,,,,
cd9e79de-a35a-4711-94e9-43a8c9d41f21,,,,,,,,,,,,,,,,,,,,,,,,,,,,,,,,,,,,,,,
cda065c8-e70e-4708-8b07-be5a27231cbc,,,,,,,,,,,,,,,,,,,,,,,,,,,,,,,,,,,,,,,
cda92ae1-4732-4c2e-854b-dc03aac2c815,,,,,,,,,,,,,,,,,,,,,,,,,,,,,,,,,,,,,,,
cdaea5e5-44ec-45fe-9807-5c8a3f66c721,,,,,,,,,,,,,,,,,,,,,,,,,,,,,,,,,,,,,,,
cdaf2f06-5464-44c4-8425-31b752b63284,,,,,,,,,,,,,,,,,,,,,,,,,,,,,,,,,,,,,,,
cdb03ed7-01fd-49f3-a339-c10f8fd7487d,,,,,,,,,,,,,,,,,,,,,,,,,,,,,,,,,,,,,,,
cdd27ce7-49ff-4181-9755-fab51363b322,,,,,,,,,,,,,,,,,,,,,,,,,,,,,,,,,,,,,,,
cdd2d6cb-7727-4b20-830e-7a75817264da,,,,,,,,,,,,,,,,,,,,,,,,,,,,,,,,,,,,,,,
cdd7a61e-de1a-4589-83cb-425dae47029d,,,,,,,,,,,,,,,,,,,,,,,,,,,,,,,,,,,,,,,
cde37c29-eabf-4b80-bd0e-bd96d269dea1,,,,,,,,,,,,,,,,,,,,,,,,,,,,,,,,,,,,,,,
cde886a3-0eea-45a0-bdfd-7ac34f3ec54d,,,,,,,,,,,,,,,,,,,,,,,,,,,,,,,,,,,,,,,
cdfae2e8-6d16-4413-88d9-60d0ff0ba5e2,,,,,,,,,,,,,,,,,,,,,,,,,,,,,,,,,,,,,,,
ce12993f-0eaf-4ccd-a84a-24ea9a496826,,,,,,,,,,,,,,,,,,,,,,,,,,,,,,,,,,,,,,,
ce138647-265c-4422-a125-9659af3d857c,olark,1.0,1.0,,,,,,,,,,,,,,,,,,,,,,,,,,,,,,,,,,,,
ce1b3d72-3d57-4552-a1ae-f1e6aeba50fd,,,,,,,,,,,,,,,,,,,,,,,,,,,,,,,,,,,,,,,
ce2d2d84-9c88-4adf-8248-8cbec68002b7,,,,,,,,,,,,,,,,,,,,,,,,,,,,,,,,,,,,,,,
ce2d54fd-59a2-4144-a4fc-24c173bd1231,,,,,,,,,,,,,,,,,,,,,,,,,,,,,,,,,,,,,,,
ce2e8297-9cbd-475e-b556-7063e9c8384c,,,,,,,,,,,,,,,,,,,,,,,,,,,,,,,,,,,,,,,
ce311eaa-2434-4d93-bf19-8a7177158c3c,,,,,,,,,,,,,,,,,,,,,,,,,,,,,,,,,,,,,,,
ce3675da-df04-4cc0-b1ab-fcb088d7ab45,,,,,,,,,,,,,,,,,,,,,,,,,,,,,,,,,,,,,,,
ce39b57b-d403-468a-a069-73330425f1e4,,,,,,,,,,,,,,,,,,,,,,,,,,,,,,,,,,,,,,,
ce3c130f-d279-43ff-9591-50b8f37f7e44,,,,,,,,,,,,,,,,,,,,,,,,,,,,,,,,,,,,,,,
ce3e8081-a36e-4aba-85db-e39f89923661,,,,,,,,,,,,,,,,,,,,,,,,,,,,,,,,,,,,,,,
ce40b150-5e9e-4d45-8d2a-73c46580b25d,,,,,,,,,,,,,,,,,,,,,,,,,,,,,,,,,,,,,,,
ce46fcdc-03c0-4fec-bba2-168448a79e19,,,,,,,,,,,,,,,,,,,,,,,,,,,,,,,,,,,,,,,
ce4ce5fb-56e8-4f68-b28a-a5487747cc29,,,,,,,,,,,,,,,,,,,,,,,,,,,,,,,,,,,,,,,
ce4eb5e7-b153-41c0-8908-7528347a1384,,,,,,,,,,,,,,,,,,,,,,,,,,,,,,,,,,,,,,,
ce58efb3-8511-42c5-a5c4-2f876f4c3bf9,,,,,,,,,,,,,,,,,,,,,,,,,,,,,,,,,,,,,,,
ce5934bf-9385-4f9b-9ad9-d6a2516416cc,,,,,,,,,,,,,,,,,,,,,,,,,,,,,,,,,,,,,,,
ce59417a-dfca-4b1b-a7e1-51e56f170171,,,,,,,,,,,,,,,,,,,,,,,,,,,,,,,,,,,,,,,
ce613a78-2b48-420f-b4ae-374a91a1c8b8,,,,,,,,,,,,,,,,,,,,,,,,,,,,,,,,,,,,,,,
ce624806-ecb8-49b4-a057-9d75ae99eb13,,,,,,,,,,,,,,,,,,,,,,,,,,,,,,,,,,,,,,,
ce6399c8-4ceb-4aef-8f73-556c543ab89c,zeta,1.0,1.0,,,,,,,,,,,,,,,,,,,,,,,,,,,,,,,,,,,,
ce6679fe-09fe-46b2-98dd-a5c5298ac29f,,,,,,,,,,,,,,,,,,,,,,,,,,,,,,,,,,,,,,,
ce68fa8e-da2a-4b41-9a81-44fd5fbf7913,,,,,,,,,,,,,,,,,,,,,,,,,,,,,,,,,,,,,,,
ce695d46-9198-4f82-9d7d-3b5b2f52d8c7,,,,,,,,,,,,,,,,,,,,,,,,,,,,,,,,,,,,,,,
ce6a9175-b9b7-4c4a-b0d2-05178d8ac1fa,,,,,,,,,,,,,,,,,,,,,,,,,,,,,,,,,,,,,,,
ce77ad33-9241-4661-ae7c-7b57d60270c6,,,,,,,,,,,,,,,,,,,,,,,,,,,,,,,,,,,,,,,
ce870e16-02a0-43dc-8118-ca18594a9b2f,,,,,,,,,,,,,,,,,,,,,,,,,,,,,,,,,,,,,,,
ce9575a3-787a-439b-8a38-6b890bbfaf00,,,,,,,,,,,,,,,,,,,,,,,,,,,,,,,,,,,,,,,
ce9adef0-be1b-405b-a80e-1f3f03d3d7f0,heap,1.0,0.5,soundcloud,1.0,0.5,,,,,,,,,,,,,,,,,,,,,,,,,,,,,,,,,
ceaae8eb-1d20-4066-8c5b-49e2a1eb8eb7,,,,,,,,,,,,,,,,,,,,,,,,,,,,,,,,,,,,,,,
ceb06288-e342-4db9-9358-060c4c032c68,,,,,,,,,,,,,,,,,,,,,,,,,,,,,,,,,,,,,,,
ceb85755-43ba-42be-8125-d4f86037618c,,,,,,,,,,,,,,,,,,,,,,,,,,,,,,,,,,,,,,,
cec622da-7b34-4e25-870d-75cca8546199,,,,,,,,,,,,,,,,,,,,,,,,,,,,,,,,,,,,,,,
cecbcdd2-7051-4579-b200-e7bfab1b96e1,,,,,,,,,,,,,,,,,,,,,,,,,,,,,,,,,,,,,,,
ced3fee9-0bc2-4763-b48b-5bb876b3ae01,,,,,,,,,,,,,,,,,,,,,,,,,,,,,,,,,,,,,,,
ced76c45-fe7d-469d-8a36-318b49f8c64a,,,,,,,,,,,,,,,,,,,,,,,,,,,,,,,,,,,,,,,
cede093c-d70a-4808-a22d-b67760fb6cd7,qq.com,1.0,1.0,,,,,,,,,,,,,,,,,,,,,,,,,,,,,,,,,,,,
ceee85bb-cf5b-416c-b9ac-8c92094461c6,,,,,,,,,,,,,,,,,,,,,,,,,,,,,,,,,,,,,,,
cef2ccaf-76d4-47e1-be14-74cf8af1262a,wikimedia_foundation,1.0,1.0,,,,,,,,,,,,,,,,,,,,,,,,,,,,,,,,,,,,
cef74de1-2fcf-4933-be20-0167a42e839f,,,,,,,,,,,,,,,,,,,,,,,,,,,,,,,,,,,,,,,
cef80749-65af-4af9-8eac-80721122fb3d,,,,,,,,,,,,,,,,,,,,,,,,,,,,,,,,,,,,,,,
cef91412-d413-4893-bc38-512de8e77c3e,,,,,,,,,,,,,,,,,,,,,,,,,,,,,,,,,,,,,,,
cef9c6e5-9abf-4fdb-8eb2-6fd434e2f955,,,,,,,,,,,,,,,,,,,,,,,,,,,,,,,,,,,,,,,
cefaa431-887d-4f04-8e7f-0fc60e5f6dec,,,,,,,,,,,,,,,,,,,,,,,,,,,,,,,,,,,,,,,
cefdefe6-5c16-41cb-8c31-8e65c80662f9,,,,,,,,,,,,,,,,,,,,,,,,,,,,,,,,,,,,,,,
cf091488-9f89-4ad8-a35a-67f42164507b,,,,,,,,,,,,,,,,,,,,,,,,,,,,,,,,,,,,,,,
cf0ae10c-5431-4eb8-b705-70d047e4f1a3,,,,,,,,,,,,,,,,,,,,,,,,,,,,,,,,,,,,,,,
cf118046-9239-4e1e-ac59-3225b8e470fa,,,,,,,,,,,,,,,,,,,,,,,,,,,,,,,,,,,,,,,
cf12476e-11b5-4a28-ac4e-7a56920eaf68,,,,,,,,,,,,,,,,,,,,,,,,,,,,,,,,,,,,,,,
cf154280-c676-4ed5-b8dc-90d7b87f34dd,,,,,,,,,,,,,,,,,,,,,,,,,,,,,,,,,,,,,,,
cf15f429-0565-41c5-94bc-6a4c9f03b97c,,,,,,,,,,,,,,,,,,,,,,,,,,,,,,,,,,,,,,,
cf18456f-c105-449a-b778-a8137172e102,,,,,,,,,,,,,,,,,,,,,,,,,,,,,,,,,,,,,,,
cf19b19d-3248-4b39-9440-ef50d1a6cdaf,wikimedia_foundation,1.0,1.0,,,,,,,,,,,,,,,,,,,,,,,,,,,,,,,,,,,,
cf25bc43-dfda-4fd2-ba7a-6e5e22baf187,,,,,,,,,,,,,,,,,,,,,,,,,,,,,,,,,,,,,,,
cf2c7134-6193-4e99-bd38-5e2cd9b33a2f,,,,,,,,,,,,,,,,,,,,,,,,,,,,,,,,,,,,,,,
cf361664-61a1-40fe-ad76-6debec847561,,,,,,,,,,,,,,,,,,,,,,,,,,,,,,,,,,,,,,,
cf3c088c-2887-4e5b-8138-f64b31601d22,,,,,,,,,,,,,,,,,,,,,,,,,,,,,,,,,,,,,,,
cf3c7fa0-32a9-41d7-9e49-976217c2bb5e,,,,,,,,,,,,,,,,,,,,,,,,,,,,,,,,,,,,,,,
cf47b5c6-6759-427e-94b0-b43fb3173465,,,,,,,,,,,,,,,,,,,,,,,,,,,,,,,,,,,,,,,
cf4c2864-5d9d-40be-afb7-7291ea5993d4,,,,,,,,,,,,,,,,,,,,,,,,,,,,,,,,,,,,,,,
cf621bc1-88d0-45ca-ba30-94cc3c06dcb4,,,,,,,,,,,,,,,,,,,,,,,,,,,,,,,,,,,,,,,
cf86fff8-e53e-4fa3-8c93-83c6e8127318,,,,,,,,,,,,,,,,,,,,,,,,,,,,,,,,,,,,,,,
cf965495-8ad5-49bf-af0e-dc5955a5bc35,,,,,,,,,,,,,,,,,,,,,,,,,,,,,,,,,,,,,,,
cfa961a9-5d85-420d-a327-2e422f9c6f2a,,,,,,,,,,,,,,,,,,,,,,,,,,,,,,,,,,,,,,,
cfb3a1c4-a66f-49b7-a4de-66385091d7a6,,,,,,,,,,,,,,,,,,,,,,,,,,,,,,,,,,,,,,,
cfb8084d-e525-4252-b1b5-9cdef7269a88,,,,,,,,,,,,,,,,,,,,,,,,,,,,,,,,,,,,,,,
cfbc2daf-bfaf-4b27-99c5-072ab9a90ce5,,,,,,,,,,,,,,,,,,,,,,,,,,,,,,,,,,,,,,,
cfc1b79a-2372-45d9-afba-0e2aaa304095,,,,,,,,,,,,,,,,,,,,,,,,,,,,,,,,,,,,,,,
cfc32f1c-bde4-46c8-aecc-b396fcfcda52,,,,,,,,,,,,,,,,,,,,,,,,,,,,,,,,,,,,,,,
cfcb18a7-4d24-45d5-8ca0-7e5c2895f0b8,,,,,,,,,,,,,,,,,,,,,,,,,,,,,,,,,,,,,,,
cfd3592d-a849-475b-959b-f64331462c16,,,,,,,,,,,,,,,,,,,,,,,,,,,,,,,,,,,,,,,
cfe1c576-ddbb-4660-85ea-a25419e59a19,,,,,,,,,,,,,,,,,,,,,,,,,,,,,,,,,,,,,,,
cfe343ea-0a0c-4fc0-94d4-86286ff9632e,,,,,,,,,,,,,,,,,,,,,,,,,,,,,,,,,,,,,,,
cfea8893-3de7-4443-8849-e16664012cbb,,,,,,,,,,,,,,,,,,,,,,,,,,,,,,,,,,,,,,,
cfeae8af-0f9c-4697-a638-73138dfc8112,,,,,,,,,,,,,,,,,,,,,,,,,,,,,,,,,,,,,,,
cfeca08e-5036-4322-a1ac-2a095302a184,,,,,,,,,,,,,,,,,,,,,,,,,,,,,,,,,,,,,,,
cffa10a8-f879-4d4b-9982-b638cbfcae63,,,,,,,,,,,,,,,,,,,,,,,,,,,,,,,,,,,,,,,
cffef013-081a-4fee-a4e0-03733960f74c,,,,,,,,,,,,,,,,,,,,,,,,,,,,,,,,,,,,,,,
d000f807-f7fb-4ba6-b626-7d8a21cddd96,,,,,,,,,,,,,,,,,,,,,,,,,,,,,,,,,,,,,,,
d007b3ea-df5d-438a-ab08-7fe3279ec413,,,,,,,,,,,,,,,,,,,,,,,,,,,,,,,,,,,,,,,
d007dc33-9d47-4e1c-8b41-e1d73e5decff,,,,,,,,,,,,,,,,,,,,,,,,,,,,,,,,,,,,,,,
d010849a-251b-455f-bbb3-d7d7b1716842,,,,,,,,,,,,,,,,,,,,,,,,,,,,,,,,,,,,,,,
d0191c38-5d3b-462a-a119-4874728da802,,,,,,,,,,,,,,,,,,,,,,,,,,,,,,,,,,,,,,,
d02162b9-9482-4d15-a143-1ee55708e79e,,,,,,,,,,,,,,,,,,,,,,,,,,,,,,,,,,,,,,,
d0220bf0-0cce-499c-b2c9-fab128eeaf40,,,,,,,,,,,,,,,,,,,,,,,,,,,,,,,,,,,,,,,
d025ab68-f462-4213-a2d4-c9176746695e,,,,,,,,,,,,,,,,,,,,,,,,,,,,,,,,,,,,,,,
d0309e2a-a815-4f98-8019-38818d23d39c,,,,,,,,,,,,,,,,,,,,,,,,,,,,,,,,,,,,,,,
d0328549-0e2b-4c3d-a94c-1248ce6a1c25,,,,,,,,,,,,,,,,,,,,,,,,,,,,,,,,,,,,,,,
d0329e80-03e4-43c6-96dd-c07ae3f76323,,,,,,,,,,,,,,,,,,,,,,,,,,,,,,,,,,,,,,,
d033a3d2-cb63-4c49-9610-0a6a7a690287,,,,,,,,,,,,,,,,,,,,,,,,,,,,,,,,,,,,,,,
d04585b2-89a9-4c5c-abe8-5e13f23d13ea,,,,,,,,,,,,,,,,,,,,,,,,,,,,,,,,,,,,,,,
d0464a24-7607-4c60-b2fa-c92e2de50585,disney,1.0,1.0,,,,,,,,,,,,,,,,,,,,,,,,,,,,,,,,,,,,
d04b41b1-3adf-4e8b-b419-bb96fc5d6676,,,,,,,,,,,,,,,,,,,,,,,,,,,,,,,,,,,,,,,
d050663d-b125-49ac-82b0-05ca51df97e5,,,,,,,,,,,,,,,,,,,,,,,,,,,,,,,,,,,,,,,
d053e980-b85d-4987-82df-aa2171a91275,,,,,,,,,,,,,,,,,,,,,,,,,,,,,,,,,,,,,,,
d0575bcd-fabf-4b6d-abed-9d6c5c710184,,,,,,,,,,,,,,,,,,,,,,,,,,,,,,,,,,,,,,,
d05adacf-1ca4-4d0d-a2aa-3fd1754c9ac4,,,,,,,,,,,,,,,,,,,,,,,,,,,,,,,,,,,,,,,
d061c573-021d-4c71-b357-bccdbd931954,,,,,,,,,,,,,,,,,,,,,,,,,,,,,,,,,,,,,,,
d065c1bb-abcc-4556-8d2f-098f3216e170,,,,,,,,,,,,,,,,,,,,,,,,,,,,,,,,,,,,,,,
d076be91-a868-4432-bbbd-b5ae40cb4a91,,,,,,,,,,,,,,,,,,,,,,,,,,,,,,,,,,,,,,,
d07b67f4-46ea-4fbc-8e4f-6b87a97964b1,,,,,,,,,,,,,,,,,,,,,,,,,,,,,,,,,,,,,,,
d07bc904-268f-47d8-bd59-3afae79d5ab1,,,,,,,,,,,,,,,,,,,,,,,,,,,,,,,,,,,,,,,
d07c822d-a329-44fa-9854-d104cb0a052c,,,,,,,,,,,,,,,,,,,,,,,,,,,,,,,,,,,,,,,
d08b55d2-dc9d-4aba-b26b-235aa165df44,,,,,,,,,,,,,,,,,,,,,,,,,,,,,,,,,,,,,,,
d092836a-d610-4058-9eda-613d78be119d,,,,,,,,,,,,,,,,,,,,,,,,,,,,,,,,,,,,,,,
d099e8ef-32e7-4e89-9ffe-06098c531b3c,,,,,,,,,,,,,,,,,,,,,,,,,,,,,,,,,,,,,,,
d0a3f76c-0c76-441d-aaa7-ef0de0260ffe,,,,,,,,,,,,,,,,,,,,,,,,,,,,,,,,,,,,,,,
d0ac8f16-92d7-4141-b949-ba04876dae31,,,,,,,,,,,,,,,,,,,,,,,,,,,,,,,,,,,,,,,
d0aeb35b-da09-44bd-8c9f-719ac2483e95,,,,,,,,,,,,,,,,,,,,,,,,,,,,,,,,,,,,,,,
d0b380ca-5e54-4258-a6a3-9bbebb6ac6e4,,,,,,,,,,,,,,,,,,,,,,,,,,,,,,,,,,,,,,,
d0b5716c-3c5d-4575-8223-5b1896d15db1,,,,,,,,,,,,,,,,,,,,,,,,,,,,,,,,,,,,,,,
d0b69359-a76b-4f0f-be55-5f30b71d3cc2,,,,,,,,,,,,,,,,,,,,,,,,,,,,,,,,,,,,,,,
d0bcc263-213a-47ec-9275-19e4e2026f6d,,,,,,,,,,,,,,,,,,,,,,,,,,,,,,,,,,,,,,,
d0bd85c8-56f0-47c4-8465-2550721aa469,,,,,,,,,,,,,,,,,,,,,,,,,,,,,,,,,,,,,,,
d0cbca67-fe03-4522-9b44-4dd202fdcfb2,,,,,,,,,,,,,,,,,,,,,,,,,,,,,,,,,,,,,,,
d0ce113b-ecdb-434f-bbee-d2fca9737d32,,,,,,,,,,,,,,,,,,,,,,,,,,,,,,,,,,,,,,,
d0d8745f-df88-4553-a458-cf580b1b44f5,,,,,,,,,,,,,,,,,,,,,,,,,,,,,,,,,,,,,,,
d0da4eef-b2cd-44aa-90ba-4a69540559a0,,,,,,,,,,,,,,,,,,,,,,,,,,,,,,,,,,,,,,,
d0e62445-93fc-4bd2-9e6e-c69dc37431b5,baidu,1.0,1.0,,,,,,,,,,,,,,,,,,,,,,,,,,,,,,,,,,,,
d0eba431-eeb3-432e-8993-56f6e189ec2e,,,,,,,,,,,,,,,,,,,,,,,,,,,,,,,,,,,,,,,
d0ebb5cf-6192-4c87-b6f6-7dd98e8abed1,,,,,,,,,,,,,,,,,,,,,,,,,,,,,,,,,,,,,,,
d0ed5228-fabf-42ca-b515-0be89383f8de,,,,,,,,,,,,,,,,,,,,,,,,,,,,,,,,,,,,,,,
d0ee79bc-bc0b-46f5-a87c-96ef7d748fd7,,,,,,,,,,,,,,,,,,,,,,,,,,,,,,,,,,,,,,,
d0f2eaee-d040-48c2-9501-b88ff1b91bb9,,,,,,,,,,,,,,,,,,,,,,,,,,,,,,,,,,,,,,,
d0f51604-28c8-44b3-90cf-a1cfc03c398d,,,,,,,,,,,,,,,,,,,,,,,,,,,,,,,,,,,,,,,
d10b5a91-cd47-465f-8128-13d71f6a1d82,the_new_york_times,1.0,1.0,,,,,,,,,,,,,,,,,,,,,,,,,,,,,,,,,,,,
d1120792-252a-416a-9f7e-9522b6b163bf,,,,,,,,,,,,,,,,,,,,,,,,,,,,,,,,,,,,,,,
d11350eb-ae25-4017-a0fd-2678393c6555,,,,,,,,,,,,,,,,,,,,,,,,,,,,,,,,,,,,,,,
d115cd01-13cf-46f4-96c6-08de5c3351b8,,,,,,,,,,,,,,,,,,,,,,,,,,,,,,,,,,,,,,,
d1239698-c9ed-4c70-8d10-1069de84abaf,histats,1.0,1.0,,,,,,,,,,,,,,,,,,,,,,,,,,,,,,,,,,,,
d1290d37-4d0c-41a2-b2c7-8a3d68f9f974,,,,,,,,,,,,,,,,,,,,,,,,,,,,,,,,,,,,,,,
d12b00db-5c1b-4f8f-aad6-d8020a4c8ed8,,,,,,,,,,,,,,,,,,,,,,,,,,,,,,,,,,,,,,,
d12e3c13-9bdd-4727-b7fd-0d504c779269,,,,,,,,,,,,,,,,,,,,,,,,,,,,,,,,,,,,,,,
d12ed60d-b5b4-4ade-b563-2f8837e2ad6f,,,,,,,,,,,,,,,,,,,,,,,,,,,,,,,,,,,,,,,
d130f2ed-05ed-4d63-8466-a951c2e5f293,,,,,,,,,,,,,,,,,,,,,,,,,,,,,,,,,,,,,,,
d136de82-7613-4100-bd2b-91b339296e34,,,,,,,,,,,,,,,,,,,,,,,,,,,,,,,,,,,,,,,
d13c79ff-eded-4a4b-a45d-96e4605c81e9,,,,,,,,,,,,,,,,,,,,,,,,,,,,,,,,,,,,,,,
d13d6383-0b33-48f9-80b1-b4ad9a878972,,,,,,,,,,,,,,,,,,,,,,,,,,,,,,,,,,,,,,,
d14bd819-46a1-4474-8e49-61075fa0772f,,,,,,,,,,,,,,,,,,,,,,,,,,,,,,,,,,,,,,,
d15cca83-1dbc-4545-81e8-f952a293cb2f,,,,,,,,,,,,,,,,,,,,,,,,,,,,,,,,,,,,,,,
d16513e7-3707-4591-b461-93ce8d559994,,,,,,,,,,,,,,,,,,,,,,,,,,,,,,,,,,,,,,,
d16a4eb6-c1f7-448a-b31c-f87c0c93dae5,,,,,,,,,,,,,,,,,,,,,,,,,,,,,,,,,,,,,,,
d16b5cbe-f064-4b89-902b-6d3b101a47ce,,,,,,,,,,,,,,,,,,,,,,,,,,,,,,,,,,,,,,,
d16d5f61-dc49-48ad-9d6c-f2c3a2fcdfcc,,,,,,,,,,,,,,,,,,,,,,,,,,,,,,,,,,,,,,,
d176a978-4daa-4098-8ff7-1ade56b34193,,,,,,,,,,,,,,,,,,,,,,,,,,,,,,,,,,,,,,,
d182f1cd-c1e4-4c95-a05a-018e8a39dcfd,,,,,,,,,,,,,,,,,,,,,,,,,,,,,,,,,,,,,,,
d192957c-e195-4080-828d-3a2766a3cc26,,,,,,,,,,,,,,,,,,,,,,,,,,,,,,,,,,,,,,,
d1974b18-8861-472b-84af-4b4c707e2a88,,,,,,,,,,,,,,,,,,,,,,,,,,,,,,,,,,,,,,,
d197b504-03fd-4ce6-84c2-29a0829c782b,,,,,,,,,,,,,,,,,,,,,,,,,,,,,,,,,,,,,,,
d199ec9a-020c-4381-8456-81f57d0e0d09,,,,,,,,,,,,,,,,,,,,,,,,,,,,,,,,,,,,,,,
d1a04f40-c071-45ef-b701-ef5382808462,,,,,,,,,,,,,,,,,,,,,,,,,,,,,,,,,,,,,,,
d1a437af-a145-431f-bd45-4f2edd1a2fec,,,,,,,,,,,,,,,,,,,,,,,,,,,,,,,,,,,,,,,
d1a6ec05-9f4c-4a1d-8152-eff3e8e5d707,,,,,,,,,,,,,,,,,,,,,,,,,,,,,,,,,,,,,,,
d1aaf547-a989-4efb-961f-b24e61fd4952,,,,,,,,,,,,,,,,,,,,,,,,,,,,,,,,,,,,,,,
d1ab9815-0657-4f6d-96ec-c00563b51e91,,,,,,,,,,,,,,,,,,,,,,,,,,,,,,,,,,,,,,,
d1ac98aa-e426-4a9f-9509-d77c0b10cda0,,,,,,,,,,,,,,,,,,,,,,,,,,,,,,,,,,,,,,,
d1beb218-f499-437b-a8f6-12da8f7c20ff,,,,,,,,,,,,,,,,,,,,,,,,,,,,,,,,,,,,,,,
d1cf0a7d-348d-43be-bbfb-f035980cc8a3,onesignal,1.0,1.0,,,,,,,,,,,,,,,,,,,,,,,,,,,,,,,,,,,,
d1d2c577-5aaa-4be0-8b38-8a8871fbfbd0,,,,,,,,,,,,,,,,,,,,,,,,,,,,,,,,,,,,,,,
d1d95ac1-9a9d-4ad0-8eff-3bf0b1a7b308,,,,,,,,,,,,,,,,,,,,,,,,,,,,,,,,,,,,,,,
d1db69e1-c645-447a-b091-2f9dcd407478,,,,,,,,,,,,,,,,,,,,,,,,,,,,,,,,,,,,,,,
d1e5056a-d725-45d8-b401-2b5dc8c998b4,,,,,,,,,,,,,,,,,,,,,,,,,,,,,,,,,,,,,,,
d1fb634d-a225-44f9-9914-798c31e5f20f,,,,,,,,,,,,,,,,,,,,,,,,,,,,,,,,,,,,,,,
d1fe07c6-6765-427b-bf35-a12e866f6018,,,,,,,,,,,,,,,,,,,,,,,,,,,,,,,,,,,,,,,
d207d021-9f86-4838-ace8-da580c746f92,,,,,,,,,,,,,,,,,,,,,,,,,,,,,,,,,,,,,,,
d209192a-99fd-4abf-9a1a-74652205fc54,,,,,,,,,,,,,,,,,,,,,,,,,,,,,,,,,,,,,,,
d20e45f5-be27-4799-83a1-d318d632c01c,,,,,,,,,,,,,,,,,,,,,,,,,,,,,,,,,,,,,,,
d214b6de-f975-4851-8f16-6f5bc5244856,,,,,,,,,,,,,,,,,,,,,,,,,,,,,,,,,,,,,,,
d2191b02-7c04-48a3-bd53-66005743b276,,,,,,,,,,,,,,,,,,,,,,,,,,,,,,,,,,,,,,,
d21a2af3-2566-46cd-9dc7-7cd47c954d0b,,,,,,,,,,,,,,,,,,,,,,,,,,,,,,,,,,,,,,,
d224d093-663d-4b56-b842-1b33f6ae8f31,mntn,1.0,1.0,,,,,,,,,,,,,,,,,,,,,,,,,,,,,,,,,,,,
d22cb7cc-4c12-4799-a379-032de269941e,,,,,,,,,,,,,,,,,,,,,,,,,,,,,,,,,,,,,,,
d22de8b7-a46a-4d13-9718-a4f043ad7a76,,,,,,,,,,,,,,,,,,,,,,,,,,,,,,,,,,,,,,,
d23790d5-b0e2-43e4-8f4c-a6e7a5c69f9b,,,,,,,,,,,,,,,,,,,,,,,,,,,,,,,,,,,,,,,
d242288e-9e12-451b-946a-0d9ab3ac371f,,,,,,,,,,,,,,,,,,,,,,,,,,,,,,,,,,,,,,,
d24fd5cc-1f4e-4e95-8aaa-ea6a1ee71cac,,,,,,,,,,,,,,,,,,,,,,,,,,,,,,,,,,,,,,,
d2537181-fbbe-4664-a478-0ecefbc99512,,,,,,,,,,,,,,,,,,,,,,,,,,,,,,,,,,,,,,,
d253cafe-6d86-4297-bd64-6667930df61a,salesforce,1.0,1.0,,,,,,,,,,,,,,,,,,,,,,,,,,,,,,,,,,,,
d25618e9-dd6d-4ba4-958a-45761a83a703,,,,,,,,,,,,,,,,,,,,,,,,,,,,,,,,,,,,,,,
d259ba03-d433-4726-9919-9fe3fa33bafe,,,,,,,,,,,,,,,,,,,,,,,,,,,,,,,,,,,,,,,
d25bd492-0cc0-4d9c-9cc6-9e7b9b35164b,adjust,1.0,0.16666666666666666,uservoice,1.0,0.16666666666666666,walkme,1.0,0.16666666666666666,mparticle,1.0,0.16666666666666666,pubmatic,1.0,0.16666666666666666,bambuser,1.0,0.16666666666666666,,,,,,,,,,,,,,,,,,,,,
d25c2af9-b914-42c4-be5f-25d2b11508d6,,,,,,,,,,,,,,,,,,,,,,,,,,,,,,,,,,,,,,,
d2770484-55b2-4e9b-97da-b29819cf8458,,,,,,,,,,,,,,,,,,,,,,,,,,,,,,,,,,,,,,,
d27d708c-ecc2-4559-8d3a-bdaa1af957b7,,,,,,,,,,,,,,,,,,,,,,,,,,,,,,,,,,,,,,,
d2814171-271d-45db-b473-2fcf1200a714,,,,,,,,,,,,,,,,,,,,,,,,,,,,,,,,,,,,,,,
d281fed6-1a05-46e4-85ac-6dcb8485737a,,,,,,,,,,,,,,,,,,,,,,,,,,,,,,,,,,,,,,,
d28444be-fb91-4e98-9719-b8feaeddab26,,,,,,,,,,,,,,,,,,,,,,,,,,,,,,,,,,,,,,,
d28511ce-ca36-4744-aa71-c9cb217d37d3,,,,,,,,,,,,,,,,,,,,,,,,,,,,,,,,,,,,,,,
d287590f-83f3-4943-8cb6-0600d2c0ee48,,,,,,,,,,,,,,,,,,,,,,,,,,,,,,,,,,,,,,,
d28db4ae-cb41-4b7b-8360-44983307871a,,,,,,,,,,,,,,,,,,,,,,,,,,,,,,,,,,,,,,,
d2907be7-051f-401e-8d04-0402509c916b,,,,,,,,,,,,,,,,,,,,,,,,,,,,,,,,,,,,,,,
d290d7f9-9cdc-47c7-a557-23a367dfe4d9,,,,,,,,,,,,,,,,,,,,,,,,,,,,,,,,,,,,,,,
d2938de3-cc6b-4b12-a644-d3952d240089,,,,,,,,,,,,,,,,,,,,,,,,,,,,,,,,,,,,,,,
d2a4e617-ed4a-4520-a790-24d6e1818650,,,,,,,,,,,,,,,,,,,,,,,,,,,,,,,,,,,,,,,
d2a6fa09-deac-4e88-8b05-17f10d2312bc,,,,,,,,,,,,,,,,,,,,,,,,,,,,,,,,,,,,,,,
d2b2621a-c619-4da5-ad84-a9a75f17906e,,,,,,,,,,,,,,,,,,,,,,,,,,,,,,,,,,,,,,,
d2b9f026-28a8-4c96-85c6-5f2fa9c121ea,,,,,,,,,,,,,,,,,,,,,,,,,,,,,,,,,,,,,,,
d2bbc40d-7de5-4bc0-89ba-6169d7712e9d,,,,,,,,,,,,,,,,,,,,,,,,,,,,,,,,,,,,,,,
d2c169f4-6b22-4657-a9ef-19df80f36a46,,,,,,,,,,,,,,,,,,,,,,,,,,,,,,,,,,,,,,,
d2c180ba-cb7a-41f2-ae31-72bfb896f5e4,,,,,,,,,,,,,,,,,,,,,,,,,,,,,,,,,,,,,,,
d2c55cb1-83a5-4498-8c3f-8fe45c276486,,,,,,,,,,,,,,,,,,,,,,,,,,,,,,,,,,,,,,,
d2c926df-6e8f-499b-a72a-46f6d042b71c,,,,,,,,,,,,,,,,,,,,,,,,,,,,,,,,,,,,,,,
d2d0962f-ba98-4f06-95e9-64b296f024e5,,,,,,,,,,,,,,,,,,,,,,,,,,,,,,,,,,,,,,,
d2d30e66-2bdd-4ef9-ab5b-1047d174f2cc,,,,,,,,,,,,,,,,,,,,,,,,,,,,,,,,,,,,,,,
d2df5242-af85-4f2d-b52f-136f2d2c5457,,,,,,,,,,,,,,,,,,,,,,,,,,,,,,,,,,,,,,,
d2e688b8-2569-4e26-9a14-c8971d8db212,,,,,,,,,,,,,,,,,,,,,,,,,,,,,,,,,,,,,,,
d2e752f7-5938-495d-923c-f0ad621b8908,,,,,,,,,,,,,,,,,,,,,,,,,,,,,,,,,,,,,,,
d2f047f1-a63b-4a69-8d40-e2ad4dfeea54,,,,,,,,,,,,,,,,,,,,,,,,,,,,,,,,,,,,,,,
d2f7b58d-1d9d-4308-9f85-e1f3b749f062,,,,,,,,,,,,,,,,,,,,,,,,,,,,,,,,,,,,,,,
d3026561-3679-41f0-ae60-bf0736447789,,,,,,,,,,,,,,,,,,,,,,,,,,,,,,,,,,,,,,,
d30e4729-7f85-4929-8706-0a389bab6b9f,,,,,,,,,,,,,,,,,,,,,,,,,,,,,,,,,,,,,,,
d31c3f3d-c852-45b6-b8c9-2c4935099afb,,,,,,,,,,,,,,,,,,,,,,,,,,,,,,,,,,,,,,,
d320d7e5-6d31-45d8-af58-e98ce8676602,,,,,,,,,,,,,,,,,,,,,,,,,,,,,,,,,,,,,,,
d322a1b5-db43-4f71-9a7f-a3a119078bde,,,,,,,,,,,,,,,,,,,,,,,,,,,,,,,,,,,,,,,
d3252457-de44-4f3d-8f3c-885ad98d091c,,,,,,,,,,,,,,,,,,,,,,,,,,,,,,,,,,,,,,,
d333e2d4-fe11-4b35-a268-39b0395132a4,,,,,,,,,,,,,,,,,,,,,,,,,,,,,,,,,,,,,,,
d33ef4bd-8c7e-4a7f-a402-fd9c60b7d710,,,,,,,,,,,,,,,,,,,,,,,,,,,,,,,,,,,,,,,
d3400d9a-f52b-4dd7-84e8-9446c100a5ff,,,,,,,,,,,,,,,,,,,,,,,,,,,,,,,,,,,,,,,
d348c57d-f325-4eeb-9ccd-7829871d4d90,,,,,,,,,,,,,,,,,,,,,,,,,,,,,,,,,,,,,,,
d349fe9f-4a0d-4b9e-b26b-c5c8a010b103,,,,,,,,,,,,,,,,,,,,,,,,,,,,,,,,,,,,,,,
d34a1fc2-ef14-4536-a571-0fecfcdfa048,,,,,,,,,,,,,,,,,,,,,,,,,,,,,,,,,,,,,,,
d34f4ba8-fa24-4b65-8a01-6c853b41d2da,,,,,,,,,,,,,,,,,,,,,,,,,,,,,,,,,,,,,,,
d3568fe4-7379-4f9e-9e91-7e97ffc6cf09,,,,,,,,,,,,,,,,,,,,,,,,,,,,,,,,,,,,,,,
d358d0e3-ada0-4e39-aaa3-b00b57446705,,,,,,,,,,,,,,,,,,,,,,,,,,,,,,,,,,,,,,,
d35bb598-24c8-464e-af3a-b6308b6d5655,,,,,,,,,,,,,,,,,,,,,,,,,,,,,,,,,,,,,,,
d35c6f73-be33-4eed-ab47-dfd9f1179ac9,,,,,,,,,,,,,,,,,,,,,,,,,,,,,,,,,,,,,,,
d35efa15-3b94-4819-bd3e-f4c40fcd1290,,,,,,,,,,,,,,,,,,,,,,,,,,,,,,,,,,,,,,,
d367a3a8-0f00-4303-8e32-47c8ce346ee6,,,,,,,,,,,,,,,,,,,,,,,,,,,,,,,,,,,,,,,
d367f299-dfd3-483d-b730-a009eacad0f1,amazon_associates,1.0,1.0,,,,,,,,,,,,,,,,,,,,,,,,,,,,,,,,,,,,
d36f8137-c6a6-4d1d-bb62-d8893c1e6b91,,,,,,,,,,,,,,,,,,,,,,,,,,,,,,,,,,,,,,,
d375a84f-7276-467a-85b9-b38fddb32499,,,,,,,,,,,,,,,,,,,,,,,,,,,,,,,,,,,,,,,
d381ffc0-c5e0-4194-a174-31ad3cabbae7,,,,,,,,,,,,,,,,,,,,,,,,,,,,,,,,,,,,,,,
d386479f-22ff-4262-a642-dd84810a937d,,,,,,,,,,,,,,,,,,,,,,,,,,,,,,,,,,,,,,,
d3873521-c83f-408f-9135-729758bba2bb,,,,,,,,,,,,,,,,,,,,,,,,,,,,,,,,,,,,,,,
d388e3af-8687-4b5a-8cac-06f8827a48fe,,,,,,,,,,,,,,,,,,,,,,,,,,,,,,,,,,,,,,,
d3975fd7-f2a5-4c80-803b-9151c403be96,,,,,,,,,,,,,,,,,,,,,,,,,,,,,,,,,,,,,,,
d39f6a92-3be4-4b79-9ab3-8b702a5af911,,,,,,,,,,,,,,,,,,,,,,,,,,,,,,,,,,,,,,,
d3a0cc0f-4965-46f9-82b4-52fb337d637a,,,,,,,,,,,,,,,,,,,,,,,,,,,,,,,,,,,,,,,
d3a458e8-111b-4516-9d94-4b87e57e8d13,,,,,,,,,,,,,,,,,,,,,,,,,,,,,,,,,,,,,,,
d3a49ffa-efef-4957-93d8-4500605d35c5,,,,,,,,,,,,,,,,,,,,,,,,,,,,,,,,,,,,,,,
d3a67c0d-6d6c-487d-823a-a3be23b9b7d3,,,,,,,,,,,,,,,,,,,,,,,,,,,,,,,,,,,,,,,
d3ae9801-9e46-43d5-9f0a-1bdfa2a77087,wikimedia_foundation,2.0,1.0,,,,,,,,,,,,,,,,,,,,,,,,,,,,,,,,,,,,
d3af0448-27bc-41b4-9e5b-2ad29abff2b8,,,,,,,,,,,,,,,,,,,,,,,,,,,,,,,,,,,,,,,
d3b57a9e-4c74-4bf8-a83c-b0cb8c3e5ee3,disney,1.0,1.0,,,,,,,,,,,,,,,,,,,,,,,,,,,,,,,,,,,,
d3bf6f87-4f1d-48b3-8ab5-defbdd2658c1,,,,,,,,,,,,,,,,,,,,,,,,,,,,,,,,,,,,,,,
d3c1a781-5e67-4776-bf9c-e4c4bf73e084,,,,,,,,,,,,,,,,,,,,,,,,,,,,,,,,,,,,,,,
d3c6c222-a99d-4988-8e9c-5e33ed5bf0f0,,,,,,,,,,,,,,,,,,,,,,,,,,,,,,,,,,,,,,,
d3c73260-e753-49ee-bb0b-47a7eea9f607,,,,,,,,,,,,,,,,,,,,,,,,,,,,,,,,,,,,,,,
d3cc545f-d3bf-40db-a3c3-5bf1e0b173d8,weebly,1.0,1.0,,,,,,,,,,,,,,,,,,,,,,,,,,,,,,,,,,,,
d3ce98ee-8929-41f7-b503-391f03aad611,51.la,1.0,1.0,,,,,,,,,,,,,,,,,,,,,,,,,,,,,,,,,,,,
d3d6ef3e-ea44-41dc-a88a-5e22eb331c46,,,,,,,,,,,,,,,,,,,,,,,,,,,,,,,,,,,,,,,
d3de00fb-0bd1-4fac-b20a-775720a04092,,,,,,,,,,,,,,,,,,,,,,,,,,,,,,,,,,,,,,,
d3f2183a-9661-4dec-87c5-30202a039452,,,,,,,,,,,,,,,,,,,,,,,,,,,,,,,,,,,,,,,
d3f2583a-2782-4ad0-8c31-ad55a4b9ac7f,crisp,1.0,1.0,,,,,,,,,,,,,,,,,,,,,,,,,,,,,,,,,,,,
d3f5d8ca-a6b1-4477-9f6a-cb2271eae30c,,,,,,,,,,,,,,,,,,,,,,,,,,,,,,,,,,,,,,,
d3f6eb24-07be-49a8-8450-af731bbb1592,,,,,,,,,,,,,,,,,,,,,,,,,,,,,,,,,,,,,,,
d3fa7f05-4d3a-4d35-91d8-b1b762210cfb,,,,,,,,,,,,,,,,,,,,,,,,,,,,,,,,,,,,,,,
d3ff38f6-1d19-46bb-89f8-7108cff36f06,,,,,,,,,,,,,,,,,,,,,,,,,,,,,,,,,,,,,,,
d407e4a2-909d-4513-95e5-a8e770b6ed05,,,,,,,,,,,,,,,,,,,,,,,,,,,,,,,,,,,,,,,
d40bc00a-562c-4bbe-bf2a-dfd514dbd207,,,,,,,,,,,,,,,,,,,,,,,,,,,,,,,,,,,,,,,
d40ca70a-beb6-481d-bee5-55ede90f053d,,,,,,,,,,,,,,,,,,,,,,,,,,,,,,,,,,,,,,,
d40f35f5-8098-4c78-9f79-41993169fc02,,,,,,,,,,,,,,,,,,,,,,,,,,,,,,,,,,,,,,,
d419a2f6-04dd-4167-a081-ebe6f6dc5860,,,,,,,,,,,,,,,,,,,,,,,,,,,,,,,,,,,,,,,
d41a07a2-7b61-4075-be4a-4b22a2114ea8,,,,,,,,,,,,,,,,,,,,,,,,,,,,,,,,,,,,,,,
d41f48e3-744c-4b77-be3e-9bba8537b6d0,,,,,,,,,,,,,,,,,,,,,,,,,,,,,,,,,,,,,,,
d420b44c-d1b0-4a07-96e1-55205780478f,,,,,,,,,,,,,,,,,,,,,,,,,,,,,,,,,,,,,,,
d42110e7-451a-458e-b530-141db0126933,,,,,,,,,,,,,,,,,,,,,,,,,,,,,,,,,,,,,,,
d4233c98-ba3b-47a2-a01d-b175feead73b,,,,,,,,,,,,,,,,,,,,,,,,,,,,,,,,,,,,,,,
d42fdcc6-be83-4abe-adbb-9eea462fef46,,,,,,,,,,,,,,,,,,,,,,,,,,,,,,,,,,,,,,,
d4352694-f192-4924-b70a-63e96d18c676,,,,,,,,,,,,,,,,,,,,,,,,,,,,,,,,,,,,,,,
d43aeb43-cbde-4a28-818d-ca101504a2a2,shopify,1.0,1.0,,,,,,,,,,,,,,,,,,,,,,,,,,,,,,,,,,,,
d44641c6-8db6-4cc0-86a8-e11f5d095406,,,,,,,,,,,,,,,,,,,,,,,,,,,,,,,,,,,,,,,
d449c882-4e12-40df-a405-cd57e321137d,the_new_york_times,1.0,1.0,,,,,,,,,,,,,,,,,,,,,,,,,,,,,,,,,,,,
d44e78cc-8f8c-4f3c-949e-eba53ef25ac7,,,,,,,,,,,,,,,,,,,,,,,,,,,,,,,,,,,,,,,
d44f9ebd-7e82-44f8-a4c3-398f9a301d65,,,,,,,,,,,,,,,,,,,,,,,,,,,,,,,,,,,,,,,
d45cc473-735d-494a-933b-6ac7cdbc7ead,,,,,,,,,,,,,,,,,,,,,,,,,,,,,,,,,,,,,,,
d45efdac-be56-4a9b-b23c-3c4d69c19abb,,,,,,,,,,,,,,,,,,,,,,,,,,,,,,,,,,,,,,,
d4615af3-d9e7-4aaf-8b8d-54a23650a84d,,,,,,,,,,,,,,,,,,,,,,,,,,,,,,,,,,,,,,,
d468858e-233f-46aa-84f8-3e4d0bae75b8,,,,,,,,,,,,,,,,,,,,,,,,,,,,,,,,,,,,,,,
d46995fa-6248-48f6-b863-a475e4d531f4,,,,,,,,,,,,,,,,,,,,,,,,,,,,,,,,,,,,,,,
d46bdf6d-a3d9-4e6b-96b9-c29e53057257,,,,,,,,,,,,,,,,,,,,,,,,,,,,,,,,,,,,,,,
d47048ad-9c77-462d-a066-55d77ce8aa37,,,,,,,,,,,,,,,,,,,,,,,,,,,,,,,,,,,,,,,
d4705216-8f6d-459d-b4fd-d9c057b7cfeb,baidu,1.0,1.0,,,,,,,,,,,,,,,,,,,,,,,,,,,,,,,,,,,,
d4756281-aa5a-49c9-b0f4-72519c36f70c,apple,1.0,1.0,,,,,,,,,,,,,,,,,,,,,,,,,,,,,,,,,,,,
d47d4546-42a5-4496-82ea-cccf16363f5c,,,,,,,,,,,,,,,,,,,,,,,,,,,,,,,,,,,,,,,
d47e02b9-9882-492c-a497-6e958fe2d7a9,,,,,,,,,,,,,,,,,,,,,,,,,,,,,,,,,,,,,,,
d48d7af1-17b9-4e24-a4f2-6bb0b73fb32e,,,,,,,,,,,,,,,,,,,,,,,,,,,,,,,,,,,,,,,
d48de5ee-b616-46dc-a61f-14e5af75e626,,,,,,,,,,,,,,,,,,,,,,,,,,,,,,,,,,,,,,,
d490a595-6f98-4022-94fd-97293286b167,,,,,,,,,,,,,,,,,,,,,,,,,,,,,,,,,,,,,,,
d493ebf9-d2a1-49ee-b9c1-be9e573fba6b,,,,,,,,,,,,,,,,,,,,,,,,,,,,,,,,,,,,,,,
d4a07848-f606-4e41-8b59-836020dfe443,,,,,,,,,,,,,,,,,,,,,,,,,,,,,,,,,,,,,,,
d4a0fc1f-b465-401c-b533-ebfe628bc422,,,,,,,,,,,,,,,,,,,,,,,,,,,,,,,,,,,,,,,
d4a1ed2c-11b0-48db-bdf6-626774120159,infolinks,1.0,1.0,,,,,,,,,,,,,,,,,,,,,,,,,,,,,,,,,,,,
d4a7337a-30fe-4a9e-a0a1-052c73cdd39e,,,,,,,,,,,,,,,,,,,,,,,,,,,,,,,,,,,,,,,
d4a8682e-83db-4b74-9aee-1b3037c6e317,,,,,,,,,,,,,,,,,,,,,,,,,,,,,,,,,,,,,,,
d4ab0d3b-0bc4-4f62-aa20-f355db764a6c,,,,,,,,,,,,,,,,,,,,,,,,,,,,,,,,,,,,,,,
d4ac59e7-67ee-4bf8-8009-7c482a2a00e4,,,,,,,,,,,,,,,,,,,,,,,,,,,,,,,,,,,,,,,
d4ae4413-e097-4484-b2e9-39ec655913eb,,,,,,,,,,,,,,,,,,,,,,,,,,,,,,,,,,,,,,,
d4b75c8b-bb3e-4ff8-9575-c5b6177fdd0c,,,,,,,,,,,,,,,,,,,,,,,,,,,,,,,,,,,,,,,
d4bd31f9-f928-4980-aaec-7f3d445b0f92,,,,,,,,,,,,,,,,,,,,,,,,,,,,,,,,,,,,,,,
d4bd497c-afcf-484a-a6b0-5a8087bc01c4,,,,,,,,,,,,,,,,,,,,,,,,,,,,,,,,,,,,,,,
d4bd4de0-3bd6-4b55-a346-182588a531d3,,,,,,,,,,,,,,,,,,,,,,,,,,,,,,,,,,,,,,,
d4c09a86-3fc0-445d-9ce9-43df58d11d59,,,,,,,,,,,,,,,,,,,,,,,,,,,,,,,,,,,,,,,
d4c11e18-2e08-4c94-8c84-8d26ed97cc9c,,,,,,,,,,,,,,,,,,,,,,,,,,,,,,,,,,,,,,,
d4c5b499-c57e-450c-83af-b0170c8a3a07,,,,,,,,,,,,,,,,,,,,,,,,,,,,,,,,,,,,,,,
d4ca5de2-f070-41cb-9f91-72f7d8c630b8,apple,1.0,1.0,,,,,,,,,,,,,,,,,,,,,,,,,,,,,,,,,,,,
d4cbd5ce-4e87-4057-86ed-4a2281becee9,,,,,,,,,,,,,,,,,,,,,,,,,,,,,,,,,,,,,,,
d4d2cf7f-92c0-47eb-9583-ad873a56f4bc,,,,,,,,,,,,,,,,,,,,,,,,,,,,,,,,,,,,,,,
d4dc42c6-aed7-4bc9-bd76-3d21f07f06e7,,,,,,,,,,,,,,,,,,,,,,,,,,,,,,,,,,,,,,,
d4dec968-55f8-40cb-8bba-f3f44744919b,,,,,,,,,,,,,,,,,,,,,,,,,,,,,,,,,,,,,,,
d4e04928-f24e-426e-806d-ee14ea00f6b9,,,,,,,,,,,,,,,,,,,,,,,,,,,,,,,,,,,,,,,
d4e0cbc9-5642-4b0d-bed1-dae2119ee020,,,,,,,,,,,,,,,,,,,,,,,,,,,,,,,,,,,,,,,
d4e6afe3-40bb-4f1f-a41a-cfe439523d78,,,,,,,,,,,,,,,,,,,,,,,,,,,,,,,,,,,,,,,
d4ea76ea-779c-48be-928d-994e111ae4b4,,,,,,,,,,,,,,,,,,,,,,,,,,,,,,,,,,,,,,,
d50738fc-6907-4d06-9eee-83be1824bfb8,,,,,,,,,,,,,,,,,,,,,,,,,,,,,,,,,,,,,,,
d5085f36-9796-412e-95f2-5fdba2f3e17a,,,,,,,,,,,,,,,,,,,,,,,,,,,,,,,,,,,,,,,
d50ef5ef-49dd-4ed5-98dc-8b4ca4523b84,,,,,,,,,,,,,,,,,,,,,,,,,,,,,,,,,,,,,,,
d5175d12-e507-4fda-9b20-2969435b3660,,,,,,,,,,,,,,,,,,,,,,,,,,,,,,,,,,,,,,,
d51a540d-af12-4431-bcd8-3443a729fc2c,,,,,,,,,,,,,,,,,,,,,,,,,,,,,,,,,,,,,,,
d51ebf4b-3ea3-4df4-b59d-0cec4c82dc6e,,,,,,,,,,,,,,,,,,,,,,,,,,,,,,,,,,,,,,,
d520187e-9c63-447a-988a-6d754ae87401,buysellads.com,1.0,1.0,,,,,,,,,,,,,,,,,,,,,,,,,,,,,,,,,,,,
d52144e1-583f-46d8-88ac-91d3682ccf2d,,,,,,,,,,,,,,,,,,,,,,,,,,,,,,,,,,,,,,,
d525e818-7629-43a7-b65e-2cead56d78d8,,,,,,,,,,,,,,,,,,,,,,,,,,,,,,,,,,,,,,,
d526f8f8-8911-4f9f-8e84-a542734e844f,,,,,,,,,,,,,,,,,,,,,,,,,,,,,,,,,,,,,,,
d5293a59-4c22-4e31-844a-589dc1ba3749,,,,,,,,,,,,,,,,,,,,,,,,,,,,,,,,,,,,,,,
d52d2c77-12fc-406f-91a0-0169f2c0d066,,,,,,,,,,,,,,,,,,,,,,,,,,,,,,,,,,,,,,,
d538d557-518a-4c7e-8317-36fda533b38b,,,,,,,,,,,,,,,,,,,,,,,,,,,,,,,,,,,,,,,
d54299c0-8f98-45b7-a83b-75e998a19b31,,,,,,,,,,,,,,,,,,,,,,,,,,,,,,,,,,,,,,,
d5445a6d-f427-4ab6-abde-149ad9b64527,,,,,,,,,,,,,,,,,,,,,,,,,,,,,,,,,,,,,,,
d548dadb-709c-42b5-a517-2d57af69a7c0,,,,,,,,,,,,,,,,,,,,,,,,,,,,,,,,,,,,,,,
d54a5201-ed2c-4a73-8d41-2a0ad99533ae,atlassian,1.0,1.0,,,,,,,,,,,,,,,,,,,,,,,,,,,,,,,,,,,,
d54bfa5c-2c1f-44cf-8cbc-7ed1365a5764,,,,,,,,,,,,,,,,,,,,,,,,,,,,,,,,,,,,,,,
d54d3cbb-01b2-475d-b03b-7f0b67bab3da,,,,,,,,,,,,,,,,,,,,,,,,,,,,,,,,,,,,,,,
d553d3a5-ba21-4e96-b682-fae78636bcf1,apple,1.0,1.0,,,,,,,,,,,,,,,,,,,,,,,,,,,,,,,,,,,,
d5557209-e31f-42b4-87a0-1c543a4d7975,,,,,,,,,,,,,,,,,,,,,,,,,,,,,,,,,,,,,,,
d5643911-d117-4632-98ab-03670f3de338,,,,,,,,,,,,,,,,,,,,,,,,,,,,,,,,,,,,,,,
d56549e3-e3d0-47ef-9b19-ec1bf6e3c3dd,,,,,,,,,,,,,,,,,,,,,,,,,,,,,,,,,,,,,,,
d567a11a-5772-4c0b-9152-59ba84f64deb,,,,,,,,,,,,,,,,,,,,,,,,,,,,,,,,,,,,,,,
d567dfd5-08ca-49ca-a8cd-5883e3d26e84,,,,,,,,,,,,,,,,,,,,,,,,,,,,,,,,,,,,,,,
d56a6a0a-ca60-4b6c-9a6a-2489c28a4e0f,,,,,,,,,,,,,,,,,,,,,,,,,,,,,,,,,,,,,,,
d56cfe1e-83bd-4806-90f3-5e5c730b4b15,,,,,,,,,,,,,,,,,,,,,,,,,,,,,,,,,,,,,,,
d56f3836-8e79-42c6-a247-01f2c7e89686,,,,,,,,,,,,,,,,,,,,,,,,,,,,,,,,,,,,,,,
d5810017-a570-4a46-8561-fbb10db7249d,,,,,,,,,,,,,,,,,,,,,,,,,,,,,,,,,,,,,,,
d58f5710-54af-4d2a-8e54-3a8e5ed6e6db,,,,,,,,,,,,,,,,,,,,,,,,,,,,,,,,,,,,,,,
d5928000-0f61-4a0b-ada8-c5d47643f713,,,,,,,,,,,,,,,,,,,,,,,,,,,,,,,,,,,,,,,
d59fb6f7-363a-4bb1-a936-ce4b4c29f660,,,,,,,,,,,,,,,,,,,,,,,,,,,,,,,,,,,,,,,
d5a4657d-fcdb-441b-b157-46c5a97914d1,,,,,,,,,,,,,,,,,,,,,,,,,,,,,,,,,,,,,,,
d5a89632-412d-419c-9a82-1a6155d4e136,,,,,,,,,,,,,,,,,,,,,,,,,,,,,,,,,,,,,,,
d5b01caa-8643-4610-a42d-1d9054c304c7,,,,,,,,,,,,,,,,,,,,,,,,,,,,,,,,,,,,,,,
d5b31aaf-81b9-4fe1-a4fa-5fbf121cb70c,,,,,,,,,,,,,,,,,,,,,,,,,,,,,,,,,,,,,,,
d5c2cb44-81da-4660-86b2-540a1b3feced,,,,,,,,,,,,,,,,,,,,,,,,,,,,,,,,,,,,,,,
d5cc8d78-4677-4ba5-a93a-d355fc0df597,,,,,,,,,,,,,,,,,,,,,,,,,,,,,,,,,,,,,,,
d5da4675-cf52-443b-af3a-f212ce6c5af6,,,,,,,,,,,,,,,,,,,,,,,,,,,,,,,,,,,,,,,
d5dad6db-2b90-4249-ac39-5ba325e76d40,,,,,,,,,,,,,,,,,,,,,,,,,,,,,,,,,,,,,,,
d5e9db74-1035-4fb9-bca3-f5b4e3aa7422,,,,,,,,,,,,,,,,,,,,,,,,,,,,,,,,,,,,,,,
d5ee0e29-cb78-45fc-8f69-7841a4d8e1ce,,,,,,,,,,,,,,,,,,,,,,,,,,,,,,,,,,,,,,,
d5f3956a-451a-42c1-9d65-fda7395286bb,,,,,,,,,,,,,,,,,,,,,,,,,,,,,,,,,,,,,,,
d5fec988-6ad9-45fc-8254-3e73147a6881,,,,,,,,,,,,,,,,,,,,,,,,,,,,,,,,,,,,,,,
d600bcd3-60a7-4eef-a62a-d4b6919a1897,,,,,,,,,,,,,,,,,,,,,,,,,,,,,,,,,,,,,,,
d613dc03-ea10-4d2e-9c79-a6d66481156c,,,,,,,,,,,,,,,,,,,,,,,,,,,,,,,,,,,,,,,
d6171833-1af3-49fb-a253-036202e42b36,,,,,,,,,,,,,,,,,,,,,,,,,,,,,,,,,,,,,,,
d61dc7c9-0d84-4c8d-a5b9-0319366c3b45,,,,,,,,,,,,,,,,,,,,,,,,,,,,,,,,,,,,,,,
d6322f9a-a6e0-42cc-b4db-c8d0274a7235,,,,,,,,,,,,,,,,,,,,,,,,,,,,,,,,,,,,,,,
d637c7bd-71ff-414f-9609-d6728f1950a1,infolinks,1.0,1.0,,,,,,,,,,,,,,,,,,,,,,,,,,,,,,,,,,,,
d639cd55-4f3e-41a5-aaf0-6bf4482d1c42,,,,,,,,,,,,,,,,,,,,,,,,,,,,,,,,,,,,,,,
d642a706-27f2-4d82-b33a-8faeabb3032e,,,,,,,,,,,,,,,,,,,,,,,,,,,,,,,,,,,,,,,
d643b6d7-9c92-46c1-93cb-1d6b9799c9c7,,,,,,,,,,,,,,,,,,,,,,,,,,,,,,,,,,,,,,,
d6479d43-f5ca-44d9-84e5-28c21180a2c9,,,,,,,,,,,,,,,,,,,,,,,,,,,,,,,,,,,,,,,
d65432a4-7f19-4945-ab31-1a822be39a5e,,,,,,,,,,,,,,,,,,,,,,,,,,,,,,,,,,,,,,,
d65aec0c-d517-4e0e-964e-633b88ea1f43,,,,,,,,,,,,,,,,,,,,,,,,,,,,,,,,,,,,,,,
d66591e4-395e-4e53-adca-0cf7754069a9,,,,,,,,,,,,,,,,,,,,,,,,,,,,,,,,,,,,,,,
d67085f9-88f9-42b5-a133-2a4ad0dd2f77,,,,,,,,,,,,,,,,,,,,,,,,,,,,,,,,,,,,,,,
d679197e-1b0b-4dae-94e3-74976353da72,,,,,,,,,,,,,,,,,,,,,,,,,,,,,,,,,,,,,,,
d68c1121-f41a-4099-a34f-42e195e0023f,,,,,,,,,,,,,,,,,,,,,,,,,,,,,,,,,,,,,,,
d68e81d1-97e9-41db-9962-dad38af433a4,,,,,,,,,,,,,,,,,,,,,,,,,,,,,,,,,,,,,,,
d693b72c-8c55-4329-8e59-1affe8df67d2,microsoft,1.0,1.0,,,,,,,,,,,,,,,,,,,,,,,,,,,,,,,,,,,,
d699ecce-fe51-47b6-bdc7-4647ae50d5c6,,,,,,,,,,,,,,,,,,,,,,,,,,,,,,,,,,,,,,,
d69b299e-9c95-4f5e-b85e-8d956e35233c,,,,,,,,,,,,,,,,,,,,,,,,,,,,,,,,,,,,,,,
d6ac882b-8014-47ad-999a-ad734bf825ff,,,,,,,,,,,,,,,,,,,,,,,,,,,,,,,,,,,,,,,
d6b8e55c-3733-4ad6-b1bf-af12f32fb5d9,,,,,,,,,,,,,,,,,,,,,,,,,,,,,,,,,,,,,,,
d6c0b8b6-156d-4c7f-9143-dea0c556c9ed,,,,,,,,,,,,,,,,,,,,,,,,,,,,,,,,,,,,,,,
d6c1af1a-afb4-4d58-85bb-73b40d1c5600,,,,,,,,,,,,,,,,,,,,,,,,,,,,,,,,,,,,,,,
d6d66f8c-b98b-492d-83da-e8764c7469a6,,,,,,,,,,,,,,,,,,,,,,,,,,,,,,,,,,,,,,,
d6d8aa3a-4ffc-4de5-a2b8-9f03c0bf0e4e,,,,,,,,,,,,,,,,,,,,,,,,,,,,,,,,,,,,,,,
d6d9a577-ae94-434f-8ec6-8ecbb73a65d1,,,,,,,,,,,,,,,,,,,,,,,,,,,,,,,,,,,,,,,
d6e213a9-be7d-44d8-af17-bb98ddf4370f,,,,,,,,,,,,,,,,,,,,,,,,,,,,,,,,,,,,,,,
d6e3069a-e980-4513-953f-48863e4b525d,,,,,,,,,,,,,,,,,,,,,,,,,,,,,,,,,,,,,,,
d6e83e2b-14dd-4f37-86a4-9fc7b2eb8ce4,,,,,,,,,,,,,,,,,,,,,,,,,,,,,,,,,,,,,,,
d6ea4783-e41c-4c9a-ba62-8769baf7a8c5,,,,,,,,,,,,,,,,,,,,,,,,,,,,,,,,,,,,,,,
d6ee341f-c22b-4704-8f70-dd18223392b0,,,,,,,,,,,,,,,,,,,,,,,,,,,,,,,,,,,,,,,
d6ef8c30-1325-4504-a0a8-321e6c7324c8,,,,,,,,,,,,,,,,,,,,,,,,,,,,,,,,,,,,,,,
d6f1f6a7-9396-4358-a129-163eef116668,,,,,,,,,,,,,,,,,,,,,,,,,,,,,,,,,,,,,,,
d6f2939f-82ee-4ef1-979c-5cbad53342df,,,,,,,,,,,,,,,,,,,,,,,,,,,,,,,,,,,,,,,
d70d8c08-4d5d-486c-9e2b-8970b00b0545,,,,,,,,,,,,,,,,,,,,,,,,,,,,,,,,,,,,,,,
d713a157-5ac2-4bd3-a0b1-99de101eabf1,,,,,,,,,,,,,,,,,,,,,,,,,,,,,,,,,,,,,,,
d71732a3-ec9e-4525-85a4-600bef7b8206,,,,,,,,,,,,,,,,,,,,,,,,,,,,,,,,,,,,,,,
d7179da8-d441-4b80-967c-715ea3611481,,,,,,,,,,,,,,,,,,,,,,,,,,,,,,,,,,,,,,,
d718170f-8ddf-4520-bbf4-1457f0887b2a,,,,,,,,,,,,,,,,,,,,,,,,,,,,,,,,,,,,,,,
d738c392-a055-4466-9e47-2405e5049cda,,,,,,,,,,,,,,,,,,,,,,,,,,,,,,,,,,,,,,,
d73de5b6-60a2-4110-9cbe-3899e492cf8a,,,,,,,,,,,,,,,,,,,,,,,,,,,,,,,,,,,,,,,
d73e5ef0-bf3b-440b-a635-153f39e5b057,,,,,,,,,,,,,,,,,,,,,,,,,,,,,,,,,,,,,,,
d74cdd4f-8325-43f9-ae7f-0bb845b5d332,,,,,,,,,,,,,,,,,,,,,,,,,,,,,,,,,,,,,,,
d74f032e-d678-4d79-bbca-c0e4c22525d0,,,,,,,,,,,,,,,,,,,,,,,,,,,,,,,,,,,,,,,
d75b14d1-7290-4f20-8514-ba2ab96943d5,,,,,,,,,,,,,,,,,,,,,,,,,,,,,,,,,,,,,,,
d75b6c05-268d-4d7b-8f54-e5c96dbd406d,,,,,,,,,,,,,,,,,,,,,,,,,,,,,,,,,,,,,,,
d763fbeb-4005-47c3-8839-30de5b1d1740,,,,,,,,,,,,,,,,,,,,,,,,,,,,,,,,,,,,,,,
d763ff5f-a8d2-4dbf-a538-15281277c899,,,,,,,,,,,,,,,,,,,,,,,,,,,,,,,,,,,,,,,
d77383d0-d62b-45b9-a25a-7b40e6f16951,,,,,,,,,,,,,,,,,,,,,,,,,,,,,,,,,,,,,,,
d77ac76d-cd4d-4ab4-a3b2-555b1f433395,,,,,,,,,,,,,,,,,,,,,,,,,,,,,,,,,,,,,,,
d77b633f-5591-4baa-a22f-36325675df36,,,,,,,,,,,,,,,,,,,,,,,,,,,,,,,,,,,,,,,
d77c8d24-1a17-458d-b566-9776d0456d14,,,,,,,,,,,,,,,,,,,,,,,,,,,,,,,,,,,,,,,
d789cbf8-299e-4e7f-9b21-5b2cb62146e0,,,,,,,,,,,,,,,,,,,,,,,,,,,,,,,,,,,,,,,
d79b7f72-a593-4231-b45b-4673afe3fba2,the_new_york_times,1.0,1.0,,,,,,,,,,,,,,,,,,,,,,,,,,,,,,,,,,,,
d7b0b561-8a28-4d83-afa0-0daaf14446a1,,,,,,,,,,,,,,,,,,,,,,,,,,,,,,,,,,,,,,,
d7b2ecc3-d28c-4499-8c74-fe41cc5270c6,,,,,,,,,,,,,,,,,,,,,,,,,,,,,,,,,,,,,,,
d7b87065-faa4-44a7-a4bd-df4cff0b1fec,,,,,,,,,,,,,,,,,,,,,,,,,,,,,,,,,,,,,,,
d7cbf0ef-172b-4db8-8fa4-8e60fefad9e8,,,,,,,,,,,,,,,,,,,,,,,,,,,,,,,,,,,,,,,
d7ce80d5-ed53-4dbd-95ba-14992509ffe9,,,,,,,,,,,,,,,,,,,,,,,,,,,,,,,,,,,,,,,
d7cea061-bf57-4b38-ae9d-a1a5430d8f77,,,,,,,,,,,,,,,,,,,,,,,,,,,,,,,,,,,,,,,
d7d3a849-e3a6-4c74-b8c1-bfa3e6d0a1e6,,,,,,,,,,,,,,,,,,,,,,,,,,,,,,,,,,,,,,,
d7d5b9a2-fbae-4309-be4e-49cb67d7609d,,,,,,,,,,,,,,,,,,,,,,,,,,,,,,,,,,,,,,,
d7d9e17f-72c9-4542-9152-777e6a59445b,,,,,,,,,,,,,,,,,,,,,,,,,,,,,,,,,,,,,,,
d7e1edd0-733a-4023-87f2-2074d91365fd,,,,,,,,,,,,,,,,,,,,,,,,,,,,,,,,,,,,,,,
d7e4275f-dd93-4758-bad5-c7f688c9ee0b,,,,,,,,,,,,,,,,,,,,,,,,,,,,,,,,,,,,,,,
d7e71c59-e4c5-4672-b97a-637e82725bb7,,,,,,,,,,,,,,,,,,,,,,,,,,,,,,,,,,,,,,,
d7e876ef-a197-4768-965c-273929de1b83,,,,,,,,,,,,,,,,,,,,,,,,,,,,,,,,,,,,,,,
d7e9a02f-7307-4a66-af0c-67fbaaf7da82,,,,,,,,,,,,,,,,,,,,,,,,,,,,,,,,,,,,,,,
d7e9ab9d-2248-41ea-961a-3f7f8bd97be4,disney,1.0,1.0,,,,,,,,,,,,,,,,,,,,,,,,,,,,,,,,,,,,
d800d2e8-d108-4abf-85f5-66e5ad7b3c8a,,,,,,,,,,,,,,,,,,,,,,,,,,,,,,,,,,,,,,,
d8099d0a-c5a5-404b-95e3-414966746392,,,,,,,,,,,,,,,,,,,,,,,,,,,,,,,,,,,,,,,
d8139486-a77b-4f01-8dc2-db61776c9b5c,,,,,,,,,,,,,,,,,,,,,,,,,,,,,,,,,,,,,,,
d8161dac-b1e2-46af-a743-e884b032d3cb,,,,,,,,,,,,,,,,,,,,,,,,,,,,,,,,,,,,,,,
d81eae0f-06a5-4e48-ad8b-3483305b7b29,,,,,,,,,,,,,,,,,,,,,,,,,,,,,,,,,,,,,,,
d823a73b-1ee8-483f-9061-dadea07662c0,,,,,,,,,,,,,,,,,,,,,,,,,,,,,,,,,,,,,,,
d825ced9-1de1-45ab-bca9-99fba798054b,,,,,,,,,,,,,,,,,,,,,,,,,,,,,,,,,,,,,,,
d82df1e3-52a9-41bb-a871-af180f2afb4d,,,,,,,,,,,,,,,,,,,,,,,,,,,,,,,,,,,,,,,
d8369dd6-d525-49d6-8a1c-e7dba0cc7664,,,,,,,,,,,,,,,,,,,,,,,,,,,,,,,,,,,,,,,
d83bd14b-8f09-4d45-bbe0-173aedc82514,,,,,,,,,,,,,,,,,,,,,,,,,,,,,,,,,,,,,,,
d84437d3-37b3-4aec-ba10-4db97ab072ef,,,,,,,,,,,,,,,,,,,,,,,,,,,,,,,,,,,,,,,
d846f207-5f3c-408c-84ce-53bfdc57180d,,,,,,,,,,,,,,,,,,,,,,,,,,,,,,,,,,,,,,,
d84fd340-2c7a-4d30-a86c-ea2c3ceab58c,,,,,,,,,,,,,,,,,,,,,,,,,,,,,,,,,,,,,,,
d869dbca-c06c-4739-9330-4ea14c44e4d3,,,,,,,,,,,,,,,,,,,,,,,,,,,,,,,,,,,,,,,
d86adc37-0799-47d6-87c6-7950a75863b3,,,,,,,,,,,,,,,,,,,,,,,,,,,,,,,,,,,,,,,
d86f20d2-8fb6-4096-9be8-aa2f97d1d182,,,,,,,,,,,,,,,,,,,,,,,,,,,,,,,,,,,,,,,
d8702155-2863-4e4a-8d1b-9c998a8680ef,,,,,,,,,,,,,,,,,,,,,,,,,,,,,,,,,,,,,,,
d8837a7e-e1d0-4bf5-a2f1-6b2742f2143a,,,,,,,,,,,,,,,,,,,,,,,,,,,,,,,,,,,,,,,
d88f1e07-2c6f-4d87-af67-193d1aa5d59a,,,,,,,,,,,,,,,,,,,,,,,,,,,,,,,,,,,,,,,
d896c20f-d41b-4d5d-b3ef-4ff6741e274a,,,,,,,,,,,,,,,,,,,,,,,,,,,,,,,,,,,,,,,
d89953d0-fbf5-43e5-8c43-a62d9ca9a7f6,,,,,,,,,,,,,,,,,,,,,,,,,,,,,,,,,,,,,,,
d89a276a-4567-436f-82bd-2d9f74a2c3b2,,,,,,,,,,,,,,,,,,,,,,,,,,,,,,,,,,,,,,,
d8a5de06-20c3-4d71-aa4c-f3ed8428cbe5,,,,,,,,,,,,,,,,,,,,,,,,,,,,,,,,,,,,,,,
d8a69615-544d-4864-81c4-62789a428e43,,,,,,,,,,,,,,,,,,,,,,,,,,,,,,,,,,,,,,,
d8abcf9d-e879-40ff-b368-414dc17a4050,,,,,,,,,,,,,,,,,,,,,,,,,,,,,,,,,,,,,,,
d8abf7d9-7707-4a6e-9c4a-01a4069bea41,,,,,,,,,,,,,,,,,,,,,,,,,,,,,,,,,,,,,,,
d8c6a438-507e-4d4e-92a6-42c33246353b,,,,,,,,,,,,,,,,,,,,,,,,,,,,,,,,,,,,,,,
d8cea85f-03e0-4ed4-aa8a-00f2093cc45f,demandbase,1.0,1.0,,,,,,,,,,,,,,,,,,,,,,,,,,,,,,,,,,,,
d8d07590-20ae-43a6-9fa2-639ba4c000eb,,,,,,,,,,,,,,,,,,,,,,,,,,,,,,,,,,,,,,,
d8d59a69-1c47-42ca-97ce-525c0d1a75c2,,,,,,,,,,,,,,,,,,,,,,,,,,,,,,,,,,,,,,,
d8d905df-9632-4cd0-b4c5-e631471bfd9c,,,,,,,,,,,,,,,,,,,,,,,,,,,,,,,,,,,,,,,
d8dd2dae-0314-49e2-93ac-3f1f2432d28d,,,,,,,,,,,,,,,,,,,,,,,,,,,,,,,,,,,,,,,
d8df4f90-03a7-46b8-9f98-da86748c857b,,,,,,,,,,,,,,,,,,,,,,,,,,,,,,,,,,,,,,,
d8e392e9-9d49-4648-97e4-c9f5b25ea903,,,,,,,,,,,,,,,,,,,,,,,,,,,,,,,,,,,,,,,
d8e5db52-639c-4704-8c56-51e25c132650,,,,,,,,,,,,,,,,,,,,,,,,,,,,,,,,,,,,,,,
d8e9dd4a-2c74-4927-adeb-4389aea4a5c0,,,,,,,,,,,,,,,,,,,,,,,,,,,,,,,,,,,,,,,
d8f5a2c0-6140-487c-a1ad-7232bb55a2ba,,,,,,,,,,,,,,,,,,,,,,,,,,,,,,,,,,,,,,,
d902d37d-9589-4aff-82e5-2da6864dddfc,,,,,,,,,,,,,,,,,,,,,,,,,,,,,,,,,,,,,,,
d907a4db-d349-4d27-9d4c-294cee419ecc,,,,,,,,,,,,,,,,,,,,,,,,,,,,,,,,,,,,,,,
d90b2115-1264-483a-aef0-d2a0aa86c839,sendsay,1.0,1.0,,,,,,,,,,,,,,,,,,,,,,,,,,,,,,,,,,,,
d91833e3-d6cc-4e03-8444-ea116047f0ae,,,,,,,,,,,,,,,,,,,,,,,,,,,,,,,,,,,,,,,
d91f3495-a16e-49e4-9b92-8919b03e1510,,,,,,,,,,,,,,,,,,,,,,,,,,,,,,,,,,,,,,,
d925d17d-5431-4e00-807e-7805576d7b09,,,,,,,,,,,,,,,,,,,,,,,,,,,,,,,,,,,,,,,
d92c7d12-b991-4ef5-afbc-54a0c4a0f124,,,,,,,,,,,,,,,,,,,,,,,,,,,,,,,,,,,,,,,
d92d0d5e-588e-482e-b9b6-f870b1f05d80,,,,,,,,,,,,,,,,,,,,,,,,,,,,,,,,,,,,,,,
d939911a-31e8-4470-b052-34f5346310a9,,,,,,,,,,,,,,,,,,,,,,,,,,,,,,,,,,,,,,,
d94c2b16-6252-47ad-9362-b45ffa1fc908,,,,,,,,,,,,,,,,,,,,,,,,,,,,,,,,,,,,,,,
d9582caf-03ed-4b8b-abbe-9ad6f81f8784,,,,,,,,,,,,,,,,,,,,,,,,,,,,,,,,,,,,,,,
d95f994e-083a-4e72-8ca8-790ae1d407a7,,,,,,,,,,,,,,,,,,,,,,,,,,,,,,,,,,,,,,,
d9627786-d3d0-4534-800e-357e0ff40179,,,,,,,,,,,,,,,,,,,,,,,,,,,,,,,,,,,,,,,
d96646d3-ed2b-420e-8a85-e2350f96e233,,,,,,,,,,,,,,,,,,,,,,,,,,,,,,,,,,,,,,,
d96ca38c-1ee5-4101-ab01-badd25e46466,,,,,,,,,,,,,,,,,,,,,,,,,,,,,,,,,,,,,,,
d96e6291-3a90-481a-9020-6538d76d7815,,,,,,,,,,,,,,,,,,,,,,,,,,,,,,,,,,,,,,,
d97cc3e2-9346-4aa1-a488-97854ea3cdc0,,,,,,,,,,,,,,,,,,,,,,,,,,,,,,,,,,,,,,,
d98a5b0b-a3a1-4913-95d3-f31e0f4c8071,,,,,,,,,,,,,,,,,,,,,,,,,,,,,,,,,,,,,,,
d99475f3-b7c3-4583-b87e-ea0221d4d42f,,,,,,,,,,,,,,,,,,,,,,,,,,,,,,,,,,,,,,,
d9954786-6584-48b8-b541-30bdddaa0b23,,,,,,,,,,,,,,,,,,,,,,,,,,,,,,,,,,,,,,,
d9997aba-a942-4376-b977-9b234c621771,,,,,,,,,,,,,,,,,,,,,,,,,,,,,,,,,,,,,,,
d99b4226-683a-4471-a370-c7f8722f37bf,,,,,,,,,,,,,,,,,,,,,,,,,,,,,,,,,,,,,,,
d9a6993d-7bd7-4055-b5e4-0e48b6eb7746,,,,,,,,,,,,,,,,,,,,,,,,,,,,,,,,,,,,,,,
d9a8cf7b-1c97-4dff-b8d2-70741f38b29b,,,,,,,,,,,,,,,,,,,,,,,,,,,,,,,,,,,,,,,
d9ab7f6e-9d0d-4cd1-beb2-6b3c1d1d8c26,,,,,,,,,,,,,,,,,,,,,,,,,,,,,,,,,,,,,,,
d9aeca74-4247-46dd-9d5a-627bafa0c100,,,,,,,,,,,,,,,,,,,,,,,,,,,,,,,,,,,,,,,
d9afddbe-4c3e-4a38-8b1b-504d9b787759,,,,,,,,,,,,,,,,,,,,,,,,,,,,,,,,,,,,,,,
d9b08828-895a-4791-816a-983d2b8f23e6,,,,,,,,,,,,,,,,,,,,,,,,,,,,,,,,,,,,,,,
d9beea86-a53e-4d3f-b17c-c8e810177996,,,,,,,,,,,,,,,,,,,,,,,,,,,,,,,,,,,,,,,
d9c49ebf-4b35-42ab-ba0d-2247d6f907e9,,,,,,,,,,,,,,,,,,,,,,,,,,,,,,,,,,,,,,,
d9c57191-accf-4fc7-a36a-bb2758dafe55,,,,,,,,,,,,,,,,,,,,,,,,,,,,,,,,,,,,,,,
d9c6fd4d-6526-4356-b84a-7b7cda128352,,,,,,,,,,,,,,,,,,,,,,,,,,,,,,,,,,,,,,,
d9cc52f0-d305-4c35-ab3f-37480aa3bbfc,,,,,,,,,,,,,,,,,,,,,,,,,,,,,,,,,,,,,,,
d9e71df6-1a21-4609-88e7-a23509f42d31,,,,,,,,,,,,,,,,,,,,,,,,,,,,,,,,,,,,,,,
d9f83c64-57ac-4056-a403-2e15fd590cc3,,,,,,,,,,,,,,,,,,,,,,,,,,,,,,,,,,,,,,,
d9fb8fdd-fba0-41a2-b6cf-6bd1f6084d85,,,,,,,,,,,,,,,,,,,,,,,,,,,,,,,,,,,,,,,
da0808e0-33b9-4e76-9ca6-2d88abaca657,,,,,,,,,,,,,,,,,,,,,,,,,,,,,,,,,,,,,,,
da08a055-d239-4e39-8494-9e9b4eea9e42,,,,,,,,,,,,,,,,,,,,,,,,,,,,,,,,,,,,,,,
da12a323-3807-4968-a09d-d2f461d9f22b,,,,,,,,,,,,,,,,,,,,,,,,,,,,,,,,,,,,,,,
da1403f0-60e6-4fc6-8245-52f3e80938cb,,,,,,,,,,,,,,,,,,,,,,,,,,,,,,,,,,,,,,,
da18a653-9e51-45e5-aa08-06df57a171f4,,,,,,,,,,,,,,,,,,,,,,,,,,,,,,,,,,,,,,,
da1a299a-d047-4e0a-99ab-4dc528edad32,,,,,,,,,,,,,,,,,,,,,,,,,,,,,,,,,,,,,,,
da1d48b2-28f0-46bc-9167-b9d0b8ea58c0,,,,,,,,,,,,,,,,,,,,,,,,,,,,,,,,,,,,,,,
da1d758f-f773-43b4-93cd-10ed7b29916e,,,,,,,,,,,,,,,,,,,,,,,,,,,,,,,,,,,,,,,
da1d9a86-5fe6-4b12-a88c-661d45ec0315,,,,,,,,,,,,,,,,,,,,,,,,,,,,,,,,,,,,,,,
da1dedc0-a685-42a0-8ff5-83be0cd39561,,,,,,,,,,,,,,,,,,,,,,,,,,,,,,,,,,,,,,,
da1fb773-74c7-4e0b-ba67-42aade526fd7,,,,,,,,,,,,,,,,,,,,,,,,,,,,,,,,,,,,,,,
da2418b1-d358-44d2-afc2-e6892a54bc33,,,,,,,,,,,,,,,,,,,,,,,,,,,,,,,,,,,,,,,
da252747-c370-4dbd-8e7a-85dc8a2aa4b2,,,,,,,,,,,,,,,,,,,,,,,,,,,,,,,,,,,,,,,
da29995a-3b7f-4154-bd95-80629db67e60,microsoft,1.0,1.0,,,,,,,,,,,,,,,,,,,,,,,,,,,,,,,,,,,,
da2ca4f2-6b63-4ef1-93fd-84b75ceefb57,wikimedia_foundation,1.0,1.0,,,,,,,,,,,,,,,,,,,,,,,,,,,,,,,,,,,,
da2d0219-8758-4ddf-a847-1d27e403dd95,,,,,,,,,,,,,,,,,,,,,,,,,,,,,,,,,,,,,,,
da31a9a6-e44b-4224-ae64-171be5ec2c24,,,,,,,,,,,,,,,,,,,,,,,,,,,,,,,,,,,,,,,
da343a01-f009-4b4b-ab7e-9e1384cb45f3,,,,,,,,,,,,,,,,,,,,,,,,,,,,,,,,,,,,,,,
da414f7e-fc65-48e1-9940-f4466a7f59a6,,,,,,,,,,,,,,,,,,,,,,,,,,,,,,,,,,,,,,,
da456835-438f-4c98-a7bc-3f614fd6e13a,,,,,,,,,,,,,,,,,,,,,,,,,,,,,,,,,,,,,,,
da46d447-b6e8-4f33-9fcf-2cdeb9d03d46,,,,,,,,,,,,,,,,,,,,,,,,,,,,,,,,,,,,,,,
da4b3dbb-8ec5-4952-8ff6-94ac2d16821e,,,,,,,,,,,,,,,,,,,,,,,,,,,,,,,,,,,,,,,
da507fc0-58bc-4f09-952c-1505cfbdc6ac,,,,,,,,,,,,,,,,,,,,,,,,,,,,,,,,,,,,,,,
da5112a5-09f9-4514-a347-4c7d0d33e7b2,,,,,,,,,,,,,,,,,,,,,,,,,,,,,,,,,,,,,,,
da547259-48c7-42e1-a041-cee3e41445c2,,,,,,,,,,,,,,,,,,,,,,,,,,,,,,,,,,,,,,,
da56529e-5e61-4538-8a02-9fadce11fd69,,,,,,,,,,,,,,,,,,,,,,,,,,,,,,,,,,,,,,,
da5a0d4b-1190-4afc-a102-907a37836264,,,,,,,,,,,,,,,,,,,,,,,,,,,,,,,,,,,,,,,
da5e3479-23b8-45f9-bd56-0a1dc355b6c7,,,,,,,,,,,,,,,,,,,,,,,,,,,,,,,,,,,,,,,
da606f08-3d51-4b52-8121-278cddaf9d9a,,,,,,,,,,,,,,,,,,,,,,,,,,,,,,,,,,,,,,,
da631e97-959c-4af0-a799-0adafa5ef5be,,,,,,,,,,,,,,,,,,,,,,,,,,,,,,,,,,,,,,,
da6f9a4f-362b-4708-a1eb-8a86ab9974cf,,,,,,,,,,,,,,,,,,,,,,,,,,,,,,,,,,,,,,,
da74597d-7f90-4922-a8df-416c77388be1,,,,,,,,,,,,,,,,,,,,,,,,,,,,,,,,,,,,,,,
da780230-227b-4d8c-9db3-953f2d98e11b,,,,,,,,,,,,,,,,,,,,,,,,,,,,,,,,,,,,,,,
da7eba59-e296-446d-aa1a-7dc4e6d92fdc,,,,,,,,,,,,,,,,,,,,,,,,,,,,,,,,,,,,,,,
da83ec08-ec93-4b35-ba11-90293b81516e,,,,,,,,,,,,,,,,,,,,,,,,,,,,,,,,,,,,,,,
da891737-0e08-460e-b152-251ceb83801e,,,,,,,,,,,,,,,,,,,,,,,,,,,,,,,,,,,,,,,
da8ace8f-6000-4a77-9604-1de75f144572,vimeo,1.0,1.0,,,,,,,,,,,,,,,,,,,,,,,,,,,,,,,,,,,,
da957730-4573-4f6a-a1d6-1de048e2cf3f,,,,,,,,,,,,,,,,,,,,,,,,,,,,,,,,,,,,,,,
da9bd569-2622-4cf7-9d84-2797f73132ad,,,,,,,,,,,,,,,,,,,,,,,,,,,,,,,,,,,,,,,
da9f335e-4a09-4ec4-b90b-482b7cc91876,,,,,,,,,,,,,,,,,,,,,,,,,,,,,,,,,,,,,,,
daa662e0-c53c-4052-b657-4259d1c3fd00,,,,,,,,,,,,,,,,,,,,,,,,,,,,,,,,,,,,,,,
dab3ef09-d57f-4d51-8d12-f46c23e62242,,,,,,,,,,,,,,,,,,,,,,,,,,,,,,,,,,,,,,,
dab66c14-5e0f-4619-9db4-46778316592e,,,,,,,,,,,,,,,,,,,,,,,,,,,,,,,,,,,,,,,
dabaab3d-7c2b-4b60-88f5-c570ad90fc93,,,,,,,,,,,,,,,,,,,,,,,,,,,,,,,,,,,,,,,
dac10d65-ac96-4ea9-8036-a7b2e68bdac4,,,,,,,,,,,,,,,,,,,,,,,,,,,,,,,,,,,,,,,
dac4bb9b-8c57-4bf3-a717-1a5281ff7ab9,,,,,,,,,,,,,,,,,,,,,,,,,,,,,,,,,,,,,,,
dac52c3f-a951-472d-b585-cfca85620b23,,,,,,,,,,,,,,,,,,,,,,,,,,,,,,,,,,,,,,,
dac5f591-a505-4c9b-b082-3863effd3e3c,,,,,,,,,,,,,,,,,,,,,,,,,,,,,,,,,,,,,,,
dad0ca60-8133-43f1-9724-772b1ff38972,,,,,,,,,,,,,,,,,,,,,,,,,,,,,,,,,,,,,,,
dad45538-a22e-42a3-8b49-0ec82536619e,,,,,,,,,,,,,,,,,,,,,,,,,,,,,,,,,,,,,,,
dadc15e1-2f83-4424-ab3e-b1f35f61f875,,,,,,,,,,,,,,,,,,,,,,,,,,,,,,,,,,,,,,,
daee48e2-31a9-43e0-811e-44b9a1b6a97b,,,,,,,,,,,,,,,,,,,,,,,,,,,,,,,,,,,,,,,
dafb0bd8-e2d3-4614-af27-f84ba74e78f3,,,,,,,,,,,,,,,,,,,,,,,,,,,,,,,,,,,,,,,
dafd410e-e0f7-46a9-905c-6e303e427d07,,,,,,,,,,,,,,,,,,,,,,,,,,,,,,,,,,,,,,,
daffb7ef-ed0e-49f3-9337-63103e266080,,,,,,,,,,,,,,,,,,,,,,,,,,,,,,,,,,,,,,,
db06f377-8c4f-4de6-9c2f-017528804691,,,,,,,,,,,,,,,,,,,,,,,,,,,,,,,,,,,,,,,
db083b7c-5447-4acb-a391-d40067b22975,,,,,,,,,,,,,,,,,,,,,,,,,,,,,,,,,,,,,,,
db0f5889-3f73-40ae-a800-76b330868036,,,,,,,,,,,,,,,,,,,,,,,,,,,,,,,,,,,,,,,
db154f0b-64cf-419a-92c8-5cde701350e4,,,,,,,,,,,,,,,,,,,,,,,,,,,,,,,,,,,,,,,
db1d72a3-ffee-4dd9-bde7-b887b47d07aa,,,,,,,,,,,,,,,,,,,,,,,,,,,,,,,,,,,,,,,
db22b970-8a6e-46ed-88a7-1a39d959ab4e,,,,,,,,,,,,,,,,,,,,,,,,,,,,,,,,,,,,,,,
db28fa8b-def1-4d41-afb9-1d874d810065,,,,,,,,,,,,,,,,,,,,,,,,,,,,,,,,,,,,,,,
db2a7e03-c72b-414a-8cf6-342541e2394e,,,,,,,,,,,,,,,,,,,,,,,,,,,,,,,,,,,,,,,
db2c093f-e1d6-484c-b8e5-e20825740cc4,cloudflare,1.0,1.0,,,,,,,,,,,,,,,,,,,,,,,,,,,,,,,,,,,,
db3e69da-3d93-4643-9e31-7b68ba9d0817,,,,,,,,,,,,,,,,,,,,,,,,,,,,,,,,,,,,,,,
db449bc8-99d3-459d-8064-ae050a1c8302,,,,,,,,,,,,,,,,,,,,,,,,,,,,,,,,,,,,,,,
db6cabcd-e33b-4261-939c-6c1d7f282bef,,,,,,,,,,,,,,,,,,,,,,,,,,,,,,,,,,,,,,,
db711a1f-bc9e-4fca-b6a7-5bd844eba5b9,,,,,,,,,,,,,,,,,,,,,,,,,,,,,,,,,,,,,,,
db7254d7-166c-498b-be87-ab77659534bf,51.la,1.0,1.0,,,,,,,,,,,,,,,,,,,,,,,,,,,,,,,,,,,,
db7a3032-d8b5-4683-b7b6-d8043c015292,,,,,,,,,,,,,,,,,,,,,,,,,,,,,,,,,,,,,,,
db7c6578-bf51-4cb6-bb2b-e4aba7c26f3f,,,,,,,,,,,,,,,,,,,,,,,,,,,,,,,,,,,,,,,
db83d0b8-74f4-4577-9c7f-49dfbd7be1d3,,,,,,,,,,,,,,,,,,,,,,,,,,,,,,,,,,,,,,,
db863c37-d77d-466f-b614-4d01d87e9879,,,,,,,,,,,,,,,,,,,,,,,,,,,,,,,,,,,,,,,
db8b9b0c-89fd-4337-a3f9-7fa3ddecd0ee,,,,,,,,,,,,,,,,,,,,,,,,,,,,,,,,,,,,,,,
db97625c-d3bb-4c6c-bfd6-744808e56f69,,,,,,,,,,,,,,,,,,,,,,,,,,,,,,,,,,,,,,,
db9a66ba-af31-47db-a468-9b5d76e495ee,,,,,,,,,,,,,,,,,,,,,,,,,,,,,,,,,,,,,,,
db9f7514-0352-46f5-9543-4a7852f0a37d,,,,,,,,,,,,,,,,,,,,,,,,,,,,,,,,,,,,,,,
dba149d3-2a54-4516-b0fe-886d268b0747,,,,,,,,,,,,,,,,,,,,,,,,,,,,,,,,,,,,,,,
dba67f39-5abe-4c54-a36b-d369157e7c45,,,,,,,,,,,,,,,,,,,,,,,,,,,,,,,,,,,,,,,
dbb0a5ce-f8e4-489a-bd4c-d0d70a641c3f,,,,,,,,,,,,,,,,,,,,,,,,,,,,,,,,,,,,,,,
dbbab69a-697c-4d30-9c6a-06d9520d40e3,,,,,,,,,,,,,,,,,,,,,,,,,,,,,,,,,,,,,,,
dbbcd85e-f22e-4563-a9a7-53ab17c5ecb9,,,,,,,,,,,,,,,,,,,,,,,,,,,,,,,,,,,,,,,
dbcb76a4-60c9-41cc-ac91-201e1a1549bb,,,,,,,,,,,,,,,,,,,,,,,,,,,,,,,,,,,,,,,
dbd9c2ba-7a0f-48b1-8b5f-6cf62fc55250,,,,,,,,,,,,,,,,,,,,,,,,,,,,,,,,,,,,,,,
dbdb6b28-be7f-4232-9661-8d1f1a05bb17,,,,,,,,,,,,,,,,,,,,,,,,,,,,,,,,,,,,,,,
dbe20aa2-c3c5-4ead-900c-d8dcb60f6af9,,,,,,,,,,,,,,,,,,,,,,,,,,,,,,,,,,,,,,,
dbe57065-a56c-4050-aa08-42cbd55d37c2,,,,,,,,,,,,,,,,,,,,,,,,,,,,,,,,,,,,,,,
dbee5e0c-3813-4bd3-9cbf-696225fca793,,,,,,,,,,,,,,,,,,,,,,,,,,,,,,,,,,,,,,,
dbf5a9b2-3a0d-45d4-9658-e28f8b1d7a5a,,,,,,,,,,,,,,,,,,,,,,,,,,,,,,,,,,,,,,,
dbf80dfa-827f-41d8-a955-a6fc27750318,,,,,,,,,,,,,,,,,,,,,,,,,,,,,,,,,,,,,,,
dbff63ab-37ac-401b-8ea0-709781d449e2,,,,,,,,,,,,,,,,,,,,,,,,,,,,,,,,,,,,,,,
dc003d10-8172-4efe-9f21-2474459337bf,rambler,1.0,1.0,,,,,,,,,,,,,,,,,,,,,,,,,,,,,,,,,,,,
dc01e414-b171-4d5e-865b-97946034e7e7,,,,,,,,,,,,,,,,,,,,,,,,,,,,,,,,,,,,,,,
dc058add-29dc-43bc-898e-d4635cde8d40,,,,,,,,,,,,,,,,,,,,,,,,,,,,,,,,,,,,,,,
dc0d4ccc-d3f9-43ab-a059-695faf5031fc,,,,,,,,,,,,,,,,,,,,,,,,,,,,,,,,,,,,,,,
dc0ef14d-245f-4cba-9b6a-8e07eeb4a1a0,,,,,,,,,,,,,,,,,,,,,,,,,,,,,,,,,,,,,,,
dc1600dd-a0e6-4b0a-a39e-dc7ba4b20444,,,,,,,,,,,,,,,,,,,,,,,,,,,,,,,,,,,,,,,
dc25211d-2036-44c6-aae5-af8ebb25ebfa,,,,,,,,,,,,,,,,,,,,,,,,,,,,,,,,,,,,,,,
dc27c003-ab27-42a5-9fa5-ff37840a7e2d,,,,,,,,,,,,,,,,,,,,,,,,,,,,,,,,,,,,,,,
dc28f727-e65e-46fe-b393-fe7d582ec5d3,,,,,,,,,,,,,,,,,,,,,,,,,,,,,,,,,,,,,,,
dc2e3907-0a3a-49be-8b5b-1a7a98162e78,,,,,,,,,,,,,,,,,,,,,,,,,,,,,,,,,,,,,,,
dc34526a-9133-43d1-828d-f1a1151e032a,,,,,,,,,,,,,,,,,,,,,,,,,,,,,,,,,,,,,,,
dc3ad6d7-65d3-4c24-808e-573d03830d81,,,,,,,,,,,,,,,,,,,,,,,,,,,,,,,,,,,,,,,
dc3e03f4-1320-440b-b9e9-3dab406668d3,,,,,,,,,,,,,,,,,,,,,,,,,,,,,,,,,,,,,,,
dc3f88f6-b71b-4266-85b4-efd878186b52,,,,,,,,,,,,,,,,,,,,,,,,,,,,,,,,,,,,,,,
dc4342f0-f625-42fb-be80-61e622ff66a6,,,,,,,,,,,,,,,,,,,,,,,,,,,,,,,,,,,,,,,
dc4b5d68-500c-41ea-b131-2235abee751e,,,,,,,,,,,,,,,,,,,,,,,,,,,,,,,,,,,,,,,
dc4de983-a0b3-408b-b03e-02b69339a82d,,,,,,,,,,,,,,,,,,,,,,,,,,,,,,,,,,,,,,,
dc5b03e8-f3c2-4b40-9d87-8662f17c9fff,,,,,,,,,,,,,,,,,,,,,,,,,,,,,,,,,,,,,,,
dc5ba241-b24c-49ae-8ad4-722ecbb9b14c,,,,,,,,,,,,,,,,,,,,,,,,,,,,,,,,,,,,,,,
dc5d3a5b-21f7-4320-97a5-c4d29f3d972c,,,,,,,,,,,,,,,,,,,,,,,,,,,,,,,,,,,,,,,
dc69bbef-7ac7-420f-aef8-520249703378,,,,,,,,,,,,,,,,,,,,,,,,,,,,,,,,,,,,,,,
dc6a0d10-fa83-42a4-a6f3-becf4993b6ba,,,,,,,,,,,,,,,,,,,,,,,,,,,,,,,,,,,,,,,
dc703a73-7fed-445c-83a6-66b3f94367e7,,,,,,,,,,,,,,,,,,,,,,,,,,,,,,,,,,,,,,,
dc891747-c5b7-44d5-b13d-061c0f502667,,,,,,,,,,,,,,,,,,,,,,,,,,,,,,,,,,,,,,,
dc898075-6ee7-4e7b-835a-b672c4068b8f,,,,,,,,,,,,,,,,,,,,,,,,,,,,,,,,,,,,,,,
dc89ba02-0c02-451a-a149-a5755f5e2bc5,,,,,,,,,,,,,,,,,,,,,,,,,,,,,,,,,,,,,,,
dc9c1a27-968e-49e3-8211-e824d0953dd7,,,,,,,,,,,,,,,,,,,,,,,,,,,,,,,,,,,,,,,
dca0096f-c6a2-4cd4-87f9-fa6d227ad8cb,,,,,,,,,,,,,,,,,,,,,,,,,,,,,,,,,,,,,,,
dca9aee3-8300-4ca9-9b60-165c76d2136c,,,,,,,,,,,,,,,,,,,,,,,,,,,,,,,,,,,,,,,
dcb0a8f2-ec32-4116-af95-22578e8ed7a3,,,,,,,,,,,,,,,,,,,,,,,,,,,,,,,,,,,,,,,
dcb9f4ca-3099-43e6-897e-11fb3cdd3c67,,,,,,,,,,,,,,,,,,,,,,,,,,,,,,,,,,,,,,,
dcc6229b-4c81-4e42-8cf4-20c565d5f0c5,,,,,,,,,,,,,,,,,,,,,,,,,,,,,,,,,,,,,,,
dcc752de-cf86-40f9-a4a9-591da07bb72b,digicert,1.0,1.0,,,,,,,,,,,,,,,,,,,,,,,,,,,,,,,,,,,,
dcc7b7cc-661a-440c-a5c9-2077c5bb7475,,,,,,,,,,,,,,,,,,,,,,,,,,,,,,,,,,,,,,,
dccea8e4-bb38-436e-90ad-14a4d3d601b4,,,,,,,,,,,,,,,,,,,,,,,,,,,,,,,,,,,,,,,
dcd70af8-831d-4565-9a83-dce95485af27,,,,,,,,,,,,,,,,,,,,,,,,,,,,,,,,,,,,,,,
dcde01dd-24c5-4263-9c5c-9d1c66a1bd2b,mailerlite,1.0,1.0,,,,,,,,,,,,,,,,,,,,,,,,,,,,,,,,,,,,
dce280de-c042-45a0-b8a2-6b14f0cd5efa,,,,,,,,,,,,,,,,,,,,,,,,,,,,,,,,,,,,,,,
dce3d224-21db-4d4d-b3ea-aff227413c70,,,,,,,,,,,,,,,,,,,,,,,,,,,,,,,,,,,,,,,
dce56f1a-fd22-46bb-8c29-09539649e8d6,,,,,,,,,,,,,,,,,,,,,,,,,,,,,,,,,,,,,,,
dceaefe0-cb64-441e-80f3-ed5c065dfa7a,,,,,,,,,,,,,,,,,,,,,,,,,,,,,,,,,,,,,,,
dced9850-b24f-4287-b64d-a902fbe74daa,amplitude,1.0,1.0,,,,,,,,,,,,,,,,,,,,,,,,,,,,,,,,,,,,
dcf16c49-c653-4cb9-b14e-4aee7678a7d2,,,,,,,,,,,,,,,,,,,,,,,,,,,,,,,,,,,,,,,
dcf8a651-cc0e-40e4-8adf-640a16a3b197,,,,,,,,,,,,,,,,,,,,,,,,,,,,,,,,,,,,,,,
dcf97196-f17a-445f-a23e-8adf99cee0f2,,,,,,,,,,,,,,,,,,,,,,,,,,,,,,,,,,,,,,,
dcfbeef8-4635-4066-bb12-545e115ccd04,,,,,,,,,,,,,,,,,,,,,,,,,,,,,,,,,,,,,,,
dcfd763a-0bd4-4d05-a17c-199c261a59a9,,,,,,,,,,,,,,,,,,,,,,,,,,,,,,,,,,,,,,,
dd025cd8-cb59-4b31-b633-cdb28a078fd1,,,,,,,,,,,,,,,,,,,,,,,,,,,,,,,,,,,,,,,
dd1c5d86-36e6-484e-bd8e-09140568ac5b,,,,,,,,,,,,,,,,,,,,,,,,,,,,,,,,,,,,,,,
dd203ead-da65-4124-83ff-e1977647da2b,,,,,,,,,,,,,,,,,,,,,,,,,,,,,,,,,,,,,,,
dd216e9c-5620-4c27-b658-03e27c193b57,,,,,,,,,,,,,,,,,,,,,,,,,,,,,,,,,,,,,,,
dd28a36c-506c-46ea-b204-b1f8315aeb0d,,,,,,,,,,,,,,,,,,,,,,,,,,,,,,,,,,,,,,,
dd29831d-26d9-4cb8-a128-6fe458e57f5c,,,,,,,,,,,,,,,,,,,,,,,,,,,,,,,,,,,,,,,
dd2a346c-e58a-4873-ade2-1433daefaa94,,,,,,,,,,,,,,,,,,,,,,,,,,,,,,,,,,,,,,,
dd2b61b1-bcb7-4f2c-a468-aa50ab31fd5b,,,,,,,,,,,,,,,,,,,,,,,,,,,,,,,,,,,,,,,
dd335815-6939-482a-97f5-71a16669ddce,,,,,,,,,,,,,,,,,,,,,,,,,,,,,,,,,,,,,,,
dd340cf5-c189-4cad-a0ef-36ea14150229,,,,,,,,,,,,,,,,,,,,,,,,,,,,,,,,,,,,,,,
dd3f4887-4403-4576-bcca-0adb491e10d3,,,,,,,,,,,,,,,,,,,,,,,,,,,,,,,,,,,,,,,
dd408093-6f22-4933-943b-4660e3d81476,,,,,,,,,,,,,,,,,,,,,,,,,,,,,,,,,,,,,,,
dd563bc6-8b5a-473f-a45a-2fbbd0e8b45f,,,,,,,,,,,,,,,,,,,,,,,,,,,,,,,,,,,,,,,
dd5a5e3d-0253-4658-8c04-63397ec1c730,,,,,,,,,,,,,,,,,,,,,,,,,,,,,,,,,,,,,,,
dd618289-5f08-40fd-afb5-bfafac1ce8c9,,,,,,,,,,,,,,,,,,,,,,,,,,,,,,,,,,,,,,,
dd63089c-3978-4dd6-bfab-f1b4ca226c5d,,,,,,,,,,,,,,,,,,,,,,,,,,,,,,,,,,,,,,,
dd6412ed-f859-4fcb-b165-d8ec1006fd35,,,,,,,,,,,,,,,,,,,,,,,,,,,,,,,,,,,,,,,
dd730899-cf74-4c3e-88ba-e0b2a39c7eeb,chartbeat,1.0,1.0,,,,,,,,,,,,,,,,,,,,,,,,,,,,,,,,,,,,
dd79a21a-d7d6-4256-9e8f-cb1496e6920f,,,,,,,,,,,,,,,,,,,,,,,,,,,,,,,,,,,,,,,
dd79ebc9-a98f-4888-ad3f-24dd55264c24,,,,,,,,,,,,,,,,,,,,,,,,,,,,,,,,,,,,,,,
dd7f8134-6c3b-4278-9671-28f09d47688b,,,,,,,,,,,,,,,,,,,,,,,,,,,,,,,,,,,,,,,
dd8052d5-b20f-41c7-a30a-3a8395dcf310,,,,,,,,,,,,,,,,,,,,,,,,,,,,,,,,,,,,,,,
dd80d11b-3a6b-4bf2-bb1b-fdab9bb01c15,,,,,,,,,,,,,,,,,,,,,,,,,,,,,,,,,,,,,,,
dd92d4df-6c0a-49e2-add9-adab996313af,,,,,,,,,,,,,,,,,,,,,,,,,,,,,,,,,,,,,,,
dd965d1a-e6c2-4837-9a36-9ef8de77116e,,,,,,,,,,,,,,,,,,,,,,,,,,,,,,,,,,,,,,,
ddab17fe-981a-43ea-ac1b-9dcc1d8180ed,,,,,,,,,,,,,,,,,,,,,,,,,,,,,,,,,,,,,,,
ddbdaba7-fa8f-4c9f-95c9-5a6ee2eb6ace,,,,,,,,,,,,,,,,,,,,,,,,,,,,,,,,,,,,,,,
ddbeefb3-486c-4e63-829f-5fb09ee45775,,,,,,,,,,,,,,,,,,,,,,,,,,,,,,,,,,,,,,,
ddd1dbf5-78c6-4fa2-a569-75ee5fa5e32c,,,,,,,,,,,,,,,,,,,,,,,,,,,,,,,,,,,,,,,
ddd61564-99dd-4d85-9aff-5030f2e8b8cf,,,,,,,,,,,,,,,,,,,,,,,,,,,,,,,,,,,,,,,
ddd7096a-c168-414d-98ea-b4b5910dde76,,,,,,,,,,,,,,,,,,,,,,,,,,,,,,,,,,,,,,,
ddd894ce-e362-4d07-b43e-36ed950d8092,,,,,,,,,,,,,,,,,,,,,,,,,,,,,,,,,,,,,,,
dde10420-846e-48a8-ae5b-52f54a9541e9,,,,,,,,,,,,,,,,,,,,,,,,,,,,,,,,,,,,,,,
dde412c2-7c34-4ee7-a829-c5197aab86a1,,,,,,,,,,,,,,,,,,,,,,,,,,,,,,,,,,,,,,,
dde9132d-e10b-4f4f-bf78-9d429c3945ef,,,,,,,,,,,,,,,,,,,,,,,,,,,,,,,,,,,,,,,
ddeee3c1-5034-4a33-9631-6c8a0cfde19e,,,,,,,,,,,,,,,,,,,,,,,,,,,,,,,,,,,,,,,
ddef3e49-3a6f-477b-9891-05a5ddf00c85,,,,,,,,,,,,,,,,,,,,,,,,,,,,,,,,,,,,,,,
ddf43acc-2717-4e77-a4c8-d972c02844c3,,,,,,,,,,,,,,,,,,,,,,,,,,,,,,,,,,,,,,,
ddf6cd84-6f77-4a35-a91a-8613bcee6e48,,,,,,,,,,,,,,,,,,,,,,,,,,,,,,,,,,,,,,,
ddf86361-38eb-4273-895f-cb5968455288,,,,,,,,,,,,,,,,,,,,,,,,,,,,,,,,,,,,,,,
de00e8dc-a326-4c01-a1c2-b47aefeb09dc,,,,,,,,,,,,,,,,,,,,,,,,,,,,,,,,,,,,,,,
de0beae1-133b-4fb2-8ff2-7c58cbdc417e,,,,,,,,,,,,,,,,,,,,,,,,,,,,,,,,,,,,,,,
de1d5088-a7cd-4c67-b82b-d437ff978e3d,,,,,,,,,,,,,,,,,,,,,,,,,,,,,,,,,,,,,,,
de21b287-da0e-4f0a-9af7-2c99cf0cb71c,,,,,,,,,,,,,,,,,,,,,,,,,,,,,,,,,,,,,,,
de23367c-1c55-4d72-8f60-2b40da433c5f,,,,,,,,,,,,,,,,,,,,,,,,,,,,,,,,,,,,,,,
de290109-3caa-4f54-a82a-a3054a900b09,hybrid_adtech,1.0,1.0,,,,,,,,,,,,,,,,,,,,,,,,,,,,,,,,,,,,
de34eaed-66b0-46fc-b862-01835f6c426d,,,,,,,,,,,,,,,,,,,,,,,,,,,,,,,,,,,,,,,
de3887b3-0655-4cf5-a0e4-54def48022e6,,,,,,,,,,,,,,,,,,,,,,,,,,,,,,,,,,,,,,,
de3bcec8-6869-40a4-9e83-d7c7eacc2a15,qq.com,1.0,1.0,,,,,,,,,,,,,,,,,,,,,,,,,,,,,,,,,,,,
de3e24be-c2e3-4929-9720-9a1e095cbc6e,wp,1.0,1.0,,,,,,,,,,,,,,,,,,,,,,,,,,,,,,,,,,,,
de4a54ae-8cff-46dc-bbe8-8320c4d4b71d,,,,,,,,,,,,,,,,,,,,,,,,,,,,,,,,,,,,,,,
de4c02b2-868b-489b-b017-8b0fe170193c,,,,,,,,,,,,,,,,,,,,,,,,,,,,,,,,,,,,,,,
de590c52-59de-4954-9db7-e924b3a433d4,,,,,,,,,,,,,,,,,,,,,,,,,,,,,,,,,,,,,,,
de661182-d70d-464d-8f65-b599e85905e4,,,,,,,,,,,,,,,,,,,,,,,,,,,,,,,,,,,,,,,
de77455a-c6e3-4a54-a62b-3a2a73245af0,,,,,,,,,,,,,,,,,,,,,,,,,,,,,,,,,,,,,,,
de78275a-bdf7-4199-babb-4f6742649108,,,,,,,,,,,,,,,,,,,,,,,,,,,,,,,,,,,,,,,
de7ec644-19cd-497e-aa6d-99f15f5bf16b,,,,,,,,,,,,,,,,,,,,,,,,,,,,,,,,,,,,,,,
de7f442c-160b-4aaf-a2bc-ec472d1a500a,,,,,,,,,,,,,,,,,,,,,,,,,,,,,,,,,,,,,,,
de8999c4-26d5-4cbc-b4e3-27290a9ad180,,,,,,,,,,,,,,,,,,,,,,,,,,,,,,,,,,,,,,,
de970618-4c52-4182-87e3-f14ca5665491,,,,,,,,,,,,,,,,,,,,,,,,,,,,,,,,,,,,,,,
de9af86b-5af9-47c0-bc8c-27d4a519c531,,,,,,,,,,,,,,,,,,,,,,,,,,,,,,,,,,,,,,,
deae6422-5adf-4e09-b4a8-0dfa19dd79af,,,,,,,,,,,,,,,,,,,,,,,,,,,,,,,,,,,,,,,
dec82943-5021-48be-8519-dce9036e7bb5,,,,,,,,,,,,,,,,,,,,,,,,,,,,,,,,,,,,,,,
ded70479-2f22-4845-a19e-91cc321f2bdf,,,,,,,,,,,,,,,,,,,,,,,,,,,,,,,,,,,,,,,
dee02f4b-446e-48bf-bba5-0ca70dcb79f8,,,,,,,,,,,,,,,,,,,,,,,,,,,,,,,,,,,,,,,
dee30b37-ef6a-40d8-9a49-fc569e95db1c,,,,,,,,,,,,,,,,,,,,,,,,,,,,,,,,,,,,,,,
dee42268-67a2-4c3b-b131-0eee26be3d41,,,,,,,,,,,,,,,,,,,,,,,,,,,,,,,,,,,,,,,
deeceabd-adf1-4038-b3ec-08f489eb044a,,,,,,,,,,,,,,,,,,,,,,,,,,,,,,,,,,,,,,,
def564b2-feec-4214-86e5-307eab2d7602,indeed,1.0,1.0,,,,,,,,,,,,,,,,,,,,,,,,,,,,,,,,,,,,
def5ba88-1011-4177-b435-9f5d58e07372,,,,,,,,,,,,,,,,,,,,,,,,,,,,,,,,,,,,,,,
defc5477-c8e2-490e-aade-10f37068efe3,,,,,,,,,,,,,,,,,,,,,,,,,,,,,,,,,,,,,,,
defd05f0-cae9-46ee-83c8-3c958b5850a7,,,,,,,,,,,,,,,,,,,,,,,,,,,,,,,,,,,,,,,
df0b9bdc-27a8-4e05-84d0-1a58486c58df,,,,,,,,,,,,,,,,,,,,,,,,,,,,,,,,,,,,,,,
df10315e-e2ac-4dcb-b0bd-e9f6abf75134,,,,,,,,,,,,,,,,,,,,,,,,,,,,,,,,,,,,,,,
df1b0267-6ee3-40fc-a220-52bf5ef5243e,,,,,,,,,,,,,,,,,,,,,,,,,,,,,,,,,,,,,,,
df21f45a-8256-4e41-9854-cbe725358b61,,,,,,,,,,,,,,,,,,,,,,,,,,,,,,,,,,,,,,,
df235bf5-ea7e-470e-9443-da11403465e6,,,,,,,,,,,,,,,,,,,,,,,,,,,,,,,,,,,,,,,
df29647c-0a60-4a06-8d75-18869356d58c,,,,,,,,,,,,,,,,,,,,,,,,,,,,,,,,,,,,,,,
df30d79e-bbe8-4fbb-bdca-b9e5e83fcb8a,,,,,,,,,,,,,,,,,,,,,,,,,,,,,,,,,,,,,,,
df386f66-de6e-41ec-a3b0-8e0bf0b48e3d,,,,,,,,,,,,,,,,,,,,,,,,,,,,,,,,,,,,,,,
df3beb3c-f96c-4912-9730-4252176b0d9c,,,,,,,,,,,,,,,,,,,,,,,,,,,,,,,,,,,,,,,
df3cafb6-92cc-45cf-9228-fad9c156f835,,,,,,,,,,,,,,,,,,,,,,,,,,,,,,,,,,,,,,,
df419e74-4c36-43aa-8229-d266ad377b3f,,,,,,,,,,,,,,,,,,,,,,,,,,,,,,,,,,,,,,,
df4729dc-b1f3-4d96-aa73-6dda52d0ecfc,,,,,,,,,,,,,,,,,,,,,,,,,,,,,,,,,,,,,,,
df4bf9c4-fd4e-4306-b0ac-700ccaa386e6,,,,,,,,,,,,,,,,,,,,,,,,,,,,,,,,,,,,,,,
df536576-d5aa-48a2-98d2-3bafa4692578,,,,,,,,,,,,,,,,,,,,,,,,,,,,,,,,,,,,,,,
df55dd99-5245-4b09-97f4-da128776f4d5,,,,,,,,,,,,,,,,,,,,,,,,,,,,,,,,,,,,,,,
df5ce9cb-493e-408c-80e6-26002a9f2063,,,,,,,,,,,,,,,,,,,,,,,,,,,,,,,,,,,,,,,
df5dc101-8e56-4b0e-b53a-b3a8e051175d,,,,,,,,,,,,,,,,,,,,,,,,,,,,,,,,,,,,,,,
df60a8a6-c704-4c95-aab4-2c29f2b13155,,,,,,,,,,,,,,,,,,,,,,,,,,,,,,,,,,,,,,,
df6523e9-0484-4c19-ba0d-05aae562c74d,,,,,,,,,,,,,,,,,,,,,,,,,,,,,,,,,,,,,,,
df7b9f95-6806-4582-91c6-b669e933dc32,,,,,,,,,,,,,,,,,,,,,,,,,,,,,,,,,,,,,,,
df925895-0f49-42d3-84ef-2cad96a7ad34,,,,,,,,,,,,,,,,,,,,,,,,,,,,,,,,,,,,,,,
df95511e-6c4f-478c-a44d-ce154eb86dcb,google,1.0,1.0,,,,,,,,,,,,,,,,,,,,,,,,,,,,,,,,,,,,
df96d0b5-7133-48e7-90b5-9076aca01995,,,,,,,,,,,,,,,,,,,,,,,,,,,,,,,,,,,,,,,
dfa612d8-d664-40f5-8293-b3c6fadb1ae6,,,,,,,,,,,,,,,,,,,,,,,,,,,,,,,,,,,,,,,
dfaa86db-2d76-4c52-a657-43002ef2c8ff,,,,,,,,,,,,,,,,,,,,,,,,,,,,,,,,,,,,,,,
dfb1f631-9024-4701-a141-edc898454546,,,,,,,,,,,,,,,,,,,,,,,,,,,,,,,,,,,,,,,
dfc8332c-df88-4787-9466-fb71ea9385e5,,,,,,,,,,,,,,,,,,,,,,,,,,,,,,,,,,,,,,,
dfcc637a-6175-40a3-824c-78c2ed18d5cd,,,,,,,,,,,,,,,,,,,,,,,,,,,,,,,,,,,,,,,
dfcdc581-b828-4266-9f4e-ebe5cdde27f3,,,,,,,,,,,,,,,,,,,,,,,,,,,,,,,,,,,,,,,
dfd2e382-272d-4631-8919-4ef7ef637896,,,,,,,,,,,,,,,,,,,,,,,,,,,,,,,,,,,,,,,
dfdf2b09-b210-4a87-923a-8b592e305a88,,,,,,,,,,,,,,,,,,,,,,,,,,,,,,,,,,,,,,,
dfe2e531-3c30-4167-9f7e-62939b779057,,,,,,,,,,,,,,,,,,,,,,,,,,,,,,,,,,,,,,,
dfed9a30-3b19-4965-a071-02b670fd4ea5,,,,,,,,,,,,,,,,,,,,,,,,,,,,,,,,,,,,,,,
dfee138a-8880-4797-bf09-a87c9883fa6d,,,,,,,,,,,,,,,,,,,,,,,,,,,,,,,,,,,,,,,
dff8ac92-6808-454f-abc7-f022f98c6e8f,,,,,,,,,,,,,,,,,,,,,,,,,,,,,,,,,,,,,,,
dffefa3e-2ec3-40d7-9984-b3060f720c12,,,,,,,,,,,,,,,,,,,,,,,,,,,,,,,,,,,,,,,
e00c3435-c0a3-40ec-9c97-b7ed9b2aacb2,,,,,,,,,,,,,,,,,,,,,,,,,,,,,,,,,,,,,,,
e00e9dcc-da9f-496f-902d-7b338f72f0e5,,,,,,,,,,,,,,,,,,,,,,,,,,,,,,,,,,,,,,,
e014c411-a97f-439a-8f00-0ac85af30aea,,,,,,,,,,,,,,,,,,,,,,,,,,,,,,,,,,,,,,,
e019db36-ae43-42ca-8554-9b85ca97e517,,,,,,,,,,,,,,,,,,,,,,,,,,,,,,,,,,,,,,,
e0233931-332a-4b2f-8558-c39d44c17a55,,,,,,,,,,,,,,,,,,,,,,,,,,,,,,,,,,,,,,,
e0300abe-38da-4f8b-aaa5-66927aefcaca,,,,,,,,,,,,,,,,,,,,,,,,,,,,,,,,,,,,,,,
e033cce4-2213-4f40-93e1-aff524de76ab,,,,,,,,,,,,,,,,,,,,,,,,,,,,,,,,,,,,,,,
e03d23f7-6489-475d-a504-1c1288845bb1,,,,,,,,,,,,,,,,,,,,,,,,,,,,,,,,,,,,,,,
e03e5a97-6e3c-47ff-b932-2c9793d4fd8d,,,,,,,,,,,,,,,,,,,,,,,,,,,,,,,,,,,,,,,
e042e4cd-bad1-4381-97d4-e54a8d1dc366,,,,,,,,,,,,,,,,,,,,,,,,,,,,,,,,,,,,,,,
e047bf3f-ca82-48dc-b47b-bf68a5710038,,,,,,,,,,,,,,,,,,,,,,,,,,,,,,,,,,,,,,,
e049389e-e50b-4a78-80c5-a6e42c0b87a9,,,,,,,,,,,,,,,,,,,,,,,,,,,,,,,,,,,,,,,
e0554141-ad6d-4c84-b7b4-021d116bd331,,,,,,,,,,,,,,,,,,,,,,,,,,,,,,,,,,,,,,,
e05ddbe0-561d-4232-9adb-b7ff2a7d38c0,,,,,,,,,,,,,,,,,,,,,,,,,,,,,,,,,,,,,,,
e05f91c6-08ab-4b3b-993c-002a4ccbbdce,,,,,,,,,,,,,,,,,,,,,,,,,,,,,,,,,,,,,,,
e0617ee2-3214-4e80-9bca-9ce055f0d879,,,,,,,,,,,,,,,,,,,,,,,,,,,,,,,,,,,,,,,
e061c747-7404-4c3f-8d5a-93f84edb6cf0,,,,,,,,,,,,,,,,,,,,,,,,,,,,,,,,,,,,,,,
e0678d48-532f-4d83-931c-c3d9beb78bcf,,,,,,,,,,,,,,,,,,,,,,,,,,,,,,,,,,,,,,,
e0681c87-ccad-4550-a3dd-bc2986294747,,,,,,,,,,,,,,,,,,,,,,,,,,,,,,,,,,,,,,,
e072758a-6fff-4278-93d4-cce0800566c0,,,,,,,,,,,,,,,,,,,,,,,,,,,,,,,,,,,,,,,
e073955a-61ff-46f8-aecc-6bfefb36c3b8,wikimedia_foundation,1.0,1.0,,,,,,,,,,,,,,,,,,,,,,,,,,,,,,,,,,,,
e076b40e-12c4-4c54-8bd5-b72bd1508ff0,,,,,,,,,,,,,,,,,,,,,,,,,,,,,,,,,,,,,,,
e077d597-b18a-4faa-b0ac-567e80dff27a,,,,,,,,,,,,,,,,,,,,,,,,,,,,,,,,,,,,,,,
e07e3b32-9eb1-4ab8-9349-0729ae026c19,the_new_york_times,1.0,1.0,,,,,,,,,,,,,,,,,,,,,,,,,,,,,,,,,,,,
e0809493-decf-4ea2-a047-37287220b97e,,,,,,,,,,,,,,,,,,,,,,,,,,,,,,,,,,,,,,,
e0835cd1-aa5f-46ce-9512-e18a9a62b718,,,,,,,,,,,,,,,,,,,,,,,,,,,,,,,,,,,,,,,
e088c6d4-7e9e-4e4e-a216-abbb628e5bbf,,,,,,,,,,,,,,,,,,,,,,,,,,,,,,,,,,,,,,,
e09294ca-1df9-4114-8c56-bc0fb22bc625,,,,,,,,,,,,,,,,,,,,,,,,,,,,,,,,,,,,,,,
e0a105bb-6106-48b9-8c8c-f096bb798b29,,,,,,,,,,,,,,,,,,,,,,,,,,,,,,,,,,,,,,,
e0a1f3b5-bb29-48ac-a78f-e6f0b8c264b1,,,,,,,,,,,,,,,,,,,,,,,,,,,,,,,,,,,,,,,
e0a311c0-e32a-4bb7-819a-0625c4a99d2a,,,,,,,,,,,,,,,,,,,,,,,,,,,,,,,,,,,,,,,
e0a7d652-46bb-4cc9-8f9d-6503969b9b25,,,,,,,,,,,,,,,,,,,,,,,,,,,,,,,,,,,,,,,
e0ada252-2e3c-4487-b979-52450d9e7189,,,,,,,,,,,,,,,,,,,,,,,,,,,,,,,,,,,,,,,
e0b1086e-5760-44f0-9c69-ff47049ead13,,,,,,,,,,,,,,,,,,,,,,,,,,,,,,,,,,,,,,,
e0b84d6d-0a4c-4207-b66b-a417e1881946,,,,,,,,,,,,,,,,,,,,,,,,,,,,,,,,,,,,,,,
e0b903fe-2143-4b74-918a-3ab6c3825606,,,,,,,,,,,,,,,,,,,,,,,,,,,,,,,,,,,,,,,
e0c32880-be08-4f62-a56b-ec355cbd6596,,,,,,,,,,,,,,,,,,,,,,,,,,,,,,,,,,,,,,,
e0c3e404-94c9-4031-8171-fc2740ea8501,,,,,,,,,,,,,,,,,,,,,,,,,,,,,,,,,,,,,,,
e0c59a52-3e3b-4f46-8174-b94c1eadc8b8,,,,,,,,,,,,,,,,,,,,,,,,,,,,,,,,,,,,,,,
e0d522e1-da14-40e2-a4a1-cb3ef3d4784e,,,,,,,,,,,,,,,,,,,,,,,,,,,,,,,,,,,,,,,
e0e27225-2a87-4204-a310-420f3bd96e47,,,,,,,,,,,,,,,,,,,,,,,,,,,,,,,,,,,,,,,
e0e4183f-eac2-491a-9d41-74dd05eab768,,,,,,,,,,,,,,,,,,,,,,,,,,,,,,,,,,,,,,,
e0ec9d53-e2f8-41fb-b3d0-505ddacd44f7,adult_webmaster_empire,1.0,1.0,,,,,,,,,,,,,,,,,,,,,,,,,,,,,,,,,,,,
e0eeb61f-471b-4ea0-9b14-2ed1613f3b34,,,,,,,,,,,,,,,,,,,,,,,,,,,,,,,,,,,,,,,
e0f0bbf6-de2a-4461-be9b-1f81a1c5f7f4,,,,,,,,,,,,,,,,,,,,,,,,,,,,,,,,,,,,,,,
e0f1a4fd-01ee-4490-a262-4bb31ff82523,,,,,,,,,,,,,,,,,,,,,,,,,,,,,,,,,,,,,,,
e0f258d5-0341-4e2a-a661-a006f2afd484,microsoft,1.0,1.0,,,,,,,,,,,,,,,,,,,,,,,,,,,,,,,,,,,,
e0f3d2c6-c264-4a0b-bb60-5c9e37ced837,,,,,,,,,,,,,,,,,,,,,,,,,,,,,,,,,,,,,,,
e0f8c249-79f6-4c95-8e45-e775f2f54b7e,,,,,,,,,,,,,,,,,,,,,,,,,,,,,,,,,,,,,,,
e0fb2231-6319-41af-a361-627d2b5fd5e0,,,,,,,,,,,,,,,,,,,,,,,,,,,,,,,,,,,,,,,
e0fea4f5-43f2-4cb8-9c72-0c05989737bb,,,,,,,,,,,,,,,,,,,,,,,,,,,,,,,,,,,,,,,
e0ffc4f1-c006-4e2e-86a3-024d26d3cbe8,,,,,,,,,,,,,,,,,,,,,,,,,,,,,,,,,,,,,,,
e103090f-e7ac-41c9-8941-4e2738e93b93,,,,,,,,,,,,,,,,,,,,,,,,,,,,,,,,,,,,,,,
e10a0665-6f71-4ad2-9b6e-df0c9dd24ecf,,,,,,,,,,,,,,,,,,,,,,,,,,,,,,,,,,,,,,,
e10d1057-6216-4ca3-9636-f9a1ca11fd43,,,,,,,,,,,,,,,,,,,,,,,,,,,,,,,,,,,,,,,
e115949b-0ca8-4f0a-9c9c-d9e2e5a2affe,,,,,,,,,,,,,,,,,,,,,,,,,,,,,,,,,,,,,,,
e11902a5-a4ad-4ad1-b99f-826f2a6a9c80,,,,,,,,,,,,,,,,,,,,,,,,,,,,,,,,,,,,,,,
e11ccbb5-75c7-41c1-b0b4-3fc1c9a9c250,,,,,,,,,,,,,,,,,,,,,,,,,,,,,,,,,,,,,,,
e129384e-c67b-4e6e-9c1a-ca8b30019832,,,,,,,,,,,,,,,,,,,,,,,,,,,,,,,,,,,,,,,
e12a5c1c-aaa2-426b-83bc-840981996b69,,,,,,,,,,,,,,,,,,,,,,,,,,,,,,,,,,,,,,,
e13160d8-7c95-4069-9d96-097c5fb8a7e8,,,,,,,,,,,,,,,,,,,,,,,,,,,,,,,,,,,,,,,
e13b13bf-2373-4872-b12a-508a5098fdaa,,,,,,,,,,,,,,,,,,,,,,,,,,,,,,,,,,,,,,,
e13c475c-d70b-4b2c-b628-a90c02a26ffb,,,,,,,,,,,,,,,,,,,,,,,,,,,,,,,,,,,,,,,
e13cf137-771d-4712-bf18-4e5949fc84e6,,,,,,,,,,,,,,,,,,,,,,,,,,,,,,,,,,,,,,,
e13d7445-36c9-4f05-8313-38079b9795a3,,,,,,,,,,,,,,,,,,,,,,,,,,,,,,,,,,,,,,,
e1431c5b-98b5-4db6-98f6-d674788ce553,symantec,1.0,0.5,digicert,1.0,0.5,,,,,,,,,,,,,,,,,,,,,,,,,,,,,,,,,
e14a31f1-c7c0-4401-b23e-17dba1da48d9,,,,,,,,,,,,,,,,,,,,,,,,,,,,,,,,,,,,,,,
e151d190-739b-4ff7-8921-347296766705,,,,,,,,,,,,,,,,,,,,,,,,,,,,,,,,,,,,,,,
e1532675-1936-4b13-a5d6-799b7f9cecef,,,,,,,,,,,,,,,,,,,,,,,,,,,,,,,,,,,,,,,
e15c9d2c-83c8-4b83-bbaf-2247c84650a8,,,,,,,,,,,,,,,,,,,,,,,,,,,,,,,,,,,,,,,
e16276e2-5ebe-427b-93b8-b7026d783b5e,,,,,,,,,,,,,,,,,,,,,,,,,,,,,,,,,,,,,,,
e1645454-a611-4a0a-9c8a-38474bf5dbd0,,,,,,,,,,,,,,,,,,,,,,,,,,,,,,,,,,,,,,,
e1808194-0e00-4f0a-94b0-71babb2a827c,,,,,,,,,,,,,,,,,,,,,,,,,,,,,,,,,,,,,,,
e18d4937-146d-475e-899d-2cd200d76768,,,,,,,,,,,,,,,,,,,,,,,,,,,,,,,,,,,,,,,
e18dd92e-1aaf-45bb-8cf6-0e19cf0daa8a,,,,,,,,,,,,,,,,,,,,,,,,,,,,,,,,,,,,,,,
e18f2f00-000d-4f2b-8c19-d1c15c001b4e,,,,,,,,,,,,,,,,,,,,,,,,,,,,,,,,,,,,,,,
e196bedd-c700-4231-bfbb-b5532da3d7b5,,,,,,,,,,,,,,,,,,,,,,,,,,,,,,,,,,,,,,,
e199daee-ea32-49cc-9855-cfef6169b371,,,,,,,,,,,,,,,,,,,,,,,,,,,,,,,,,,,,,,,
e19f4772-d22c-48a3-aa47-697db45b06d5,,,,,,,,,,,,,,,,,,,,,,,,,,,,,,,,,,,,,,,
e1a077b0-9082-45d0-8f0c-5e9c39147572,,,,,,,,,,,,,,,,,,,,,,,,,,,,,,,,,,,,,,,
e1ab4897-a086-4262-9e9e-2168afc7ab4d,,,,,,,,,,,,,,,,,,,,,,,,,,,,,,,,,,,,,,,
e1b76644-c08d-44aa-b001-219f43d191f5,,,,,,,,,,,,,,,,,,,,,,,,,,,,,,,,,,,,,,,
e1bd973a-1b41-4400-9cf6-f8cbb69d9f26,,,,,,,,,,,,,,,,,,,,,,,,,,,,,,,,,,,,,,,
e1cb6600-194e-439d-9e56-97e302c749cc,,,,,,,,,,,,,,,,,,,,,,,,,,,,,,,,,,,,,,,
e1cc0f3b-0436-42ab-ae27-51f22f14d920,,,,,,,,,,,,,,,,,,,,,,,,,,,,,,,,,,,,,,,
e1cd2d20-a65f-4a36-97fe-637fa7b23078,,,,,,,,,,,,,,,,,,,,,,,,,,,,,,,,,,,,,,,
e1d80c7f-7849-487d-920c-2dbd6b022067,verizon,1.0,1.0,,,,,,,,,,,,,,,,,,,,,,,,,,,,,,,,,,,,
e1d9d505-e797-4ad2-9de5-2105dc9c1654,,,,,,,,,,,,,,,,,,,,,,,,,,,,,,,,,,,,,,,
e1e2b279-6231-4013-a206-83fe1d44a49f,,,,,,,,,,,,,,,,,,,,,,,,,,,,,,,,,,,,,,,
e1e5fcea-583d-4fef-ae9a-3435c21b0b5c,,,,,,,,,,,,,,,,,,,,,,,,,,,,,,,,,,,,,,,
e1e87735-0fd3-45cb-ac50-252cd1b00711,,,,,,,,,,,,,,,,,,,,,,,,,,,,,,,,,,,,,,,
e1f25708-535b-422d-aee3-d3f7652217bb,,,,,,,,,,,,,,,,,,,,,,,,,,,,,,,,,,,,,,,
e1f2a14c-c199-4bc0-8352-0cfde9a29895,,,,,,,,,,,,,,,,,,,,,,,,,,,,,,,,,,,,,,,
e1f2fec6-9af1-4f9b-a98e-4f54c03e9ae7,,,,,,,,,,,,,,,,,,,,,,,,,,,,,,,,,,,,,,,
e1f4a35d-cffe-4442-b550-94f52f3c9878,,,,,,,,,,,,,,,,,,,,,,,,,,,,,,,,,,,,,,,
e1f646d2-5f66-4b84-b2a9-7d6975b90b31,,,,,,,,,,,,,,,,,,,,,,,,,,,,,,,,,,,,,,,
e1f83988-ba90-418d-beca-4db677a7de1f,,,,,,,,,,,,,,,,,,,,,,,,,,,,,,,,,,,,,,,
e2032681-ca61-4577-92a2-31fb193da301,,,,,,,,,,,,,,,,,,,,,,,,,,,,,,,,,,,,,,,
e20626b8-a063-473a-bf93-c003f4343057,,,,,,,,,,,,,,,,,,,,,,,,,,,,,,,,,,,,,,,
e207a791-44db-4d83-a96d-48bddb8347d1,,,,,,,,,,,,,,,,,,,,,,,,,,,,,,,,,,,,,,,
e212f072-f0e1-480a-9e2b-1f377842348d,,,,,,,,,,,,,,,,,,,,,,,,,,,,,,,,,,,,,,,
e215948d-96a6-456c-987a-052b092df4b0,,,,,,,,,,,,,,,,,,,,,,,,,,,,,,,,,,,,,,,
e225836f-bff2-4c2d-9952-3e0f24e164dd,,,,,,,,,,,,,,,,,,,,,,,,,,,,,,,,,,,,,,,
e2272b2d-26ed-4bf5-93fe-f9c5cbb7b092,,,,,,,,,,,,,,,,,,,,,,,,,,,,,,,,,,,,,,,
e22c2252-585d-4c1c-9e67-0d540eaef932,,,,,,,,,,,,,,,,,,,,,,,,,,,,,,,,,,,,,,,
e2371ae5-470b-42ba-b989-3f0fcfd87d46,,,,,,,,,,,,,,,,,,,,,,,,,,,,,,,,,,,,,,,
e23ff94f-ba6a-413d-814e-ee199d40abc2,,,,,,,,,,,,,,,,,,,,,,,,,,,,,,,,,,,,,,,
e24119af-f219-464a-bd0b-3f863a460392,,,,,,,,,,,,,,,,,,,,,,,,,,,,,,,,,,,,,,,
e24c3f60-f857-4c98-a75b-45f1a3aca701,,,,,,,,,,,,,,,,,,,,,,,,,,,,,,,,,,,,,,,
e24d22a4-808f-41ad-aaa2-b4fe4ab4fb40,,,,,,,,,,,,,,,,,,,,,,,,,,,,,,,,,,,,,,,
e24d8a5a-0168-4130-bc90-e6d86c8c720d,,,,,,,,,,,,,,,,,,,,,,,,,,,,,,,,,,,,,,,
e25141ee-a4a6-407c-a291-92762f8f08e1,,,,,,,,,,,,,,,,,,,,,,,,,,,,,,,,,,,,,,,
e251e3b8-d3b7-4961-8ea1-fe675556c55b,,,,,,,,,,,,,,,,,,,,,,,,,,,,,,,,,,,,,,,
e252fa81-76ba-487e-81d5-f123278fdf3b,,,,,,,,,,,,,,,,,,,,,,,,,,,,,,,,,,,,,,,
e256550d-407e-4de3-a9d7-4cc57061d8b6,,,,,,,,,,,,,,,,,,,,,,,,,,,,,,,,,,,,,,,
e25f25da-4df4-41ee-b684-499786376450,,,,,,,,,,,,,,,,,,,,,,,,,,,,,,,,,,,,,,,
e2607bf8-a008-4982-9f70-1ddbdc4b4102,,,,,,,,,,,,,,,,,,,,,,,,,,,,,,,,,,,,,,,
e260c658-3b7d-4c54-a819-d77e303bc439,,,,,,,,,,,,,,,,,,,,,,,,,,,,,,,,,,,,,,,
e262fd26-f60e-4c6c-a283-336f539e0d15,,,,,,,,,,,,,,,,,,,,,,,,,,,,,,,,,,,,,,,
e26593f1-19df-4e57-b3c6-453e00546c88,,,,,,,,,,,,,,,,,,,,,,,,,,,,,,,,,,,,,,,
e26f443e-d37d-4755-9d1e-8019a0ab8429,,,,,,,,,,,,,,,,,,,,,,,,,,,,,,,,,,,,,,,
e26fe54f-9307-4994-abcd-ebec3ddf1671,wikimedia_foundation,1.0,1.0,,,,,,,,,,,,,,,,,,,,,,,,,,,,,,,,,,,,
e2709567-be76-471b-9438-3bc8b2f9ac40,,,,,,,,,,,,,,,,,,,,,,,,,,,,,,,,,,,,,,,
e271bda4-3f94-4cb1-aa44-b9c8b271c1d1,salesforce,1.0,1.0,,,,,,,,,,,,,,,,,,,,,,,,,,,,,,,,,,,,
e2726479-de6b-45a7-8cab-9a7a37f601b9,baidu,1.0,1.0,,,,,,,,,,,,,,,,,,,,,,,,,,,,,,,,,,,,
e279f4b5-f1a2-41e0-ac4e-c8108b575257,,,,,,,,,,,,,,,,,,,,,,,,,,,,,,,,,,,,,,,
e27d5b36-b8bb-4aba-aa23-b5f235fd48d5,,,,,,,,,,,,,,,,,,,,,,,,,,,,,,,,,,,,,,,
e28aac98-2476-4e85-9d44-8f9ca3eb40d3,,,,,,,,,,,,,,,,,,,,,,,,,,,,,,,,,,,,,,,
e28d4d48-74d0-4ea7-a7bb-4a9488598540,,,,,,,,,,,,,,,,,,,,,,,,,,,,,,,,,,,,,,,
e297e960-e86f-43f6-a6e6-928a559685ae,,,,,,,,,,,,,,,,,,,,,,,,,,,,,,,,,,,,,,,
e2a0a43a-75f6-4608-8878-14c3c6dc0e6f,,,,,,,,,,,,,,,,,,,,,,,,,,,,,,,,,,,,,,,
e2a19067-e577-4388-99ff-57a8b1cccfb9,,,,,,,,,,,,,,,,,,,,,,,,,,,,,,,,,,,,,,,
e2a51a0e-dcea-440d-8210-9f7aac14b65f,,,,,,,,,,,,,,,,,,,,,,,,,,,,,,,,,,,,,,,
e2a5842a-58da-4a37-8d98-287e03f3c0a9,,,,,,,,,,,,,,,,,,,,,,,,,,,,,,,,,,,,,,,
e2a68501-3563-4799-8eb3-4d21bd7400d2,,,,,,,,,,,,,,,,,,,,,,,,,,,,,,,,,,,,,,,
e2a918ae-92f4-4478-b655-4db79aeff011,,,,,,,,,,,,,,,,,,,,,,,,,,,,,,,,,,,,,,,
e2ad2b53-afe2-4a17-bfbe-55456ad9c4d8,,,,,,,,,,,,,,,,,,,,,,,,,,,,,,,,,,,,,,,
e2afb9bf-4058-4c1e-a0c4-e0422b3c9393,,,,,,,,,,,,,,,,,,,,,,,,,,,,,,,,,,,,,,,
e2b21cbe-3983-4482-9c9b-0d42931b4eb0,,,,,,,,,,,,,,,,,,,,,,,,,,,,,,,,,,,,,,,
e2b750a6-d77d-4974-b8f5-a7ba7319f200,,,,,,,,,,,,,,,,,,,,,,,,,,,,,,,,,,,,,,,
e2ba3ab7-7a5d-4ca0-8e88-f58626254d9d,,,,,,,,,,,,,,,,,,,,,,,,,,,,,,,,,,,,,,,
e2c283c1-fe01-4fea-b0d8-4c834788f6a7,,,,,,,,,,,,,,,,,,,,,,,,,,,,,,,,,,,,,,,
e2c68586-cb6e-4e35-8aa5-e5fae340ece9,,,,,,,,,,,,,,,,,,,,,,,,,,,,,,,,,,,,,,,
e2c722fe-434b-4bec-a459-d96876411cdc,,,,,,,,,,,,,,,,,,,,,,,,,,,,,,,,,,,,,,,
e2c94d2b-484e-416d-a62b-33638aeb1b8d,,,,,,,,,,,,,,,,,,,,,,,,,,,,,,,,,,,,,,,
e2d6eb60-6902-488e-a725-1676077624d1,,,,,,,,,,,,,,,,,,,,,,,,,,,,,,,,,,,,,,,
e2dd8813-bbb3-486f-9e2e-bb08b4d61c14,,,,,,,,,,,,,,,,,,,,,,,,,,,,,,,,,,,,,,,
e2e0f847-1466-4702-bc40-d87e0c5c9f07,,,,,,,,,,,,,,,,,,,,,,,,,,,,,,,,,,,,,,,
e2ee116b-e9e2-4b1d-a696-1840551ac894,,,,,,,,,,,,,,,,,,,,,,,,,,,,,,,,,,,,,,,
e2f18924-1cf9-4ae4-a444-77fdd1defe70,,,,,,,,,,,,,,,,,,,,,,,,,,,,,,,,,,,,,,,
e2f5413a-cdf8-425a-9d54-eabfaf825304,quantum_metric,1.0,1.0,,,,,,,,,,,,,,,,,,,,,,,,,,,,,,,,,,,,
e2f5c2f5-00b7-4a6d-91d8-afbded7f2293,,,,,,,,,,,,,,,,,,,,,,,,,,,,,,,,,,,,,,,
e3114525-8697-431b-a574-a6e13acceea5,mntn,1.0,1.0,,,,,,,,,,,,,,,,,,,,,,,,,,,,,,,,,,,,
e31461c7-95eb-44a9-b3a2-32337cc1e4ed,,,,,,,,,,,,,,,,,,,,,,,,,,,,,,,,,,,,,,,
e32ae98d-083c-4561-a019-c81bfb161415,apple,1.0,1.0,,,,,,,,,,,,,,,,,,,,,,,,,,,,,,,,,,,,
e32f3bc8-c384-4e59-b669-ef6ed593f01a,,,,,,,,,,,,,,,,,,,,,,,,,,,,,,,,,,,,,,,
e3329f51-c535-4da2-b6c1-92c9c92ea5af,squarespace,1.0,1.0,,,,,,,,,,,,,,,,,,,,,,,,,,,,,,,,,,,,
e3352980-9c04-4c81-830b-1c6d6a79d5c2,,,,,,,,,,,,,,,,,,,,,,,,,,,,,,,,,,,,,,,
e3456c58-b382-463c-b702-d19b732c3611,,,,,,,,,,,,,,,,,,,,,,,,,,,,,,,,,,,,,,,
e34a92f7-a6c3-45b5-ac37-a78a941deeb6,mntn,1.0,1.0,,,,,,,,,,,,,,,,,,,,,,,,,,,,,,,,,,,,
e34f3fc9-a5ba-493a-9ff6-6e1a1343f8a8,,,,,,,,,,,,,,,,,,,,,,,,,,,,,,,,,,,,,,,
e3581da7-f36c-458a-90d1-70ba98ca2bc8,,,,,,,,,,,,,,,,,,,,,,,,,,,,,,,,,,,,,,,
e35bef0d-ca0b-41f8-8125-c2c94e6bf1d5,,,,,,,,,,,,,,,,,,,,,,,,,,,,,,,,,,,,,,,
e362c659-e542-4d1e-ac95-24fa57ebbd04,,,,,,,,,,,,,,,,,,,,,,,,,,,,,,,,,,,,,,,
e3648e35-c7a6-44d3-9754-c5b03c254015,,,,,,,,,,,,,,,,,,,,,,,,,,,,,,,,,,,,,,,
e3765079-20dd-42b6-8c9a-7f0a6c387923,dmg_media,1.0,1.0,,,,,,,,,,,,,,,,,,,,,,,,,,,,,,,,,,,,
e378233d-6bc1-491a-931c-c8567805d443,,,,,,,,,,,,,,,,,,,,,,,,,,,,,,,,,,,,,,,
e3816ecf-6f72-4860-b7c1-eb19a2807348,,,,,,,,,,,,,,,,,,,,,,,,,,,,,,,,,,,,,,,
e387b0f6-c63b-44fa-8ca6-9b408da809c3,,,,,,,,,,,,,,,,,,,,,,,,,,,,,,,,,,,,,,,
e39ce8bf-ce0f-4dc4-adee-bc46c6c408fe,,,,,,,,,,,,,,,,,,,,,,,,,,,,,,,,,,,,,,,
e3a644b2-8dfa-4e7c-be9d-a5202a4e57ae,,,,,,,,,,,,,,,,,,,,,,,,,,,,,,,,,,,,,,,
e3a650a8-bcc0-402d-8be0-44d6607b040a,,,,,,,,,,,,,,,,,,,,,,,,,,,,,,,,,,,,,,,
e3ae7ec0-98ed-49b3-b8f8-31f0d6399207,,,,,,,,,,,,,,,,,,,,,,,,,,,,,,,,,,,,,,,
e3bb9e07-d3be-4397-b3f8-2221ef0ca2ef,,,,,,,,,,,,,,,,,,,,,,,,,,,,,,,,,,,,,,,
e3c0e734-9946-413a-96e5-8388bb95549c,,,,,,,,,,,,,,,,,,,,,,,,,,,,,,,,,,,,,,,
e3c2e69d-9221-4739-96c7-fbc1afd98ff1,,,,,,,,,,,,,,,,,,,,,,,,,,,,,,,,,,,,,,,
e3c3d93e-9d23-4d2c-9404-577ff6af9b45,,,,,,,,,,,,,,,,,,,,,,,,,,,,,,,,,,,,,,,
e3c52b99-058a-43b3-b4a9-fdd73f1d4a4a,,,,,,,,,,,,,,,,,,,,,,,,,,,,,,,,,,,,,,,
e3d0dcd1-9d5e-48a9-a46b-f39a2088d4fe,,,,,,,,,,,,,,,,,,,,,,,,,,,,,,,,,,,,,,,
e3d35f53-9f4f-4959-9657-314674552301,,,,,,,,,,,,,,,,,,,,,,,,,,,,,,,,,,,,,,,
e3d4b26e-bc38-4eee-a48b-da3a17847255,cloudinary,1.0,1.0,,,,,,,,,,,,,,,,,,,,,,,,,,,,,,,,,,,,
e3d88d5f-b39f-4f02-aa99-9a1d2862d608,,,,,,,,,,,,,,,,,,,,,,,,,,,,,,,,,,,,,,,
e3e7fba7-93ad-4d9e-9f79-f4753be0b778,,,,,,,,,,,,,,,,,,,,,,,,,,,,,,,,,,,,,,,
e3f18415-f414-4bbd-9376-401aa49e9a9c,,,,,,,,,,,,,,,,,,,,,,,,,,,,,,,,,,,,,,,
e3f61ddc-0811-4e4b-acd8-a10bf11e0f6e,,,,,,,,,,,,,,,,,,,,,,,,,,,,,,,,,,,,,,,
e40030d6-7185-4391-ae34-23063d2700f8,,,,,,,,,,,,,,,,,,,,,,,,,,,,,,,,,,,,,,,
e40158a1-aac7-4ca8-b66b-007e1ec3afd8,,,,,,,,,,,,,,,,,,,,,,,,,,,,,,,,,,,,,,,
e4039773-88cf-455c-bbf5-ffd356bacc7c,,,,,,,,,,,,,,,,,,,,,,,,,,,,,,,,,,,,,,,
e40a7a21-09a9-4e94-934b-4c2a85b4a8d2,,,,,,,,,,,,,,,,,,,,,,,,,,,,,,,,,,,,,,,
e40cf6dc-73d2-4419-8535-5e26c9f497de,,,,,,,,,,,,,,,,,,,,,,,,,,,,,,,,,,,,,,,
e412d710-1804-4f67-ac75-812cb54bd9ad,,,,,,,,,,,,,,,,,,,,,,,,,,,,,,,,,,,,,,,
e420e18c-1232-42d4-9867-c12cc11af066,umeng,1.0,1.0,,,,,,,,,,,,,,,,,,,,,,,,,,,,,,,,,,,,
e4212c6d-e7a7-4d64-ae12-1f5d59ae7cd6,,,,,,,,,,,,,,,,,,,,,,,,,,,,,,,,,,,,,,,
e4263196-a9a5-4ea8-bc5b-bc5005c6d11e,,,,,,,,,,,,,,,,,,,,,,,,,,,,,,,,,,,,,,,
e430f44a-092b-4ae8-a016-aabefe665f7e,,,,,,,,,,,,,,,,,,,,,,,,,,,,,,,,,,,,,,,
e4318380-ca88-44a5-bf06-c13bff740c9c,,,,,,,,,,,,,,,,,,,,,,,,,,,,,,,,,,,,,,,
e4337e8d-43ab-47ab-9d68-a4581c44e7ea,,,,,,,,,,,,,,,,,,,,,,,,,,,,,,,,,,,,,,,
e4342163-26d9-4c39-82d0-4dd47b4b3538,,,,,,,,,,,,,,,,,,,,,,,,,,,,,,,,,,,,,,,
e43978bc-8709-435f-867e-3baf96927049,,,,,,,,,,,,,,,,,,,,,,,,,,,,,,,,,,,,,,,
e441c3ce-fc08-48f7-953d-b4ff802442d7,,,,,,,,,,,,,,,,,,,,,,,,,,,,,,,,,,,,,,,
e4487e42-aa04-47b4-aa63-a00c67ab11ca,,,,,,,,,,,,,,,,,,,,,,,,,,,,,,,,,,,,,,,
e44d7084-b8b7-49f0-90a0-f7f459383c3d,,,,,,,,,,,,,,,,,,,,,,,,,,,,,,,,,,,,,,,
e45a3e2c-5303-4425-ba7e-769591a6a3b7,,,,,,,,,,,,,,,,,,,,,,,,,,,,,,,,,,,,,,,
e45b7a19-3059-4cbb-bb15-c4607f61e71e,,,,,,,,,,,,,,,,,,,,,,,,,,,,,,,,,,,,,,,
e4610811-f5ca-4e29-b32f-0f8209929531,,,,,,,,,,,,,,,,,,,,,,,,,,,,,,,,,,,,,,,
e46d9018-c808-4ac7-9417-b6b3bb14d1a7,,,,,,,,,,,,,,,,,,,,,,,,,,,,,,,,,,,,,,,
e46f29ad-1958-4dd3-a9cf-ed3aee252ba8,,,,,,,,,,,,,,,,,,,,,,,,,,,,,,,,,,,,,,,
e477286b-cc3d-46d1-8bfe-668ee98e82b5,,,,,,,,,,,,,,,,,,,,,,,,,,,,,,,,,,,,,,,
e47f7c73-c141-4c92-a523-206e82a19843,the_new_york_times,1.0,1.0,,,,,,,,,,,,,,,,,,,,,,,,,,,,,,,,,,,,
e48003de-b6a2-45cd-bfe6-d7cbe9ee5d67,,,,,,,,,,,,,,,,,,,,,,,,,,,,,,,,,,,,,,,
e48a42a0-d505-49e5-85ca-434b576c021e,,,,,,,,,,,,,,,,,,,,,,,,,,,,,,,,,,,,,,,
e48d57f9-3b0d-4379-92a1-4b56cf44259f,,,,,,,,,,,,,,,,,,,,,,,,,,,,,,,,,,,,,,,
e48df3b7-41fd-44ac-a0a5-d247a824a9b5,,,,,,,,,,,,,,,,,,,,,,,,,,,,,,,,,,,,,,,
e4a41ee4-f84d-4449-8531-9bec0a0b1469,,,,,,,,,,,,,,,,,,,,,,,,,,,,,,,,,,,,,,,
e4acaf8c-f81b-4c16-b7fb-02fa291130bc,,,,,,,,,,,,,,,,,,,,,,,,,,,,,,,,,,,,,,,
e4aeae38-e84c-41f6-878d-21f69851315f,,,,,,,,,,,,,,,,,,,,,,,,,,,,,,,,,,,,,,,
e4af8ef4-adc2-4375-ab33-1a081850ca8a,,,,,,,,,,,,,,,,,,,,,,,,,,,,,,,,,,,,,,,
e4afdac2-fbd3-463b-8473-e07455a899e7,,,,,,,,,,,,,,,,,,,,,,,,,,,,,,,,,,,,,,,
e4b2dc6f-aa85-49e6-a80a-978300699296,,,,,,,,,,,,,,,,,,,,,,,,,,,,,,,,,,,,,,,
e4b4d76b-2fdb-41a9-9929-ca60f082b8a9,,,,,,,,,,,,,,,,,,,,,,,,,,,,,,,,,,,,,,,
e4bf6a17-41d5-4adc-a9a0-2172a7c45300,,,,,,,,,,,,,,,,,,,,,,,,,,,,,,,,,,,,,,,
e4c53f42-815e-478f-83a9-296ee42e8042,,,,,,,,,,,,,,,,,,,,,,,,,,,,,,,,,,,,,,,
e4d10f97-4161-46ca-9f6d-06cf83120f25,,,,,,,,,,,,,,,,,,,,,,,,,,,,,,,,,,,,,,,
e4d38950-5963-4344-ac5c-7f981d7bbbe2,,,,,,,,,,,,,,,,,,,,,,,,,,,,,,,,,,,,,,,
e4dcbf17-39eb-4f47-82dc-ebf769d01d9e,,,,,,,,,,,,,,,,,,,,,,,,,,,,,,,,,,,,,,,
e4e2854a-ff34-4668-8303-1e3e64638838,,,,,,,,,,,,,,,,,,,,,,,,,,,,,,,,,,,,,,,
e4e859c6-7bad-41bb-9adc-f87d180226f1,optimizely,1.0,1.0,,,,,,,,,,,,,,,,,,,,,,,,,,,,,,,,,,,,
e4e99f76-bb75-4dcd-b369-683115a95f34,,,,,,,,,,,,,,,,,,,,,,,,,,,,,,,,,,,,,,,
e4f18410-55b7-405f-a2f6-99687499756b,,,,,,,,,,,,,,,,,,,,,,,,,,,,,,,,,,,,,,,
e4f1aabe-b462-4672-9706-ac2f3e5c528d,,,,,,,,,,,,,,,,,,,,,,,,,,,,,,,,,,,,,,,
e4f78454-80c0-4bb6-b7b8-f101f2f4d37e,,,,,,,,,,,,,,,,,,,,,,,,,,,,,,,,,,,,,,,
e4fadb16-cdb9-4c2f-ae81-91cd57bf771a,,,,,,,,,,,,,,,,,,,,,,,,,,,,,,,,,,,,,,,
e5049e16-8aad-4425-889c-ab6f550b3d6e,,,,,,,,,,,,,,,,,,,,,,,,,,,,,,,,,,,,,,,
e507ca9d-2e7d-488b-9bd4-ab0e5f59f3de,,,,,,,,,,,,,,,,,,,,,,,,,,,,,,,,,,,,,,,
e5123002-6659-4d1b-b3d6-987cbd4992a8,,,,,,,,,,,,,,,,,,,,,,,,,,,,,,,,,,,,,,,
e512b0ab-9353-4050-bd06-81d8e0683695,,,,,,,,,,,,,,,,,,,,,,,,,,,,,,,,,,,,,,,
e5147835-df93-4ec8-b635-266e4dd56769,pushwoosh,1.0,1.0,,,,,,,,,,,,,,,,,,,,,,,,,,,,,,,,,,,,
e51dca77-4b79-469c-a54b-ba4a40efa63b,,,,,,,,,,,,,,,,,,,,,,,,,,,,,,,,,,,,,,,
e52088cd-b4d2-45c0-b11f-e9928a2b5f13,,,,,,,,,,,,,,,,,,,,,,,,,,,,,,,,,,,,,,,
e5220c46-471e-4d9d-a211-319cff6d17b6,,,,,,,,,,,,,,,,,,,,,,,,,,,,,,,,,,,,,,,
e5278491-6024-47d9-857b-8d2a6b36faad,,,,,,,,,,,,,,,,,,,,,,,,,,,,,,,,,,,,,,,
e5281ea0-09bf-4850-b67b-cce516caf081,,,,,,,,,,,,,,,,,,,,,,,,,,,,,,,,,,,,,,,
e52b0056-cd23-42a9-9b1b-3d4779aca68c,,,,,,,,,,,,,,,,,,,,,,,,,,,,,,,,,,,,,,,
e52b7a61-174b-4a96-a958-8366df9e3e0a,,,,,,,,,,,,,,,,,,,,,,,,,,,,,,,,,,,,,,,
e53d72ca-dca1-4432-890a-e937560005ac,,,,,,,,,,,,,,,,,,,,,,,,,,,,,,,,,,,,,,,
e53dd39d-50b0-46fd-9e6c-e8dbda379d07,,,,,,,,,,,,,,,,,,,,,,,,,,,,,,,,,,,,,,,
e53f985d-deb7-43bc-948f-15ef70e6f6b0,,,,,,,,,,,,,,,,,,,,,,,,,,,,,,,,,,,,,,,
e546147d-5e70-433a-810d-0920f521651c,,,,,,,,,,,,,,,,,,,,,,,,,,,,,,,,,,,,,,,
e546f888-4b2e-4246-a399-5a687aceb67f,,,,,,,,,,,,,,,,,,,,,,,,,,,,,,,,,,,,,,,
e5592ace-7109-4236-b8ba-a34ddd71f881,,,,,,,,,,,,,,,,,,,,,,,,,,,,,,,,,,,,,,,
e55bad7d-bb00-4aca-a903-b62fbfa6fcfd,,,,,,,,,,,,,,,,,,,,,,,,,,,,,,,,,,,,,,,
e55fe0f1-e8d7-454a-9756-6326c60c8f01,,,,,,,,,,,,,,,,,,,,,,,,,,,,,,,,,,,,,,,
e5633ea6-70e6-4ab9-bb47-dbe9d80dfaf0,,,,,,,,,,,,,,,,,,,,,,,,,,,,,,,,,,,,,,,
e566d4fa-95ac-4948-b7b7-8cad0444b59f,,,,,,,,,,,,,,,,,,,,,,,,,,,,,,,,,,,,,,,
e573d6f0-426f-4a3c-af2d-0cad4ec9b143,,,,,,,,,,,,,,,,,,,,,,,,,,,,,,,,,,,,,,,
e5796f7f-6160-430f-a539-fd73be41e4c2,,,,,,,,,,,,,,,,,,,,,,,,,,,,,,,,,,,,,,,
e5803b8b-e2b9-43d0-9bac-3a7a93841fae,,,,,,,,,,,,,,,,,,,,,,,,,,,,,,,,,,,,,,,
e581f346-9293-448b-95c7-3939979ba078,,,,,,,,,,,,,,,,,,,,,,,,,,,,,,,,,,,,,,,
e5830eb3-ec2a-4e59-968e-0d215c41a789,,,,,,,,,,,,,,,,,,,,,,,,,,,,,,,,,,,,,,,
e5861083-fba7-46ac-b561-7299a59ff5aa,,,,,,,,,,,,,,,,,,,,,,,,,,,,,,,,,,,,,,,
e58c0a16-6cfc-4602-a64f-16a0920298cb,,,,,,,,,,,,,,,,,,,,,,,,,,,,,,,,,,,,,,,
e58d5852-c9d9-4eb2-bd4e-cf3e5cb374ad,,,,,,,,,,,,,,,,,,,,,,,,,,,,,,,,,,,,,,,
e59367b9-c36c-495c-85b2-ef213a850c38,,,,,,,,,,,,,,,,,,,,,,,,,,,,,,,,,,,,,,,
e59a94c4-7eec-4f55-a078-902ceb2da853,wikimedia_foundation,1.0,1.0,,,,,,,,,,,,,,,,,,,,,,,,,,,,,,,,,,,,
e59fe538-8662-4acf-8160-38a3adf6c86b,,,,,,,,,,,,,,,,,,,,,,,,,,,,,,,,,,,,,,,
e5a0e141-71d1-4a7d-b08e-4a3e39450b12,,,,,,,,,,,,,,,,,,,,,,,,,,,,,,,,,,,,,,,
e5af1c3f-3098-4ee3-a111-3d6735b37b1c,,,,,,,,,,,,,,,,,,,,,,,,,,,,,,,,,,,,,,,
e5b238d0-806f-4ccf-9787-409704b47256,,,,,,,,,,,,,,,,,,,,,,,,,,,,,,,,,,,,,,,
e5b298e7-2e30-4e26-96e2-4803a8a761ed,,,,,,,,,,,,,,,,,,,,,,,,,,,,,,,,,,,,,,,
e5b67e20-f291-458d-a25c-f66752958970,,,,,,,,,,,,,,,,,,,,,,,,,,,,,,,,,,,,,,,
e5b8a4e5-daeb-4f49-9c6d-2e1024ec7ea1,shopify,1.0,1.0,,,,,,,,,,,,,,,,,,,,,,,,,,,,,,,,,,,,
e5bef4e5-7bc3-4184-997b-1972c057239b,,,,,,,,,,,,,,,,,,,,,,,,,,,,,,,,,,,,,,,
e5c80bbe-5d1f-4967-a6ac-a89bc1c71f22,,,,,,,,,,,,,,,,,,,,,,,,,,,,,,,,,,,,,,,
e5c9071c-b795-4787-9eef-e4127e2a12d7,,,,,,,,,,,,,,,,,,,,,,,,,,,,,,,,,,,,,,,
e5d48dc3-a5eb-4fd5-8f87-381cfe959eb8,,,,,,,,,,,,,,,,,,,,,,,,,,,,,,,,,,,,,,,
e5d5b7b2-b109-4d54-9762-97166f43df13,,,,,,,,,,,,,,,,,,,,,,,,,,,,,,,,,,,,,,,
e5d83ef0-7f58-4469-bbf0-34d2602f3a39,,,,,,,,,,,,,,,,,,,,,,,,,,,,,,,,,,,,,,,
e5dd882a-b41b-4845-8270-c86c147b7049,,,,,,,,,,,,,,,,,,,,,,,,,,,,,,,,,,,,,,,
e5e0b74c-9639-42cf-a2e9-c6ab9e1339b6,,,,,,,,,,,,,,,,,,,,,,,,,,,,,,,,,,,,,,,
e5e42314-226e-4d3c-b66b-ccb7965710fb,,,,,,,,,,,,,,,,,,,,,,,,,,,,,,,,,,,,,,,
e5e67e22-2121-4bd1-ad55-a4fcb3700d40,,,,,,,,,,,,,,,,,,,,,,,,,,,,,,,,,,,,,,,
e5f24371-42d3-4898-ad65-e8bd755398d3,,,,,,,,,,,,,,,,,,,,,,,,,,,,,,,,,,,,,,,
e5f58cdc-8bd7-4936-bf7a-2cb50c458c0a,,,,,,,,,,,,,,,,,,,,,,,,,,,,,,,,,,,,,,,
e5fbb610-b7f8-4fc1-b6c3-9c736a034817,,,,,,,,,,,,,,,,,,,,,,,,,,,,,,,,,,,,,,,
e60480d1-c1a2-4f2c-93d5-01fa40860c55,,,,,,,,,,,,,,,,,,,,,,,,,,,,,,,,,,,,,,,
e605d6da-a948-4397-9e36-ed9daff5722c,,,,,,,,,,,,,,,,,,,,,,,,,,,,,,,,,,,,,,,
e6070617-033c-4ed8-97e5-b9e9298b11be,,,,,,,,,,,,,,,,,,,,,,,,,,,,,,,,,,,,,,,
e619c014-4261-49cb-bd8d-d07a0bc0f943,,,,,,,,,,,,,,,,,,,,,,,,,,,,,,,,,,,,,,,
e621d0cb-e339-453c-b94a-c3bc6a1f8508,,,,,,,,,,,,,,,,,,,,,,,,,,,,,,,,,,,,,,,
e62f5466-020d-4734-81c5-11c08532f024,,,,,,,,,,,,,,,,,,,,,,,,,,,,,,,,,,,,,,,
e62ff636-c22a-49e4-9779-92a32aed943d,,,,,,,,,,,,,,,,,,,,,,,,,,,,,,,,,,,,,,,
e6303f7a-7a4d-41e1-94d9-c37d38c846d5,,,,,,,,,,,,,,,,,,,,,,,,,,,,,,,,,,,,,,,
e6311494-1dba-4e33-b609-3fbe4a109415,,,,,,,,,,,,,,,,,,,,,,,,,,,,,,,,,,,,,,,
e634bd6d-f943-470c-8ec4-3f418a6e84d0,,,,,,,,,,,,,,,,,,,,,,,,,,,,,,,,,,,,,,,
e6382a2c-658f-4137-9f10-8a9420c08e29,,,,,,,,,,,,,,,,,,,,,,,,,,,,,,,,,,,,,,,
e63da491-ec25-456e-a0c7-5d1c4fd7be8f,,,,,,,,,,,,,,,,,,,,,,,,,,,,,,,,,,,,,,,
e63f9ec0-e0b0-4135-8157-a9165600ecfb,,,,,,,,,,,,,,,,,,,,,,,,,,,,,,,,,,,,,,,
e642c69e-4962-4ae9-bcad-86a4afc0a04b,,,,,,,,,,,,,,,,,,,,,,,,,,,,,,,,,,,,,,,
e6432fe0-b8b7-4a05-926d-6e18d8b6a291,,,,,,,,,,,,,,,,,,,,,,,,,,,,,,,,,,,,,,,
e6456589-0eb2-40eb-ad95-de26fa9d0cc1,,,,,,,,,,,,,,,,,,,,,,,,,,,,,,,,,,,,,,,
e64b78fe-d676-4219-aaa9-c884bf4a0ed7,,,,,,,,,,,,,,,,,,,,,,,,,,,,,,,,,,,,,,,
e657baa8-b841-41b6-881b-17efb4848f15,,,,,,,,,,,,,,,,,,,,,,,,,,,,,,,,,,,,,,,
e66aaf71-a0dd-4f88-9520-6b49618c32dd,,,,,,,,,,,,,,,,,,,,,,,,,,,,,,,,,,,,,,,
e66eb0e3-9858-4690-ae70-d56e136cee51,,,,,,,,,,,,,,,,,,,,,,,,,,,,,,,,,,,,,,,
e673129d-a1c8-41ec-8131-ec53f15c97a0,,,,,,,,,,,,,,,,,,,,,,,,,,,,,,,,,,,,,,,
e67da921-71f2-4f84-a71e-1b062b05e218,,,,,,,,,,,,,,,,,,,,,,,,,,,,,,,,,,,,,,,
e682b0fa-a41e-4aca-81e6-48f697fcbdf3,,,,,,,,,,,,,,,,,,,,,,,,,,,,,,,,,,,,,,,
e68a22ce-140c-4beb-afea-1ad433367469,,,,,,,,,,,,,,,,,,,,,,,,,,,,,,,,,,,,,,,
e68a7d6e-1548-4c14-a396-b42810ab610a,trip_com,1.0,1.0,,,,,,,,,,,,,,,,,,,,,,,,,,,,,,,,,,,,
e68af548-9b9c-4ca1-ab94-0205e525ff18,cloudflare,1.0,1.0,,,,,,,,,,,,,,,,,,,,,,,,,,,,,,,,,,,,
e6997be3-d182-4e2f-9324-d719ed31dcdf,liveperson,1.0,1.0,,,,,,,,,,,,,,,,,,,,,,,,,,,,,,,,,,,,
e69b0386-04b8-4186-9454-a0b811743e38,,,,,,,,,,,,,,,,,,,,,,,,,,,,,,,,,,,,,,,
e6a24269-3042-4a0a-81d4-a05ee479dcf2,,,,,,,,,,,,,,,,,,,,,,,,,,,,,,,,,,,,,,,
e6a4046a-921a-4c90-982e-c44190da63a1,,,,,,,,,,,,,,,,,,,,,,,,,,,,,,,,,,,,,,,
e6a60392-bfe7-4260-9406-8be32a8b002d,,,,,,,,,,,,,,,,,,,,,,,,,,,,,,,,,,,,,,,
e6a6b75c-97f0-434b-9ed3-f687819312a6,,,,,,,,,,,,,,,,,,,,,,,,,,,,,,,,,,,,,,,
e6b238d3-f265-4137-a9f3-2c6ed95b109d,,,,,,,,,,,,,,,,,,,,,,,,,,,,,,,,,,,,,,,
e6d17fa0-d4ce-46e6-ac47-47fc15869fa7,wikimedia_foundation,1.0,1.0,,,,,,,,,,,,,,,,,,,,,,,,,,,,,,,,,,,,
e6db6cd6-cbab-47a6-9221-2d5ccfc6c247,,,,,,,,,,,,,,,,,,,,,,,,,,,,,,,,,,,,,,,
e6ddf74f-a0e2-4912-a837-ee25bc0088de,,,,,,,,,,,,,,,,,,,,,,,,,,,,,,,,,,,,,,,
e6de7df0-d8b6-4349-bc05-5298e8f64bcc,,,,,,,,,,,,,,,,,,,,,,,,,,,,,,,,,,,,,,,
e6e43b09-56df-4226-aa5a-39ae63ec4e19,,,,,,,,,,,,,,,,,,,,,,,,,,,,,,,,,,,,,,,
e6e9354f-6f50-47fa-a202-1b03a1db704b,,,,,,,,,,,,,,,,,,,,,,,,,,,,,,,,,,,,,,,
e6f242ef-0144-49d9-b710-fbdaf4173345,,,,,,,,,,,,,,,,,,,,,,,,,,,,,,,,,,,,,,,
e6f74437-e0ad-4f6e-b306-e38d0b999b4d,,,,,,,,,,,,,,,,,,,,,,,,,,,,,,,,,,,,,,,
e6f936f3-5fa4-4ef3-83f1-d3966d6beecf,,,,,,,,,,,,,,,,,,,,,,,,,,,,,,,,,,,,,,,
e6faf9af-1f42-49db-89f7-87b8137577f5,,,,,,,,,,,,,,,,,,,,,,,,,,,,,,,,,,,,,,,
e7044420-a513-4bf3-8221-06a61ae389e8,,,,,,,,,,,,,,,,,,,,,,,,,,,,,,,,,,,,,,,
e7075ec4-1929-4887-bd33-57c3f0c605ee,the_new_york_times,1.0,1.0,,,,,,,,,,,,,,,,,,,,,,,,,,,,,,,,,,,,
e709e925-d77f-442c-a9fa-2603c90aba97,,,,,,,,,,,,,,,,,,,,,,,,,,,,,,,,,,,,,,,
e710d899-4fef-4bd6-b736-336c4893c987,,,,,,,,,,,,,,,,,,,,,,,,,,,,,,,,,,,,,,,
e7138c1b-f157-43d8-8979-ddeaa320942c,,,,,,,,,,,,,,,,,,,,,,,,,,,,,,,,,,,,,,,
e72af2ed-6b6e-4eea-bd42-970425d2b16c,,,,,,,,,,,,,,,,,,,,,,,,,,,,,,,,,,,,,,,
e72ccc24-9352-41ea-82f9-df7478a9880f,,,,,,,,,,,,,,,,,,,,,,,,,,,,,,,,,,,,,,,
e73673f5-c398-47b2-bc4a-ea1b1a05205c,,,,,,,,,,,,,,,,,,,,,,,,,,,,,,,,,,,,,,,
e7394ce1-adb3-4d26-b412-4ce798530adf,,,,,,,,,,,,,,,,,,,,,,,,,,,,,,,,,,,,,,,
e74189be-a631-4c00-bac5-92ab8b4287d7,,,,,,,,,,,,,,,,,,,,,,,,,,,,,,,,,,,,,,,
e7440664-e433-4157-8317-c224a30f25c3,,,,,,,,,,,,,,,,,,,,,,,,,,,,,,,,,,,,,,,
e7486f1e-2858-47c8-b076-e3aaacbab807,,,,,,,,,,,,,,,,,,,,,,,,,,,,,,,,,,,,,,,
e757f488-b06b-45c4-9026-43fca90488bc,,,,,,,,,,,,,,,,,,,,,,,,,,,,,,,,,,,,,,,
e7797f9c-ae31-417c-a29e-e4e8c46ddd8e,,,,,,,,,,,,,,,,,,,,,,,,,,,,,,,,,,,,,,,
e77df811-7101-4ab8-8ae9-bd562ed0e002,,,,,,,,,,,,,,,,,,,,,,,,,,,,,,,,,,,,,,,
e780e8c1-c75f-4544-9674-3ac323cca0c7,,,,,,,,,,,,,,,,,,,,,,,,,,,,,,,,,,,,,,,
e78166b7-a3f3-44ca-bf55-baec1c726df9,,,,,,,,,,,,,,,,,,,,,,,,,,,,,,,,,,,,,,,
e789e90c-ccc2-4219-bcf6-971e85f0123f,,,,,,,,,,,,,,,,,,,,,,,,,,,,,,,,,,,,,,,
e78a5988-52a4-43eb-9eb0-0c51245ba010,,,,,,,,,,,,,,,,,,,,,,,,,,,,,,,,,,,,,,,
e78c4de9-bbad-4e99-ba06-a815a06beb52,,,,,,,,,,,,,,,,,,,,,,,,,,,,,,,,,,,,,,,
e78c8296-056f-414e-9824-c4f7fae3906e,wistia,1.0,1.0,,,,,,,,,,,,,,,,,,,,,,,,,,,,,,,,,,,,
e78de257-6cd9-458c-9d40-5bcf698d8433,,,,,,,,,,,,,,,,,,,,,,,,,,,,,,,,,,,,,,,
e79872ca-bbb5-444c-8eae-b4d65670f524,,,,,,,,,,,,,,,,,,,,,,,,,,,,,,,,,,,,,,,
e798ab9d-8981-4709-9744-98d8a37f0666,,,,,,,,,,,,,,,,,,,,,,,,,,,,,,,,,,,,,,,
e79dad5a-650b-4089-8332-ba2cbecee246,,,,,,,,,,,,,,,,,,,,,,,,,,,,,,,,,,,,,,,
e7a880a9-93f5-48f0-9e4f-3fb86e0d994c,,,,,,,,,,,,,,,,,,,,,,,,,,,,,,,,,,,,,,,
e7ab9539-63aa-4832-89ac-8bbdc959dae7,,,,,,,,,,,,,,,,,,,,,,,,,,,,,,,,,,,,,,,
e7bdd89c-fb4e-4c14-9a62-bb32595aa079,,,,,,,,,,,,,,,,,,,,,,,,,,,,,,,,,,,,,,,
e7c86d77-fb14-4129-8c06-3061b4c63973,,,,,,,,,,,,,,,,,,,,,,,,,,,,,,,,,,,,,,,
e7cb64d1-7aeb-41e4-be9f-cc2c48464398,,,,,,,,,,,,,,,,,,,,,,,,,,,,,,,,,,,,,,,
e7cb93ed-1731-4887-831d-d9b1855b1fdf,,,,,,,,,,,,,,,,,,,,,,,,,,,,,,,,,,,,,,,
e7cd1b7a-52b4-4e9e-adfe-5ddf5c8e1f55,,,,,,,,,,,,,,,,,,,,,,,,,,,,,,,,,,,,,,,
e7d3bc0f-c4ac-4e58-90d1-92f8fb039558,,,,,,,,,,,,,,,,,,,,,,,,,,,,,,,,,,,,,,,
e7d442c5-53dd-41c3-a6ad-af0085b45494,,,,,,,,,,,,,,,,,,,,,,,,,,,,,,,,,,,,,,,
e7d8e6a2-4194-4157-a4d4-020df301780a,,,,,,,,,,,,,,,,,,,,,,,,,,,,,,,,,,,,,,,
e7e39414-798b-4664-ab24-37dc43389fe5,,,,,,,,,,,,,,,,,,,,,,,,,,,,,,,,,,,,,,,
e7e882c7-6988-4268-aecc-a345f8973305,surveymonkey,1.0,1.0,,,,,,,,,,,,,,,,,,,,,,,,,,,,,,,,,,,,
e7e9cace-3d35-4396-bb86-9324e3ab4645,,,,,,,,,,,,,,,,,,,,,,,,,,,,,,,,,,,,,,,
e7f19e1e-69a3-4b6f-99e8-55cf31e6feb4,,,,,,,,,,,,,,,,,,,,,,,,,,,,,,,,,,,,,,,
e7f1ef5a-3695-4ab9-8b92-8409e42ce8a4,,,,,,,,,,,,,,,,,,,,,,,,,,,,,,,,,,,,,,,
e8044713-7dd5-4471-8d4d-31fa1fdb5712,,,,,,,,,,,,,,,,,,,,,,,,,,,,,,,,,,,,,,,
e80ee72c-dd43-42c0-b95b-7c563f59256b,,,,,,,,,,,,,,,,,,,,,,,,,,,,,,,,,,,,,,,
e81f1775-b392-4bf5-9064-d508db341134,,,,,,,,,,,,,,,,,,,,,,,,,,,,,,,,,,,,,,,
e81f5407-95a7-44a3-956e-03990f354bde,,,,,,,,,,,,,,,,,,,,,,,,,,,,,,,,,,,,,,,
e820ee0b-7880-416f-80d7-a0fcf1b5b0cf,,,,,,,,,,,,,,,,,,,,,,,,,,,,,,,,,,,,,,,
e821e9e5-f21f-4327-87d5-50d710cbf34f,,,,,,,,,,,,,,,,,,,,,,,,,,,,,,,,,,,,,,,
e827d67e-3f60-41bb-bb38-77973188b4d7,,,,,,,,,,,,,,,,,,,,,,,,,,,,,,,,,,,,,,,
e82e0a51-e495-4193-95e9-5498179eb48c,,,,,,,,,,,,,,,,,,,,,,,,,,,,,,,,,,,,,,,
e83611f0-ef1a-4577-94de-e9262e63e535,,,,,,,,,,,,,,,,,,,,,,,,,,,,,,,,,,,,,,,
e8385335-6438-4c75-a124-02855ca191da,,,,,,,,,,,,,,,,,,,,,,,,,,,,,,,,,,,,,,,
e8415bf4-372b-490d-879a-9f5517edf31e,,,,,,,,,,,,,,,,,,,,,,,,,,,,,,,,,,,,,,,
e84ae664-7eab-48fb-88cc-0d7ffff74523,,,,,,,,,,,,,,,,,,,,,,,,,,,,,,,,,,,,,,,
e84cbf23-ca90-4da3-8b1c-35e703ee0ffe,,,,,,,,,,,,,,,,,,,,,,,,,,,,,,,,,,,,,,,
e8542000-107b-4b6e-95b8-d037cbe1ad5b,,,,,,,,,,,,,,,,,,,,,,,,,,,,,,,,,,,,,,,
e857bf16-41e0-47fe-bc92-dbd52054a59a,,,,,,,,,,,,,,,,,,,,,,,,,,,,,,,,,,,,,,,
e858164d-84bc-48f6-9f6b-f09f82d9c1c8,,,,,,,,,,,,,,,,,,,,,,,,,,,,,,,,,,,,,,,
e8599525-144a-495f-9007-8db700118ef1,,,,,,,,,,,,,,,,,,,,,,,,,,,,,,,,,,,,,,,
e860ac21-fa25-4c03-b1db-1ad7766918f8,,,,,,,,,,,,,,,,,,,,,,,,,,,,,,,,,,,,,,,
e8681e52-6576-4885-9138-9f07cff68415,,,,,,,,,,,,,,,,,,,,,,,,,,,,,,,,,,,,,,,
e86b4257-df96-4f1b-ab91-a83dfd7afd23,,,,,,,,,,,,,,,,,,,,,,,,,,,,,,,,,,,,,,,
e86c6104-7c68-42ab-862d-61aa8859ab88,,,,,,,,,,,,,,,,,,,,,,,,,,,,,,,,,,,,,,,
e86d2c82-ac2b-49f6-bab4-b039c95829a1,,,,,,,,,,,,,,,,,,,,,,,,,,,,,,,,,,,,,,,
e8744f46-b771-49d4-b036-c8243eb6b8de,,,,,,,,,,,,,,,,,,,,,,,,,,,,,,,,,,,,,,,
e8897f0c-f92f-428d-b14f-49efcdbb698b,,,,,,,,,,,,,,,,,,,,,,,,,,,,,,,,,,,,,,,
e88f42f9-0d76-4694-8725-fa9ae29d060b,,,,,,,,,,,,,,,,,,,,,,,,,,,,,,,,,,,,,,,
e8907768-0cbc-4049-a01a-617d62a2d2b1,amplitude,1.0,1.0,,,,,,,,,,,,,,,,,,,,,,,,,,,,,,,,,,,,
e891f27e-a9d4-405a-aac6-156d0b7c8d5e,,,,,,,,,,,,,,,,,,,,,,,,,,,,,,,,,,,,,,,
e89c4167-093d-45fa-9dec-f564d2be70e2,,,,,,,,,,,,,,,,,,,,,,,,,,,,,,,,,,,,,,,
e89f4518-f586-41e0-9605-c2af64c0acb3,,,,,,,,,,,,,,,,,,,,,,,,,,,,,,,,,,,,,,,
e8a426fe-a5f2-4735-940a-bc620a039b70,,,,,,,,,,,,,,,,,,,,,,,,,,,,,,,,,,,,,,,
e8a9706f-fd0e-49dd-ac46-683a069042b3,,,,,,,,,,,,,,,,,,,,,,,,,,,,,,,,,,,,,,,
e8b64b3b-2bf9-40e5-8497-e33e280b13ba,,,,,,,,,,,,,,,,,,,,,,,,,,,,,,,,,,,,,,,
e8b73cbe-d628-4c73-af64-8e0c67e84b72,,,,,,,,,,,,,,,,,,,,,,,,,,,,,,,,,,,,,,,
e8c0997d-54ec-424a-9ff5-ef123b0721e6,,,,,,,,,,,,,,,,,,,,,,,,,,,,,,,,,,,,,,,
e8c47ac7-130a-4358-9fc1-1151a38b2ce4,,,,,,,,,,,,,,,,,,,,,,,,,,,,,,,,,,,,,,,
e8c53f6c-867d-4f99-823c-ae1d9aa67a31,,,,,,,,,,,,,,,,,,,,,,,,,,,,,,,,,,,,,,,
e8c6c2b3-cf5b-401d-a7b7-7d8acfce1abc,amplitude,1.0,1.0,,,,,,,,,,,,,,,,,,,,,,,,,,,,,,,,,,,,
e8c9d815-c6bf-4eef-97c8-8c59f6d7c791,,,,,,,,,,,,,,,,,,,,,,,,,,,,,,,,,,,,,,,
e8d7ffdb-c8bb-4087-a924-f9f72c160997,,,,,,,,,,,,,,,,,,,,,,,,,,,,,,,,,,,,,,,
e8dd21ef-ed8b-478c-901c-5216f69cc550,,,,,,,,,,,,,,,,,,,,,,,,,,,,,,,,,,,,,,,
e8eedc2f-c9c5-477b-ad96-b1ed65d731cc,,,,,,,,,,,,,,,,,,,,,,,,,,,,,,,,,,,,,,,
e90f3637-84ba-4121-92ba-fb91e7403b5e,,,,,,,,,,,,,,,,,,,,,,,,,,,,,,,,,,,,,,,
e91195e5-a205-4ae6-aac7-9ca6ae625eff,,,,,,,,,,,,,,,,,,,,,,,,,,,,,,,,,,,,,,,
e9122e2d-3d9d-483c-9420-4c2f3ee6fadd,,,,,,,,,,,,,,,,,,,,,,,,,,,,,,,,,,,,,,,
e92293ed-6b1b-47e7-953c-0c492b243870,,,,,,,,,,,,,,,,,,,,,,,,,,,,,,,,,,,,,,,
e9372a66-084f-462f-93f3-ea6ccb20c32c,,,,,,,,,,,,,,,,,,,,,,,,,,,,,,,,,,,,,,,
e943b893-6b99-4efa-94b8-c054e3ac82f3,,,,,,,,,,,,,,,,,,,,,,,,,,,,,,,,,,,,,,,
e94a7ace-3b6b-4ff3-8491-6b0b654ec046,,,,,,,,,,,,,,,,,,,,,,,,,,,,,,,,,,,,,,,
e94e2e39-2c1d-4a65-b990-a507fb6f0188,,,,,,,,,,,,,,,,,,,,,,,,,,,,,,,,,,,,,,,
e94ff8f7-385f-4de2-8f70-877c7e3add63,,,,,,,,,,,,,,,,,,,,,,,,,,,,,,,,,,,,,,,
e953dc5c-0db3-41eb-b5eb-820051be7c2f,,,,,,,,,,,,,,,,,,,,,,,,,,,,,,,,,,,,,,,
e95abef9-2782-4066-8a61-2ee234e927d4,,,,,,,,,,,,,,,,,,,,,,,,,,,,,,,,,,,,,,,
e964502e-cbd5-4b39-bdd3-00f2bef767b7,,,,,,,,,,,,,,,,,,,,,,,,,,,,,,,,,,,,,,,
e96ac968-c721-4245-9195-407c1d51a2a8,,,,,,,,,,,,,,,,,,,,,,,,,,,,,,,,,,,,,,,
e96f0e48-cf0f-443a-9aa0-28fe756d167c,,,,,,,,,,,,,,,,,,,,,,,,,,,,,,,,,,,,,,,
e9863a01-5470-429f-851a-1084dea1fcd7,,,,,,,,,,,,,,,,,,,,,,,,,,,,,,,,,,,,,,,
e9883131-ac0a-41fd-ac33-b1a1d5555b90,,,,,,,,,,,,,,,,,,,,,,,,,,,,,,,,,,,,,,,
e98c4f54-d752-490c-b5ea-41d31e4832fd,,,,,,,,,,,,,,,,,,,,,,,,,,,,,,,,,,,,,,,
e999534c-2780-441f-b4cd-0262b0b02be6,,,,,,,,,,,,,,,,,,,,,,,,,,,,,,,,,,,,,,,
e99d643f-f0e6-4f9e-bedf-03a80edeb2f4,,,,,,,,,,,,,,,,,,,,,,,,,,,,,,,,,,,,,,,
e9a3b101-7319-49fd-808a-c889470aa126,,,,,,,,,,,,,,,,,,,,,,,,,,,,,,,,,,,,,,,
e9a6a5f6-2333-49f5-8541-3cf11fde5aa6,,,,,,,,,,,,,,,,,,,,,,,,,,,,,,,,,,,,,,,
e9a752e8-691b-4c1d-bae4-9fd1ed39f65f,,,,,,,,,,,,,,,,,,,,,,,,,,,,,,,,,,,,,,,
e9ac1fb7-69ad-4b28-9256-2fa7b924cbb9,,,,,,,,,,,,,,,,,,,,,,,,,,,,,,,,,,,,,,,
e9b16b01-e448-4e18-9706-ab65410cfbde,,,,,,,,,,,,,,,,,,,,,,,,,,,,,,,,,,,,,,,
e9b17a50-665c-4756-a172-f612ff23cc9a,,,,,,,,,,,,,,,,,,,,,,,,,,,,,,,,,,,,,,,
e9b94fe6-19f0-4af3-acea-049c8c7e18ee,,,,,,,,,,,,,,,,,,,,,,,,,,,,,,,,,,,,,,,
e9b9742e-a0ab-42d4-a117-90b8d39b80c5,,,,,,,,,,,,,,,,,,,,,,,,,,,,,,,,,,,,,,,
e9ba3627-16df-4c23-b089-bada3c415645,,,,,,,,,,,,,,,,,,,,,,,,,,,,,,,,,,,,,,,
e9bb39e8-6456-4f21-baf8-759627caab53,,,,,,,,,,,,,,,,,,,,,,,,,,,,,,,,,,,,,,,
e9d9011a-d0da-4dec-a841-7c4a5381763d,,,,,,,,,,,,,,,,,,,,,,,,,,,,,,,,,,,,,,,
e9e27f0e-3330-4a9c-b00f-24a1a1b6ff9c,,,,,,,,,,,,,,,,,,,,,,,,,,,,,,,,,,,,,,,
e9f4f4d1-c997-493c-a7f9-003248bdc1b1,dmg_media,1.0,1.0,,,,,,,,,,,,,,,,,,,,,,,,,,,,,,,,,,,,
ea03149f-46d0-4a2f-8570-4ea920864039,,,,,,,,,,,,,,,,,,,,,,,,,,,,,,,,,,,,,,,
ea0bce97-2d3b-4de4-85a5-945efa0d1f81,,,,,,,,,,,,,,,,,,,,,,,,,,,,,,,,,,,,,,,
ea0d9a28-07cc-4bd1-b0f6-f6afef29b13b,,,,,,,,,,,,,,,,,,,,,,,,,,,,,,,,,,,,,,,
ea0edcba-3e8e-4f72-8636-2a21cd9e8eb0,,,,,,,,,,,,,,,,,,,,,,,,,,,,,,,,,,,,,,,
ea197971-1693-4079-a2e8-0766d1990f6a,,,,,,,,,,,,,,,,,,,,,,,,,,,,,,,,,,,,,,,
ea1d53c8-c4bb-4104-ac06-84316d73906a,,,,,,,,,,,,,,,,,,,,,,,,,,,,,,,,,,,,,,,
ea1d9491-59b3-4191-8a8c-e4595b36789d,,,,,,,,,,,,,,,,,,,,,,,,,,,,,,,,,,,,,,,
ea221fc9-c690-4122-918d-3908b60ad8a4,,,,,,,,,,,,,,,,,,,,,,,,,,,,,,,,,,,,,,,
ea243bff-2336-44e4-9e90-268f9c0f99d1,,,,,,,,,,,,,,,,,,,,,,,,,,,,,,,,,,,,,,,
ea3058a0-46c1-421f-8aab-8ea59669bd6b,,,,,,,,,,,,,,,,,,,,,,,,,,,,,,,,,,,,,,,
ea3154d4-3090-48e4-99f7-05f1513cbb3e,,,,,,,,,,,,,,,,,,,,,,,,,,,,,,,,,,,,,,,
ea3aa538-bd34-499b-b8a6-6e5d952eea0e,,,,,,,,,,,,,,,,,,,,,,,,,,,,,,,,,,,,,,,
ea435953-6810-426e-bbfd-af8d7dd29651,,,,,,,,,,,,,,,,,,,,,,,,,,,,,,,,,,,,,,,
ea47d29e-177e-402a-9b20-17e7147a9b45,,,,,,,,,,,,,,,,,,,,,,,,,,,,,,,,,,,,,,,
ea56842f-9995-4fd5-95da-b648e53b088a,wikimedia_foundation,1.0,1.0,,,,,,,,,,,,,,,,,,,,,,,,,,,,,,,,,,,,
ea589321-699a-4b6b-a1d6-672f0e1852fb,,,,,,,,,,,,,,,,,,,,,,,,,,,,,,,,,,,,,,,
ea5aa63f-d73e-4f74-9ff1-50bf75748efb,,,,,,,,,,,,,,,,,,,,,,,,,,,,,,,,,,,,,,,
ea641a9f-585b-47fc-891d-3d5bd05bdbf6,,,,,,,,,,,,,,,,,,,,,,,,,,,,,,,,,,,,,,,
ea6a8a4f-76ec-4dbd-b978-57ca3b43cf16,,,,,,,,,,,,,,,,,,,,,,,,,,,,,,,,,,,,,,,
ea6ce606-2bf7-4acf-a0b7-c9e745235b0a,,,,,,,,,,,,,,,,,,,,,,,,,,,,,,,,,,,,,,,
ea76dec6-65f1-4032-9e2d-5cfd4a36bdd4,,,,,,,,,,,,,,,,,,,,,,,,,,,,,,,,,,,,,,,
ea7ced68-f88a-4caf-ba88-e1d649368f1c,,,,,,,,,,,,,,,,,,,,,,,,,,,,,,,,,,,,,,,
ea822203-4d71-4b29-bae0-011b544dac46,,,,,,,,,,,,,,,,,,,,,,,,,,,,,,,,,,,,,,,
ea88e505-4888-4a3d-959e-6ade720c995b,,,,,,,,,,,,,,,,,,,,,,,,,,,,,,,,,,,,,,,
ea9ccf31-ec3f-4423-9849-b25df0e3630a,,,,,,,,,,,,,,,,,,,,,,,,,,,,,,,,,,,,,,,
eaa40504-ce50-4575-a6db-f06f9cdc2a26,,,,,,,,,,,,,,,,,,,,,,,,,,,,,,,,,,,,,,,
eaa47730-fe2b-4b7f-a0f1-9334695be9f4,,,,,,,,,,,,,,,,,,,,,,,,,,,,,,,,,,,,,,,
eaa8c592-d91b-4121-b0f6-594e1ea59c39,,,,,,,,,,,,,,,,,,,,,,,,,,,,,,,,,,,,,,,
eaa9e7c3-1c61-439b-a5d4-f25ee1169a3c,,,,,,,,,,,,,,,,,,,,,,,,,,,,,,,,,,,,,,,
eaaaa818-1ca2-4f3b-9467-f929c3bcf933,,,,,,,,,,,,,,,,,,,,,,,,,,,,,,,,,,,,,,,
eab06cb6-568d-48cd-aa05-9caad5c4def8,,,,,,,,,,,,,,,,,,,,,,,,,,,,,,,,,,,,,,,
eab0bf11-6b1b-4e25-9f9b-cf33cf18a792,,,,,,,,,,,,,,,,,,,,,,,,,,,,,,,,,,,,,,,
eab973ed-9a17-4d9b-a780-85fcba033fff,,,,,,,,,,,,,,,,,,,,,,,,,,,,,,,,,,,,,,,
eaba81f9-c74b-4545-89cc-f90253d15b8c,,,,,,,,,,,,,,,,,,,,,,,,,,,,,,,,,,,,,,,
eabd4ccb-4842-4577-9de8-357c43a035fb,,,,,,,,,,,,,,,,,,,,,,,,,,,,,,,,,,,,,,,
eabf8097-852e-4d33-8ad1-fee391558082,,,,,,,,,,,,,,,,,,,,,,,,,,,,,,,,,,,,,,,
ead36a05-8fbe-47b6-8276-758fef41632d,,,,,,,,,,,,,,,,,,,,,,,,,,,,,,,,,,,,,,,
ead43238-e477-4384-a7de-b143cda2142c,,,,,,,,,,,,,,,,,,,,,,,,,,,,,,,,,,,,,,,
eade8c9a-2027-40b1-95da-23427c7d23ee,,,,,,,,,,,,,,,,,,,,,,,,,,,,,,,,,,,,,,,
eae2de1d-edf4-4dec-9867-ded150c9a037,,,,,,,,,,,,,,,,,,,,,,,,,,,,,,,,,,,,,,,
eae617f5-9da0-4199-a994-5b82c3dae1b6,,,,,,,,,,,,,,,,,,,,,,,,,,,,,,,,,,,,,,,
eaee3c71-3353-47ac-9d29-afa9d0cabbf9,,,,,,,,,,,,,,,,,,,,,,,,,,,,,,,,,,,,,,,
eaf327d7-5bcc-4590-956b-fafa067fbebd,,,,,,,,,,,,,,,,,,,,,,,,,,,,,,,,,,,,,,,
eafa441d-d068-46f4-b508-e0400ca16cb1,,,,,,,,,,,,,,,,,,,,,,,,,,,,,,,,,,,,,,,
eaff0e90-6f07-4232-ba02-a884a91a2182,,,,,,,,,,,,,,,,,,,,,,,,,,,,,,,,,,,,,,,
eb00e0b3-b57e-4daf-9c92-cf56f71a4dc9,atlassian,1.0,1.0,,,,,,,,,,,,,,,,,,,,,,,,,,,,,,,,,,,,
eb0167c9-5017-40a5-9f47-bce58506463b,salesloft,1.0,1.0,,,,,,,,,,,,,,,,,,,,,,,,,,,,,,,,,,,,
eb04c6df-4344-480b-9c1a-b1882f758b4a,,,,,,,,,,,,,,,,,,,,,,,,,,,,,,,,,,,,,,,
eb052acf-0922-4c0e-b964-780a00b177b3,,,,,,,,,,,,,,,,,,,,,,,,,,,,,,,,,,,,,,,
eb0c35f5-95eb-4c96-b929-509375176dfd,,,,,,,,,,,,,,,,,,,,,,,,,,,,,,,,,,,,,,,
eb105f1f-8ae3-49b6-9a0f-937ac63f5d56,,,,,,,,,,,,,,,,,,,,,,,,,,,,,,,,,,,,,,,
eb10cfad-d10f-4999-90ef-816ced87734c,,,,,,,,,,,,,,,,,,,,,,,,,,,,,,,,,,,,,,,
eb1831b0-6719-4c1e-a32d-74736cc7d8f8,,,,,,,,,,,,,,,,,,,,,,,,,,,,,,,,,,,,,,,
eb193abf-2b0a-42dc-8994-e30129fc7aa0,,,,,,,,,,,,,,,,,,,,,,,,,,,,,,,,,,,,,,,
eb2101fc-2fa3-40a4-8c76-1e28b951d2f3,,,,,,,,,,,,,,,,,,,,,,,,,,,,,,,,,,,,,,,
eb43958b-50a5-49d1-a2ef-aeb3d9440a92,,,,,,,,,,,,,,,,,,,,,,,,,,,,,,,,,,,,,,,
eb447e50-98e7-4155-8c35-253947026d5b,,,,,,,,,,,,,,,,,,,,,,,,,,,,,,,,,,,,,,,
eb4496b8-e0ca-428c-b8fd-498dc82c45f2,wistia,1.0,1.0,,,,,,,,,,,,,,,,,,,,,,,,,,,,,,,,,,,,
eb499aff-4b84-4a1d-b973-5ba0fb814ee6,,,,,,,,,,,,,,,,,,,,,,,,,,,,,,,,,,,,,,,
eb4bda7e-9a1c-4ba0-b053-515f2b7dde1b,,,,,,,,,,,,,,,,,,,,,,,,,,,,,,,,,,,,,,,
eb4e8208-4f49-4893-80d0-88fba0eac2ca,,,,,,,,,,,,,,,,,,,,,,,,,,,,,,,,,,,,,,,
eb4f435f-3164-4d91-8960-562069083ef2,,,,,,,,,,,,,,,,,,,,,,,,,,,,,,,,,,,,,,,
eb55a373-15a7-43f8-b36d-f518c21703be,,,,,,,,,,,,,,,,,,,,,,,,,,,,,,,,,,,,,,,
eb66da33-d152-4bcd-982a-bfb3c0dc41e8,,,,,,,,,,,,,,,,,,,,,,,,,,,,,,,,,,,,,,,
eb74fd5c-70f7-4a3c-8655-3f2acd88b18f,,,,,,,,,,,,,,,,,,,,,,,,,,,,,,,,,,,,,,,
eb7a52e8-a266-410e-bc32-e5b9fa2817ef,,,,,,,,,,,,,,,,,,,,,,,,,,,,,,,,,,,,,,,
eb7aff84-91d9-452f-b42c-786c4b8f348a,,,,,,,,,,,,,,,,,,,,,,,,,,,,,,,,,,,,,,,
eb7f99a2-1624-41a0-9c30-c8708226fd2a,,,,,,,,,,,,,,,,,,,,,,,,,,,,,,,,,,,,,,,
eb803a48-fd71-4da9-a980-385bfa23de7d,jw_player,1.0,1.0,,,,,,,,,,,,,,,,,,,,,,,,,,,,,,,,,,,,
eb82108c-00e2-4ed6-967d-ac61636bd00b,,,,,,,,,,,,,,,,,,,,,,,,,,,,,,,,,,,,,,,
eb856679-bdcc-4889-97b1-e41af212a5b9,,,,,,,,,,,,,,,,,,,,,,,,,,,,,,,,,,,,,,,
eb87121f-716e-49b2-966d-6b64c29cd4b4,,,,,,,,,,,,,,,,,,,,,,,,,,,,,,,,,,,,,,,
eb97314b-079c-48a8-a1a8-cd49449dfd17,,,,,,,,,,,,,,,,,,,,,,,,,,,,,,,,,,,,,,,
eb9de15c-a421-492b-af6f-44acbf4a1a16,,,,,,,,,,,,,,,,,,,,,,,,,,,,,,,,,,,,,,,
eba0b781-d751-433d-b26a-fc7898e94fdd,,,,,,,,,,,,,,,,,,,,,,,,,,,,,,,,,,,,,,,
ebafc72b-f41d-4055-a543-5b73bb318d2a,,,,,,,,,,,,,,,,,,,,,,,,,,,,,,,,,,,,,,,
ebb6417e-ce53-46a1-9e3a-3885b5529ed8,,,,,,,,,,,,,,,,,,,,,,,,,,,,,,,,,,,,,,,
ebb99612-a674-4e48-b590-8e291c14f313,,,,,,,,,,,,,,,,,,,,,,,,,,,,,,,,,,,,,,,
ebbded5a-e38a-4a77-bebb-3ea7dab24322,,,,,,,,,,,,,,,,,,,,,,,,,,,,,,,,,,,,,,,
ebc0569e-af4f-4f1b-9704-78bc7d4da39d,,,,,,,,,,,,,,,,,,,,,,,,,,,,,,,,,,,,,,,
ebcea062-50e9-4628-b8a1-49a29c0ab3c0,,,,,,,,,,,,,,,,,,,,,,,,,,,,,,,,,,,,,,,
ebd058a9-c4cc-4073-85cc-46ebf07fceb9,,,,,,,,,,,,,,,,,,,,,,,,,,,,,,,,,,,,,,,
ebd53618-2893-4db0-ad38-286551c98bf2,,,,,,,,,,,,,,,,,,,,,,,,,,,,,,,,,,,,,,,
ebd82be5-9ff2-487b-af0d-fb14f298bb12,,,,,,,,,,,,,,,,,,,,,,,,,,,,,,,,,,,,,,,
ebd8c1d7-8638-45d5-a80f-af330ce31475,,,,,,,,,,,,,,,,,,,,,,,,,,,,,,,,,,,,,,,
ebd9c14b-d352-4a89-afab-7c80bc730488,,,,,,,,,,,,,,,,,,,,,,,,,,,,,,,,,,,,,,,
ebdaa0cc-c2c7-4c84-8ec8-0ba6d576d2d4,baidu,1.0,0.5,adroll,1.0,0.5,,,,,,,,,,,,,,,,,,,,,,,,,,,,,,,,,
ebdd3ab7-7647-4ded-aa7d-ca1fffa34a0a,,,,,,,,,,,,,,,,,,,,,,,,,,,,,,,,,,,,,,,
ebe1cc5a-7947-41d4-85cd-eadc0ed82ab1,,,,,,,,,,,,,,,,,,,,,,,,,,,,,,,,,,,,,,,
ebe3475e-5f7b-497a-bbc5-fe424739cd13,,,,,,,,,,,,,,,,,,,,,,,,,,,,,,,,,,,,,,,
ebe57c77-1900-42df-aa36-f75dfde7024b,,,,,,,,,,,,,,,,,,,,,,,,,,,,,,,,,,,,,,,
ebea09f7-c06a-4e29-9358-386d4acd8112,,,,,,,,,,,,,,,,,,,,,,,,,,,,,,,,,,,,,,,
ebf26eb4-9b59-4ba1-9e90-522aa73d1b99,,,,,,,,,,,,,,,,,,,,,,,,,,,,,,,,,,,,,,,
ebf32abe-72c7-49c4-b3c5-b1c17c6ff9f8,,,,,,,,,,,,,,,,,,,,,,,,,,,,,,,,,,,,,,,
ebf5e042-1201-4a66-802a-15631cd86f9d,,,,,,,,,,,,,,,,,,,,,,,,,,,,,,,,,,,,,,,
ec035f11-baa4-45cc-815a-065d44528e32,,,,,,,,,,,,,,,,,,,,,,,,,,,,,,,,,,,,,,,
ec047fb7-dd6e-42d6-8de7-9030fbff1cce,,,,,,,,,,,,,,,,,,,,,,,,,,,,,,,,,,,,,,,
ec0b63c2-2480-4117-9f65-ddfdd2e57fe9,,,,,,,,,,,,,,,,,,,,,,,,,,,,,,,,,,,,,,,
ec16c83b-3205-4423-ada6-f847403e0556,,,,,,,,,,,,,,,,,,,,,,,,,,,,,,,,,,,,,,,
ec20752f-6977-4aee-b83c-03fbcbc6543b,,,,,,,,,,,,,,,,,,,,,,,,,,,,,,,,,,,,,,,
ec273536-ecd7-4691-8617-175d3fd49fdb,,,,,,,,,,,,,,,,,,,,,,,,,,,,,,,,,,,,,,,
ec3c1fdb-db16-4e9a-abd3-f0b9802e5ea0,,,,,,,,,,,,,,,,,,,,,,,,,,,,,,,,,,,,,,,
ec3ce5cd-de66-444d-af5e-1bcfd211e0fb,,,,,,,,,,,,,,,,,,,,,,,,,,,,,,,,,,,,,,,
ec463ac6-f98a-45f0-9626-87ac3ef418ca,,,,,,,,,,,,,,,,,,,,,,,,,,,,,,,,,,,,,,,
ec4d77d2-5674-4c67-9bb3-77dccfa51ad4,,,,,,,,,,,,,,,,,,,,,,,,,,,,,,,,,,,,,,,
ec4f49ce-383e-42bd-aec6-668ed2389b66,,,,,,,,,,,,,,,,,,,,,,,,,,,,,,,,,,,,,,,
ec505e34-5944-488a-a183-728fc1ae697a,,,,,,,,,,,,,,,,,,,,,,,,,,,,,,,,,,,,,,,
ec53087e-2ac7-4f54-9aaf-643b1d9c792d,,,,,,,,,,,,,,,,,,,,,,,,,,,,,,,,,,,,,,,
ec630bb6-40b0-442a-829a-6bd3e686beb7,,,,,,,,,,,,,,,,,,,,,,,,,,,,,,,,,,,,,,,
ec6b9591-e1fd-4421-990b-24669c541a95,,,,,,,,,,,,,,,,,,,,,,,,,,,,,,,,,,,,,,,
ec6ce33f-81b7-4f3e-928a-954fc7574da2,walkme,1.0,1.0,,,,,,,,,,,,,,,,,,,,,,,,,,,,,,,,,,,,
ec6d3242-67d5-4930-9359-046d56d3bbf9,,,,,,,,,,,,,,,,,,,,,,,,,,,,,,,,,,,,,,,
ec6ff5a5-fafb-4df8-9466-7770d6e502af,,,,,,,,,,,,,,,,,,,,,,,,,,,,,,,,,,,,,,,
ec7752b5-4a83-4c62-a50c-5b7ef5ceb6c9,,,,,,,,,,,,,,,,,,,,,,,,,,,,,,,,,,,,,,,
ec827a72-af17-4260-8594-f71baf7e2bd6,adswizz,1.0,1.0,,,,,,,,,,,,,,,,,,,,,,,,,,,,,,,,,,,,
ec89e277-5007-4256-bcab-23172a7bfc52,,,,,,,,,,,,,,,,,,,,,,,,,,,,,,,,,,,,,,,
ec8b8ca8-6333-4f40-b469-8ae1df9a238d,,,,,,,,,,,,,,,,,,,,,,,,,,,,,,,,,,,,,,,
ec91d897-5296-4a27-9a83-e1a0295c2895,,,,,,,,,,,,,,,,,,,,,,,,,,,,,,,,,,,,,,,
ec92d3e2-ed20-4730-8264-0188a0cc225c,,,,,,,,,,,,,,,,,,,,,,,,,,,,,,,,,,,,,,,
ec94b0eb-eaa0-425c-b051-030b8f388029,,,,,,,,,,,,,,,,,,,,,,,,,,,,,,,,,,,,,,,
ec9cf676-bbc2-43dd-a52a-d0c073c2148a,,,,,,,,,,,,,,,,,,,,,,,,,,,,,,,,,,,,,,,
ec9df1b5-2a88-481d-a5b5-61036b62f125,,,,,,,,,,,,,,,,,,,,,,,,,,,,,,,,,,,,,,,
eca80d9f-7abf-4519-8a71-17aefe5ab639,,,,,,,,,,,,,,,,,,,,,,,,,,,,,,,,,,,,,,,
eca8c3e0-8422-40b7-a00a-a492f15f4853,,,,,,,,,,,,,,,,,,,,,,,,,,,,,,,,,,,,,,,
ecb76ed3-4aeb-4c34-ab02-1e421e7d2bea,zoominfo,1.0,1.0,,,,,,,,,,,,,,,,,,,,,,,,,,,,,,,,,,,,
ecbf412a-80ae-4ec1-83a8-0811b2439f27,,,,,,,,,,,,,,,,,,,,,,,,,,,,,,,,,,,,,,,
eccd93e0-dbd9-4892-ab42-bfba23da4696,,,,,,,,,,,,,,,,,,,,,,,,,,,,,,,,,,,,,,,
ecd42b7a-f3b1-4035-9776-c6a085aec68d,naver,1.0,1.0,,,,,,,,,,,,,,,,,,,,,,,,,,,,,,,,,,,,
ecd6bdab-00d2-4d5c-9c82-6ee6777469f7,,,,,,,,,,,,,,,,,,,,,,,,,,,,,,,,,,,,,,,
ece4734c-8759-4f13-a3cd-495fcb42d62b,,,,,,,,,,,,,,,,,,,,,,,,,,,,,,,,,,,,,,,
ecedfdbb-6908-4543-8473-281e1ecbdbe0,,,,,,,,,,,,,,,,,,,,,,,,,,,,,,,,,,,,,,,
ecee2261-2294-41c4-90b7-6142744d59e4,,,,,,,,,,,,,,,,,,,,,,,,,,,,,,,,,,,,,,,
ecf7f8ce-7786-4bbf-8c8c-ecb683565358,,,,,,,,,,,,,,,,,,,,,,,,,,,,,,,,,,,,,,,
ecffd960-5589-4954-ab54-f4ede3a6d2d0,,,,,,,,,,,,,,,,,,,,,,,,,,,,,,,,,,,,,,,
ed0166b3-1567-417f-9339-3d85aec5b0a1,,,,,,,,,,,,,,,,,,,,,,,,,,,,,,,,,,,,,,,
ed1853a3-7d5c-4178-98be-4d7e1692000a,,,,,,,,,,,,,,,,,,,,,,,,,,,,,,,,,,,,,,,
ed1aa4de-b084-41e9-8dfd-8fea5d7f3288,,,,,,,,,,,,,,,,,,,,,,,,,,,,,,,,,,,,,,,
ed1aea74-ac77-46b1-93fc-adfa54dd9a85,statcounter,1.0,1.0,,,,,,,,,,,,,,,,,,,,,,,,,,,,,,,,,,,,
ed1e82db-086f-43af-bb0d-fbbb900dcf53,,,,,,,,,,,,,,,,,,,,,,,,,,,,,,,,,,,,,,,
ed24aa8f-bf6b-4022-aadf-62c85b58f501,,,,,,,,,,,,,,,,,,,,,,,,,,,,,,,,,,,,,,,
ed2bab49-bd3d-4026-8d3a-ac0cfaa7aa0e,,,,,,,,,,,,,,,,,,,,,,,,,,,,,,,,,,,,,,,
ed2c8848-4eb7-414f-8c83-f74f6e8c6e15,,,,,,,,,,,,,,,,,,,,,,,,,,,,,,,,,,,,,,,
ed3789c3-ac62-445c-8c85-3e608df61da0,,,,,,,,,,,,,,,,,,,,,,,,,,,,,,,,,,,,,,,
ed39314a-5445-4c48-8816-ceb50c948aae,,,,,,,,,,,,,,,,,,,,,,,,,,,,,,,,,,,,,,,
ed3b8775-1acc-43ea-9dfc-611edf865e9e,,,,,,,,,,,,,,,,,,,,,,,,,,,,,,,,,,,,,,,
ed4e388c-8c66-4074-a8e6-9522fcc67ca7,shutterstock_inc,1.0,1.0,,,,,,,,,,,,,,,,,,,,,,,,,,,,,,,,,,,,
ed59df2e-ddc0-4eb6-bd6c-95360019d8e4,,,,,,,,,,,,,,,,,,,,,,,,,,,,,,,,,,,,,,,
ed6368f1-3db6-494c-b577-9d6751a36785,,,,,,,,,,,,,,,,,,,,,,,,,,,,,,,,,,,,,,,
ed6746ff-5f9a-4273-9b3a-04fff3a6288b,feefo,1.0,1.0,,,,,,,,,,,,,,,,,,,,,,,,,,,,,,,,,,,,
ed6dadfb-5351-4104-8412-50bd58b1beaf,,,,,,,,,,,,,,,,,,,,,,,,,,,,,,,,,,,,,,,
ed6e5dea-d152-4d5e-861d-f5eb0df4e23f,,,,,,,,,,,,,,,,,,,,,,,,,,,,,,,,,,,,,,,
ed714b21-3f42-4ba5-ba5a-517ed1a15b2f,,,,,,,,,,,,,,,,,,,,,,,,,,,,,,,,,,,,,,,
ed81de13-4a7b-4f64-8d74-214f9b543b20,,,,,,,,,,,,,,,,,,,,,,,,,,,,,,,,,,,,,,,
ed84241d-e587-4c19-aeb3-47244261c751,,,,,,,,,,,,,,,,,,,,,,,,,,,,,,,,,,,,,,,
ed8aa6b8-d493-46bc-8b20-67b88a2c7d9f,,,,,,,,,,,,,,,,,,,,,,,,,,,,,,,,,,,,,,,
ed8abac8-f179-4982-8596-d80be4ea00c3,,,,,,,,,,,,,,,,,,,,,,,,,,,,,,,,,,,,,,,
ed8e4584-4c98-4ede-bf64-d132d474a711,,,,,,,,,,,,,,,,,,,,,,,,,,,,,,,,,,,,,,,
ed903fa9-b47a-4769-a76b-2efae9231bd4,,,,,,,,,,,,,,,,,,,,,,,,,,,,,,,,,,,,,,,
ed942119-8911-4399-b8ea-4b4efbb75699,,,,,,,,,,,,,,,,,,,,,,,,,,,,,,,,,,,,,,,
ed9aff11-a3d5-4de7-b1d1-b7adcb92ac0c,,,,,,,,,,,,,,,,,,,,,,,,,,,,,,,,,,,,,,,
eda1c659-b83f-453b-ba30-c4094255ca3d,,,,,,,,,,,,,,,,,,,,,,,,,,,,,,,,,,,,,,,
eda40db8-5e51-475a-a5e2-c11fa10bc353,,,,,,,,,,,,,,,,,,,,,,,,,,,,,,,,,,,,,,,
edb8f49f-a490-479a-a82c-22f61db9a52a,,,,,,,,,,,,,,,,,,,,,,,,,,,,,,,,,,,,,,,
edbbd4d0-dd31-4dbd-b78c-f48bac5afe01,,,,,,,,,,,,,,,,,,,,,,,,,,,,,,,,,,,,,,,
edbd8270-9b16-4978-9151-5ec277aef36c,,,,,,,,,,,,,,,,,,,,,,,,,,,,,,,,,,,,,,,
edc1e20f-318a-43b6-bf42-53f7e582e987,,,,,,,,,,,,,,,,,,,,,,,,,,,,,,,,,,,,,,,
edc7bcab-2d2a-4137-9530-5773bb4c0646,,,,,,,,,,,,,,,,,,,,,,,,,,,,,,,,,,,,,,,
edc829ce-9dbb-4108-876f-de98ad5a6615,,,,,,,,,,,,,,,,,,,,,,,,,,,,,,,,,,,,,,,
edc895d3-ade5-4c08-9f09-7d8ae6ba294b,,,,,,,,,,,,,,,,,,,,,,,,,,,,,,,,,,,,,,,
edca1929-800d-4ddf-a1de-b6529cef013a,,,,,,,,,,,,,,,,,,,,,,,,,,,,,,,,,,,,,,,
edd6df1c-3b42-459d-b792-c1317e98e812,,,,,,,,,,,,,,,,,,,,,,,,,,,,,,,,,,,,,,,
edd7c9c4-220a-4bee-a644-dda062448f64,,,,,,,,,,,,,,,,,,,,,,,,,,,,,,,,,,,,,,,
eded96f8-5eb8-4972-8538-56000a50f0bb,apple,1.0,1.0,,,,,,,,,,,,,,,,,,,,,,,,,,,,,,,,,,,,
edf7be28-2feb-4975-bcb7-3298b0d92bde,,,,,,,,,,,,,,,,,,,,,,,,,,,,,,,,,,,,,,,
ee09d81f-1ba6-431e-90fd-aa766748666d,,,,,,,,,,,,,,,,,,,,,,,,,,,,,,,,,,,,,,,
ee180a35-8f07-46cf-bdb6-fdd311cc3cbd,,,,,,,,,,,,,,,,,,,,,,,,,,,,,,,,,,,,,,,
ee18907a-5d66-4985-9a5c-7b58871c4b66,,,,,,,,,,,,,,,,,,,,,,,,,,,,,,,,,,,,,,,
ee18b8b2-d8d4-4d6b-b0c6-f72b826ded5d,,,,,,,,,,,,,,,,,,,,,,,,,,,,,,,,,,,,,,,
ee199c68-de8d-425d-a8ca-e74a2ecb125d,wikimedia_foundation,1.0,1.0,,,,,,,,,,,,,,,,,,,,,,,,,,,,,,,,,,,,
ee19dd73-ee86-440d-9692-391873e379a8,,,,,,,,,,,,,,,,,,,,,,,,,,,,,,,,,,,,,,,
ee1b1c08-9ffb-4c40-9f00-5645211220b4,,,,,,,,,,,,,,,,,,,,,,,,,,,,,,,,,,,,,,,
ee222ef5-0e80-4e9f-864d-c89bd9f5f5d9,,,,,,,,,,,,,,,,,,,,,,,,,,,,,,,,,,,,,,,
ee2cd000-597a-49e9-ba9b-8aa12f652aa9,,,,,,,,,,,,,,,,,,,,,,,,,,,,,,,,,,,,,,,
ee432c84-1d20-486f-b3c3-58fde616a111,,,,,,,,,,,,,,,,,,,,,,,,,,,,,,,,,,,,,,,
ee46d5f2-d438-4fd3-a1f9-057e3419c452,,,,,,,,,,,,,,,,,,,,,,,,,,,,,,,,,,,,,,,
ee4f6f67-814d-4a00-9b04-0520f0ba960c,,,,,,,,,,,,,,,,,,,,,,,,,,,,,,,,,,,,,,,
ee55089a-17d7-43a5-96f4-ca9498d219db,,,,,,,,,,,,,,,,,,,,,,,,,,,,,,,,,,,,,,,
ee55276e-40b5-4cc1-b975-42648ef58329,,,,,,,,,,,,,,,,,,,,,,,,,,,,,,,,,,,,,,,
ee55f4cb-1ce9-4e6b-b07a-8e637df1f442,,,,,,,,,,,,,,,,,,,,,,,,,,,,,,,,,,,,,,,
ee56481c-1e08-4c08-bd32-ddd00197ba92,,,,,,,,,,,,,,,,,,,,,,,,,,,,,,,,,,,,,,,
ee5881e8-e2e1-42cf-8575-c868b944977c,,,,,,,,,,,,,,,,,,,,,,,,,,,,,,,,,,,,,,,
ee59e55e-3f88-410c-831f-0137b70ddb50,,,,,,,,,,,,,,,,,,,,,,,,,,,,,,,,,,,,,,,
ee6d1769-f516-4930-8032-ca855cc08f18,,,,,,,,,,,,,,,,,,,,,,,,,,,,,,,,,,,,,,,
ee780391-2bc1-4d2b-8f5b-5c5505349d7a,,,,,,,,,,,,,,,,,,,,,,,,,,,,,,,,,,,,,,,
ee81ebe0-ccea-41b0-96a2-78e4e143a83c,,,,,,,,,,,,,,,,,,,,,,,,,,,,,,,,,,,,,,,
ee83b39b-f262-40bb-bd4a-6a45247ed068,,,,,,,,,,,,,,,,,,,,,,,,,,,,,,,,,,,,,,,
ee861fbb-bcbd-48ad-a0f2-5e3e7a4d928c,,,,,,,,,,,,,,,,,,,,,,,,,,,,,,,,,,,,,,,
ee8d50cc-7c2d-4c0d-bde7-8a6c7ec9f3ec,,,,,,,,,,,,,,,,,,,,,,,,,,,,,,,,,,,,,,,
ee91dff1-0f62-4c3a-8589-826123d5bbe7,,,,,,,,,,,,,,,,,,,,,,,,,,,,,,,,,,,,,,,
ee9204db-396b-4f94-8d02-4bb22352b5cb,,,,,,,,,,,,,,,,,,,,,,,,,,,,,,,,,,,,,,,
ee9a4c43-20c6-41a5-ad5c-a1978f16374e,,,,,,,,,,,,,,,,,,,,,,,,,,,,,,,,,,,,,,,
ee9d9a3b-97e8-41a5-be5c-65a1850ac09e,,,,,,,,,,,,,,,,,,,,,,,,,,,,,,,,,,,,,,,
eea6f128-584b-4226-a14f-7c44579a0266,hotjar,1.0,1.0,,,,,,,,,,,,,,,,,,,,,,,,,,,,,,,,,,,,
eeaa06d6-11a9-401a-9ed3-ef3fc256242d,,,,,,,,,,,,,,,,,,,,,,,,,,,,,,,,,,,,,,,
eeb29d3d-a8e4-4e27-8980-0376d6200668,,,,,,,,,,,,,,,,,,,,,,,,,,,,,,,,,,,,,,,
eeb5bc22-6d09-485f-9d68-73e338438bf3,,,,,,,,,,,,,,,,,,,,,,,,,,,,,,,,,,,,,,,
eebb4c91-68a8-4c0b-ab6c-bae9ddac09b8,,,,,,,,,,,,,,,,,,,,,,,,,,,,,,,,,,,,,,,
eec02ad5-023d-4cc0-a039-d18c9302bd65,,,,,,,,,,,,,,,,,,,,,,,,,,,,,,,,,,,,,,,
eec1567b-754d-47a6-92f6-a6b3e6d8f82b,,,,,,,,,,,,,,,,,,,,,,,,,,,,,,,,,,,,,,,
eec34f4e-13a5-4ed3-bfc7-fc92136cf2ed,,,,,,,,,,,,,,,,,,,,,,,,,,,,,,,,,,,,,,,
eecbd16e-f395-4751-88ba-35d63ec265f4,,,,,,,,,,,,,,,,,,,,,,,,,,,,,,,,,,,,,,,
eecf87ab-a49d-4a09-9c46-0aff32d25017,,,,,,,,,,,,,,,,,,,,,,,,,,,,,,,,,,,,,,,
eed5ddf8-52e8-4f6b-b707-331dcd962692,,,,,,,,,,,,,,,,,,,,,,,,,,,,,,,,,,,,,,,
eee97cde-59ee-44b8-b993-ab14afbe98bc,,,,,,,,,,,,,,,,,,,,,,,,,,,,,,,,,,,,,,,
eeeb4c47-e125-4d57-a3e3-76515023403c,,,,,,,,,,,,,,,,,,,,,,,,,,,,,,,,,,,,,,,
eeedf5e2-df1d-4272-a510-9197402af3cd,,,,,,,,,,,,,,,,,,,,,,,,,,,,,,,,,,,,,,,
eeee623c-6173-42f9-893b-1f25c8caae9b,trip_com,3.0,1.0,,,,,,,,,,,,,,,,,,,,,,,,,,,,,,,,,,,,
eef614ce-0ccc-409f-bc83-859948e43295,hubspot,1.0,1.0,,,,,,,,,,,,,,,,,,,,,,,,,,,,,,,,,,,,
eef6e19a-1314-41f2-882d-444e2f49daf5,,,,,,,,,,,,,,,,,,,,,,,,,,,,,,,,,,,,,,,
eef78211-4708-4fbb-8135-b28d00098752,,,,,,,,,,,,,,,,,,,,,,,,,,,,,,,,,,,,,,,
ef008a10-efa7-43cf-aeee-568d56a3353a,,,,,,,,,,,,,,,,,,,,,,,,,,,,,,,,,,,,,,,
ef01c86f-e20e-4130-b30b-95780fd9dbbb,,,,,,,,,,,,,,,,,,,,,,,,,,,,,,,,,,,,,,,
ef079672-7f87-4292-9ce2-4459035b2323,,,,,,,,,,,,,,,,,,,,,,,,,,,,,,,,,,,,,,,
ef0a4867-9795-475c-ad0f-217e7e2a89b2,,,,,,,,,,,,,,,,,,,,,,,,,,,,,,,,,,,,,,,
ef128135-8169-491f-9897-291621692ca6,,,,,,,,,,,,,,,,,,,,,,,,,,,,,,,,,,,,,,,
ef176cea-1eea-4f0a-8ad0-2916132de6b7,,,,,,,,,,,,,,,,,,,,,,,,,,,,,,,,,,,,,,,
ef1af06b-0b6d-4a70-992e-015b944512d4,,,,,,,,,,,,,,,,,,,,,,,,,,,,,,,,,,,,,,,
ef1c8037-655a-4b07-9563-cfc4c0ea1c4a,,,,,,,,,,,,,,,,,,,,,,,,,,,,,,,,,,,,,,,
ef1fd121-feee-4d0c-ad69-1b6ad46f6e34,,,,,,,,,,,,,,,,,,,,,,,,,,,,,,,,,,,,,,,
ef2065e1-1bbd-46ef-aff1-0402127023df,apple,1.0,1.0,,,,,,,,,,,,,,,,,,,,,,,,,,,,,,,,,,,,
ef294e8c-da63-4099-a052-858d9bed3cee,,,,,,,,,,,,,,,,,,,,,,,,,,,,,,,,,,,,,,,
ef2d3fb4-c9a1-4f8f-81b7-c7f030dcc607,,,,,,,,,,,,,,,,,,,,,,,,,,,,,,,,,,,,,,,
ef32f0ff-2254-4c88-bdf4-bccb27c9464b,,,,,,,,,,,,,,,,,,,,,,,,,,,,,,,,,,,,,,,
ef33877e-895d-41cf-bd4a-62f896e35dcd,indeed,1.0,1.0,,,,,,,,,,,,,,,,,,,,,,,,,,,,,,,,,,,,
ef543bf5-2d43-4cc2-8bad-0ce29fd41213,,,,,,,,,,,,,,,,,,,,,,,,,,,,,,,,,,,,,,,
ef57bf23-a5b8-4738-bb4c-ccf2e85ada0a,,,,,,,,,,,,,,,,,,,,,,,,,,,,,,,,,,,,,,,
ef5d2762-146f-4c1e-9ec3-c04a64c05b10,,,,,,,,,,,,,,,,,,,,,,,,,,,,,,,,,,,,,,,
ef5f053e-6bd1-4535-b0c7-2d670644e9d7,,,,,,,,,,,,,,,,,,,,,,,,,,,,,,,,,,,,,,,
ef62d9d9-9c68-40b5-bd0f-b888d055c25b,,,,,,,,,,,,,,,,,,,,,,,,,,,,,,,,,,,,,,,
ef63148a-462e-4759-a5e1-136b6bb6850b,,,,,,,,,,,,,,,,,,,,,,,,,,,,,,,,,,,,,,,
ef6705bf-20c3-46ab-aeda-25471df82d61,,,,,,,,,,,,,,,,,,,,,,,,,,,,,,,,,,,,,,,
ef678761-06f3-40f9-9eb7-9696b81ff17a,,,,,,,,,,,,,,,,,,,,,,,,,,,,,,,,,,,,,,,
ef6844a0-e176-44e9-9c73-659e8f0048be,,,,,,,,,,,,,,,,,,,,,,,,,,,,,,,,,,,,,,,
ef72f882-6609-4b94-ad0f-f1c69f07848f,,,,,,,,,,,,,,,,,,,,,,,,,,,,,,,,,,,,,,,
ef76bf61-7183-4ffe-bcb9-af21bd7a4491,,,,,,,,,,,,,,,,,,,,,,,,,,,,,,,,,,,,,,,
ef785564-da71-4400-a4e1-59bd5295eb81,,,,,,,,,,,,,,,,,,,,,,,,,,,,,,,,,,,,,,,
ef80601f-660f-46f7-81ac-6c8ddfa2866e,,,,,,,,,,,,,,,,,,,,,,,,,,,,,,,,,,,,,,,
ef83ddc1-9d58-45ed-8510-670dbbd1e493,,,,,,,,,,,,,,,,,,,,,,,,,,,,,,,,,,,,,,,
ef86ed4a-8c82-4b0c-bc38-a27e2f1ad92f,zendesk,1.0,1.0,,,,,,,,,,,,,,,,,,,,,,,,,,,,,,,,,,,,
ef9f4613-bf3c-450b-a54b-2371df347a0c,,,,,,,,,,,,,,,,,,,,,,,,,,,,,,,,,,,,,,,
efa0dd92-0195-47ac-abe7-44234b8471b6,,,,,,,,,,,,,,,,,,,,,,,,,,,,,,,,,,,,,,,
efa1c219-323b-4a85-8dc8-fc17bfddaa7c,,,,,,,,,,,,,,,,,,,,,,,,,,,,,,,,,,,,,,,
efa87b3c-e846-48ef-82fe-30e17f758331,,,,,,,,,,,,,,,,,,,,,,,,,,,,,,,,,,,,,,,
efa982f8-f163-4c33-ad0e-3f196c711e25,google,1.0,1.0,,,,,,,,,,,,,,,,,,,,,,,,,,,,,,,,,,,,
efaea853-c244-49fd-bb45-748c15057057,,,,,,,,,,,,,,,,,,,,,,,,,,,,,,,,,,,,,,,
efb070ed-6a59-4d73-b0a2-b2e0ff355fb2,wikimedia_foundation,1.0,1.0,,,,,,,,,,,,,,,,,,,,,,,,,,,,,,,,,,,,
efb09ea9-c5a3-4e82-9257-7ca70251e29b,,,,,,,,,,,,,,,,,,,,,,,,,,,,,,,,,,,,,,,
efb4052c-fb4f-4d6b-bb06-eebc2cc8f70a,,,,,,,,,,,,,,,,,,,,,,,,,,,,,,,,,,,,,,,
efc1896e-74f5-4d1f-8f0f-4488245f6e8b,,,,,,,,,,,,,,,,,,,,,,,,,,,,,,,,,,,,,,,
efc2a6da-1b49-44e2-8d33-84e4ba814336,,,,,,,,,,,,,,,,,,,,,,,,,,,,,,,,,,,,,,,
efc37930-1dc2-4709-9966-61e8b352dda7,,,,,,,,,,,,,,,,,,,,,,,,,,,,,,,,,,,,,,,
efd3ed38-06d1-481e-b376-4fd55138f356,,,,,,,,,,,,,,,,,,,,,,,,,,,,,,,,,,,,,,,
efdd67c0-e14a-4efe-820e-c9c906b23c1b,,,,,,,,,,,,,,,,,,,,,,,,,,,,,,,,,,,,,,,
efe1d407-16ef-46b1-a0be-dfb3ef9ba231,,,,,,,,,,,,,,,,,,,,,,,,,,,,,,,,,,,,,,,
efeb7776-b8c9-47b9-9a6f-31afe7222166,,,,,,,,,,,,,,,,,,,,,,,,,,,,,,,,,,,,,,,
eff3d076-a182-486b-8823-ac85f883817a,,,,,,,,,,,,,,,,,,,,,,,,,,,,,,,,,,,,,,,
eff7573f-0c79-4385-a340-070304686238,,,,,,,,,,,,,,,,,,,,,,,,,,,,,,,,,,,,,,,
eff8981b-c070-41bf-b4a8-6566c5905356,,,,,,,,,,,,,,,,,,,,,,,,,,,,,,,,,,,,,,,
effa61de-bd84-4538-9854-e795da92adfd,microsoft,1.0,1.0,,,,,,,,,,,,,,,,,,,,,,,,,,,,,,,,,,,,
effe9c4a-ebc9-4eea-9a18-29b23c705345,,,,,,,,,,,,,,,,,,,,,,,,,,,,,,,,,,,,,,,
f001636d-9321-47c9-bb03-7fee41eabc9c,,,,,,,,,,,,,,,,,,,,,,,,,,,,,,,,,,,,,,,
f00dc90e-f10c-45ac-bbe7-0c052ff5e4fd,,,,,,,,,,,,,,,,,,,,,,,,,,,,,,,,,,,,,,,
f00dcc5a-a824-4b53-be2c-99b618146f9c,,,,,,,,,,,,,,,,,,,,,,,,,,,,,,,,,,,,,,,
f011cb2b-2d2e-499d-af8f-7e8e400bed6e,,,,,,,,,,,,,,,,,,,,,,,,,,,,,,,,,,,,,,,
f016886e-4dd6-4e4d-b5f2-f9871336d7a7,,,,,,,,,,,,,,,,,,,,,,,,,,,,,,,,,,,,,,,
f021ec96-a961-4dec-990c-16a94b27fc9b,,,,,,,,,,,,,,,,,,,,,,,,,,,,,,,,,,,,,,,
f02e47b6-2de4-4620-9d5f-0dc23cfac705,,,,,,,,,,,,,,,,,,,,,,,,,,,,,,,,,,,,,,,
f03109ba-5088-4fb5-9cf0-ba2e9d9426c7,,,,,,,,,,,,,,,,,,,,,,,,,,,,,,,,,,,,,,,
f034d698-a000-416d-8cf5-425f458074de,,,,,,,,,,,,,,,,,,,,,,,,,,,,,,,,,,,,,,,
f03bde5e-b544-4cf0-b9b0-b1226b4079ac,,,,,,,,,,,,,,,,,,,,,,,,,,,,,,,,,,,,,,,
f0472c90-b200-449b-aba2-101d547ef357,,,,,,,,,,,,,,,,,,,,,,,,,,,,,,,,,,,,,,,
f047ee47-7d62-4076-9514-510bac67c575,quantum_metric,1.0,1.0,,,,,,,,,,,,,,,,,,,,,,,,,,,,,,,,,,,,
f06251f7-8796-4939-a417-166992dbf28c,,,,,,,,,,,,,,,,,,,,,,,,,,,,,,,,,,,,,,,
f0659116-25ee-47a3-832d-b12ad2152713,microsoft,1.0,1.0,,,,,,,,,,,,,,,,,,,,,,,,,,,,,,,,,,,,
f06bf137-2cca-4f6e-829e-48344008a55f,wikimedia_foundation,1.0,1.0,,,,,,,,,,,,,,,,,,,,,,,,,,,,,,,,,,,,
f072706c-ff94-4cba-bc08-8500d26e5d85,,,,,,,,,,,,,,,,,,,,,,,,,,,,,,,,,,,,,,,
f07810c2-6119-4e84-b8e8-c1f2c3d40dd5,samba_tv,1.0,1.0,,,,,,,,,,,,,,,,,,,,,,,,,,,,,,,,,,,,
f083e860-4a34-467f-8209-202da7ca8161,,,,,,,,,,,,,,,,,,,,,,,,,,,,,,,,,,,,,,,
f086b0e0-6e86-4fd5-911b-b081f1576df4,,,,,,,,,,,,,,,,,,,,,,,,,,,,,,,,,,,,,,,
f087ddee-bd55-4479-9000-39793706c280,,,,,,,,,,,,,,,,,,,,,,,,,,,,,,,,,,,,,,,
f08b4594-68bb-4d6f-9eaf-7b2419739aa9,,,,,,,,,,,,,,,,,,,,,,,,,,,,,,,,,,,,,,,
f0951cd8-4ea7-41bb-b71e-ff78565f5b62,ad_river,1.0,1.0,,,,,,,,,,,,,,,,,,,,,,,,,,,,,,,,,,,,
f0973f45-a74b-41c1-af27-9a3e9350da7c,,,,,,,,,,,,,,,,,,,,,,,,,,,,,,,,,,,,,,,
f09c0f13-6a1c-4f7b-81b9-7537a136673e,,,,,,,,,,,,,,,,,,,,,,,,,,,,,,,,,,,,,,,
f09c821f-4383-4f6b-b4a4-c926e65cffa9,,,,,,,,,,,,,,,,,,,,,,,,,,,,,,,,,,,,,,,
f0a29898-f580-4632-b142-5fceb62e5ccc,,,,,,,,,,,,,,,,,,,,,,,,,,,,,,,,,,,,,,,
f0ac8705-ea1c-4dea-b576-15003f4bb6fb,,,,,,,,,,,,,,,,,,,,,,,,,,,,,,,,,,,,,,,
f0ada77d-fb99-44fe-be00-bd4905a5f30c,,,,,,,,,,,,,,,,,,,,,,,,,,,,,,,,,,,,,,,
f0b3357c-dfe1-4681-aad4-7e5c0d35a69b,,,,,,,,,,,,,,,,,,,,,,,,,,,,,,,,,,,,,,,
f0c2d71f-b2c2-4833-aa65-e72088613f0a,,,,,,,,,,,,,,,,,,,,,,,,,,,,,,,,,,,,,,,
f0d2ec9c-4352-4902-9d1c-e6c0e789d008,,,,,,,,,,,,,,,,,,,,,,,,,,,,,,,,,,,,,,,
f0d4276a-8086-4048-a3bd-51c4978a2a65,,,,,,,,,,,,,,,,,,,,,,,,,,,,,,,,,,,,,,,
f0ddcf4c-f435-4aec-9992-a2453e7eeabd,,,,,,,,,,,,,,,,,,,,,,,,,,,,,,,,,,,,,,,
f0df7378-bf61-4499-9afd-60ae06c36d12,,,,,,,,,,,,,,,,,,,,,,,,,,,,,,,,,,,,,,,
f0e54d76-81eb-4058-83cd-51d29446eeb9,,,,,,,,,,,,,,,,,,,,,,,,,,,,,,,,,,,,,,,
f0ea843b-ebfb-49c7-95ec-48b02690d05c,,,,,,,,,,,,,,,,,,,,,,,,,,,,,,,,,,,,,,,
f0ec8b2a-6916-4de2-8c6c-30eed978ea08,,,,,,,,,,,,,,,,,,,,,,,,,,,,,,,,,,,,,,,
f0f58645-e97e-4e7d-a032-42c65b0272ce,,,,,,,,,,,,,,,,,,,,,,,,,,,,,,,,,,,,,,,
f0f9efc8-f20b-4ab0-b5f7-de048e557346,,,,,,,,,,,,,,,,,,,,,,,,,,,,,,,,,,,,,,,
f0ffe51c-c6bd-4d15-801c-17805ac2ea36,,,,,,,,,,,,,,,,,,,,,,,,,,,,,,,,,,,,,,,
f1047c7b-887c-401c-a8a2-85b2a6c42aac,,,,,,,,,,,,,,,,,,,,,,,,,,,,,,,,,,,,,,,
f106b791-2785-40ec-8383-fb3a8e92c00e,,,,,,,,,,,,,,,,,,,,,,,,,,,,,,,,,,,,,,,
f10a8900-d729-4b94-b5bf-ac739cbd7d22,,,,,,,,,,,,,,,,,,,,,,,,,,,,,,,,,,,,,,,
f10f02a7-aba0-4097-9b25-471dd0453f48,,,,,,,,,,,,,,,,,,,,,,,,,,,,,,,,,,,,,,,
f11d27ce-7731-4e55-9cce-ab05dfe29114,,,,,,,,,,,,,,,,,,,,,,,,,,,,,,,,,,,,,,,
f11da8b3-c67c-4d94-b8d7-77856ad50ec8,,,,,,,,,,,,,,,,,,,,,,,,,,,,,,,,,,,,,,,
f11e2b6a-f8bb-42c9-b41e-e1a38adc02c2,,,,,,,,,,,,,,,,,,,,,,,,,,,,,,,,,,,,,,,
f12fabe6-250a-4cf8-a11e-6615146ab116,,,,,,,,,,,,,,,,,,,,,,,,,,,,,,,,,,,,,,,
f1328d50-4aa9-477c-9ec9-73f8d93b533c,,,,,,,,,,,,,,,,,,,,,,,,,,,,,,,,,,,,,,,
f1335653-99b8-4924-89a7-cdf1e3825a39,,,,,,,,,,,,,,,,,,,,,,,,,,,,,,,,,,,,,,,
f13c6f1f-dee1-414d-a53d-d80eaddc8834,,,,,,,,,,,,,,,,,,,,,,,,,,,,,,,,,,,,,,,
f13f4d04-6207-49dd-883c-2b9d19f1aa5a,,,,,,,,,,,,,,,,,,,,,,,,,,,,,,,,,,,,,,,
f14ad1b6-c571-4b22-8f0b-911f58a6009d,baidu,1.0,1.0,,,,,,,,,,,,,,,,,,,,,,,,,,,,,,,,,,,,
f14ea8c3-c3f9-4f7a-b634-baf22d8dbd1a,,,,,,,,,,,,,,,,,,,,,,,,,,,,,,,,,,,,,,,
f1520411-df33-451a-9e74-21c720a7effe,,,,,,,,,,,,,,,,,,,,,,,,,,,,,,,,,,,,,,,
f15d647d-ea3e-4685-8208-77e91c6c7f7a,,,,,,,,,,,,,,,,,,,,,,,,,,,,,,,,,,,,,,,
f15dd528-ca39-4a22-b52a-49af7890ee88,,,,,,,,,,,,,,,,,,,,,,,,,,,,,,,,,,,,,,,
f1644066-be86-48f3-8561-3431737a6246,,,,,,,,,,,,,,,,,,,,,,,,,,,,,,,,,,,,,,,
f169abd9-b0ce-4fe0-9953-287a957a9f25,,,,,,,,,,,,,,,,,,,,,,,,,,,,,,,,,,,,,,,
f16dc63b-42fc-4e4c-bc9b-e03ae486a0a5,,,,,,,,,,,,,,,,,,,,,,,,,,,,,,,,,,,,,,,
f1752672-bda7-4507-b46b-070303f13150,,,,,,,,,,,,,,,,,,,,,,,,,,,,,,,,,,,,,,,
f1764b8e-e5d7-43d9-af1b-0189d8bac978,,,,,,,,,,,,,,,,,,,,,,,,,,,,,,,,,,,,,,,
f1786630-63d8-4b71-9c4f-c046188ff9c3,,,,,,,,,,,,,,,,,,,,,,,,,,,,,,,,,,,,,,,
f17dfc0f-409f-4ff6-9e19-cbd7946a6f85,,,,,,,,,,,,,,,,,,,,,,,,,,,,,,,,,,,,,,,
f180c567-7dc3-4f09-a388-9b962b808511,,,,,,,,,,,,,,,,,,,,,,,,,,,,,,,,,,,,,,,
f18c79bc-9b43-4006-b7c7-cafdd4f914c2,,,,,,,,,,,,,,,,,,,,,,,,,,,,,,,,,,,,,,,
f1971ec6-64e2-463c-b94b-18d56d4b4495,,,,,,,,,,,,,,,,,,,,,,,,,,,,,,,,,,,,,,,
f1a5d2f3-3be7-4857-96b9-0f2cf3bccad6,,,,,,,,,,,,,,,,,,,,,,,,,,,,,,,,,,,,,,,
f1a5daff-8e36-42b6-9847-b9f64810dc73,,,,,,,,,,,,,,,,,,,,,,,,,,,,,,,,,,,,,,,
f1b2de46-8a1a-42e7-a23f-51bb3e127619,,,,,,,,,,,,,,,,,,,,,,,,,,,,,,,,,,,,,,,
f1bc1873-9a78-4110-88a6-d9c5df22eb56,,,,,,,,,,,,,,,,,,,,,,,,,,,,,,,,,,,,,,,
f1c3677e-0f07-494e-b148-9a3841003d8d,,,,,,,,,,,,,,,,,,,,,,,,,,,,,,,,,,,,,,,
f1c71966-bd7e-4705-a93a-3ccd0c841fec,,,,,,,,,,,,,,,,,,,,,,,,,,,,,,,,,,,,,,,
f1cce3d1-12de-4e6b-95ec-f3504e7a1b13,,,,,,,,,,,,,,,,,,,,,,,,,,,,,,,,,,,,,,,
f1d790f9-b290-438d-914b-0786d8f113a2,,,,,,,,,,,,,,,,,,,,,,,,,,,,,,,,,,,,,,,
f1d859cc-c9d1-46b0-b0f7-52f5713fce28,,,,,,,,,,,,,,,,,,,,,,,,,,,,,,,,,,,,,,,
f1d94827-e4fd-467b-98d3-d3e78d597982,,,,,,,,,,,,,,,,,,,,,,,,,,,,,,,,,,,,,,,
f1da3474-907e-4868-880d-e42f013250ba,,,,,,,,,,,,,,,,,,,,,,,,,,,,,,,,,,,,,,,
f1db8d54-8692-4742-8d0b-182cef076711,,,,,,,,,,,,,,,,,,,,,,,,,,,,,,,,,,,,,,,
f1e55c44-744a-44d0-83b8-69a5b04f5eb6,,,,,,,,,,,,,,,,,,,,,,,,,,,,,,,,,,,,,,,
f1e56054-f53a-4829-be7a-8308cf4d1a8f,,,,,,,,,,,,,,,,,,,,,,,,,,,,,,,,,,,,,,,
f1e58ddc-a930-453c-b16a-67a44c69ec12,google,1.0,1.0,,,,,,,,,,,,,,,,,,,,,,,,,,,,,,,,,,,,
f1e8c1e1-8e75-4b24-ab20-ed2a350e898a,,,,,,,,,,,,,,,,,,,,,,,,,,,,,,,,,,,,,,,
f1ec1a3e-10dd-46e3-89f8-4dab23ec37ef,qq.com,1.0,1.0,,,,,,,,,,,,,,,,,,,,,,,,,,,,,,,,,,,,
f1efd939-612c-402f-be5c-791a41e20d61,,,,,,,,,,,,,,,,,,,,,,,,,,,,,,,,,,,,,,,
f1f47947-58c4-42a6-8a89-516b21c8b743,,,,,,,,,,,,,,,,,,,,,,,,,,,,,,,,,,,,,,,
f1f47bea-acd7-485b-9ec9-4483186804a2,,,,,,,,,,,,,,,,,,,,,,,,,,,,,,,,,,,,,,,
f1f65307-28f5-452d-bca5-ab9a0e2c4052,,,,,,,,,,,,,,,,,,,,,,,,,,,,,,,,,,,,,,,
f1f80746-661d-46a4-ac5b-a79fb077d34c,,,,,,,,,,,,,,,,,,,,,,,,,,,,,,,,,,,,,,,
f202318c-fb96-46ae-900f-aa3cf68d0ee7,,,,,,,,,,,,,,,,,,,,,,,,,,,,,,,,,,,,,,,
f2041f92-f05a-4483-b1e5-bc0f1cada671,,,,,,,,,,,,,,,,,,,,,,,,,,,,,,,,,,,,,,,
f2045cde-5685-4dbe-ba11-ac4d6728be24,,,,,,,,,,,,,,,,,,,,,,,,,,,,,,,,,,,,,,,
f20e9403-ec72-40b0-b6df-e429bdfc84e8,,,,,,,,,,,,,,,,,,,,,,,,,,,,,,,,,,,,,,,
f21eb1a8-b49c-4b8c-beb7-6606d57d6101,,,,,,,,,,,,,,,,,,,,,,,,,,,,,,,,,,,,,,,
f220e4dc-bcf5-4250-96b3-8649e6831bcc,,,,,,,,,,,,,,,,,,,,,,,,,,,,,,,,,,,,,,,
f2226650-089b-4da3-acae-fdb170316672,,,,,,,,,,,,,,,,,,,,,,,,,,,,,,,,,,,,,,,
f224db96-e4e3-43b0-a1c1-19e0dc0593d3,,,,,,,,,,,,,,,,,,,,,,,,,,,,,,,,,,,,,,,
f2268f12-43a6-422f-b7ac-57e0304297c4,,,,,,,,,,,,,,,,,,,,,,,,,,,,,,,,,,,,,,,
f22a3aa1-38be-498e-9103-fa37329ef1e5,,,,,,,,,,,,,,,,,,,,,,,,,,,,,,,,,,,,,,,
f22e0b3b-6a21-4451-a14d-f5f01bb5e5b5,,,,,,,,,,,,,,,,,,,,,,,,,,,,,,,,,,,,,,,
f2331e28-870e-48aa-a7c4-96db4f4be89e,,,,,,,,,,,,,,,,,,,,,,,,,,,,,,,,,,,,,,,
f2388886-3d43-4bf7-acdd-c76651424a64,,,,,,,,,,,,,,,,,,,,,,,,,,,,,,,,,,,,,,,
f25d7d82-695e-4838-8303-709d6893b17f,,,,,,,,,,,,,,,,,,,,,,,,,,,,,,,,,,,,,,,
f25dae6a-89f6-4f1b-917d-f01fa0a0d9d8,,,,,,,,,,,,,,,,,,,,,,,,,,,,,,,,,,,,,,,
f266401c-c794-4268-9099-2c27af872c00,,,,,,,,,,,,,,,,,,,,,,,,,,,,,,,,,,,,,,,
f266c92f-b477-4728-b197-8e1b7abc6dab,,,,,,,,,,,,,,,,,,,,,,,,,,,,,,,,,,,,,,,
f26c6a92-a52e-4e7e-8f3f-801bfff77400,,,,,,,,,,,,,,,,,,,,,,,,,,,,,,,,,,,,,,,
f2777b3b-b04f-4aa8-8ff8-e3b335a1a90c,naver,1.0,1.0,,,,,,,,,,,,,,,,,,,,,,,,,,,,,,,,,,,,
f278b830-ec4f-4168-a804-608a27d61f85,,,,,,,,,,,,,,,,,,,,,,,,,,,,,,,,,,,,,,,
f27d4d6d-2ca7-4926-a03b-7dc0b172ea85,,,,,,,,,,,,,,,,,,,,,,,,,,,,,,,,,,,,,,,
f286ca4c-6460-4e5c-a3d2-42c414b83913,,,,,,,,,,,,,,,,,,,,,,,,,,,,,,,,,,,,,,,
f286edc1-166b-4136-b95d-6948583c59c0,,,,,,,,,,,,,,,,,,,,,,,,,,,,,,,,,,,,,,,
f28aaf17-70f4-4e25-a773-9b70ab07bdc5,,,,,,,,,,,,,,,,,,,,,,,,,,,,,,,,,,,,,,,
f294d772-dae1-4ada-9ea9-489294aaee8c,,,,,,,,,,,,,,,,,,,,,,,,,,,,,,,,,,,,,,,
f29b85f2-c415-437c-b7f4-e820fd7fff43,,,,,,,,,,,,,,,,,,,,,,,,,,,,,,,,,,,,,,,
f2a14775-5f9d-4d9a-b55b-99c048441532,,,,,,,,,,,,,,,,,,,,,,,,,,,,,,,,,,,,,,,
f2abf772-84a2-4e36-9407-887d0a0dc119,,,,,,,,,,,,,,,,,,,,,,,,,,,,,,,,,,,,,,,
f2b0f54e-38b7-491c-8ec5-fcf653450856,,,,,,,,,,,,,,,,,,,,,,,,,,,,,,,,,,,,,,,
f2b2ad73-2342-4f0a-91e1-0c1a9b79bf0a,wp,1.0,1.0,,,,,,,,,,,,,,,,,,,,,,,,,,,,,,,,,,,,
f2bdfa5f-a999-4c75-8644-bfa68c64e24c,,,,,,,,,,,,,,,,,,,,,,,,,,,,,,,,,,,,,,,
f2c05685-efc2-40e5-b272-2832cab91407,,,,,,,,,,,,,,,,,,,,,,,,,,,,,,,,,,,,,,,
f2c21fce-4cd7-4de9-a695-f43053ade1bc,,,,,,,,,,,,,,,,,,,,,,,,,,,,,,,,,,,,,,,
f2cd9969-b766-4a85-bef2-d6edeaa02d10,,,,,,,,,,,,,,,,,,,,,,,,,,,,,,,,,,,,,,,
f2d97f04-5e4b-47b4-8b38-e5a88aa1b214,,,,,,,,,,,,,,,,,,,,,,,,,,,,,,,,,,,,,,,
f2dda88e-ff14-45a8-8414-63b7d422dee3,,,,,,,,,,,,,,,,,,,,,,,,,,,,,,,,,,,,,,,
f2df897f-8c42-4ffa-b460-fbaf8a8007a5,,,,,,,,,,,,,,,,,,,,,,,,,,,,,,,,,,,,,,,
f2e1a0ed-0e9b-452b-a885-6f14015758a0,,,,,,,,,,,,,,,,,,,,,,,,,,,,,,,,,,,,,,,
f2ea6dac-91a8-4979-bde8-9aec8372d095,,,,,,,,,,,,,,,,,,,,,,,,,,,,,,,,,,,,,,,
f2eb3114-7b02-44e6-a300-ff7416b91adb,,,,,,,,,,,,,,,,,,,,,,,,,,,,,,,,,,,,,,,
f2f2acef-a4a0-4114-9507-aabbf89eb73e,,,,,,,,,,,,,,,,,,,,,,,,,,,,,,,,,,,,,,,
f2f91362-ae36-4460-9484-fb445cd1dba2,,,,,,,,,,,,,,,,,,,,,,,,,,,,,,,,,,,,,,,
f2f958bd-1d4d-40e4-b7e9-57964a8414e5,,,,,,,,,,,,,,,,,,,,,,,,,,,,,,,,,,,,,,,
f3000937-7982-4d14-83e4-dcadf8185bec,,,,,,,,,,,,,,,,,,,,,,,,,,,,,,,,,,,,,,,
f305b7d2-e322-4093-ba36-3f2b46ea4fe5,,,,,,,,,,,,,,,,,,,,,,,,,,,,,,,,,,,,,,,
f3099998-d116-43ae-94f3-7dd7090c332d,,,,,,,,,,,,,,,,,,,,,,,,,,,,,,,,,,,,,,,
f30fa768-3cbd-48c5-a663-a76b41340b24,,,,,,,,,,,,,,,,,,,,,,,,,,,,,,,,,,,,,,,
f32ae4c5-eeeb-4420-b494-c4a2d5886cca,,,,,,,,,,,,,,,,,,,,,,,,,,,,,,,,,,,,,,,
f33565b8-0536-48b5-b8e2-402a0b835225,,,,,,,,,,,,,,,,,,,,,,,,,,,,,,,,,,,,,,,
f338bca6-d80c-421f-9272-59dec51eb03a,wikimedia_foundation,1.0,1.0,,,,,,,,,,,,,,,,,,,,,,,,,,,,,,,,,,,,
f339da65-8b2c-4d75-ac1b-1fa1f43f91fb,,,,,,,,,,,,,,,,,,,,,,,,,,,,,,,,,,,,,,,
f33ada60-3893-4df8-8537-f7a1b22f3783,,,,,,,,,,,,,,,,,,,,,,,,,,,,,,,,,,,,,,,
f33c8894-7f0d-449b-8d56-5e6252f71821,hubspot,1.0,1.0,,,,,,,,,,,,,,,,,,,,,,,,,,,,,,,,,,,,
f341a957-54a8-4f2d-b8a9-cc153b89e7ff,,,,,,,,,,,,,,,,,,,,,,,,,,,,,,,,,,,,,,,
f341b900-53f5-4617-9b89-27ce909e77d1,,,,,,,,,,,,,,,,,,,,,,,,,,,,,,,,,,,,,,,
f344ddbb-1e9b-40cf-a564-99b9d16a7215,,,,,,,,,,,,,,,,,,,,,,,,,,,,,,,,,,,,,,,
f35647d5-90dd-4604-b648-89e4d5318f8d,,,,,,,,,,,,,,,,,,,,,,,,,,,,,,,,,,,,,,,
f361b8b7-0715-486b-8c29-d4d15f9ff015,,,,,,,,,,,,,,,,,,,,,,,,,,,,,,,,,,,,,,,
f36a9a5e-2b18-429f-bf40-909c66eea0fe,,,,,,,,,,,,,,,,,,,,,,,,,,,,,,,,,,,,,,,
f36f3401-55a3-42df-b614-d55faaf9a189,,,,,,,,,,,,,,,,,,,,,,,,,,,,,,,,,,,,,,,
f3718739-e6c9-406f-b5ce-a8275eba97af,,,,,,,,,,,,,,,,,,,,,,,,,,,,,,,,,,,,,,,
f37bffc4-7ce7-46a7-9654-e4d7ddc2020a,,,,,,,,,,,,,,,,,,,,,,,,,,,,,,,,,,,,,,,
f3829f3d-bc85-4846-8910-1f468886201c,,,,,,,,,,,,,,,,,,,,,,,,,,,,,,,,,,,,,,,
f38d6973-7630-4659-b147-c2a9bd51f9b1,,,,,,,,,,,,,,,,,,,,,,,,,,,,,,,,,,,,,,,
f39127d4-3277-4dd4-a312-9101b754bcb5,,,,,,,,,,,,,,,,,,,,,,,,,,,,,,,,,,,,,,,
f39cf424-0716-43bf-870b-21f9353d063f,,,,,,,,,,,,,,,,,,,,,,,,,,,,,,,,,,,,,,,
f39ddbfa-75cb-4014-b74b-2f8f389c08e2,,,,,,,,,,,,,,,,,,,,,,,,,,,,,,,,,,,,,,,
f39f4634-16b8-4994-b40c-e96c2b36f286,,,,,,,,,,,,,,,,,,,,,,,,,,,,,,,,,,,,,,,
f39f5d94-cbf1-4365-92ce-a52fe7fd4e4e,pushwoosh,1.0,0.5,imgur,1.0,0.5,,,,,,,,,,,,,,,,,,,,,,,,,,,,,,,,,
f3a15a9e-0e26-4bc6-9d9e-d5e6426adf5a,,,,,,,,,,,,,,,,,,,,,,,,,,,,,,,,,,,,,,,
f3a446aa-1726-4b5e-865d-de6dd34da7a9,,,,,,,,,,,,,,,,,,,,,,,,,,,,,,,,,,,,,,,
f3a76d72-76ed-4d23-8f10-11f4c82dbff5,,,,,,,,,,,,,,,,,,,,,,,,,,,,,,,,,,,,,,,
f3abd0ab-d4f2-4591-9666-5988b5db917b,,,,,,,,,,,,,,,,,,,,,,,,,,,,,,,,,,,,,,,
f3ba4e40-0b02-46c6-8cdb-026cd10302d3,,,,,,,,,,,,,,,,,,,,,,,,,,,,,,,,,,,,,,,
f3bfccc1-f711-46b7-b09f-95c62110a5b2,,,,,,,,,,,,,,,,,,,,,,,,,,,,,,,,,,,,,,,
f3db3e9f-1bcd-4af8-a5ed-98c76195d519,,,,,,,,,,,,,,,,,,,,,,,,,,,,,,,,,,,,,,,
f3ddd4f3-e3d0-4d2b-bb82-15c32b1458a3,,,,,,,,,,,,,,,,,,,,,,,,,,,,,,,,,,,,,,,
f3e184b4-b5f9-4b6d-b912-96191fe42c13,,,,,,,,,,,,,,,,,,,,,,,,,,,,,,,,,,,,,,,
f3e98d3b-0408-427f-938a-e7e064ab53ae,,,,,,,,,,,,,,,,,,,,,,,,,,,,,,,,,,,,,,,
f3ea0ae2-0ae7-4458-89e3-8f8004d49ff5,,,,,,,,,,,,,,,,,,,,,,,,,,,,,,,,,,,,,,,
f3ec282d-8136-40e3-9555-079d2ff1a6cf,,,,,,,,,,,,,,,,,,,,,,,,,,,,,,,,,,,,,,,
f3ef98fe-8343-4d39-82f4-dfccfd5b16f4,,,,,,,,,,,,,,,,,,,,,,,,,,,,,,,,,,,,,,,
f3f20527-f07f-431f-90f9-458380712215,,,,,,,,,,,,,,,,,,,,,,,,,,,,,,,,,,,,,,,
f3f62ca9-6a15-40f4-aa49-0a264884f88f,,,,,,,,,,,,,,,,,,,,,,,,,,,,,,,,,,,,,,,
f3fbe135-5de1-480e-b297-7216f491889f,,,,,,,,,,,,,,,,,,,,,,,,,,,,,,,,,,,,,,,
f3ffdfba-5edb-48f1-ab9a-716dd6600e89,,,,,,,,,,,,,,,,,,,,,,,,,,,,,,,,,,,,,,,
f40123c3-2a66-4ca3-bf89-9b3f112438b2,,,,,,,,,,,,,,,,,,,,,,,,,,,,,,,,,,,,,,,
f40c8693-7182-45f6-b5b7-34908d3e9b3a,,,,,,,,,,,,,,,,,,,,,,,,,,,,,,,,,,,,,,,
f40cf29d-82eb-4be0-8e2d-bc5e6ed22bbc,,,,,,,,,,,,,,,,,,,,,,,,,,,,,,,,,,,,,,,
f40e7b9d-3c7d-474b-a1db-0576ad059dc2,naver,1.0,1.0,,,,,,,,,,,,,,,,,,,,,,,,,,,,,,,,,,,,
f411803c-4c30-47b6-88a6-4b8b18faffac,,,,,,,,,,,,,,,,,,,,,,,,,,,,,,,,,,,,,,,
f41a02cc-f2b9-40f2-a01b-d8dcc1390702,,,,,,,,,,,,,,,,,,,,,,,,,,,,,,,,,,,,,,,
f426d309-a469-4237-9f34-d1dfdd7ade47,,,,,,,,,,,,,,,,,,,,,,,,,,,,,,,,,,,,,,,
f433a522-0098-4c51-9c22-21626e2ca374,,,,,,,,,,,,,,,,,,,,,,,,,,,,,,,,,,,,,,,
f4359876-1191-45a3-aefa-75d6a2c3215f,,,,,,,,,,,,,,,,,,,,,,,,,,,,,,,,,,,,,,,
f43870a1-93e2-43b1-a1b9-889d040d1696,,,,,,,,,,,,,,,,,,,,,,,,,,,,,,,,,,,,,,,
f441ccd6-ef76-41f7-8086-03e749371ab3,,,,,,,,,,,,,,,,,,,,,,,,,,,,,,,,,,,,,,,
f443cdaf-18c5-4582-9233-e1929a2b4320,,,,,,,,,,,,,,,,,,,,,,,,,,,,,,,,,,,,,,,
f448b055-db39-4159-aa75-f35db7e2489d,,,,,,,,,,,,,,,,,,,,,,,,,,,,,,,,,,,,,,,
f448e639-5646-42ea-9d89-5f9b2e8475ed,qq.com,1.0,1.0,,,,,,,,,,,,,,,,,,,,,,,,,,,,,,,,,,,,
f44ce2d5-2b5d-4cc4-918a-438284853d5d,,,,,,,,,,,,,,,,,,,,,,,,,,,,,,,,,,,,,,,
f44f71f3-38ab-4476-a253-7b31b3c8b45a,,,,,,,,,,,,,,,,,,,,,,,,,,,,,,,,,,,,,,,
f453dd1c-6825-4f6a-bfbf-ea0ce7ee1efd,,,,,,,,,,,,,,,,,,,,,,,,,,,,,,,,,,,,,,,
f460fc33-09db-4d03-bbac-40fc93fe51c4,,,,,,,,,,,,,,,,,,,,,,,,,,,,,,,,,,,,,,,
f463d4db-28a1-4373-a900-684c323f0eff,,,,,,,,,,,,,,,,,,,,,,,,,,,,,,,,,,,,,,,
f466b726-2798-47a6-bd17-f2d4b3ab2757,,,,,,,,,,,,,,,,,,,,,,,,,,,,,,,,,,,,,,,
f467de44-2e88-4e2a-9ab3-f181ab2d2bb0,,,,,,,,,,,,,,,,,,,,,,,,,,,,,,,,,,,,,,,
f46df52f-69b2-479c-9928-a36686de40ce,,,,,,,,,,,,,,,,,,,,,,,,,,,,,,,,,,,,,,,
f4704399-d5f2-4ffb-9c1f-da48e68c6d17,,,,,,,,,,,,,,,,,,,,,,,,,,,,,,,,,,,,,,,
f472ed6a-4870-4648-ac5e-01484e53cb9a,,,,,,,,,,,,,,,,,,,,,,,,,,,,,,,,,,,,,,,
f47bf500-cd92-42f2-9b31-bdc96e523853,,,,,,,,,,,,,,,,,,,,,,,,,,,,,,,,,,,,,,,
f485e314-b530-4780-8dcf-723aaa6cce79,,,,,,,,,,,,,,,,,,,,,,,,,,,,,,,,,,,,,,,
f488eb9b-8bef-44e2-8200-d0070abda517,,,,,,,,,,,,,,,,,,,,,,,,,,,,,,,,,,,,,,,
f49cfefa-d549-44cb-9aa7-93a511c75446,,,,,,,,,,,,,,,,,,,,,,,,,,,,,,,,,,,,,,,
f4a2a9d7-5d14-4189-ad3a-0c52c3be8e7c,,,,,,,,,,,,,,,,,,,,,,,,,,,,,,,,,,,,,,,
f4a3bb3e-e38a-42f3-a17a-57246e52949f,,,,,,,,,,,,,,,,,,,,,,,,,,,,,,,,,,,,,,,
f4a7be76-ca28-4965-af1b-819ea2c95420,,,,,,,,,,,,,,,,,,,,,,,,,,,,,,,,,,,,,,,
f4a7eaee-af79-4ceb-a59d-7102b191ba40,,,,,,,,,,,,,,,,,,,,,,,,,,,,,,,,,,,,,,,
f4a89c7d-f68e-4503-8268-2e9ea3e5bddc,,,,,,,,,,,,,,,,,,,,,,,,,,,,,,,,,,,,,,,
f4a9750c-b197-49f2-98c7-c03233d8e2b9,,,,,,,,,,,,,,,,,,,,,,,,,,,,,,,,,,,,,,,
f4ac8a76-bbb9-4967-8833-dd89561b74ea,,,,,,,,,,,,,,,,,,,,,,,,,,,,,,,,,,,,,,,
f4c24bdd-ebd3-4a3d-9a49-5b70ed22b39b,,,,,,,,,,,,,,,,,,,,,,,,,,,,,,,,,,,,,,,
f4c62ad3-5f5e-48f5-85da-1a8b3ff7474f,,,,,,,,,,,,,,,,,,,,,,,,,,,,,,,,,,,,,,,
f4c7162d-b010-4719-bc2c-9c43331eeaa8,,,,,,,,,,,,,,,,,,,,,,,,,,,,,,,,,,,,,,,
f4cb9482-6efe-4d32-9d2c-da76dc9dc9b8,,,,,,,,,,,,,,,,,,,,,,,,,,,,,,,,,,,,,,,
f4ce3bbc-1af6-4fb6-a77f-f935a6874f18,,,,,,,,,,,,,,,,,,,,,,,,,,,,,,,,,,,,,,,
f4ce7261-6d24-4001-a365-fcd9ad824b4c,,,,,,,,,,,,,,,,,,,,,,,,,,,,,,,,,,,,,,,
f4ce8144-fae3-41cc-9ef2-1334ab1115fa,,,,,,,,,,,,,,,,,,,,,,,,,,,,,,,,,,,,,,,
f4cf1524-6b12-4a93-98a3-8d92257eb094,,,,,,,,,,,,,,,,,,,,,,,,,,,,,,,,,,,,,,,
f4d49607-31e8-48d6-abdc-52797d4fcb3e,appdynamics,1.0,1.0,,,,,,,,,,,,,,,,,,,,,,,,,,,,,,,,,,,,
f4d9b790-b368-436f-9a1e-4e143d20bfd0,,,,,,,,,,,,,,,,,,,,,,,,,,,,,,,,,,,,,,,
f4e50f34-ea7a-4c77-ae41-fd27c69b6579,,,,,,,,,,,,,,,,,,,,,,,,,,,,,,,,,,,,,,,
f4e8f8d4-07ce-4bf0-abe0-75e865704d77,,,,,,,,,,,,,,,,,,,,,,,,,,,,,,,,,,,,,,,
f4ec6f9f-dd8d-4b12-b0dd-4db1a9e591e0,,,,,,,,,,,,,,,,,,,,,,,,,,,,,,,,,,,,,,,
f4ee146f-31be-4af6-89e2-64bbe9876097,,,,,,,,,,,,,,,,,,,,,,,,,,,,,,,,,,,,,,,
f4f369f1-f87d-42ad-a617-d47576432027,,,,,,,,,,,,,,,,,,,,,,,,,,,,,,,,,,,,,,,
f4f44954-cae4-4ade-8f99-b173ea3f8e1c,,,,,,,,,,,,,,,,,,,,,,,,,,,,,,,,,,,,,,,
f5024ce5-9f84-4b7c-b735-60f74174b2cc,,,,,,,,,,,,,,,,,,,,,,,,,,,,,,,,,,,,,,,
f50f1c35-dbc6-4bde-8549-20753026ac7b,,,,,,,,,,,,,,,,,,,,,,,,,,,,,,,,,,,,,,,
f518797a-df43-4c02-a1e6-4d8b4db4c966,,,,,,,,,,,,,,,,,,,,,,,,,,,,,,,,,,,,,,,
f52110c6-f8da-42d8-acdd-31bfd9202e32,,,,,,,,,,,,,,,,,,,,,,,,,,,,,,,,,,,,,,,
f52433d2-4dee-464b-b4b9-f72c5803a5fc,,,,,,,,,,,,,,,,,,,,,,,,,,,,,,,,,,,,,,,
f5262598-9a4e-49cd-b6e6-6adcfae9451e,wikimedia_foundation,1.0,1.0,,,,,,,,,,,,,,,,,,,,,,,,,,,,,,,,,,,,
f52abfc2-d2f0-4bd2-983c-bf4aa55ff897,,,,,,,,,,,,,,,,,,,,,,,,,,,,,,,,,,,,,,,
f53a1769-0ce5-4943-b2b6-ecc325cf425c,,,,,,,,,,,,,,,,,,,,,,,,,,,,,,,,,,,,,,,
f540ca1a-6538-4cc1-940f-8901cbeb5c80,,,,,,,,,,,,,,,,,,,,,,,,,,,,,,,,,,,,,,,
f54b1174-c6bc-4e5f-9835-1730965ed63c,,,,,,,,,,,,,,,,,,,,,,,,,,,,,,,,,,,,,,,
f54d43c5-b5e0-4f48-bf61-c1a0c113cc36,,,,,,,,,,,,,,,,,,,,,,,,,,,,,,,,,,,,,,,
f54decc4-5115-4b3a-976d-512a52b9fd27,,,,,,,,,,,,,,,,,,,,,,,,,,,,,,,,,,,,,,,
f54e9fa1-fa21-4312-b88e-e09cb2abe694,,,,,,,,,,,,,,,,,,,,,,,,,,,,,,,,,,,,,,,
f54fa3ba-543e-4644-a500-08b6bec10040,,,,,,,,,,,,,,,,,,,,,,,,,,,,,,,,,,,,,,,
f5500027-7efc-44da-b425-d437bd4cef0b,,,,,,,,,,,,,,,,,,,,,,,,,,,,,,,,,,,,,,,
f55213b6-4e64-4ce0-a3b7-a8fc8e94278f,,,,,,,,,,,,,,,,,,,,,,,,,,,,,,,,,,,,,,,
f5537e41-c36b-4114-a930-7cf041e17515,,,,,,,,,,,,,,,,,,,,,,,,,,,,,,,,,,,,,,,
f554e3e5-33d8-41c6-88db-ca7b02c1d98a,,,,,,,,,,,,,,,,,,,,,,,,,,,,,,,,,,,,,,,
f55b4676-a677-49a8-9927-702b0ba0281a,,,,,,,,,,,,,,,,,,,,,,,,,,,,,,,,,,,,,,,
f55b5823-24a1-4885-80d3-aa444b766063,,,,,,,,,,,,,,,,,,,,,,,,,,,,,,,,,,,,,,,
f55d2e16-5437-451d-b3f3-6cfcacffe46c,,,,,,,,,,,,,,,,,,,,,,,,,,,,,,,,,,,,,,,
f55d855a-cd7b-456e-aab1-63a55e112479,,,,,,,,,,,,,,,,,,,,,,,,,,,,,,,,,,,,,,,
f55f4db8-a72f-48c0-997a-c70734b86eea,,,,,,,,,,,,,,,,,,,,,,,,,,,,,,,,,,,,,,,
f55fbd8f-bf88-448d-a4c2-a98e6af00913,,,,,,,,,,,,,,,,,,,,,,,,,,,,,,,,,,,,,,,
f55ff2c8-4fcd-4405-b825-29940484ffa4,,,,,,,,,,,,,,,,,,,,,,,,,,,,,,,,,,,,,,,
f563adbf-c315-4e21-8697-13f23bbfb842,,,,,,,,,,,,,,,,,,,,,,,,,,,,,,,,,,,,,,,
f566a379-79f7-4846-9fc6-07dfecb5732e,,,,,,,,,,,,,,,,,,,,,,,,,,,,,,,,,,,,,,,
f569a8c0-1b66-426d-80fb-b4fbe12355a2,,,,,,,,,,,,,,,,,,,,,,,,,,,,,,,,,,,,,,,
f56f3e3f-9ded-40cf-a770-0316e39ea603,,,,,,,,,,,,,,,,,,,,,,,,,,,,,,,,,,,,,,,
f575794a-f5ae-4cc8-968b-e280ecbd698e,,,,,,,,,,,,,,,,,,,,,,,,,,,,,,,,,,,,,,,
f579ebd1-0f5b-4df2-abee-9b4efc7791fc,squarespace,1.0,1.0,,,,,,,,,,,,,,,,,,,,,,,,,,,,,,,,,,,,
f5858346-c098-4f8b-8330-aaf128f41c6b,,,,,,,,,,,,,,,,,,,,,,,,,,,,,,,,,,,,,,,
f58f82f4-e412-40bf-87d0-80f8276660e4,,,,,,,,,,,,,,,,,,,,,,,,,,,,,,,,,,,,,,,
f58f9d9c-2629-4b31-97d1-c9e14f10f6ad,,,,,,,,,,,,,,,,,,,,,,,,,,,,,,,,,,,,,,,
f590e2db-0fad-434b-b153-022c0612f281,,,,,,,,,,,,,,,,,,,,,,,,,,,,,,,,,,,,,,,
f598d24a-7829-439e-8338-8a671c0f74f5,,,,,,,,,,,,,,,,,,,,,,,,,,,,,,,,,,,,,,,
f5a256b2-0a28-410e-a60e-bb190d87bd4c,,,,,,,,,,,,,,,,,,,,,,,,,,,,,,,,,,,,,,,
f5b357e2-764f-4dfe-a950-76c7a7447b16,,,,,,,,,,,,,,,,,,,,,,,,,,,,,,,,,,,,,,,
f5b56ec0-3230-48a1-a06a-4b690621400b,,,,,,,,,,,,,,,,,,,,,,,,,,,,,,,,,,,,,,,
f5b88d10-67eb-4f40-a207-928b25ad0a16,,,,,,,,,,,,,,,,,,,,,,,,,,,,,,,,,,,,,,,
f5bcbd0e-680e-4520-916d-61b08a1d37bb,,,,,,,,,,,,,,,,,,,,,,,,,,,,,,,,,,,,,,,
f5bee4c3-5512-4662-abc4-b4a3f1bf8204,,,,,,,,,,,,,,,,,,,,,,,,,,,,,,,,,,,,,,,
f5c91aa0-8173-47d5-896c-2b4a7428f6b9,dmg_media,1.0,1.0,,,,,,,,,,,,,,,,,,,,,,,,,,,,,,,,,,,,
f5d06707-1054-49e5-96c8-7154066a00ff,,,,,,,,,,,,,,,,,,,,,,,,,,,,,,,,,,,,,,,
f5e9aed2-1a7b-488c-831a-c033cf10dcac,,,,,,,,,,,,,,,,,,,,,,,,,,,,,,,,,,,,,,,
f5ea79dd-58c7-42df-a343-5128e77e159a,,,,,,,,,,,,,,,,,,,,,,,,,,,,,,,,,,,,,,,
f5f00adf-a980-49cd-ac29-b2995bafce6d,,,,,,,,,,,,,,,,,,,,,,,,,,,,,,,,,,,,,,,
f5fdd90c-8894-4871-97a6-85392848c07e,,,,,,,,,,,,,,,,,,,,,,,,,,,,,,,,,,,,,,,
f6007ae1-ca12-48f7-bd00-c5fb3bc49523,,,,,,,,,,,,,,,,,,,,,,,,,,,,,,,,,,,,,,,
f601daae-a165-4121-8535-96bb553119a6,,,,,,,,,,,,,,,,,,,,,,,,,,,,,,,,,,,,,,,
f606630c-a2f3-432f-8b30-774247cb1309,,,,,,,,,,,,,,,,,,,,,,,,,,,,,,,,,,,,,,,
f608a05b-fa07-4738-8e7a-46c6288a9393,,,,,,,,,,,,,,,,,,,,,,,,,,,,,,,,,,,,,,,
f60ef57c-974c-4f65-8b33-6ad62f75fd69,,,,,,,,,,,,,,,,,,,,,,,,,,,,,,,,,,,,,,,
f6153aae-7176-4148-9a7f-41125785e031,,,,,,,,,,,,,,,,,,,,,,,,,,,,,,,,,,,,,,,
f61c514c-2180-4653-8ac2-a0d2510132e8,,,,,,,,,,,,,,,,,,,,,,,,,,,,,,,,,,,,,,,
f623618b-19b8-4395-a8f2-497a9eeade75,,,,,,,,,,,,,,,,,,,,,,,,,,,,,,,,,,,,,,,
f62864df-96e7-4280-81fc-a3ece3b84f8d,,,,,,,,,,,,,,,,,,,,,,,,,,,,,,,,,,,,,,,
f62ef307-c75a-4f75-a6f4-b88eb1fa7b5a,,,,,,,,,,,,,,,,,,,,,,,,,,,,,,,,,,,,,,,
f6300914-c4e5-431e-8f90-035160cafd2d,,,,,,,,,,,,,,,,,,,,,,,,,,,,,,,,,,,,,,,
f6346a32-7e67-4e84-bf16-c9b109dc6f7c,,,,,,,,,,,,,,,,,,,,,,,,,,,,,,,,,,,,,,,
f63607c7-e9af-43d4-8881-f8cb1fc3caa1,,,,,,,,,,,,,,,,,,,,,,,,,,,,,,,,,,,,,,,
f63e0231-bca3-47be-ad97-92a1a8f2e6f7,,,,,,,,,,,,,,,,,,,,,,,,,,,,,,,,,,,,,,,
f6485512-5238-484f-ab09-ea1f0e959323,,,,,,,,,,,,,,,,,,,,,,,,,,,,,,,,,,,,,,,
f64d3616-396a-4590-acac-179d3ee5e230,,,,,,,,,,,,,,,,,,,,,,,,,,,,,,,,,,,,,,,
f64f05e9-d4a0-48b7-a066-5a5957b76032,,,,,,,,,,,,,,,,,,,,,,,,,,,,,,,,,,,,,,,
f652afc7-69f5-4cab-83ae-b9914d77319e,,,,,,,,,,,,,,,,,,,,,,,,,,,,,,,,,,,,,,,
f65560be-5138-400e-810b-cec66118e5e5,,,,,,,,,,,,,,,,,,,,,,,,,,,,,,,,,,,,,,,
f660d841-ed5b-4b34-b3bf-02996b334ab5,,,,,,,,,,,,,,,,,,,,,,,,,,,,,,,,,,,,,,,
f662c9f9-327b-4299-97b0-19c7e5bce266,,,,,,,,,,,,,,,,,,,,,,,,,,,,,,,,,,,,,,,
f6673696-e1b5-4574-91e3-dc16c80533b7,,,,,,,,,,,,,,,,,,,,,,,,,,,,,,,,,,,,,,,
f66cba87-b492-4d71-b22a-dcdf935a3029,,,,,,,,,,,,,,,,,,,,,,,,,,,,,,,,,,,,,,,
f6777dcf-0fb8-4219-8829-c78cbac10af3,,,,,,,,,,,,,,,,,,,,,,,,,,,,,,,,,,,,,,,
f67a1591-c3a0-440a-a0ad-f3bdbca83ac5,,,,,,,,,,,,,,,,,,,,,,,,,,,,,,,,,,,,,,,
f67a9586-dc05-4182-be9d-484960c59d26,,,,,,,,,,,,,,,,,,,,,,,,,,,,,,,,,,,,,,,
f682941f-a445-4fe5-92a7-50a352798525,,,,,,,,,,,,,,,,,,,,,,,,,,,,,,,,,,,,,,,
f6951a54-acce-4c0b-a899-75cc1c2988ac,,,,,,,,,,,,,,,,,,,,,,,,,,,,,,,,,,,,,,,
f6a40140-b728-4e39-86d3-e79c7e0e1e17,,,,,,,,,,,,,,,,,,,,,,,,,,,,,,,,,,,,,,,
f6abb1a3-ff5e-4a17-822e-dadfd0619e3c,wp,1.0,0.5,o2.pl,1.0,0.5,,,,,,,,,,,,,,,,,,,,,,,,,,,,,,,,,
f6b129ac-35ba-4498-a707-79f9870cacab,,,,,,,,,,,,,,,,,,,,,,,,,,,,,,,,,,,,,,,
f6cb09f7-0660-48b7-9ee0-2cdef88d3d92,,,,,,,,,,,,,,,,,,,,,,,,,,,,,,,,,,,,,,,
f6cc84a0-2354-47e2-ac2e-1ad6db9ebd36,,,,,,,,,,,,,,,,,,,,,,,,,,,,,,,,,,,,,,,
f6d1928c-da17-4213-bf01-402e894df2cc,,,,,,,,,,,,,,,,,,,,,,,,,,,,,,,,,,,,,,,
f6d978f5-699f-4180-ac13-af1830d76453,,,,,,,,,,,,,,,,,,,,,,,,,,,,,,,,,,,,,,,
f6da6825-ffae-491e-8053-7b75d2aab253,walkme,1.0,1.0,,,,,,,,,,,,,,,,,,,,,,,,,,,,,,,,,,,,
f6de4506-030d-48e0-9266-aec24ffb1f91,,,,,,,,,,,,,,,,,,,,,,,,,,,,,,,,,,,,,,,
f6e201fb-218e-40be-9569-d5df5cf73589,,,,,,,,,,,,,,,,,,,,,,,,,,,,,,,,,,,,,,,
f6e54e44-b172-4521-b2ae-1e04df314c7c,,,,,,,,,,,,,,,,,,,,,,,,,,,,,,,,,,,,,,,
f6e772cc-0e5b-4bf4-8cb1-00d14811faba,,,,,,,,,,,,,,,,,,,,,,,,,,,,,,,,,,,,,,,
f6f4106b-90da-4741-b3cc-6af288dc8511,,,,,,,,,,,,,,,,,,,,,,,,,,,,,,,,,,,,,,,
f6f50614-88be-43e9-b4ae-643b872c1db2,naver,1.0,1.0,,,,,,,,,,,,,,,,,,,,,,,,,,,,,,,,,,,,
f6f7245d-bfb0-4a0c-a985-35d3bc530f72,,,,,,,,,,,,,,,,,,,,,,,,,,,,,,,,,,,,,,,
f6fdee5a-7c2c-4e90-a817-6c8af3cbfbfe,,,,,,,,,,,,,,,,,,,,,,,,,,,,,,,,,,,,,,,
f7072765-594e-4733-a1d1-403ec760f247,wikimedia_foundation,1.0,1.0,,,,,,,,,,,,,,,,,,,,,,,,,,,,,,,,,,,,
f7247111-5ea8-4453-93bf-b8a23ad387b1,,,,,,,,,,,,,,,,,,,,,,,,,,,,,,,,,,,,,,,
f72d2421-14f7-4a91-bf5f-005da0d9e6de,,,,,,,,,,,,,,,,,,,,,,,,,,,,,,,,,,,,,,,
f731a562-9755-4919-a469-cb76102aef27,,,,,,,,,,,,,,,,,,,,,,,,,,,,,,,,,,,,,,,
f744ccf8-4b57-43be-91fb-01b6d006e72b,,,,,,,,,,,,,,,,,,,,,,,,,,,,,,,,,,,,,,,
f74c1697-bfe1-49cb-b486-3d3056c51f34,,,,,,,,,,,,,,,,,,,,,,,,,,,,,,,,,,,,,,,
f74e5c36-f007-4102-a5c0-22586b344f94,,,,,,,,,,,,,,,,,,,,,,,,,,,,,,,,,,,,,,,
f7510d7f-9894-4039-b109-f9a8ab70a05e,,,,,,,,,,,,,,,,,,,,,,,,,,,,,,,,,,,,,,,
f7571bdc-76ff-41ae-b11a-7e8d472e0160,,,,,,,,,,,,,,,,,,,,,,,,,,,,,,,,,,,,,,,
f7601874-e682-43a5-9d83-fc7d6b680d73,,,,,,,,,,,,,,,,,,,,,,,,,,,,,,,,,,,,,,,
f766f7e6-8188-407f-b9c7-efd67c9983e2,,,,,,,,,,,,,,,,,,,,,,,,,,,,,,,,,,,,,,,
f76a18dc-9849-435e-a134-9c1216b02c66,,,,,,,,,,,,,,,,,,,,,,,,,,,,,,,,,,,,,,,
f7754e07-895f-4f79-b0a2-5615147451d4,,,,,,,,,,,,,,,,,,,,,,,,,,,,,,,,,,,,,,,
f7781127-8ee7-4731-8ddc-19a06d1ee81d,,,,,,,,,,,,,,,,,,,,,,,,,,,,,,,,,,,,,,,
f77fd3d1-3c2b-40f5-bd07-38d104c897de,,,,,,,,,,,,,,,,,,,,,,,,,,,,,,,,,,,,,,,
f7817adf-7974-4ade-9000-d1eae305c943,,,,,,,,,,,,,,,,,,,,,,,,,,,,,,,,,,,,,,,
f782ece4-bf35-4f12-bd55-35e6f7d2ff0f,,,,,,,,,,,,,,,,,,,,,,,,,,,,,,,,,,,,,,,
f78e9b5f-ceae-470a-9023-083a9ff40e44,,,,,,,,,,,,,,,,,,,,,,,,,,,,,,,,,,,,,,,
f78edd77-e59b-445d-961b-203362dcb53d,,,,,,,,,,,,,,,,,,,,,,,,,,,,,,,,,,,,,,,
f793d92a-eda6-4ef8-83e2-8dd038558850,,,,,,,,,,,,,,,,,,,,,,,,,,,,,,,,,,,,,,,
f79d4853-33cb-4df5-9a88-7f3cb04d22d5,,,,,,,,,,,,,,,,,,,,,,,,,,,,,,,,,,,,,,,
f7a2869c-4062-4d0e-9b5e-d46c69c9f93f,,,,,,,,,,,,,,,,,,,,,,,,,,,,,,,,,,,,,,,
f7a39bec-5bf9-4077-ba06-0488209258fa,,,,,,,,,,,,,,,,,,,,,,,,,,,,,,,,,,,,,,,
f7a60d0e-a1bb-4240-b910-38c45985eab1,,,,,,,,,,,,,,,,,,,,,,,,,,,,,,,,,,,,,,,
f7ade5e6-1359-4d67-a528-e3b7ef7861e5,,,,,,,,,,,,,,,,,,,,,,,,,,,,,,,,,,,,,,,
f7aee9ef-b7d8-41ef-a3ab-85f8cb288911,,,,,,,,,,,,,,,,,,,,,,,,,,,,,,,,,,,,,,,
f7b5c21e-a68e-4f8b-b57e-bea01c49eff8,,,,,,,,,,,,,,,,,,,,,,,,,,,,,,,,,,,,,,,
f7b5d81b-0e91-4538-a9b1-b121d7f229c9,,,,,,,,,,,,,,,,,,,,,,,,,,,,,,,,,,,,,,,
f7ba4809-dc88-4af5-ad61-99934c99b575,,,,,,,,,,,,,,,,,,,,,,,,,,,,,,,,,,,,,,,
f7bcc9df-0b48-4724-a2cd-ef79c42d00e3,,,,,,,,,,,,,,,,,,,,,,,,,,,,,,,,,,,,,,,
f7c2a4ed-c89f-43a3-af7b-738c00a6d9f5,,,,,,,,,,,,,,,,,,,,,,,,,,,,,,,,,,,,,,,
f7caf28b-4ab5-4e07-9dd3-dc5f0ce625d9,,,,,,,,,,,,,,,,,,,,,,,,,,,,,,,,,,,,,,,
f7d22614-c61d-4115-a178-196d8c36afd7,,,,,,,,,,,,,,,,,,,,,,,,,,,,,,,,,,,,,,,
f7d2c1e7-9d72-449b-8951-1d6c929c203e,,,,,,,,,,,,,,,,,,,,,,,,,,,,,,,,,,,,,,,
f7d44dbe-9a4f-48ed-9b11-7d62cfbbf7ab,,,,,,,,,,,,,,,,,,,,,,,,,,,,,,,,,,,,,,,
f7d60d3d-8070-4b6e-9930-b32f76e45831,,,,,,,,,,,,,,,,,,,,,,,,,,,,,,,,,,,,,,,
f7d7143c-988f-4791-a772-563236880bc4,,,,,,,,,,,,,,,,,,,,,,,,,,,,,,,,,,,,,,,
f7da5545-dc19-497a-adf0-f642b1ee2f13,,,,,,,,,,,,,,,,,,,,,,,,,,,,,,,,,,,,,,,
f7e3eec3-c3a3-4c32-a4cf-bfd3ed27ec78,,,,,,,,,,,,,,,,,,,,,,,,,,,,,,,,,,,,,,,
f7ea71b2-9f04-4f32-b8ba-4ec1b6c667db,,,,,,,,,,,,,,,,,,,,,,,,,,,,,,,,,,,,,,,
f7f17293-d30a-40ff-bf5d-608d3f8c82eb,,,,,,,,,,,,,,,,,,,,,,,,,,,,,,,,,,,,,,,
f7f2e580-23f2-4f2e-a05a-1307fcf43096,,,,,,,,,,,,,,,,,,,,,,,,,,,,,,,,,,,,,,,
f7fa8e60-ada6-49ae-8e00-f3d6ee8142c8,,,,,,,,,,,,,,,,,,,,,,,,,,,,,,,,,,,,,,,
f800adf8-5fe1-495e-9f67-997662236e0a,,,,,,,,,,,,,,,,,,,,,,,,,,,,,,,,,,,,,,,
f804d313-ea84-4aef-abe2-7bb6bd14bc7e,,,,,,,,,,,,,,,,,,,,,,,,,,,,,,,,,,,,,,,
f817160b-c9be-4c85-a25e-8493cac6d640,mntn,1.0,1.0,,,,,,,,,,,,,,,,,,,,,,,,,,,,,,,,,,,,
f81df9fc-649c-4ec2-b76b-239184cf012d,,,,,,,,,,,,,,,,,,,,,,,,,,,,,,,,,,,,,,,
f825b8c9-fbd7-469c-8404-566f66c83fb6,,,,,,,,,,,,,,,,,,,,,,,,,,,,,,,,,,,,,,,
f835e935-ce0b-48da-be24-c2f9f835e3ff,,,,,,,,,,,,,,,,,,,,,,,,,,,,,,,,,,,,,,,
f84407c2-1779-4eb9-8ef7-68fcca713186,,,,,,,,,,,,,,,,,,,,,,,,,,,,,,,,,,,,,,,
f8586ddf-4779-468d-930e-cd354c950c47,,,,,,,,,,,,,,,,,,,,,,,,,,,,,,,,,,,,,,,
f85dbeba-f894-4ec7-a297-65ec41c76c8d,,,,,,,,,,,,,,,,,,,,,,,,,,,,,,,,,,,,,,,
f85eae4b-4afa-49ba-b8c2-3be3a92d96fa,,,,,,,,,,,,,,,,,,,,,,,,,,,,,,,,,,,,,,,
f86a9e71-ef12-4497-8b8d-874e86e6f966,,,,,,,,,,,,,,,,,,,,,,,,,,,,,,,,,,,,,,,
f873555f-6aa5-4070-a6c8-519b2f46922d,,,,,,,,,,,,,,,,,,,,,,,,,,,,,,,,,,,,,,,
f87538c6-5fd8-4c4a-838f-5bfecef222a9,,,,,,,,,,,,,,,,,,,,,,,,,,,,,,,,,,,,,,,
f87712ad-e899-4fc3-8e13-6e597401ee99,,,,,,,,,,,,,,,,,,,,,,,,,,,,,,,,,,,,,,,
f8797e04-f2b6-47db-b354-0c9e1ea9bbc5,,,,,,,,,,,,,,,,,,,,,,,,,,,,,,,,,,,,,,,
f88da0cb-ce9e-403a-adcf-9a71669407e2,,,,,,,,,,,,,,,,,,,,,,,,,,,,,,,,,,,,,,,
f8931546-1a87-40c4-b8ef-422213c7514f,,,,,,,,,,,,,,,,,,,,,,,,,,,,,,,,,,,,,,,
f89fccf2-413b-4a4b-8100-4ee84c2a49e1,,,,,,,,,,,,,,,,,,,,,,,,,,,,,,,,,,,,,,,
f8a65e87-20e0-48d4-96b9-e6d87fc9aaa7,,,,,,,,,,,,,,,,,,,,,,,,,,,,,,,,,,,,,,,
f8a751bc-5d0b-4ff3-91df-99386c2d26ed,,,,,,,,,,,,,,,,,,,,,,,,,,,,,,,,,,,,,,,
f8a756a6-fde5-4c27-9024-4067cae12d1a,,,,,,,,,,,,,,,,,,,,,,,,,,,,,,,,,,,,,,,
f8aa5d65-5d5d-4d5f-baf1-c2a34da4bbc2,,,,,,,,,,,,,,,,,,,,,,,,,,,,,,,,,,,,,,,
f8ab2b16-627f-420c-b9d4-32704f0d8316,,,,,,,,,,,,,,,,,,,,,,,,,,,,,,,,,,,,,,,
f8ac5fbb-9785-4609-8eda-1bf6f53eb62d,,,,,,,,,,,,,,,,,,,,,,,,,,,,,,,,,,,,,,,
f8aee278-2d39-4e67-97d6-52cf663379ed,,,,,,,,,,,,,,,,,,,,,,,,,,,,,,,,,,,,,,,
f8af1752-980e-4940-bec5-bb4f1042930b,,,,,,,,,,,,,,,,,,,,,,,,,,,,,,,,,,,,,,,
f8af990d-bb68-49f3-8f47-7cfbec92be52,,,,,,,,,,,,,,,,,,,,,,,,,,,,,,,,,,,,,,,
f8b1067d-2e89-4da9-9627-f573e4958d32,,,,,,,,,,,,,,,,,,,,,,,,,,,,,,,,,,,,,,,
f8b18f97-1e71-43dd-8b18-87abb28c62c3,,,,,,,,,,,,,,,,,,,,,,,,,,,,,,,,,,,,,,,
f8b2e004-242f-4190-a740-1313cef014f8,,,,,,,,,,,,,,,,,,,,,,,,,,,,,,,,,,,,,,,
f8b4143c-1244-4202-bd5b-2608bcd8e865,,,,,,,,,,,,,,,,,,,,,,,,,,,,,,,,,,,,,,,
f8bf9e82-3cab-4ac1-acba-be6e671e14c0,,,,,,,,,,,,,,,,,,,,,,,,,,,,,,,,,,,,,,,
f8c59600-ca51-4a12-a8d3-0e241148a649,,,,,,,,,,,,,,,,,,,,,,,,,,,,,,,,,,,,,,,
f8c79058-58db-4718-8cdc-f784a55a52a8,,,,,,,,,,,,,,,,,,,,,,,,,,,,,,,,,,,,,,,
f8c7cd41-8d44-480c-8194-1ecaf714efb2,,,,,,,,,,,,,,,,,,,,,,,,,,,,,,,,,,,,,,,
f8d1c907-b580-4d45-a4a5-d151df6c7a83,,,,,,,,,,,,,,,,,,,,,,,,,,,,,,,,,,,,,,,
f8d1d39f-e64c-4030-839f-48490250bddc,,,,,,,,,,,,,,,,,,,,,,,,,,,,,,,,,,,,,,,
f8dfe136-8e2e-4fff-925b-f716ec12a4b1,,,,,,,,,,,,,,,,,,,,,,,,,,,,,,,,,,,,,,,
f8e109f0-23a4-43c6-8b3e-eb90cd597929,,,,,,,,,,,,,,,,,,,,,,,,,,,,,,,,,,,,,,,
f8e89260-4bc2-4c07-9883-c0636b390ad8,,,,,,,,,,,,,,,,,,,,,,,,,,,,,,,,,,,,,,,
f8e8f599-6561-4bbd-b408-3cad47103f63,,,,,,,,,,,,,,,,,,,,,,,,,,,,,,,,,,,,,,,
f8ee95f0-00c1-4716-95e6-3f16c560979f,,,,,,,,,,,,,,,,,,,,,,,,,,,,,,,,,,,,,,,
f8f99eae-61b3-4d9f-8a36-c0e1b152f46a,,,,,,,,,,,,,,,,,,,,,,,,,,,,,,,,,,,,,,,
f8fe83fd-2052-4c69-9454-8fe686514267,,,,,,,,,,,,,,,,,,,,,,,,,,,,,,,,,,,,,,,
f9027166-b7fd-4aa8-ab2c-3870210b15c8,,,,,,,,,,,,,,,,,,,,,,,,,,,,,,,,,,,,,,,
f904b59b-ad13-497d-a12b-075ce4da212c,,,,,,,,,,,,,,,,,,,,,,,,,,,,,,,,,,,,,,,
f908b13c-6712-4119-a1b6-20e6a97afade,,,,,,,,,,,,,,,,,,,,,,,,,,,,,,,,,,,,,,,
f908d57c-e4b4-481c-aea6-a25e3d417e60,,,,,,,,,,,,,,,,,,,,,,,,,,,,,,,,,,,,,,,
f9104a64-870d-41d7-bf35-c1771615fb6b,,,,,,,,,,,,,,,,,,,,,,,,,,,,,,,,,,,,,,,
f915b8fe-23c9-4b97-bccf-9a2b60a68813,,,,,,,,,,,,,,,,,,,,,,,,,,,,,,,,,,,,,,,
f916c784-f474-47ad-957c-59c18eaea002,salesforce,1.0,1.0,,,,,,,,,,,,,,,,,,,,,,,,,,,,,,,,,,,,
f91e8a79-6f7a-4205-9c63-5f4bcf963bb0,,,,,,,,,,,,,,,,,,,,,,,,,,,,,,,,,,,,,,,
f9301cc5-7575-4265-a03e-6b9e62906a57,,,,,,,,,,,,,,,,,,,,,,,,,,,,,,,,,,,,,,,
f93b43e8-ad48-43d3-a5d5-8863b327a6b6,,,,,,,,,,,,,,,,,,,,,,,,,,,,,,,,,,,,,,,
f93e5225-b836-4101-9838-b2b8b6c59bbd,,,,,,,,,,,,,,,,,,,,,,,,,,,,,,,,,,,,,,,
f9442e54-9d70-4de9-ac8b-2f5230eca069,,,,,,,,,,,,,,,,,,,,,,,,,,,,,,,,,,,,,,,
f94de76b-e872-419d-b688-8772405860b3,,,,,,,,,,,,,,,,,,,,,,,,,,,,,,,,,,,,,,,
f9544811-8392-45dd-aab2-0a038c9f140a,,,,,,,,,,,,,,,,,,,,,,,,,,,,,,,,,,,,,,,
f955f3f4-2f80-4e46-a451-711592c9913e,intercom,1.0,1.0,,,,,,,,,,,,,,,,,,,,,,,,,,,,,,,,,,,,
f956b1eb-d2cb-4731-94fb-daa37729931e,,,,,,,,,,,,,,,,,,,,,,,,,,,,,,,,,,,,,,,
f95db6ed-a4e1-468e-9495-37f7033e0d09,,,,,,,,,,,,,,,,,,,,,,,,,,,,,,,,,,,,,,,
f95f5b9a-6048-4319-8f31-eb5ff4379862,,,,,,,,,,,,,,,,,,,,,,,,,,,,,,,,,,,,,,,
f970ed7a-984e-4a9f-84ac-e6b8916b23c1,,,,,,,,,,,,,,,,,,,,,,,,,,,,,,,,,,,,,,,
f9717c47-d324-48e3-83e5-c2257622b7df,,,,,,,,,,,,,,,,,,,,,,,,,,,,,,,,,,,,,,,
f9783c26-3f70-4f3f-9832-716c8e1311c5,,,,,,,,,,,,,,,,,,,,,,,,,,,,,,,,,,,,,,,
f9789619-bd36-475e-9394-c3050249f78a,,,,,,,,,,,,,,,,,,,,,,,,,,,,,,,,,,,,,,,
f9797171-6f6f-40e9-8975-3a92f5ac4a68,,,,,,,,,,,,,,,,,,,,,,,,,,,,,,,,,,,,,,,
f97a1f29-3355-47c3-b16d-aedff6d86fa4,,,,,,,,,,,,,,,,,,,,,,,,,,,,,,,,,,,,,,,
f99d7fab-98fc-4fe2-957a-318dae581565,,,,,,,,,,,,,,,,,,,,,,,,,,,,,,,,,,,,,,,
f9a60da7-0a85-4c5a-8ad2-5584100acb94,,,,,,,,,,,,,,,,,,,,,,,,,,,,,,,,,,,,,,,
f9a7c2a7-83d0-4d0b-8d53-5b1a13d45f27,,,,,,,,,,,,,,,,,,,,,,,,,,,,,,,,,,,,,,,
f9b4485c-76ad-4525-b445-a80a32313b2e,,,,,,,,,,,,,,,,,,,,,,,,,,,,,,,,,,,,,,,
f9b9b87a-c415-4c84-a637-1c684f4847cb,,,,,,,,,,,,,,,,,,,,,,,,,,,,,,,,,,,,,,,
f9b9d04d-b43b-4f8e-9407-58db8f1edc11,,,,,,,,,,,,,,,,,,,,,,,,,,,,,,,,,,,,,,,
f9c20335-d9b2-425f-bf9f-28cd7089df5d,,,,,,,,,,,,,,,,,,,,,,,,,,,,,,,,,,,,,,,
f9c3fbe6-a962-4a0d-b163-7fb1962e38da,,,,,,,,,,,,,,,,,,,,,,,,,,,,,,,,,,,,,,,
f9cb0463-b0d2-4554-be05-4a072f48d8ef,,,,,,,,,,,,,,,,,,,,,,,,,,,,,,,,,,,,,,,
f9cbe25e-29b5-47c3-9b5c-7452bd8f45da,,,,,,,,,,,,,,,,,,,,,,,,,,,,,,,,,,,,,,,
f9cc2ce7-4b3a-4f14-9336-846050aeecbc,,,,,,,,,,,,,,,,,,,,,,,,,,,,,,,,,,,,,,,
f9d31ec8-7629-4882-812d-4be4a2ee5edd,,,,,,,,,,,,,,,,,,,,,,,,,,,,,,,,,,,,,,,
f9d3913f-e492-4604-a07f-6bceb06c7d6f,,,,,,,,,,,,,,,,,,,,,,,,,,,,,,,,,,,,,,,
f9d76655-4fff-4e28-a432-526a1512bd5b,,,,,,,,,,,,,,,,,,,,,,,,,,,,,,,,,,,,,,,
f9d8d2d6-cb4e-4580-8004-b6ede28edcd8,,,,,,,,,,,,,,,,,,,,,,,,,,,,,,,,,,,,,,,
f9dcbf1a-5eec-4b0b-8e75-20ef2035fe0c,,,,,,,,,,,,,,,,,,,,,,,,,,,,,,,,,,,,,,,
f9e4accc-42a1-4e96-9986-3955be528cca,,,,,,,,,,,,,,,,,,,,,,,,,,,,,,,,,,,,,,,
f9f6c510-a7fb-4683-9df8-c4ada3056304,,,,,,,,,,,,,,,,,,,,,,,,,,,,,,,,,,,,,,,
f9fa6062-262a-4f1c-84ba-7d964b48165f,,,,,,,,,,,,,,,,,,,,,,,,,,,,,,,,,,,,,,,
fa026f7e-8133-4f83-a4b2-3fe0ee927a93,,,,,,,,,,,,,,,,,,,,,,,,,,,,,,,,,,,,,,,
fa09a76f-b916-4b3c-947f-c1955eab55a6,,,,,,,,,,,,,,,,,,,,,,,,,,,,,,,,,,,,,,,
fa09b26d-b4e6-4340-a2cc-bcf74b19a4e3,,,,,,,,,,,,,,,,,,,,,,,,,,,,,,,,,,,,,,,
fa1ec991-738a-4d5f-be8a-759d18686193,,,,,,,,,,,,,,,,,,,,,,,,,,,,,,,,,,,,,,,
fa1f76c1-9a80-4405-92e1-67cad1eb7165,,,,,,,,,,,,,,,,,,,,,,,,,,,,,,,,,,,,,,,
fa2266bb-6d0a-434c-a7d4-754db8717600,,,,,,,,,,,,,,,,,,,,,,,,,,,,,,,,,,,,,,,
fa269f6e-375e-47b6-a657-235110f5cf0b,,,,,,,,,,,,,,,,,,,,,,,,,,,,,,,,,,,,,,,
fa2bad4a-5436-480f-be9f-b4ac35d80983,,,,,,,,,,,,,,,,,,,,,,,,,,,,,,,,,,,,,,,
fa3112d8-3fa7-46ff-93e5-2e9be43865b1,,,,,,,,,,,,,,,,,,,,,,,,,,,,,,,,,,,,,,,
fa51443c-c5be-4008-82b1-22eb40568353,,,,,,,,,,,,,,,,,,,,,,,,,,,,,,,,,,,,,,,
fa535f67-36ab-4c3d-bfe6-0bebb5015dad,,,,,,,,,,,,,,,,,,,,,,,,,,,,,,,,,,,,,,,
fa53c89f-25e8-4f70-a4a4-6a4cef09ad82,,,,,,,,,,,,,,,,,,,,,,,,,,,,,,,,,,,,,,,
fa54ad47-9844-4bf5-ada1-2058fd9739fa,,,,,,,,,,,,,,,,,,,,,,,,,,,,,,,,,,,,,,,
fa6247a7-3168-4701-95c7-4d86c6cbf054,,,,,,,,,,,,,,,,,,,,,,,,,,,,,,,,,,,,,,,
fa68072f-9edc-4742-b200-58108af314b1,,,,,,,,,,,,,,,,,,,,,,,,,,,,,,,,,,,,,,,
fa6f6506-c0ab-4d11-8499-d9756e069be4,,,,,,,,,,,,,,,,,,,,,,,,,,,,,,,,,,,,,,,
fa76783c-ddb3-492b-b4d3-3bd3dd779c78,,,,,,,,,,,,,,,,,,,,,,,,,,,,,,,,,,,,,,,
fa7b3be0-e50f-449f-8e2e-20fb50267774,,,,,,,,,,,,,,,,,,,,,,,,,,,,,,,,,,,,,,,
fa82a87f-4025-4b3a-a18a-ae55f4c58d07,,,,,,,,,,,,,,,,,,,,,,,,,,,,,,,,,,,,,,,
fa8f971b-ee47-4cde-8331-b9ab5d1530e8,,,,,,,,,,,,,,,,,,,,,,,,,,,,,,,,,,,,,,,
fa981ada-2e5b-4792-8fb5-ecdf2929b3cc,,,,,,,,,,,,,,,,,,,,,,,,,,,,,,,,,,,,,,,
fa9e24b2-1e69-48a2-a3b6-43b9795f9707,,,,,,,,,,,,,,,,,,,,,,,,,,,,,,,,,,,,,,,
faa00003-c93a-4fe5-9fea-18fab2a06952,,,,,,,,,,,,,,,,,,,,,,,,,,,,,,,,,,,,,,,
faa349e5-0c2b-44c0-9b67-73896b13a59c,,,,,,,,,,,,,,,,,,,,,,,,,,,,,,,,,,,,,,,
faab0584-5f6e-4caa-b9fa-b43a9533bffc,,,,,,,,,,,,,,,,,,,,,,,,,,,,,,,,,,,,,,,
fab57060-b2c4-43ec-8d3a-aed6bc2d673a,,,,,,,,,,,,,,,,,,,,,,,,,,,,,,,,,,,,,,,
fac84ae7-68e0-4070-8ddf-32feb08a99c7,,,,,,,,,,,,,,,,,,,,,,,,,,,,,,,,,,,,,,,
facf063b-21e0-4cc0-bacc-3f8725cd5d92,,,,,,,,,,,,,,,,,,,,,,,,,,,,,,,,,,,,,,,
fae57000-3115-4b09-8619-ea54b533f406,,,,,,,,,,,,,,,,,,,,,,,,,,,,,,,,,,,,,,,
fae62adb-f5c3-406a-9f0e-4cc519e4c5ab,,,,,,,,,,,,,,,,,,,,,,,,,,,,,,,,,,,,,,,
faeb2384-82ce-4b39-baff-a8a0760a396f,,,,,,,,,,,,,,,,,,,,,,,,,,,,,,,,,,,,,,,
faf8aa27-699b-4c1f-9223-923a49e397db,,,,,,,,,,,,,,,,,,,,,,,,,,,,,,,,,,,,,,,
faf94961-73f1-4d49-825c-ea214d96e33b,,,,,,,,,,,,,,,,,,,,,,,,,,,,,,,,,,,,,,,
fb016a4b-d09f-4d30-a365-092414099494,,,,,,,,,,,,,,,,,,,,,,,,,,,,,,,,,,,,,,,
fb04346e-5c23-4697-a75b-9b0b5c9de01e,,,,,,,,,,,,,,,,,,,,,,,,,,,,,,,,,,,,,,,
fb0aed57-22e6-40bd-86f4-8ce05096ed07,,,,,,,,,,,,,,,,,,,,,,,,,,,,,,,,,,,,,,,
fb0c3d0d-f41d-4ece-be52-8c24a9715a43,,,,,,,,,,,,,,,,,,,,,,,,,,,,,,,,,,,,,,,
fb19aa33-59b4-4e0e-b284-91e9f3738306,,,,,,,,,,,,,,,,,,,,,,,,,,,,,,,,,,,,,,,
fb1fdf45-5ca9-4d60-af5f-1a922ece8a5b,,,,,,,,,,,,,,,,,,,,,,,,,,,,,,,,,,,,,,,
fb340bd2-30a3-4c10-84d7-bb2adf424e8b,,,,,,,,,,,,,,,,,,,,,,,,,,,,,,,,,,,,,,,
fb388d4d-c818-42bb-ba39-6e643aa7449e,,,,,,,,,,,,,,,,,,,,,,,,,,,,,,,,,,,,,,,
fb39adb2-9919-4cc9-8c35-085b1946eb3a,,,,,,,,,,,,,,,,,,,,,,,,,,,,,,,,,,,,,,,
fb3dfc04-637a-42f4-8434-54c1f05f3708,,,,,,,,,,,,,,,,,,,,,,,,,,,,,,,,,,,,,,,
fb444a5f-d601-41e7-8ce4-7e7b48fd9d90,,,,,,,,,,,,,,,,,,,,,,,,,,,,,,,,,,,,,,,
fb4594ee-cac0-4d98-bfbb-dbecd3f37648,,,,,,,,,,,,,,,,,,,,,,,,,,,,,,,,,,,,,,,
fb50c93c-2b3d-4398-ac33-cd7b8c3257fa,,,,,,,,,,,,,,,,,,,,,,,,,,,,,,,,,,,,,,,
fb5c8653-1d79-4027-b05a-c3865fd22e14,,,,,,,,,,,,,,,,,,,,,,,,,,,,,,,,,,,,,,,
fb600653-86e4-4d28-ac9c-aff8a211ca35,,,,,,,,,,,,,,,,,,,,,,,,,,,,,,,,,,,,,,,
fb645e78-f2af-4eb4-83e9-d69ad9d43cd3,,,,,,,,,,,,,,,,,,,,,,,,,,,,,,,,,,,,,,,
fb67b227-012a-4e7a-8a5b-3257acafb988,,,,,,,,,,,,,,,,,,,,,,,,,,,,,,,,,,,,,,,
fb7bc33e-c8a3-4ca9-a651-7853ebe8b7b2,,,,,,,,,,,,,,,,,,,,,,,,,,,,,,,,,,,,,,,
fb7e4193-2308-423c-82db-88d27e5478d3,,,,,,,,,,,,,,,,,,,,,,,,,,,,,,,,,,,,,,,
fb7e64d4-df2f-4a0f-809e-a9283d59f9b6,,,,,,,,,,,,,,,,,,,,,,,,,,,,,,,,,,,,,,,
fb8e1cd2-f4c1-4ace-b627-37af8715ba01,dynamic_yield,1.0,1.0,,,,,,,,,,,,,,,,,,,,,,,,,,,,,,,,,,,,
fb8e4408-3b00-47e9-a94f-749585bc74e7,wikimedia_foundation,1.0,1.0,,,,,,,,,,,,,,,,,,,,,,,,,,,,,,,,,,,,
fb90acff-4b77-439f-bf1e-6f58da989cbe,,,,,,,,,,,,,,,,,,,,,,,,,,,,,,,,,,,,,,,
fb93e12d-47b6-44b2-abb0-5c8ab1b1a58c,,,,,,,,,,,,,,,,,,,,,,,,,,,,,,,,,,,,,,,
fb970bff-9711-4971-8863-d07b07bc649a,,,,,,,,,,,,,,,,,,,,,,,,,,,,,,,,,,,,,,,
fb9b9e9e-1c57-4828-8a9b-e41729bd051f,,,,,,,,,,,,,,,,,,,,,,,,,,,,,,,,,,,,,,,
fb9ff768-40c1-4fa8-9862-8d739bb0e0f5,,,,,,,,,,,,,,,,,,,,,,,,,,,,,,,,,,,,,,,
fba9fed9-b64d-44e2-82ce-5ac6a9c6fa0f,,,,,,,,,,,,,,,,,,,,,,,,,,,,,,,,,,,,,,,
fbace00d-48a6-453e-a4d6-1ba759febd99,,,,,,,,,,,,,,,,,,,,,,,,,,,,,,,,,,,,,,,
fbae8b60-779d-460b-916e-ad73c653aa05,,,,,,,,,,,,,,,,,,,,,,,,,,,,,,,,,,,,,,,
fbaec389-824e-4723-a907-9ebec65d8766,,,,,,,,,,,,,,,,,,,,,,,,,,,,,,,,,,,,,,,
fbb14e8f-c14b-4920-8237-ec7a56304c13,,,,,,,,,,,,,,,,,,,,,,,,,,,,,,,,,,,,,,,
fbc6e6ac-59a7-4365-839c-f52d1ce05bf3,,,,,,,,,,,,,,,,,,,,,,,,,,,,,,,,,,,,,,,
fbd0d705-30ce-45f4-b279-3a733abff264,,,,,,,,,,,,,,,,,,,,,,,,,,,,,,,,,,,,,,,
fbd409a7-ad6c-4cfc-96aa-84bf475a6d5f,,,,,,,,,,,,,,,,,,,,,,,,,,,,,,,,,,,,,,,
fbd9971d-e0f3-4902-97dd-e586b983b118,,,,,,,,,,,,,,,,,,,,,,,,,,,,,,,,,,,,,,,
fbda964e-c33e-4f6f-aa6d-7b876902e7e0,,,,,,,,,,,,,,,,,,,,,,,,,,,,,,,,,,,,,,,
fbdb8471-a0b7-43cd-8d31-6bfff4edf706,usercentrics,1.0,1.0,,,,,,,,,,,,,,,,,,,,,,,,,,,,,,,,,,,,
fbe59930-0080-49b4-95b2-eb3521ed3ac3,,,,,,,,,,,,,,,,,,,,,,,,,,,,,,,,,,,,,,,
fbe5b92a-90d6-4a50-a3eb-1bc519069b0f,,,,,,,,,,,,,,,,,,,,,,,,,,,,,,,,,,,,,,,
fbea02c0-f18c-4ab2-a0b4-6b02e3854210,naver,1.0,1.0,,,,,,,,,,,,,,,,,,,,,,,,,,,,,,,,,,,,
fbee3673-337a-498a-a5d4-a2a5579d43a4,,,,,,,,,,,,,,,,,,,,,,,,,,,,,,,,,,,,,,,
fbf2261d-5193-4e74-9b2d-b9527a36744c,,,,,,,,,,,,,,,,,,,,,,,,,,,,,,,,,,,,,,,
fbf2c82c-71fb-4055-a1cd-be778b2ddc5e,clickup,1.0,1.0,,,,,,,,,,,,,,,,,,,,,,,,,,,,,,,,,,,,
fbf48a9a-cbce-4f79-bd02-3f51ebd21830,,,,,,,,,,,,,,,,,,,,,,,,,,,,,,,,,,,,,,,
fbf4b958-e7c1-422c-a6a8-7170597c2da3,,,,,,,,,,,,,,,,,,,,,,,,,,,,,,,,,,,,,,,
fbfa28be-8c82-4868-aea1-1c10b7b4ac3f,,,,,,,,,,,,,,,,,,,,,,,,,,,,,,,,,,,,,,,
fbfb77b2-dcb0-4d33-8cf0-c1056229f245,,,,,,,,,,,,,,,,,,,,,,,,,,,,,,,,,,,,,,,
fc06287f-7f2b-4a35-97e7-00d554e8fff1,,,,,,,,,,,,,,,,,,,,,,,,,,,,,,,,,,,,,,,
fc135543-44f7-4f6f-92ac-ce2c6ad7b1b9,,,,,,,,,,,,,,,,,,,,,,,,,,,,,,,,,,,,,,,
fc1457cc-6378-4345-874b-40ec69e4f927,,,,,,,,,,,,,,,,,,,,,,,,,,,,,,,,,,,,,,,
fc195615-38a2-49f1-95c0-ff61fdf3e422,,,,,,,,,,,,,,,,,,,,,,,,,,,,,,,,,,,,,,,
fc1a45a8-2137-4ca4-8fbe-967ba921c89e,,,,,,,,,,,,,,,,,,,,,,,,,,,,,,,,,,,,,,,
fc2f48d1-29c8-4f0b-a863-d7090ecba5de,,,,,,,,,,,,,,,,,,,,,,,,,,,,,,,,,,,,,,,
fc3976d7-067e-4654-b1c4-d2ab8463564a,,,,,,,,,,,,,,,,,,,,,,,,,,,,,,,,,,,,,,,
fc39f1a6-d9c7-4ecf-9b1d-38365c9a11c7,,,,,,,,,,,,,,,,,,,,,,,,,,,,,,,,,,,,,,,
fc5f3c6f-77f3-4b8c-88e9-b4fde2e19eca,,,,,,,,,,,,,,,,,,,,,,,,,,,,,,,,,,,,,,,
fc683ad7-308f-4a3e-904c-395939c87d67,,,,,,,,,,,,,,,,,,,,,,,,,,,,,,,,,,,,,,,
fc68620c-eb8e-4910-b4eb-df34bcea91d8,,,,,,,,,,,,,,,,,,,,,,,,,,,,,,,,,,,,,,,
fc6a548c-c817-4346-9afd-8ea4c7b09a85,,,,,,,,,,,,,,,,,,,,,,,,,,,,,,,,,,,,,,,
fc6f4dc0-f0b8-49cb-ab27-7cbbb4d7dd7c,,,,,,,,,,,,,,,,,,,,,,,,,,,,,,,,,,,,,,,
fc707939-e5fb-4015-b3bc-ecf2c9534ab8,,,,,,,,,,,,,,,,,,,,,,,,,,,,,,,,,,,,,,,
fc719efc-535b-4c68-a6fb-e764774dcc29,,,,,,,,,,,,,,,,,,,,,,,,,,,,,,,,,,,,,,,
fc72ae82-f2e7-46ee-a0b7-b98edc38e473,,,,,,,,,,,,,,,,,,,,,,,,,,,,,,,,,,,,,,,
fc754324-0345-4be9-808b-5aba6ed53375,,,,,,,,,,,,,,,,,,,,,,,,,,,,,,,,,,,,,,,
fc759fb2-ef05-47e8-a3a0-77dc3625063c,,,,,,,,,,,,,,,,,,,,,,,,,,,,,,,,,,,,,,,
fc78cf8e-5c98-48e9-8074-93df4fa3d053,,,,,,,,,,,,,,,,,,,,,,,,,,,,,,,,,,,,,,,
fc84ee25-95ea-44e0-9236-f46ddc21a3b5,wikimedia_foundation,1.0,1.0,,,,,,,,,,,,,,,,,,,,,,,,,,,,,,,,,,,,
fc879e84-bca7-47f5-a4f1-e1933e982a3a,,,,,,,,,,,,,,,,,,,,,,,,,,,,,,,,,,,,,,,
fc89f398-f149-4344-9345-52d0d04cca93,,,,,,,,,,,,,,,,,,,,,,,,,,,,,,,,,,,,,,,
fc8e8ae7-d016-4e4d-8810-6b355ed80ec0,,,,,,,,,,,,,,,,,,,,,,,,,,,,,,,,,,,,,,,
fc8f83b8-dced-4e7d-82a5-2bfe68dcf8b3,,,,,,,,,,,,,,,,,,,,,,,,,,,,,,,,,,,,,,,
fc916e1e-a691-4cb2-a3e6-50ca46c286a6,qq.com,1.0,1.0,,,,,,,,,,,,,,,,,,,,,,,,,,,,,,,,,,,,
fca606c6-946d-488f-bda6-7d82acc81688,zendesk,1.0,1.0,,,,,,,,,,,,,,,,,,,,,,,,,,,,,,,,,,,,
fcaa369c-4ce7-4565-b827-b0de2255172a,,,,,,,,,,,,,,,,,,,,,,,,,,,,,,,,,,,,,,,
fcad6f08-8c05-471b-8ccc-03169d284fc4,,,,,,,,,,,,,,,,,,,,,,,,,,,,,,,,,,,,,,,
fcc23941-c2d8-4366-b4c4-1ea481102df4,,,,,,,,,,,,,,,,,,,,,,,,,,,,,,,,,,,,,,,
fcc9b4bc-fa2d-4d9f-8579-0b3190a292c3,wikimedia_foundation,1.0,1.0,,,,,,,,,,,,,,,,,,,,,,,,,,,,,,,,,,,,
fcce9759-b79c-46d3-bf3d-cd5ee4291fc1,,,,,,,,,,,,,,,,,,,,,,,,,,,,,,,,,,,,,,,
fcd31d00-eece-4c33-ba9d-5fa1ad496360,,,,,,,,,,,,,,,,,,,,,,,,,,,,,,,,,,,,,,,
fce29d06-d63b-4981-bd47-146fba98d746,,,,,,,,,,,,,,,,,,,,,,,,,,,,,,,,,,,,,,,
fce33ab0-03ab-4938-ad6b-87eead8008b2,,,,,,,,,,,,,,,,,,,,,,,,,,,,,,,,,,,,,,,
fcea4e02-61fc-42e8-8e93-0bd71efeb5e4,,,,,,,,,,,,,,,,,,,,,,,,,,,,,,,,,,,,,,,
fceee78a-6b84-4fd7-97af-a7a305325128,,,,,,,,,,,,,,,,,,,,,,,,,,,,,,,,,,,,,,,
fcf21d26-fca2-4d38-9c78-55e358c6d95b,,,,,,,,,,,,,,,,,,,,,,,,,,,,,,,,,,,,,,,
fcf7a1ee-8e4d-410f-a481-414d22f381e0,,,,,,,,,,,,,,,,,,,,,,,,,,,,,,,,,,,,,,,
fd006fc6-f498-492a-924d-e8a71ab816ab,,,,,,,,,,,,,,,,,,,,,,,,,,,,,,,,,,,,,,,
fd06b08f-5625-4c28-bf90-90cf52e6a612,,,,,,,,,,,,,,,,,,,,,,,,,,,,,,,,,,,,,,,
fd0cb773-dce4-4a68-ab23-61c763b72d53,,,,,,,,,,,,,,,,,,,,,,,,,,,,,,,,,,,,,,,
fd113669-21dc-4db3-a650-bfdf08d65212,,,,,,,,,,,,,,,,,,,,,,,,,,,,,,,,,,,,,,,
fd1331fd-b72a-4a20-89cf-313cda4c403c,,,,,,,,,,,,,,,,,,,,,,,,,,,,,,,,,,,,,,,
fd28e3cd-cb90-4cf2-8fb0-2e34e2bab3b8,,,,,,,,,,,,,,,,,,,,,,,,,,,,,,,,,,,,,,,
fd3236fe-15ce-4531-b9f2-7760c0206a2a,,,,,,,,,,,,,,,,,,,,,,,,,,,,,,,,,,,,,,,
fd3ccc67-8278-4edb-822d-749c607811a1,,,,,,,,,,,,,,,,,,,,,,,,,,,,,,,,,,,,,,,
fd3d51f5-a94d-44f1-85a8-f87d7a210fc5,,,,,,,,,,,,,,,,,,,,,,,,,,,,,,,,,,,,,,,
fd3d56b0-1f47-4773-b2f0-589a74099195,,,,,,,,,,,,,,,,,,,,,,,,,,,,,,,,,,,,,,,
fd401e24-baa6-4397-abc1-04f8fa30fa9b,,,,,,,,,,,,,,,,,,,,,,,,,,,,,,,,,,,,,,,
fd4494b7-64ed-49b3-905e-28bc01cb616b,,,,,,,,,,,,,,,,,,,,,,,,,,,,,,,,,,,,,,,
fd459ba3-3d94-4301-9561-e9d79b201b25,,,,,,,,,,,,,,,,,,,,,,,,,,,,,,,,,,,,,,,
fd54ee0b-35e5-41d9-a674-9e17e12c9966,,,,,,,,,,,,,,,,,,,,,,,,,,,,,,,,,,,,,,,
fd5be30b-2837-47f5-a0d4-02ad98964377,,,,,,,,,,,,,,,,,,,,,,,,,,,,,,,,,,,,,,,
fd5ea7c4-9e45-4571-bbb7-939b1b29f610,,,,,,,,,,,,,,,,,,,,,,,,,,,,,,,,,,,,,,,
fd5f723a-d1bc-40fc-a0bb-b6609e1f93df,,,,,,,,,,,,,,,,,,,,,,,,,,,,,,,,,,,,,,,
fd66a204-a089-4c8b-8bf8-7b28baffde5e,,,,,,,,,,,,,,,,,,,,,,,,,,,,,,,,,,,,,,,
fd6a30b5-8d4b-46e5-82ec-565ffaf64cd6,,,,,,,,,,,,,,,,,,,,,,,,,,,,,,,,,,,,,,,
fd6aeb2c-f270-4c8c-93b4-152a4c15586f,,,,,,,,,,,,,,,,,,,,,,,,,,,,,,,,,,,,,,,
fd6f826e-6bdb-4152-af25-49fe7b75ac8c,,,,,,,,,,,,,,,,,,,,,,,,,,,,,,,,,,,,,,,
fd8265a9-bee9-488d-a655-4aea32833bc7,,,,,,,,,,,,,,,,,,,,,,,,,,,,,,,,,,,,,,,
fd912769-deac-4c10-ad18-0a59c4c61a66,,,,,,,,,,,,,,,,,,,,,,,,,,,,,,,,,,,,,,,
fd9a5d45-dad1-4247-ba0c-14ff7cddeb9b,shopify,1.0,1.0,,,,,,,,,,,,,,,,,,,,,,,,,,,,,,,,,,,,
fda3cea9-acf9-4815-94ea-dd58e1bf4ca2,,,,,,,,,,,,,,,,,,,,,,,,,,,,,,,,,,,,,,,
fdab445a-2568-4466-9a30-0e39ba6098a0,,,,,,,,,,,,,,,,,,,,,,,,,,,,,,,,,,,,,,,
fdad6df2-e6b9-44f8-8c47-c22a4942ad67,,,,,,,,,,,,,,,,,,,,,,,,,,,,,,,,,,,,,,,
fdbbd8f9-155d-4c2d-af52-a5b27ff4ac3d,,,,,,,,,,,,,,,,,,,,,,,,,,,,,,,,,,,,,,,
fdbe87d6-d2d5-4d2a-96c2-28636b14651b,,,,,,,,,,,,,,,,,,,,,,,,,,,,,,,,,,,,,,,
fdbe8f1f-368c-4371-bf50-9b344bda8e6d,,,,,,,,,,,,,,,,,,,,,,,,,,,,,,,,,,,,,,,
fdc9bcfa-acec-4c36-bfa0-00fa6298d87f,,,,,,,,,,,,,,,,,,,,,,,,,,,,,,,,,,,,,,,
fdd19081-5c83-4940-94db-a7acc21a9237,,,,,,,,,,,,,,,,,,,,,,,,,,,,,,,,,,,,,,,
fdd9389e-a409-458d-8de9-d87ae7ddccee,,,,,,,,,,,,,,,,,,,,,,,,,,,,,,,,,,,,,,,
fde339c9-bcdd-473f-90c4-284edc13166e,,,,,,,,,,,,,,,,,,,,,,,,,,,,,,,,,,,,,,,
fde8b5a5-7e29-4c92-8327-61067daf25a1,,,,,,,,,,,,,,,,,,,,,,,,,,,,,,,,,,,,,,,
fdf9323d-0105-4609-a0eb-4c79299b973e,,,,,,,,,,,,,,,,,,,,,,,,,,,,,,,,,,,,,,,
fdfde9fc-efd6-4249-9d9c-b1f9f8550708,,,,,,,,,,,,,,,,,,,,,,,,,,,,,,,,,,,,,,,
fe04b7be-01c5-49b6-820b-067a36924544,,,,,,,,,,,,,,,,,,,,,,,,,,,,,,,,,,,,,,,
fe056d07-c5f7-404a-9dbf-8c078ee0c3c7,,,,,,,,,,,,,,,,,,,,,,,,,,,,,,,,,,,,,,,
fe09396f-5343-4733-9345-979d37c85f23,,,,,,,,,,,,,,,,,,,,,,,,,,,,,,,,,,,,,,,
fe0f7869-ecfa-4d4e-80ce-f37bbf04d41c,,,,,,,,,,,,,,,,,,,,,,,,,,,,,,,,,,,,,,,
fe11b90f-5db1-417f-af40-800714370563,qq.com,1.0,1.0,,,,,,,,,,,,,,,,,,,,,,,,,,,,,,,,,,,,
fe11d5aa-7d53-4026-a61c-6d62bd892746,,,,,,,,,,,,,,,,,,,,,,,,,,,,,,,,,,,,,,,
fe130ff8-f8a8-423f-ba7c-e0c930ee0f50,,,,,,,,,,,,,,,,,,,,,,,,,,,,,,,,,,,,,,,
fe132eb0-9a0d-4616-a1ed-084688394e40,,,,,,,,,,,,,,,,,,,,,,,,,,,,,,,,,,,,,,,
fe139f1e-2a6f-47c1-b79c-0ef4d8e03e4c,,,,,,,,,,,,,,,,,,,,,,,,,,,,,,,,,,,,,,,
fe16ff5c-f91f-4864-8bda-05de8cfd36b7,,,,,,,,,,,,,,,,,,,,,,,,,,,,,,,,,,,,,,,
fe179064-89b1-40c8-a6c7-699ef6a100f5,,,,,,,,,,,,,,,,,,,,,,,,,,,,,,,,,,,,,,,
fe1fa2d6-c3e4-4fc5-b4f3-c0937b1b50cd,,,,,,,,,,,,,,,,,,,,,,,,,,,,,,,,,,,,,,,
fe21cdb9-258e-427a-bdf4-48c795c204a1,,,,,,,,,,,,,,,,,,,,,,,,,,,,,,,,,,,,,,,
fe2397a0-c502-4708-ba29-7a9419d279dd,,,,,,,,,,,,,,,,,,,,,,,,,,,,,,,,,,,,,,,
fe2660e2-213f-4cfc-8af1-525fa3b3e71d,qq.com,1.0,1.0,,,,,,,,,,,,,,,,,,,,,,,,,,,,,,,,,,,,
fe27e8a8-9d47-4e0f-8301-63159d8d2498,,,,,,,,,,,,,,,,,,,,,,,,,,,,,,,,,,,,,,,
fe27f2c6-7bfc-4dca-84ce-b3e641121969,,,,,,,,,,,,,,,,,,,,,,,,,,,,,,,,,,,,,,,
fe2e2b45-db03-4ea5-9480-48df85af1cf7,,,,,,,,,,,,,,,,,,,,,,,,,,,,,,,,,,,,,,,
fe2ece08-f560-414b-a2da-366037b73063,,,,,,,,,,,,,,,,,,,,,,,,,,,,,,,,,,,,,,,
fe30ee0c-06be-4025-9c61-9a284f134e49,,,,,,,,,,,,,,,,,,,,,,,,,,,,,,,,,,,,,,,
fe333d9c-2e8a-4f1a-ba47-6c634fe355fb,,,,,,,,,,,,,,,,,,,,,,,,,,,,,,,,,,,,,,,
fe382a8d-2fd9-4df2-8529-19a7471fa889,,,,,,,,,,,,,,,,,,,,,,,,,,,,,,,,,,,,,,,
fe4ebdce-db2e-4476-b68c-3c71cca6c936,,,,,,,,,,,,,,,,,,,,,,,,,,,,,,,,,,,,,,,
fe533ff7-85b5-4c8d-878e-c0ff0bae490d,,,,,,,,,,,,,,,,,,,,,,,,,,,,,,,,,,,,,,,
fe557571-8668-48d8-bd15-9d803f19685d,,,,,,,,,,,,,,,,,,,,,,,,,,,,,,,,,,,,,,,
fe583af7-6832-4336-9f5e-2437bbf21543,,,,,,,,,,,,,,,,,,,,,,,,,,,,,,,,,,,,,,,
fe59bd96-64b0-40af-8731-29fbe7bc2d44,,,,,,,,,,,,,,,,,,,,,,,,,,,,,,,,,,,,,,,
fe5b09b1-c298-42a7-9323-c23d091feac5,,,,,,,,,,,,,,,,,,,,,,,,,,,,,,,,,,,,,,,
fe66451d-0bee-4450-afb8-4c03d6841b5d,,,,,,,,,,,,,,,,,,,,,,,,,,,,,,,,,,,,,,,
fe72b209-65f7-405a-98c8-716a102ff2ee,,,,,,,,,,,,,,,,,,,,,,,,,,,,,,,,,,,,,,,
fe7d560e-4515-4a73-a480-2af13d71ab78,,,,,,,,,,,,,,,,,,,,,,,,,,,,,,,,,,,,,,,
fe7ecffc-fc03-458e-ba67-eb66a19ae0b8,,,,,,,,,,,,,,,,,,,,,,,,,,,,,,,,,,,,,,,
fe8ec494-11fb-46d5-8178-aa4ce531f1b7,,,,,,,,,,,,,,,,,,,,,,,,,,,,,,,,,,,,,,,
fe93df73-953c-430b-84db-9f3beb2f9501,,,,,,,,,,,,,,,,,,,,,,,,,,,,,,,,,,,,,,,
fe960c7d-fe50-4b30-ac0d-2e2050932911,,,,,,,,,,,,,,,,,,,,,,,,,,,,,,,,,,,,,,,
fe98a98a-aecb-43d9-bb75-5938c42fda1d,,,,,,,,,,,,,,,,,,,,,,,,,,,,,,,,,,,,,,,
fea1a753-3d59-4aeb-bcbf-ccb539ac099d,,,,,,,,,,,,,,,,,,,,,,,,,,,,,,,,,,,,,,,
fea594e4-be76-4b68-9b4c-be6a20e6587d,,,,,,,,,,,,,,,,,,,,,,,,,,,,,,,,,,,,,,,
feb37d03-fca2-4c1d-8579-c2929a0d1e78,,,,,,,,,,,,,,,,,,,,,,,,,,,,,,,,,,,,,,,
feba65f1-f193-410f-ae87-0a8796ed6dcf,,,,,,,,,,,,,,,,,,,,,,,,,,,,,,,,,,,,,,,
febd70e3-8686-4a05-8e9b-5addd1ff2022,,,,,,,,,,,,,,,,,,,,,,,,,,,,,,,,,,,,,,,
fec4ef6f-0831-4ecf-ab12-550fe7fc0e0e,,,,,,,,,,,,,,,,,,,,,,,,,,,,,,,,,,,,,,,
fecde10a-e21d-480e-9569-b2825c8e57df,adobe,1.0,1.0,,,,,,,,,,,,,,,,,,,,,,,,,,,,,,,,,,,,
feee38c1-e030-42d6-aed7-115a0f97c2fa,,,,,,,,,,,,,,,,,,,,,,,,,,,,,,,,,,,,,,,
fef4ebcd-fcec-49a2-b2a4-c4e601e10c09,,,,,,,,,,,,,,,,,,,,,,,,,,,,,,,,,,,,,,,
fefc18ca-4945-4ccd-b1dd-04a3d07e7c16,,,,,,,,,,,,,,,,,,,,,,,,,,,,,,,,,,,,,,,
fefc92e0-024d-4bbf-a1ca-447165563f5c,,,,,,,,,,,,,,,,,,,,,,,,,,,,,,,,,,,,,,,
fefe4316-91c9-42b2-bf3a-fa74205193ca,,,,,,,,,,,,,,,,,,,,,,,,,,,,,,,,,,,,,,,
ff02fbd7-1d2b-47a6-8761-57fa3099e1a0,digicert,1.0,1.0,,,,,,,,,,,,,,,,,,,,,,,,,,,,,,,,,,,,
ff07fd8f-251b-4cdf-bdcd-5d6a6f289955,,,,,,,,,,,,,,,,,,,,,,,,,,,,,,,,,,,,,,,
ff086192-5104-4724-8f30-65b18012d27c,,,,,,,,,,,,,,,,,,,,,,,,,,,,,,,,,,,,,,,
ff0aaccb-0bfd-40d2-bf2d-8cc8353e574c,,,,,,,,,,,,,,,,,,,,,,,,,,,,,,,,,,,,,,,
ff1076fa-f416-41e8-85b8-4f7b8cc378bc,,,,,,,,,,,,,,,,,,,,,,,,,,,,,,,,,,,,,,,
ff1179cf-595b-4595-96af-e35c2eee5d68,,,,,,,,,,,,,,,,,,,,,,,,,,,,,,,,,,,,,,,
ff11f6fc-2f46-4afc-b804-f7a363278a1c,,,,,,,,,,,,,,,,,,,,,,,,,,,,,,,,,,,,,,,
ff20ca9b-c5f2-44e7-8377-e38ade54dcf5,,,,,,,,,,,,,,,,,,,,,,,,,,,,,,,,,,,,,,,
ff22d4f1-c714-42f9-8c18-09c3d8f53bee,,,,,,,,,,,,,,,,,,,,,,,,,,,,,,,,,,,,,,,
ff39f90b-df09-4194-acd3-95128be489fd,,,,,,,,,,,,,,,,,,,,,,,,,,,,,,,,,,,,,,,
ff3e83e9-35d6-4bd7-8ef3-97c4872c563b,,,,,,,,,,,,,,,,,,,,,,,,,,,,,,,,,,,,,,,
ff4db10a-4dd3-4ffc-95f4-f440b28a1715,google,1.0,1.0,,,,,,,,,,,,,,,,,,,,,,,,,,,,,,,,,,,,
ff4ed50a-68cd-454a-9324-1bfe603e05e2,,,,,,,,,,,,,,,,,,,,,,,,,,,,,,,,,,,,,,,
ff53b599-ab79-4b7f-a9b1-27785b184647,,,,,,,,,,,,,,,,,,,,,,,,,,,,,,,,,,,,,,,
ff549ad8-b9a8-4c02-9fa3-7818f6a20c21,,,,,,,,,,,,,,,,,,,,,,,,,,,,,,,,,,,,,,,
ff58035b-8db8-4ac8-836b-d1d5e5ea5145,,,,,,,,,,,,,,,,,,,,,,,,,,,,,,,,,,,,,,,
ff581c32-f087-4c5d-bb26-8bb72da40537,,,,,,,,,,,,,,,,,,,,,,,,,,,,,,,,,,,,,,,
ff590057-f8cf-4834-90f0-682f8ede3244,,,,,,,,,,,,,,,,,,,,,,,,,,,,,,,,,,,,,,,
ff600e3d-6951-445d-9552-9e1a57672832,,,,,,,,,,,,,,,,,,,,,,,,,,,,,,,,,,,,,,,
ff602317-f312-4265-a884-af0cce15c3cb,,,,,,,,,,,,,,,,,,,,,,,,,,,,,,,,,,,,,,,
ff60ed85-43a5-4c7f-a226-5ce0ed2a8457,,,,,,,,,,,,,,,,,,,,,,,,,,,,,,,,,,,,,,,
ff650c79-513a-42cc-888c-06e228cc5e2a,,,,,,,,,,,,,,,,,,,,,,,,,,,,,,,,,,,,,,,
ff6a4d1c-d345-4e78-8434-273d9ea1f082,,,,,,,,,,,,,,,,,,,,,,,,,,,,,,,,,,,,,,,
ff6a8e18-0047-42c1-840c-57682200965e,,,,,,,,,,,,,,,,,,,,,,,,,,,,,,,,,,,,,,,
ff6e96fe-30c3-47d5-b6bb-fe4da643cea7,,,,,,,,,,,,,,,,,,,,,,,,,,,,,,,,,,,,,,,
ff7e2319-e0a2-46a0-a0ee-111a48e74890,,,,,,,,,,,,,,,,,,,,,,,,,,,,,,,,,,,,,,,
ff88bb5d-a74e-491e-adb5-a21413892bf6,,,,,,,,,,,,,,,,,,,,,,,,,,,,,,,,,,,,,,,
ff9298f0-9f53-4186-9007-98bc7db04c22,,,,,,,,,,,,,,,,,,,,,,,,,,,,,,,,,,,,,,,
ff948a22-fadc-4ee1-aa6f-27355d846771,,,,,,,,,,,,,,,,,,,,,,,,,,,,,,,,,,,,,,,
ff99982e-ed3e-4a15-b54f-7056e8f2b14b,,,,,,,,,,,,,,,,,,,,,,,,,,,,,,,,,,,,,,,
ffb77714-e1c0-443c-a814-6fd37a161969,,,,,,,,,,,,,,,,,,,,,,,,,,,,,,,,,,,,,,,
ffc51348-807e-4ec2-b3c7-0610ad415e1e,,,,,,,,,,,,,,,,,,,,,,,,,,,,,,,,,,,,,,,
ffd42456-5004-412b-8219-1217e47afd35,,,,,,,,,,,,,,,,,,,,,,,,,,,,,,,,,,,,,,,
ffd984bd-0787-4509-ac16-522059b86692,,,,,,,,,,,,,,,,,,,,,,,,,,,,,,,,,,,,,,,
ffe57eaf-9517-471e-a776-4ac92cf1f87d,,,,,,,,,,,,,,,,,,,,,,,,,,,,,,,,,,,,,,,
ffeead86-b6b2-402a-8547-ffe07ac70af7,disney,1.0,1.0,,,,,,,,,,,,,,,,,,,,,,,,,,,,,,,,,,,,
fff6029e-8f27-4d91-aff0-0414bb4eef6d,,,,,,,,,,,,,,,,,,,,,,,,,,,,,,,,,,,,,,,
